scientificNameID,scientificName,scientificNameAuthorship,genericName,infragenericEpithet,specificEpithet,infraspecificEpithet,taxonRank,taxonRemarks,collectionCode,taxonomicStatus,acceptedNameUsageID,acceptedNameUsage,parentNameUsageID,parentNameUsage,kingdom,phylum,class,order,family,subfamily,genus,subgenus,higherClassification,verbatimIdentification,dynamicProperties,colTaxonID,gbifTaxonID,colAcceptedTaxonID,gbifAcceptedTaxonID
B1139:3:1,"Rhyparochrominae Amyot & Serville, 1843","Amyot & Serville, 1843",,,,,subfamily,,B1139:3,accepted,,,,,,,,,,Rhyparochrominae,,,,"Rhyparochrominae Amyot & Serville, 1843",,8NL2H,,8NL2H,
B1139:3:2,"Plinthisini Slater & Sweet, 1961","Slater & Sweet, 1961",,,,,tribe,,B1139:3,accepted,,,B1139:3:1,"Rhyparochrominae Amyot & Serville, 1843",,,,,,Rhyparochrominae,,,Rhyparochrominae,"Plinthisini Slater & Sweet, 1961",,CBPH4,,8NKZP,
B1139:3:3,"Plinthisus Stephens, 1829","Stephens, 1829",,,,,genus,,B1139:3,accepted,,,B1139:3:2,"Plinthisini Slater & Sweet, 1961",,,,,,Rhyparochrominae,Plinthisus,,Rhyparochrominae | Plinthisini,"Plinthisus Stephens, 1829",,8NXD7,10891185,8NXD7,10891185
B1139:3:4,"Locutius Distant, 1918","Distant, 1918",,,,,genus,,B1139:3,synonym,B1139:3:3,"Plinthisus Stephens, 1829",,,,,,,,Rhyparochrominae,Locutius,,Rhyparochrominae | Plinthisini,"Locutius Distant, 1918",,8QN6Y,4773256,8QN6Y,4773256
B1139:3:5,"Plinthisus Stephens, 1829","Stephens, 1829",Plinthisus,,,,subgenus,,B1139:3,accepted,,,B1139:3:3,"Plinthisus Stephens, 1829",,,,,,Rhyparochrominae,Plinthisus,Plinthisus,Rhyparochrominae | Plinthisini | Plinthisus,"Plinthisus Stephens, 1829",,8Q6LW,,8Q6LW,
B1139:3:6,"Plinthisus brevipennis (Latreille, 1807)","(Latreille, 1807)",Plinthisus,Plinthisus,brevipennis,,species,,B1139:3,accepted,,,B1139:3:5,"Plinthisus Stephens, 1829",,,,,,Rhyparochrominae,Plinthisus,Plinthisus,Rhyparochrominae | Plinthisini | Plinthisus | Plinthisus,"brevipennis (Latreille, 1807)",,VGR28,2008235,RQF8Q,2008235
B1139:3:7,"Lygaeus brevipennis Latreille, 1807","Latreille, 1807",Lygaeus,,brevipennis,,species,,B1139:3,synonym,B1139:3:6,"Plinthisus brevipennis (Latreille, 1807)",,,,,,,,Rhyparochrominae,Plinthisus,Plinthisus,Rhyparochrominae | Plinthisini | Plinthisus | Plinthisus,"Lygaeus brevipennis Latreille, 1807",,PXGJB,2008236,RQF8Q,2008235
B1139:3:8,"Pachymerus bidentulus Herrich-Schaeffer, 1840","Herrich-Schaeffer, 1840",Pachymerus,,bidentulus,,species,,B1139:3,synonym,B1139:3:6,"Plinthisus brevipennis (Latreille, 1807)",,,,,,,,Rhyparochrominae,Plinthisus,Plinthisus,Rhyparochrominae | Plinthisini | Plinthisus | Plinthisus,"Pachymerus bidentulus Herrich-Schaeffer, 1840",,VGV4G,8915565,RQF8Q,2008235
B1139:3:9,"Pachymerus bidenticulatus Costa, 1853","Costa, 1853",Pachymerus,,bidenticulatus,,species,,B1139:3,synonym,B1139:3:6,"Plinthisus brevipennis (Latreille, 1807)",,,,,,,,Rhyparochrominae,Plinthisus,Plinthisus,Rhyparochrominae | Plinthisini | Plinthisus | Plinthisus,"Pachymerus bidenticulatus Costa, 1853",,VDWL5,8889850,RQF8Q,2008235
B1139:3:10,"Plinthisus longipennis Ferrari, 1874","Ferrari, 1874",Plinthisus,Plinthisus,longipennis,,species,,B1139:3,synonym,B1139:3:6,"Plinthisus brevipennis (Latreille, 1807)",,,,,,,,Rhyparochrominae,Plinthisus,Plinthisus,Rhyparochrominae | Plinthisini | Plinthisus | Plinthisus,"longipennis Ferrari, 1874",,VF27N,9135091,RQF8Q,2008235
B1139:3:11,"Plinthisus maderi Lindberg, 1924","Lindberg, 1924",Plinthisus,Plinthisus,maderi,,species,,B1139:3,synonym,B1139:3:6,"Plinthisus brevipennis (Latreille, 1807)",,,,,,,,Rhyparochrominae,Plinthisus,Plinthisus,Rhyparochrominae | Plinthisini | Plinthisus | Plinthisus,"maderi Lindberg, 1924",,8PHTV,9003302,RQF8Q,2008235
B1139:3:12,"Plinthisus pseudoconvexus Wagner, 1963","Wagner, 1963",Plinthisus,Plinthisus,pseudoconvexus,,species,,B1139:3,synonym,B1139:3:6,"Plinthisus brevipennis (Latreille, 1807)",,,,,,,,Rhyparochrominae,Plinthisus,Plinthisus,Rhyparochrominae | Plinthisini | Plinthisus | Plinthisus,"pseudoconvexus Wagner, 1963",,8QMFX,8985750,RQF8Q,2008235
B1139:3:13,"Plinthisus coracinus Horváth, 1876","Horváth, 1876",Plinthisus,Plinthisus,coracinus,,species,,B1139:3,accepted,,,B1139:3:5,"Plinthisus Stephens, 1829",,,,,,Rhyparochrominae,Plinthisus,Plinthisus,Rhyparochrominae | Plinthisini | Plinthisus | Plinthisus,"coracinus Horváth, 1876",,8Q7YK,4486727,VDWRR,4486727
B1139:3:14,"Plinthisus flavipes var. coracinus Horváth, 1876","Horváth, 1876",Plinthisus,Plinthisus,flavipes,coracinus,variety,,B1139:3,synonym,B1139:3:13,"Plinthisus coracinus Horváth, 1876",,,,,,,,Rhyparochrominae,Plinthisus,Plinthisus,Rhyparochrominae | Plinthisini | Plinthisus | Plinthisus,"flavipes var. coracinus Horváth, 1876",,,,,
B1139:3:15,"Plinthisus autrani Horváth, 1989","Horváth, 1989",Plinthisus,Plinthisus,autrani,,species,,B1139:3,accepted,,,B1139:3:5,"Plinthisus Stephens, 1829",,,,,,Rhyparochrominae,Plinthisus,Plinthisus,Rhyparochrominae | Plinthisini | Plinthisus | Plinthisus,"autrani Horváth, 1989",,8PHTM,8967861,4KGCV,2008235
B1139:3:16,"Plinthisus convexus Fieber, 1864","Fieber, 1864",Plinthisus,Plinthisus,convexus,,species,,B1139:3,accepted,,,B1139:3:5,"Plinthisus Stephens, 1829",,,,,,Rhyparochrominae,Plinthisus,Plinthisus,Rhyparochrominae | Plinthisini | Plinthisus | Plinthisus,"convexus Fieber, 1864",,VGCSG,4486724,RQF9R,4486724
B1139:3:17,"Plinthisus major Horváth, 1876","Horváth, 1876",Plinthisus,Plinthisus,major,,species,,B1139:3,accepted,,,B1139:3:5,"Plinthisus Stephens, 1829",,,,,,Rhyparochrominae,Plinthisus,Plinthisus,Rhyparochrominae | Plinthisini | Plinthisus | Plinthisus,"major Horváth, 1876",,VH8TM,4486732,VH8TL,4486732
B1139:3:18,"Plinthisus flavipes Fieber, 1861","Fieber, 1861",Plinthisus,Plinthisus,flavipes,,species,,B1139:3,accepted,,,B1139:3:5,"Plinthisus Stephens, 1829",,,,,,Rhyparochrominae,Plinthisus,Plinthisus,Rhyparochrominae | Plinthisini | Plinthisus | Plinthisus,"flavipes Fieber, 1861",,VGFTC,4486731,VGFTB,4486731
B1139:3:19,"Plinthisus marginatus Ferrari, 1874","Ferrari, 1874",Plinthisus,Plinthisus,marginatus,,species,,B1139:3,accepted,,,B1139:3:5,"Plinthisus Stephens, 1829",,,,,,Rhyparochrominae,Plinthisus,Plinthisus,Rhyparochrominae | Plinthisini | Plinthisus | Plinthisus,"marginatus Ferrari, 1874",,VDZNS,4486726,VDZNR,4486726
B1139:3:20,"Plinthisus horvathi Saunders, 1878","Saunders, 1878",Plinthisus,Plinthisus,horvathi,,species,,B1139:3,synonym,B1139:3:19,"Plinthisus marginatus Ferrari, 1874",,,,,,,,Rhyparochrominae,Plinthisus,Plinthisus,Rhyparochrominae | Plinthisini | Plinthisus | Plinthisus,"horvathi Saunders, 1878",,6VRKG,12045986,VDZNR,4486726
B1139:3:21,"Plinthisus angulatus Horváth, 1876","Horváth, 1876",Plinthisus,Plinthisus,angulatus,,species,,B1139:3,accepted,,,B1139:3:5,"Plinthisus Stephens, 1829",,,,,,Rhyparochrominae,Plinthisus,Plinthisus,Rhyparochrominae | Plinthisini | Plinthisus | Plinthisus,"angulatus Horváth, 1876",,VDTXP,4486723,VDTXP,4486723
B1139:3:22,"Plinthisus humilis Horváth, 1886","Horváth, 1886",Plinthisus,Plinthisus,humilis,,species,,B1139:3,synonym,B1139:3:21,"Plinthisus angulatus Horváth, 1876",,,,,,,,Rhyparochrominae,Plinthisus,Plinthisus,Rhyparochrominae | Plinthisini | Plinthisus | Plinthisus,"humilis Horváth, 1886",,8PHTS,8950377,VDTXP,4486723
B1139:3:23,"Plinthisus canariensis Wagner, 1963","Wagner, 1963",Plinthisus,Plinthisus,canariensis,,species,,B1139:3,accepted,,,B1139:3:5,"Plinthisus Stephens, 1829",,,,,,Rhyparochrominae,Plinthisus,Plinthisus,Rhyparochrominae | Plinthisini | Plinthisus | Plinthisus,"canariensis Wagner, 1963",,8Q7MB,4486730,4KGCW,4486730
B1139:3:24,"Plinthisus mehadiensis Horváth, 1881","Horváth, 1881",Plinthisus,Plinthisus,mehadiensis,,species,,B1139:3,accepted,,,B1139:3:5,"Plinthisus Stephens, 1829",,,,,,Rhyparochrominae,Plinthisus,Plinthisus,Rhyparochrominae | Plinthisini | Plinthisus | Plinthisus,"mehadiensis Horváth, 1881",,VDXGF,4486729,VDXGF,4486729
B1139:3:25,"Plinthisus balcanicus Wagner, 1964","Wagner, 1964",Plinthisus,Plinthisus,balcanicus,,species,,B1139:3,synonym,B1139:3:24,"Plinthisus mehadiensis Horváth, 1881",,,,,,,,Rhyparochrominae,Plinthisus,Plinthisus,Rhyparochrominae | Plinthisini | Plinthisus | Plinthisus,"balcanicus Wagner, 1964",,8QM79,8859560,VDXGF,4486729
B1139:3:26,"Plinthisus obsoletus Horváth, 1886","Horváth, 1886",Plinthisus,Plinthisus,obsoletus,,species,,B1139:3,accepted,,,B1139:3:5,"Plinthisus Stephens, 1829",,,,,,Rhyparochrominae,Plinthisus,Plinthisus,Rhyparochrominae | Plinthisini | Plinthisus | Plinthisus,"obsoletus Horváth, 1886",,VF8LK,8928854,VF8LJ,8928854
B1139:3:27,"Plinthisus lepineyi Vidal, 1940","Vidal, 1940",Plinthisus,Plinthisus,lepineyi,,species,,B1139:3,accepted,,,B1139:3:5,"Plinthisus Stephens, 1829",,,,,,Rhyparochrominae,Plinthisus,Plinthisus,Rhyparochrominae | Plinthisini | Plinthisus | Plinthisus,"lepineyi Vidal, 1940",,VH6M3,4486725,RQFD2,4486725
B1139:3:28,"Plinthisus longicollis Fieber, 1861","Fieber, 1861",Plinthisus,Plinthisus,longicollis,,species,,B1139:3,accepted,,,B1139:3:5,"Plinthisus Stephens, 1829",,,,,,Rhyparochrominae,Plinthisus,Plinthisus,Rhyparochrominae | Plinthisini | Plinthisus | Plinthisus,"longicollis Fieber, 1861",,VH4Q7,4486728,RQFD8,4486728
B1139:3:29,"Plinthisus flavipes f. brevicollis fraternus, 1874","fraternus, 1874",Plinthisus,Plinthisus,flavipes,brevicollis,form,,B1139:3,synonym,B1139:3:28,"Plinthisus longicollis Fieber, 1861",,,,,,,,Rhyparochrominae,Plinthisus,Plinthisus,Rhyparochrominae | Plinthisini | Plinthisus | Plinthisus,"flavipes f. brevicollis fraternus, 1874",,,,,
B1139:3:30,"Plinthisus flavipes var. pubescens Ferrari, 1874","Ferrari, 1874",Plinthisus,Plinthisus,flavipes,pubescens,variety,,B1139:3,synonym,B1139:3:28,"Plinthisus longicollis Fieber, 1861",,,,,,,,Rhyparochrominae,Plinthisus,Plinthisus,Rhyparochrominae | Plinthisini | Plinthisus | Plinthisus,"flavipes var. pubescens Ferrari, 1874",,,,,
B1139:3:31,"Plinthisus hungaricus Horváth, 1875","Horváth, 1875",Plinthisus,Plinthisus,hungaricus,,species,,B1139:3,synonym,B1139:3:28,"Plinthisus longicollis Fieber, 1861",,,,,,,,Rhyparochrominae,Plinthisus,Plinthisus,Rhyparochrominae | Plinthisini | Plinthisus | Plinthisus,"hungaricus Horváth, 1875",,8PHTT,8924659,RQFD8,4486728
B1139:3:32,"Plinthisus hungaricus f. globosa Horváth, 1886","Horváth, 1886",Plinthisus,Plinthisus,hungaricus,globosa,form,,B1139:3,synonym,B1139:3:28,"Plinthisus longicollis Fieber, 1861",,,,,,,,Rhyparochrominae,Plinthisus,Plinthisus,Rhyparochrominae | Plinthisini | Plinthisus | Plinthisus,"hungaricus f. globosa Horváth, 1886",,,,,
B1139:3:33,"Plinthisus elongatus Horváth, 1886","Horváth, 1886",Plinthisus,Plinthisus,elongatus,,species,,B1139:3,synonym,B1139:3:28,"Plinthisus longicollis Fieber, 1861",,,,,,,,Rhyparochrominae,Plinthisus,Plinthisus,Rhyparochrominae | Plinthisini | Plinthisus | Plinthisus,"elongatus Horváth, 1886",,8PHTN,8880829,RQFD8,4486728
B1139:3:34,"Plinthisus putoni Horváth, 1876","Horváth, 1876",Plinthisus,Plinthisus,putoni,,species,,B1139:3,accepted,,,B1139:3:5,"Plinthisus Stephens, 1829",,,,,,Rhyparochrominae,Plinthisus,Plinthisus,Rhyparochrominae | Plinthisini | Plinthisus | Plinthisus,"putoni Horváth, 1876",,VFBLY,4486733,RQFH6,4486733
B1139:3:35,"Plinthisus putoni var. coarctata Horváth, 1876","Horváth, 1876",Plinthisus,Plinthisus,putoni,coarctata,variety,,B1139:3,synonym,B1139:3:34,"Plinthisus putoni Horváth, 1876",,,,,,,,Rhyparochrominae,Plinthisus,Plinthisus,Rhyparochrominae | Plinthisini | Plinthisus | Plinthisus,"putoni var. coarctata Horváth, 1876",,,,,
B1139:3:36,"Plinthisomus Fieber, 1864","Fieber, 1864",Plinthisus,,,,subgenus,,B1139:3,accepted,,,B1139:3:3,"Plinthisus Stephens, 1829",,,,,,Rhyparochrominae,Plinthisus,Plinthisomus,Rhyparochrominae | Plinthisini | Plinthisus,"Plinthisomus Fieber, 1864",,8Q6LV,,8Q6LV,
B1139:3:37,"Plinthisus pusillus (Scholz, 1847)","(Scholz, 1847)",Plinthisus,Plinthisomus,pusillus,,species,,B1139:3,accepted,,,B1139:3:36,"Plinthisomus Fieber, 1864",,,,,,Rhyparochrominae,Plinthisus,Plinthisomus,Rhyparochrominae | Plinthisini | Plinthisus | Plinthisomus,"pusillus (Scholz, 1847)",,4KGCF,4486739,4KGCF,4486739
B1139:3:38,"Pachymerus pusillus Scholz, 1847","Scholz, 1847",Pachymerus,,pusillus,,species,,B1139:3,synonym,B1139:3:37,"Plinthisus pusillus (Scholz, 1847)",,,,,,,,Rhyparochrominae,Plinthisus,Plinthisomus,Rhyparochrominae | Plinthisini | Plinthisus | Plinthisomus,"Pachymerus pusillus Scholz, 1847",,4BT36,9119498,4KGCF,4486739
B1139:3:39,"Rhyparochromus coleoptratus R. F. Sahlberg, 1848","R. F. Sahlberg, 1848",Rhyparochromus,,coleoptratus,,species,,B1139:3,synonym,B1139:3:37,"Plinthisus pusillus (Scholz, 1847)",,,,,,,,Rhyparochrominae,Plinthisus,Plinthisomus,Rhyparochrominae | Plinthisini | Plinthisus | Plinthisomus,"Rhyparochromus coleoptratus R. F. Sahlberg, 1848",,VF42N,9034047,4KGCF,4486739
B1139:3:40,"Plinthisus latus Reuter, 1870","Reuter, 1870",Plinthisus,Plinthisomus,latus,,species,,B1139:3,synonym,B1139:3:37,"Plinthisus pusillus (Scholz, 1847)",,,,,,,,Rhyparochrominae,Plinthisus,Plinthisomus,Rhyparochrominae | Plinthisini | Plinthisus | Plinthisomus,"latus Reuter, 1870",,VGHKN,8776705,4KGCF,4486739
B1139:3:41,"Plinthisus mellae Ferrari, 1874","Ferrari, 1874",Plinthisus,Plinthisomus,mellae,,species,,B1139:3,synonym,B1139:3:37,"Plinthisus pusillus (Scholz, 1847)",,,,,,,,Rhyparochrominae,Plinthisus,Plinthisomus,Rhyparochrominae | Plinthisini | Plinthisus | Plinthisomus,"mellae Ferrari, 1874",,8QN9Q,9376431,4KGCF,4486739
B1139:3:42,"Nanoplinthisus Wagner, 1963","Wagner, 1963",Plinthisus,,,,subgenus,,B1139:3,accepted,,,B1139:3:3,"Plinthisus Stephens, 1829",,,,,,Rhyparochrominae,Plinthisus,Nanoplinthisus,Rhyparochrominae | Plinthisini | Plinthisus,"Nanoplinthisus Wagner, 1963",,8Q6LT,,8Q6LT,
B1139:3:43,"Plinthisus fasciatus Horváth, 1882","Horváth, 1882",Plinthisus,Nanoplinthisus,fasciatus,,species,,B1139:3,accepted,,,B1139:3:42,"Nanoplinthisus Wagner, 1963",,,,,,Rhyparochrominae,Plinthisus,Nanoplinthisus,Rhyparochrominae | Plinthisini | Plinthisus | Nanoplinthisus,"fasciatus Horváth, 1882",,VGT6K,4486743,VGT6K,4486743
B1139:3:44,"Plinthisus pygmaeus Horváth, 1882","Horváth, 1882",Plinthisus,Nanoplinthisus,pygmaeus,,species,,B1139:3,accepted,,,B1139:3:42,"Nanoplinthisus Wagner, 1963",,,,,,Rhyparochrominae,Plinthisus,Nanoplinthisus,Rhyparochrominae | Plinthisini | Plinthisus | Nanoplinthisus,"pygmaeus Horváth, 1882",,VF2H6,4486741,VF2H6,4486741
B1139:3:45,"Plinthisus megacephalus Horváth, 1876","Horváth, 1876",Plinthisus,Nanoplinthisus,megacephalus,,species,,B1139:3,accepted,,,B1139:3:42,"Nanoplinthisus Wagner, 1963",,,,,,Rhyparochrominae,Plinthisus,Nanoplinthisus,Rhyparochrominae | Plinthisini | Plinthisus | Nanoplinthisus,"megacephalus Horváth, 1876",,VGQRT,4486742,VGQRT,4486742
B1139:3:46,"Plinthisus lusitanicus Horváth, 1886","Horváth, 1886",Plinthisus,Nanoplinthisus,lusitanicus,,species,,B1139:3,synonym,B1139:3:45,"Plinthisus megacephalus Horváth, 1876",,,,,,,,Rhyparochrominae,Plinthisus,Nanoplinthisus,Rhyparochrominae | Plinthisini | Plinthisus | Nanoplinthisus,"lusitanicus Horváth, 1886",,8QNYR,9116853,VGQRT,4486742
B1139:3:47,"Plinthisus magnieni Péricart & Ribes, 1994","Péricart & Ribes, 1994",Plinthisus,Nanoplinthisus,magnieni,,species,,B1139:3,accepted,,,B1139:3:42,"Nanoplinthisus Wagner, 1963",,,,,,Rhyparochrominae,Plinthisus,Nanoplinthisus,Rhyparochrominae | Plinthisini | Plinthisus | Nanoplinthisus,"magnieni Péricart & Ribes, 1994",,VFHS9,4486745,VFHS9,4486745
B1139:3:48,"Plinthisus laevigatus Puton, 1884","Puton, 1884",Plinthisus,Nanoplinthisus,laevigatus,,species,,B1139:3,accepted,,,B1139:3:42,"Nanoplinthisus Wagner, 1963",,,,,,Rhyparochrominae,Plinthisus,Nanoplinthisus,Rhyparochrominae | Plinthisini | Plinthisus | Nanoplinthisus,"laevigatus Puton, 1884",,VFGYV,4486747,VFGYT,4486747
B1139:3:49,"Plinthisus pilosellus Horváth, 1876","Horváth, 1876",Plinthisus,Nanoplinthisus,pilosellus,,species,"nec Wagner, 1963",B1139:3,accepted,,,B1139:3:42,"Nanoplinthisus Wagner, 1963",,,,,,Rhyparochrominae,Plinthisus,Nanoplinthisus,Rhyparochrominae | Plinthisini | Plinthisus | Nanoplinthisus,"pilosellus Horváth, 1876 nec Wagner, 1963",,VFRKW,4486744,VFRKV,4486744
B1139:3:50,"Plinthisus subtilis Horváth, 1881","Horváth, 1881",Plinthisus,Nanoplinthisus,subtilis,,species,,B1139:3,accepted,,,B1139:3:42,"Nanoplinthisus Wagner, 1963",,,,,,Rhyparochrominae,Plinthisus,Nanoplinthisus,Rhyparochrominae | Plinthisini | Plinthisus | Nanoplinthisus,"subtilis Horváth, 1881",,VDVJ5,9181179,VDVJ5,9181179
B1139:3:51,"Plinthisus perpusillus Wagner, 1963","Wagner, 1963",Plinthisus,Nanoplinthisus,perpusillus,,species,,B1139:3,accepted,,,B1139:3:42,"Nanoplinthisus Wagner, 1963",,,,,,Rhyparochrominae,Plinthisus,Nanoplinthisus,Rhyparochrominae | Plinthisini | Plinthisus | Nanoplinthisus,"perpusillus Wagner, 1963",,8Q7YP,4486746,77RJX,4486746
B1139:3:52,"Isiocytus Horváth, 1876","Horváth, 1876",Plinthisus,,,,subgenus,,B1139:3,accepted,,,B1139:3:3,"Plinthisus Stephens, 1829",,,,,,Rhyparochrominae,Plinthisus,Isiocytus,Rhyparochrominae | Plinthisini | Plinthisus,"Isiocytus Horváth, 1876",,,,,
B1139:3:53,"Plinthisus ptilioides Puton, 1874","Puton, 1874",Plinthisus,Isiocytus,ptilioides,,species,,B1139:3,accepted,,,B1139:3:52,"Isiocytus Horváth, 1876",,,,,,Rhyparochrominae,Plinthisus,Isiocytus,Rhyparochrominae | Plinthisini | Plinthisus | Isiocytus,"ptilioides Puton, 1874",,CBPH6,4486735,VGD6X,4486735
B1139:3:54,"Plinthisus subcarinatus Wagner, 1949","Wagner, 1949",Plinthisus,Plinthisomus,subcarinatus,,species,,B1139:3,synonym,B1139:3:53,"Plinthisus ptilioides Puton, 1874",,,,,,,,Rhyparochrominae,Plinthisus,Isiocytus,Rhyparochrominae | Plinthisini | Plinthisus | Isiocytus,"Plinthisus (Plinthisomus) subcarinatus Wagner, 1949",,8QMF9,9130871,VGD6X,4486735
B1139:3:55,"Plinthisus franzi Wagner, 1961","Wagner, 1961",Plinthisus,Plinthisus,franzi,,species,,B1139:3,synonym,B1139:3:53,"Plinthisus ptilioides Puton, 1874",,,,,,,,Rhyparochrominae,Plinthisus,Isiocytus,Rhyparochrominae | Plinthisini | Plinthisus | Isiocytus,"Plinthisus (Plinthisus) franzi Wagner, 1961",,8QPGB,8919559,VGD6X,4486735
B1139:3:56,"Plinthisus reyi Puton, 1882","Puton, 1882",Plinthisus,Isiocytus,reyi,,species,,B1139:3,accepted,,,B1139:3:52,"Isiocytus Horváth, 1876",,,,,,Rhyparochrominae,Plinthisus,Isiocytus,Rhyparochrominae | Plinthisini | Plinthisus | Isiocytus,"reyi Puton, 1882",,CBPH5,4486738,VFWTR,4486738
B1139:3:57,"Plinthisus bicolor Rey, 1888","Rey, 1888",Plinthisus,Isiocytus,bicolor,,species,,B1139:3,synonym,B1139:3:56,"Plinthisus reyi Puton, 1882",,,,,,,,Rhyparochrominae,Plinthisus,Isiocytus,Rhyparochrominae | Plinthisini | Plinthisus | Isiocytus,"bicolor Rey, 1888",,RQFLP,8808861,VFWTR,4486738
B1139:3:58,"Plinthisus parvulus Kerzhner, 1962","Kerzhner, 1962",Plinthisus,Isiocytus,parvulus,,species,,B1139:3,synonym,B1139:3:56,"Plinthisus reyi Puton, 1882",,,,,,,,Rhyparochrominae,Plinthisus,Isiocytus,Rhyparochrominae | Plinthisini | Plinthisus | Isiocytus,"parvulus Kerzhner, 1962","{""synonymUncertain"":true}",8QN6D,8885901,VFWTR,4486738
B1139:3:59,"Plinthisus minutissimus Fieber, 1864","Fieber, 1864",Plinthisus,Isiocytus,minutissimus,,species,,B1139:3,accepted,,,B1139:3:52,"Isiocytus Horváth, 1876",,,,,,Rhyparochrominae,Plinthisus,Isiocytus,Rhyparochrominae | Plinthisini | Plinthisus | Isiocytus,"minutissimus Fieber, 1864",,RQDSF,4486737,RQDSF,4486737
B1139:3:60,"Plinthisus minutissimus var. meridionalis Mancini, 1935","Mancini, 1935",Plinthisus,Isiocytus,minutissimus,meridionalis,variety,,B1139:3,synonym,B1139:3:59,"Plinthisus minutissimus Fieber, 1864",,,,,,,,Rhyparochrominae,Plinthisus,Isiocytus,Rhyparochrominae | Plinthisini | Plinthisus | Isiocytus,"minutissimus var. meridionalis Mancini, 1935",,,,,
B1139:3:61,"Plinthisus andalusicus Wagner, 1963","Wagner, 1963",Plinthisus,Isiocytus,andalusicus,,species,,B1139:3,accepted,,,B1139:3:52,"Isiocytus Horváth, 1876",,,,,,Rhyparochrominae,Plinthisus,Isiocytus,Rhyparochrominae | Plinthisini | Plinthisus | Isiocytus,"andalusicus Wagner, 1963",,8Q7YH,4486734,77RLX,4486734
B1139:3:62,"Plinthisus saundersi Horváth in Saunders, 1893","Horváth in Saunders, 1893",Plinthisus,Isiocytus,saundersi,,species,,B1139:3,accepted,,,B1139:3:52,"Isiocytus Horváth, 1876",,,,,,Rhyparochrominae,Plinthisus,Isiocytus,Rhyparochrominae | Plinthisini | Plinthisus | Isiocytus,"saundersi Horváth in Saunders, 1893",,6VRJZ,4486736,6VRJZ,4486736
B1139:3:63,"Plinthisus otini Vidal, 1951","Vidal, 1951",Plinthisus,Plinthisomus,otini,,species,,B1139:3,synonym,B1139:3:62,"Plinthisus saundersi Horváth in Saunders, 1893",,,,,,,,Rhyparochrominae,Plinthisus,Isiocytus,Rhyparochrominae | Plinthisini | Plinthisus | Isiocytus,"Plinthisus (Plinthisomus) otini Vidal, 1951","{""synonymUncertain"":true}",VFHJK,9011734,VFHJK,9011734
B1139:3:64,"Stygnocorini Gulde, 1936","Gulde, 1936",,,,,tribe,,B1139:3,accepted,,,B1139:3:1,"Rhyparochrominae Amyot & Serville, 1843",,,,,,Rhyparochrominae,,,Rhyparochrominae,"Stygnocorini Gulde, 1936",,8NLC6,,8NLC6,
B1139:3:65,"Stygnocoris Douglas & Scott, 1865","Douglas & Scott, 1865",,,,,genus,,B1139:3,accepted,,,B1139:3:64,"Stygnocorini Gulde, 1936",,,,,,Rhyparochrominae,Stygnocoris,,Rhyparochrominae | Stygnocorini,"Stygnocoris Douglas & Scott, 1865",,8NZMC,2008072,8NZMC,2008072
B1139:3:66,"Stygnus Fieber, 1860","Fieber, 1860",,,,,genus,praeocc.,B1139:3,synonym,B1139:3:65,"Stygnocoris Douglas & Scott, 1865",,,,,,,,Rhyparochrominae,Stygnus,,Rhyparochrominae | Stygnocorini,"Stygnus Fieber, 1860 praeocc.",,8NZMG,3266251,8NZMC,2008072
B1139:3:67,"Ophthalmicus Stål, 1862","Stål, 1862",,,,,genus,"nec Schilling, 1829",B1139:3,synonym,B1139:3:65,"Stygnocoris Douglas & Scott, 1865",,,,,,,,Rhyparochrominae,Ophthalmicus,,Rhyparochrominae | Stygnocorini,"Ophthalmicus Stål, 1862 nec Schilling, 1829",,8NTYM,11402459,8NZMC,2008072
B1139:3:68,"Stethotropis Fieber, 1870","Fieber, 1870",,,,,genus,,B1139:3,synonym,B1139:3:65,"Stygnocoris Douglas & Scott, 1865",,,,,,,,Rhyparochrominae,Stethotropis,,Rhyparochrominae | Stygnocorini,"Stethotropis Fieber, 1870",,8PRBW,4776164,8NZMC,2008072
B1139:3:69,"Stygnocoris fuligineus (Geoffroy, 1785)","(Geoffroy, 1785)",Stygnocoris,,fuligineus,,species,,B1139:3,accepted,,,B1139:3:65,"Stygnocoris Douglas & Scott, 1865",,,,,,Rhyparochrominae,Stygnocoris,,Rhyparochrominae | Stygnocorini | Stygnocoris,"fuligineus (Geoffroy, 1785)",,538J5,4486687,538J5,4486687
B1139:3:70,"Cimex atrofuscus subsp. punctatus Goeze, 1778","Goeze, 1778",Cimex,,atrofuscus,punctatus,subspecies,nom. nud.,B1139:3,synonym,B1139:3:69,"Stygnocoris fuligineus (Geoffroy, 1785)",,,,,,,,Rhyparochrominae,Stygnocoris,,Rhyparochrominae | Stygnocorini | Stygnocoris,"Cimex atrofuscus punctatus Goeze, 1778 nom. nud.",,,,,
B1139:3:71,"Cimex fuligineus Geoffroy, 1785","Geoffroy, 1785",Cimex,,fuligineus,,species,,B1139:3,synonym,B1139:3:69,"Stygnocoris fuligineus (Geoffroy, 1785)",,,,,,,,Rhyparochrominae,Stygnocoris,,Rhyparochrominae | Stygnocorini | Stygnocoris,"Cimex fuligineus Geoffroy, 1785",,VC7M,4486688,538J5,4486687
B1139:3:72,"Cimex punctulatus Gmelin, 1790","Gmelin, 1790",Cimex,,punctulatus,,species,,B1139:3,synonym,B1139:3:69,"Stygnocoris fuligineus (Geoffroy, 1785)",,,,,,,,Rhyparochrominae,Stygnocoris,,Rhyparochrominae | Stygnocorini | Stygnocoris,"Cimex punctulatus Gmelin, 1790",,VCCK,9039664,538J5,4486687
B1139:3:73,"Pachymerus arenarius Hahn, 1832","Hahn, 1832",Pachymerus,,arenarius,,species,,B1139:3,synonym,B1139:3:69,"Stygnocoris fuligineus (Geoffroy, 1785)",,,,,,,,Rhyparochrominae,Stygnocoris,,Rhyparochrominae | Stygnocorini | Stygnocoris,"Pachymerus arenarius Hahn, 1832",,4BSXY,8771678,538J5,4486687
B1139:3:74,"Rhyparochromus obtusus Curtis, 1836","Curtis, 1836",Rhyparochromus,,obtusus,,species,,B1139:3,synonym,B1139:3:69,"Stygnocoris fuligineus (Geoffroy, 1785)",,,,,,,,Rhyparochrominae,Stygnocoris,,Rhyparochrominae | Stygnocorini | Stygnocoris,"Rhyparochromus obtusus Curtis, 1836",,797KD,9162297,538J5,4486687
B1139:3:75,"Stygnus arenarius subsp. decipiens Ferrari, 1878","Ferrari, 1878",Stygnus,,arenarius,decipiens,subspecies,,B1139:3,synonym,B1139:3:69,"Stygnocoris fuligineus (Geoffroy, 1785)",,,,,,,,Rhyparochrominae,Stygnocoris,,Rhyparochrominae | Stygnocorini | Stygnocoris,"Stygnus arenarius decipiens Ferrari, 1878",,,,,
B1139:3:76,"Stygnocoris mandibularis Montandon, 1889","Montandon, 1889",Stygnocoris,,mandibularis,,species,,B1139:3,accepted,,,B1139:3:65,"Stygnocoris Douglas & Scott, 1865",,,,,,Rhyparochrominae,Stygnocoris,,Rhyparochrominae | Stygnocorini | Stygnocoris,"mandibularis Montandon, 1889",,VH8RB,8971868,VH8RB,8971868
B1139:3:77,"Stygnocoris breviceps Wagner, 1953","Wagner, 1953",Stygnocoris,,breviceps,,species,,B1139:3,accepted,,,B1139:3:65,"Stygnocoris Douglas & Scott, 1865",,,,,,Rhyparochrominae,Stygnocoris,,Rhyparochrominae | Stygnocorini | Stygnocoris,"breviceps Wagner, 1953",,VG8Q8,4486686,VG8Q8,4486686
B1139:3:78,"Stygnocoris faustus Horváth, 1888","Horváth, 1888",Stygnocoris,,faustus,,species,,B1139:3,accepted,,,B1139:3:65,"Stygnocoris Douglas & Scott, 1865",,,,,,Rhyparochrominae,Stygnocoris,,Rhyparochrominae | Stygnocorini | Stygnocoris,"faustus Horváth, 1888",,T93SL,4486699,T93SL,4486699
B1139:3:79,"Stygnocoris matocqi Péricart, 1993","Péricart, 1993",Stygnocoris,,matocqi,,species,,B1139:3,accepted,,,B1139:3:65,"Stygnocoris Douglas & Scott, 1865",,,,,,Rhyparochrominae,Stygnocoris,,Rhyparochrominae | Stygnocorini | Stygnocoris,"matocqi Péricart, 1993",,8Q7DZ,4486700,8Q7DZ,4486700
B1139:3:80,"Stygnocoris hellenicus Péricart, 1996","Péricart, 1996",Stygnocoris,,hellenicus,,species,,B1139:3,accepted,,,B1139:3:65,"Stygnocoris Douglas & Scott, 1865",,,,,,Rhyparochrominae,Stygnocoris,,Rhyparochrominae | Stygnocorini | Stygnocoris,"hellenicus Péricart, 1996",,8Q7DY,4486693,8Q7DY,4486693
B1139:3:81,"Stygnocoris sabulosus (Schilling, 1829)","(Schilling, 1829)",Stygnocoris,,sabulosus,,species,,B1139:3,accepted,,,B1139:3:65,"Stygnocoris Douglas & Scott, 1865",,,,,,Rhyparochrominae,Stygnocoris,,Rhyparochrominae | Stygnocorini | Stygnocoris,"sabulosus (Schilling, 1829)",,538JD,2008073,538JD,2008073
B1139:3:82,"Lygaeus pedestris Fallén, 1807","Fallén, 1807",Lygaeus,,pedestris,,species,"nec Panzer, 1805",B1139:3,synonym,B1139:3:81,"Stygnocoris sabulosus (Schilling, 1829)",,,,,,,,Rhyparochrominae,Stygnocoris,,Rhyparochrominae | Stygnocorini | Stygnocoris,"Lygaeus pedestris Fallén, 1807 nec Panzer, 1805",,8PD9T,11390213,538JD,2008073
B1139:3:83,"Pachymerus sabulosus Schilling, 1829","Schilling, 1829",Pachymerus,,sabulosus,,species,,B1139:3,synonym,B1139:3:81,"Stygnocoris sabulosus (Schilling, 1829)",,,,,,,,Rhyparochrominae,Stygnocoris,,Rhyparochrominae | Stygnocorini | Stygnocoris,"Pachymerus sabulosus Schilling, 1829",,4BT3F,8958068,538JD,2008073
B1139:3:84,"Kleidocerys pubescens Curtis, 1831","Curtis, 1831",Kleidocerys,,pubescens,,species,nomen nudum,B1139:3,synonym,B1139:3:81,"Stygnocoris sabulosus (Schilling, 1829)",,,,,,,,Rhyparochrominae,Stygnocoris,,Rhyparochrominae | Stygnocorini | Stygnocoris,"Kleidocerys pubescens Curtis, 1831 nomen nudum",,8QNDY,11398838,538JD,2008073
B1139:3:85,"Pachymerus dubius Rambur, 1839","Rambur, 1839",Pachymerus,,dubius,,species,,B1139:3,synonym,B1139:3:81,"Stygnocoris sabulosus (Schilling, 1829)",,,,,,,,Rhyparochrominae,Stygnocoris,,Rhyparochrominae | Stygnocorini | Stygnocoris,"Pachymerus dubius Rambur, 1839",,4BSZ2,8880543,538JD,2008073
B1139:3:86,"Peritrechus rufipes Garbiglietti, 1869","Garbiglietti, 1869",Peritrechus,,rufipes,,species,,B1139:3,synonym,B1139:3:81,"Stygnocoris sabulosus (Schilling, 1829)",,,,,,,,Rhyparochrominae,Stygnocoris,,Rhyparochrominae | Stygnocorini | Stygnocoris,"Peritrechus rufipes Garbiglietti, 1869",,VDY7L,8924933,538JD,2008073
B1139:3:87,"Stygnocoris similis Wagner, 1953","Wagner, 1953",Stygnocoris,,similis,,species,,B1139:3,accepted,,,B1139:3:65,"Stygnocoris Douglas & Scott, 1865",,,,,,Rhyparochrominae,Stygnocoris,,Rhyparochrominae | Stygnocorini | Stygnocoris,"similis Wagner, 1953",,T93V7,4486701,T93V7,4486701
B1139:3:88,"Stygnocoris pygmaeus (R. F. Sahlberg, 1848)","(R. F. Sahlberg, 1848)",Stygnocoris,,pygmaeus,,species,,B1139:3,accepted,,,B1139:3:65,"Stygnocoris Douglas & Scott, 1865",,,,,,Rhyparochrominae,Stygnocoris,,Rhyparochrominae | Stygnocorini | Stygnocoris,"pygmaeus (R. F. Sahlberg, 1848)",,L2QGX,6096840,L2QGX,6096840
B1139:3:89,"Rhyparochromus pygmaeus R. F. Sahlberg, 1848","R. F. Sahlberg, 1848",Rhyparochromus,,pygmaeus,,species,,B1139:3,synonym,B1139:3:88,"Stygnocoris pygmaeus (R. F. Sahlberg, 1848)",,,,,,,,Rhyparochrominae,Stygnocoris,,Rhyparochrominae | Stygnocorini | Stygnocoris,"Rhyparochromus pygmaeus R. F. Sahlberg, 1848",,VF5WM,6873725,L2QGX,6096840
B1139:3:90,"Lygaeus pilosulus Thomson, 1870","Thomson, 1870",Lygaeus,,pilosulus,,species,,B1139:3,synonym,B1139:3:88,"Stygnocoris pygmaeus (R. F. Sahlberg, 1848)",,,,,,,,Rhyparochrominae,Stygnocoris,,Rhyparochrominae | Stygnocorini | Stygnocoris,"Lygaeus pilosulus Thomson, 1870",,8PD9W,8981635,L2QGX,6096840
B1139:3:91,"Stygnocoris cimbricus (Gredler, 1870)","(Gredler, 1870)",Stygnocoris,,cimbricus,,species,,B1139:3,accepted,,,B1139:3:65,"Stygnocoris Douglas & Scott, 1865",,,,,,Rhyparochrominae,Stygnocoris,,Rhyparochrominae | Stygnocorini | Stygnocoris,"cimbricus (Gredler, 1870)",,8PMQ7,4486691,8PMQ7,4486691
B1139:3:92,"Stygnus cimbricus Gredler, 1870","Gredler, 1870",Stygnus,,cimbricus,,species,,B1139:3,synonym,B1139:3:91,"Stygnocoris cimbricus (Gredler, 1870)",,,,,,,,Rhyparochrominae,Stygnocoris,,Rhyparochrominae | Stygnocorini | Stygnocoris,"Stygnus cimbricus Gredler, 1870",,538JQ,9066028,8PMQ7,4486691
B1139:3:93,"Stygnocoris rusticus (Fallén, 1807)","(Fallén, 1807)",Stygnocoris,,rusticus,,species,,B1139:3,accepted,,,B1139:3:65,"Stygnocoris Douglas & Scott, 1865",,,,,,Rhyparochrominae,Stygnocoris,,Rhyparochrominae | Stygnocorini | Stygnocoris,"rusticus (Fallén, 1807)",,T93TV,2008074,T93TV,2008074
B1139:3:94,"Lygaeus rusticus Fallén, 1807","Fallén, 1807",Lygaeus,,rusticus,,species,,B1139:3,synonym,B1139:3:93,"Stygnocoris rusticus (Fallén, 1807)",,,,,,,,Rhyparochrominae,Stygnocoris,,Rhyparochrominae | Stygnocorini | Stygnocoris,"Lygaeus rusticus Fallén, 1807",,CB69R,9640129,T93TV,2008074
B1139:3:95,"Stethotropis incanus Fieber, 1870","Fieber, 1870",Stethotropis,,incanus,,species,,B1139:3,synonym,B1139:3:93,"Stygnocoris rusticus (Fallén, 1807)",,,,,,,,Rhyparochrominae,Stygnocoris,,Rhyparochrominae | Stygnocorini | Stygnocoris,"Stethotropis incanus Fieber, 1870",,8PKB6,8859295,T93TV,2008074
B1139:3:96,"Stygnus rusticus var. agricola Westhoff, 1884","Westhoff, 1884",Stygnus,,rusticus,agricola,variety,,B1139:3,synonym,B1139:3:93,"Stygnocoris rusticus (Fallén, 1807)",,,,,,,,Rhyparochrominae,Stygnocoris,,Rhyparochrominae | Stygnocorini | Stygnocoris,"Stygnus rusticus var. agricola Westhoff, 1884",,,,,
B1139:3:97,"Stygnocoris truncatus (Horváth in Saunders, 1893)","(Horváth in Saunders, 1893)",Stygnocoris,,truncatus,,species,,B1139:3,accepted,,,B1139:3:65,"Stygnocoris Douglas & Scott, 1865",,,,,,Rhyparochrominae,Stygnocoris,,Rhyparochrominae | Stygnocorini | Stygnocoris,"truncatus (Horváth in Saunders, 1893)",,538JG,4486696,538JG,4486696
B1139:3:98,"Stygnus truncatus Horváth in Saunders, 1893","Horváth in Saunders, 1893",Stygnus,,truncatus,,species,,B1139:3,synonym,B1139:3:97,"Stygnocoris truncatus (Horváth in Saunders, 1893)",,,,,,,,Rhyparochrominae,Stygnocoris,,Rhyparochrominae | Stygnocorini | Stygnocoris,"Stygnus truncatus Horváth in Saunders, 1893",,538JZ,8938532,538JG,4486696
B1139:3:99,"Stygnocoris subglaber (Puton in Noualhier & Puton, 1889)","(Puton in Noualhier & Puton, 1889)",Stygnocoris,,subglaber,,species,,B1139:3,accepted,,,B1139:3:65,"Stygnocoris Douglas & Scott, 1865",,,,,,Rhyparochrominae,Stygnocoris,,Rhyparochrominae | Stygnocorini | Stygnocoris,"subglaber (Puton in Noualhier & Puton, 1889)",,VGDJS,4486689,VGDJS,4486689
B1139:3:100,"Styngus subglaber Puton in Noualhier & Puton, 1889","Puton in Noualhier & Puton, 1889",Styngus,,subglaber,,species,,B1139:3,synonym,B1139:3:99,"Stygnocoris subglaber (Puton in Noualhier & Puton, 1889)",,,,,,,,Rhyparochrominae,Stygnocoris,,Rhyparochrominae | Stygnocorini | Stygnocoris,"Styngus subglaber Puton in Noualhier & Puton, 1889",,,,,
B1139:3:101,"Stygnocoris uyttenboogaarti Blöte, 1929","Blöte, 1929",Stygnocoris,,uyttenboogaarti,,species,,B1139:3,synonym,B1139:3:99,"Stygnocoris subglaber (Puton in Noualhier & Puton, 1889)",,,,,,,,Rhyparochrominae,Stygnocoris,,Rhyparochrominae | Stygnocorini | Stygnocoris,"uyttenboogaarti Blöte, 1929",,VGNL3,9172655,VGNL3,9172655
B1139:3:102,Euseridea maculata,,Euseridea,,maculata,,species,"sensu Blöte, 1929 nec Reuter, 1890",B1139:3,synonym,B1139:3:99,"Stygnocoris subglaber (Puton in Noualhier & Puton, 1889)",,,,,,,,Rhyparochrominae,Stygnocoris,,Rhyparochrominae | Stygnocorini | Stygnocoris,"Euseridea maculata sensu Blöte, 1929 nec Reuter, 1890",,,,,
B1139:3:103,"Stygnocoris barbieri Péricart, 1993","Péricart, 1993",Stygnocoris,,barbieri,,species,,B1139:3,accepted,,,B1139:3:65,"Stygnocoris Douglas & Scott, 1865",,,,,,Rhyparochrominae,Stygnocoris,,Rhyparochrominae | Stygnocorini | Stygnocoris,"barbieri Péricart, 1993",,VFXQB,4486698,VFXQB,4486698
B1139:3:104,"Esuridea Reuter, 1890","Reuter, 1890",,,,,genus,,B1139:3,accepted,,,B1139:3:64,"Stygnocorini Gulde, 1936",,,,,,Rhyparochrominae,Esuridea,,Rhyparochrominae | Stygnocorini,"Esuridea Reuter, 1890",,8NRHX,4486705,8NRHX,4486705
B1139:3:105,"Esuridea lathridioides (Puton in Noualhier & Puton, 1889)","(Puton in Noualhier & Puton, 1889)",Esuridea,,lathridioides,,species,,B1139:3,accepted,,,B1139:3:104,"Esuridea Reuter, 1890",,,,,,Rhyparochrominae,Esuridea,,Rhyparochrominae | Stygnocorini | Esuridea,"lathridioides (Puton in Noualhier & Puton, 1889)",,VG4FN,4486706,VG4FN,4486706
B1139:3:106,"Drymus lathridioides Puton in Noualhier & Puton, 1889","Puton in Noualhier & Puton, 1889",Drymus,,lathridioides,,species,,B1139:3,synonym,B1139:3:105,"Esuridea lathridioides (Puton in Noualhier & Puton, 1889)",,,,,,,,Rhyparochrominae,Esuridea,,Rhyparochrominae | Stygnocorini | Esuridea,"Drymus lathridioides Puton in Noualhier & Puton, 1889",,VFZ4L,4486707,VG4FN,4486706
B1139:3:107,"Esuridea maculata Reuter, 1890","Reuter, 1890",Esuridea,,maculata,,species,,B1139:3,synonym,B1139:3:105,"Esuridea lathridioides (Puton in Noualhier & Puton, 1889)",,,,,,,,Rhyparochrominae,Esuridea,,Rhyparochrominae | Stygnocorini | Esuridea,"maculata Reuter, 1890",,VG968,8779379,VG4FN,4486706
B1139:3:108,"Lasiosomus Fieber, 1860","Fieber, 1860",,,,,genus,,B1139:3,accepted,,,B1139:3:64,"Stygnocorini Gulde, 1936",,,,,,Rhyparochrominae,Lasiosomus,,Rhyparochrominae | Stygnocorini,"Lasiosomus Fieber, 1860",,8NTCH,4486681,8NTCH,4486681
B1139:3:109,"Udeodrymus Bergroth, 1920","Bergroth, 1920",,,,,genus,,B1139:3,synonym,B1139:3:108,"Lasiosomus Fieber, 1860",,,,,,,,Rhyparochrominae,Udeodrymus,,Rhyparochrominae | Stygnocorini,"Udeodrymus Bergroth, 1920",,8QMPY,11397819,8NTCH,4486681
B1139:3:110,"Seuratina De Bergevin, 1930","De Bergevin, 1930",,,,,genus,,B1139:3,synonym,B1139:3:108,"Lasiosomus Fieber, 1860",,,,,,,,Rhyparochrominae,Seuratina,,Rhyparochrominae | Stygnocorini,"Seuratina De Bergevin, 1930",,8PR7R,4783321,8NTCH,4486681
B1139:3:111,"Lasiosomus enervis (Herrich-Schaeffer, 1835)","(Herrich-Schaeffer, 1835)",Lasiosomus,,enervis,,species,,B1139:3,accepted,,,B1139:3:108,"Lasiosomus Fieber, 1860",,,,,,Rhyparochrominae,Lasiosomus,,Rhyparochrominae | Stygnocorini | Lasiosomus,"enervis (Herrich-Schaeffer, 1835)",,VF6T4,4486682,VF6T4,4486682
B1139:3:112,"Aphanus enervis Herrich-Schaeffer, 1835","Herrich-Schaeffer, 1835",Aphanus,,enervis,,species,,B1139:3,synonym,B1139:3:111,"Lasiosomus enervis (Herrich-Schaeffer, 1835)",,,,,,,,Rhyparochrominae,Lasiosomus,,Rhyparochrominae | Stygnocorini | Lasiosomus,"Aphanus enervis Herrich-Schaeffer, 1835",,LCKCJ,8779053,VF6T4,4486682
B1139:3:113,"Lasiosomus lasiosomoides (De Bergevin, 1930)","(De Bergevin, 1930)",Lasiosomus,,lasiosomoides,,species,,B1139:3,accepted,,,B1139:3:108,"Lasiosomus Fieber, 1860",,,,,,Rhyparochrominae,Lasiosomus,,Rhyparochrominae | Stygnocorini | Lasiosomus,"lasiosomoides (De Bergevin, 1930)",,VG3L3,4486684,VG3L3,4486684
B1139:3:114,"Seuratina lasiosomoides De Bergevin, 1930","De Bergevin, 1930",Seuratina,,lasiosomoides,,species,,B1139:3,synonym,B1139:3:113,"Lasiosomus lasiosomoides (De Bergevin, 1930)",,,,,,,,Rhyparochrominae,Lasiosomus,,Rhyparochrominae | Stygnocorini | Lasiosomus,"Seuratina lasiosomoides De Bergevin, 1930",,VGZG9,4486685,VG3L3,4486684
B1139:3:115,"Lasiosomus terpsikhore Linnavuori, 1989","Linnavuori, 1989",Lasiosomus,,terpsikhore,,species,,B1139:3,accepted,,,B1139:3:108,"Lasiosomus Fieber, 1860",,,,,,Rhyparochrominae,Lasiosomus,,Rhyparochrominae | Stygnocorini | Lasiosomus,"terpsikhore Linnavuori, 1989",,3SGHX,8936777,3SGHX,8936777
B1139:3:116,"Stygnocorisella Hoberlandt, 1955","Hoberlandt, 1955",,,,,genus,,B1139:3,accepted,,,B1139:3:64,"Stygnocorini Gulde, 1936",,,,,,Rhyparochrominae,Stygnocorisella,,Rhyparochrominae | Stygnocorini,"Stygnocorisella Hoberlandt, 1955",,8NZMD,4406459,8NZMD,4406459
B1139:3:117,"Stygnocorisella mayeti (Puton, 1879)","(Puton, 1879)",Stygnocorisella,,mayeti,,species,,B1139:3,accepted,,,B1139:3:116,"Stygnocorisella Hoberlandt, 1955",,,,,,Rhyparochrominae,Stygnocorisella,,Rhyparochrominae | Stygnocorini | Stygnocorisella,"mayeti (Puton, 1879)",,8PKDF,4486713,8PKDF,4486713
B1139:3:118,"Stynus mayeti Puton, 1879","Puton, 1879",Stynus,,mayeti,,species,,B1139:3,synonym,B1139:3:117,"Stygnocorisella mayeti (Puton, 1879)",,,,,,,,Rhyparochrominae,Stygnocorisella,,Rhyparochrominae | Stygnocorini | Stygnocorisella,"Stynus mayeti Puton, 1879",,8PKDH,8923205,8PKDF,4486713
B1139:3:119,"Hyalochilus Fieber, 1860","Fieber, 1860",,,,,genus,,B1139:3,accepted,,,B1139:3:64,"Stygnocorini Gulde, 1936",,,,,,Rhyparochrominae,Hyalochilus,,Rhyparochrominae | Stygnocorini,"Hyalochilus Fieber, 1860",,8NSPN,4407338,8NSPN,4407338
B1139:3:120,"Hyalochilus ovatulus (Costa, 1853)","(Costa, 1853)",Hyalochilus,,ovatulus,,species,,B1139:3,accepted,,,B1139:3:119,"Hyalochilus Fieber, 1860",,,,,,Rhyparochrominae,Hyalochilus,,Rhyparochrominae | Stygnocorini | Hyalochilus,"ovatulus (Costa, 1853)",,VFJZT,4486703,VFJZT,4486703
B1139:3:121,Cymus ericae,,Cymus,,ericae,,species,"sensu Costa, 1847 nec Schilling, 1829",B1139:3,synonym,B1139:3:120,"Hyalochilus ovatulus (Costa, 1853)",,,,,,,,Rhyparochrominae,Hyalochilus,,Rhyparochrominae | Stygnocorini | Hyalochilus,"Cymus ericae sensu Costa, 1847 nec Schilling, 1829",,8P8PZ,9640123,L2D8X,4486360
B1139:3:122,"Cymus ovatulus Costa, 1853","Costa, 1853",Cymus,,ovatulus,,species,nom. nov. pr. ericae Costa,B1139:3,synonym,B1139:3:120,"Hyalochilus ovatulus (Costa, 1853)",,,,,,,,Rhyparochrominae,Hyalochilus,,Rhyparochrominae | Stygnocorini | Hyalochilus,"Cymus ovatulus Costa, 1853 nom. nov. pr. ericae Costa",,VDXHB,4486704,VFJZT,4486703
B1139:3:123,"Hyalochilus cordiger Fieber, 1861","Fieber, 1861",Hyalochilus,,cordiger,,species,,B1139:3,synonym,B1139:3:120,"Hyalochilus ovatulus (Costa, 1853)",,,,,,,,Rhyparochrominae,Hyalochilus,,Rhyparochrominae | Stygnocorini | Hyalochilus,"cordiger Fieber, 1861",,VG4N5,8867389,VFJZT,4486703
B1139:3:124,"Hyalochilus mediterraneus Ferrari, 1888","Ferrari, 1888",Hyalochilus,,mediterraneus,,species,,B1139:3,synonym,B1139:3:120,"Hyalochilus ovatulus (Costa, 1853)",,,,,,,,Rhyparochrominae,Hyalochilus,,Rhyparochrominae | Stygnocorini | Hyalochilus,"mediterraneus Ferrari, 1888",,VDSRR,9186896,VFJZT,4486703
B1139:3:125,"Hyalochilus dolosus Horváth, 1897","Horváth, 1897",Hyalochilus,,dolosus,,species,,B1139:3,accepted,,,B1139:3:119,"Hyalochilus Fieber, 1860",,,,,,Rhyparochrominae,Hyalochilus,,Rhyparochrominae | Stygnocorini | Hyalochilus,"dolosus Horváth, 1897",,VFNYG,4486702,VFNYG,4486702
B1139:3:126,"Hyalochilus fasciatus Linnavuori, 1984","Linnavuori, 1984",Hyalochilus,,fasciatus,,species,,B1139:3,accepted,,,B1139:3:119,"Hyalochilus Fieber, 1860",,,,,,Rhyparochrominae,Hyalochilus,,Rhyparochrominae | Stygnocorini | Hyalochilus,"fasciatus Linnavuori, 1984",,VGPHK,8793360,VGPHK,8793360
B1139:3:127,"Acompus Fieber, 1860","Fieber, 1860",,,,,genus,,B1139:3,accepted,,,B1139:3:64,"Stygnocorini Gulde, 1936",,,,,,Rhyparochrominae,Acompus,,Rhyparochrominae | Stygnocorini,"Acompus Fieber, 1860",,8NLGG,4405604,8NLGG,4405604
B1139:3:128,"Ophthalmicus Stål, 1862","Stål, 1862",,,,,genus,"nec Schilling, 1829",B1139:3,synonym,B1139:3:127,"Acompus Fieber, 1860",,,,,,,,Rhyparochrominae,Ophthalmicus,,Rhyparochrominae | Stygnocorini,"Ophthalmicus Stål, 1862 nec Schilling, 1829",,8NTYM,11402459,8NZMC,2008072
B1139:3:129,"Acompus rufipes (Wolff, 1804)","(Wolff, 1804)",Acompus,,rufipes,,species,,B1139:3,accepted,,,B1139:3:127,"Acompus Fieber, 1860",,,,,,Rhyparochrominae,Acompus,,Rhyparochrominae | Stygnocorini | Acompus,"rufipes (Wolff, 1804)",,VFX6P,4486711,VFX6P,4486711
B1139:3:130,"Lygaeus rufipes Wolff, 1804","Wolff, 1804",Lygaeus,,rufipes,,species,,B1139:3,synonym,B1139:3:129,"Acompus rufipes (Wolff, 1804)",,,,,,,,Rhyparochrominae,Acompus,,Rhyparochrominae | Stygnocorini | Acompus,"Lygaeus rufipes Wolff, 1804",,8PD7T,9640144,VFX6P,4486711
B1139:3:131,"Ophthalmicus lonicerae Schilling, 1829","Schilling, 1829",Ophthalmicus,,lonicerae,,species,,B1139:3,synonym,B1139:3:129,"Acompus rufipes (Wolff, 1804)",,,,,,,,Rhyparochrominae,Acompus,,Rhyparochrominae | Stygnocorini | Acompus,"Ophthalmicus lonicerae Schilling, 1829",,74QQK,8893755,VFX6P,4486711
B1139:3:132,"Acompus taleus Amyot, 1846","Amyot, 1846",Acompus,,taleus,,species,,B1139:3,synonym,B1139:3:129,"Acompus rufipes (Wolff, 1804)",,,,,,,,Rhyparochrominae,Acompus,,Rhyparochrominae | Stygnocorini | Acompus,"taleus Amyot, 1846",,,,,
B1139:3:133,"Beosus clavatus R. F. Sahlberg, 1848","R. F. Sahlberg, 1848",Beosus,,clavatus,,species,,B1139:3,synonym,B1139:3:129,"Acompus rufipes (Wolff, 1804)",,,,,,,,Rhyparochrominae,Acompus,,Rhyparochrominae | Stygnocorini | Acompus,"Beosus clavatus R. F. Sahlberg, 1848",,8P6V6,8911656,VFX6P,4486711
B1139:3:134,"Pachymerus bisignatus Boheman, 1852","Boheman, 1852",Pachymerus,,bisignatus,,species,,B1139:3,synonym,B1139:3:129,"Acompus rufipes (Wolff, 1804)",,,,,,,,Rhyparochrominae,Acompus,,Rhyparochrominae | Stygnocorini | Acompus,"Pachymerus bisignatus Boheman, 1852",,8PGCH,9139262,VFX6P,4486711
B1139:3:135,"Acompus rufipes var. nigrescens De Bergevin, 1830","De Bergevin, 1830",Acompus,,rufipes,nigrescens,variety,nom. nud.,B1139:3,synonym,B1139:3:129,"Acompus rufipes (Wolff, 1804)",,,,,,,,Rhyparochrominae,Acompus,,Rhyparochrominae | Stygnocorini | Acompus,"rufipes var. nigrescens De Bergevin, 1830 nom. nud.","{""synonymUncertain"":true}",,,,
B1139:3:136,"Acompus pallipes (Herrich-Schaeffer, 1833)","(Herrich-Schaeffer, 1833)",Acompus,,pallipes,,species,,B1139:3,accepted,,,B1139:3:127,"Acompus Fieber, 1860",,,,,,Rhyparochrominae,Acompus,,Rhyparochrominae | Stygnocorini | Acompus,"pallipes (Herrich-Schaeffer, 1833)",,VFQ3J,4486708,VFQ3J,4486708
B1139:3:137,"Pachymerus pallipes Herrich-Schaeffer, 1833","Herrich-Schaeffer, 1833",Pachymerus,,pallipes,,species,,B1139:3,synonym,B1139:3:136,"Acompus pallipes (Herrich-Schaeffer, 1833)",,,,,,,,Rhyparochrominae,Acompus,,Rhyparochrominae | Stygnocorini | Acompus,"Pachymerus pallipes Herrich-Schaeffer, 1833",,VFHXB,9015471,VFQ3J,4486708
B1139:3:138,"Pachymerus tessella Costa, 1855","Costa, 1855",Pachymerus,,tessella,,species,,B1139:3,synonym,B1139:3:136,"Acompus pallipes (Herrich-Schaeffer, 1833)",,,,,,,,Rhyparochrominae,Acompus,,Rhyparochrominae | Stygnocorini | Acompus,"Pachymerus tessella Costa, 1855",,4BT3T,8768203,VFQ3J,4486708
B1139:3:139,"Acompus opacus Priesner, 1927","Priesner, 1927",Acompus,,opacus,,species,,B1139:3,synonym,B1139:3:136,"Acompus pallipes (Herrich-Schaeffer, 1833)",,,,,,,,Rhyparochrominae,Acompus,,Rhyparochrominae | Stygnocorini | Acompus,"opacus Priesner, 1927",,VFTYZ,8804764,VFQ3J,4486708
B1139:3:140,"Acompus opacus var. laetipes Ribaut, 1929","Ribaut, 1929",Acompus,,opacus,laetipes,variety,,B1139:3,synonym,B1139:3:136,"Acompus pallipes (Herrich-Schaeffer, 1833)",,,,,,,,Rhyparochrominae,Acompus,,Rhyparochrominae | Stygnocorini | Acompus,"opacus var. laetipes Ribaut, 1929",,,9003584,,4486708
B1139:3:141,"Acompus orientalis Horváth, 1929","Horváth, 1929",Acompus,,orientalis,,species,,B1139:3,synonym,B1139:3:136,"Acompus pallipes (Herrich-Schaeffer, 1833)",,,,,,,,Rhyparochrominae,Acompus,,Rhyparochrominae | Stygnocorini | Acompus,"orientalis Horváth, 1929",,M63M4,9199835,VFQ3J,4486708
B1139:3:142,"Acompus ibericus Lindberg, 1932","Lindberg, 1932",Acompus,,ibericus,,species,,B1139:3,synonym,B1139:3:136,"Acompus pallipes (Herrich-Schaeffer, 1833)",,,,,,,,Rhyparochrominae,Acompus,,Rhyparochrominae | Stygnocorini | Acompus,"ibericus Lindberg, 1932",,VFNWM,9043494,VFQ3J,4486708
B1139:3:143,"Acompus laticeps Ribaut, 1929","Ribaut, 1929",Acompus,,laticeps,,species,,B1139:3,accepted,,,B1139:3:127,"Acompus Fieber, 1860",,,,,,Rhyparochrominae,Acompus,,Rhyparochrominae | Stygnocorini | Acompus,"laticeps Ribaut, 1929",,M63LL,4486710,M63LL,4486710
B1139:3:144,"Acompus australis Horváth, 1929","Horváth, 1929",Acompus,,australis,,species,,B1139:3,synonym,B1139:3:143,"Acompus laticeps Ribaut, 1929",,,,,,,,Rhyparochrominae,Acompus,,Rhyparochrominae | Stygnocorini | Acompus,"australis Horváth, 1929",,VGKV3,9098738,M63LL,4486710
B1139:3:145,"Acompus garganicus Horváth, 1929","Horváth, 1929",Acompus,,garganicus,,species,,B1139:3,synonym,B1139:3:143,"Acompus laticeps Ribaut, 1929",,,,,,,,Rhyparochrominae,Acompus,,Rhyparochrominae | Stygnocorini | Acompus,"garganicus Horváth, 1929",,VG2L8,8950101,M63LL,4486710
B1139:3:146,"Ozophorini Sweet, 1967","Sweet, 1967",,,,,tribe,,B1139:3,accepted,,,B1139:3:1,"Rhyparochrominae Amyot & Serville, 1843",,,,,,Rhyparochrominae,,,Rhyparochrominae,"Ozophorini Sweet, 1967",,C7ZTM,,C7ZTM,
B1139:3:147,"Marmottania Puton in Puton & Lethierry, 1887","Puton in Puton & Lethierry, 1887",,,,,genus,,B1139:3,accepted,,,B1139:3:146,"Ozophorini Sweet, 1967",,,,,,Rhyparochrominae,Marmottania,,Rhyparochrominae | Ozophorini,"Marmottania Puton in Puton & Lethierry, 1887",,8NTZB,4405936,8NTZB,4405936
B1139:3:148,"Marmottania simonis Puton in Puton & Lethierry, 1887","Puton in Puton & Lethierry, 1887",Marmottania,,simonis,,species,,B1139:3,accepted,,,B1139:3:147,"Marmottania Puton in Puton & Lethierry, 1887",,,,,,Rhyparochrominae,Marmottania,,Rhyparochrominae | Ozophorini | Marmottania,"simonis Puton in Puton & Lethierry, 1887",,VDVQM,4486393,VDVQM,4486393
B1139:3:149,"Marmottania rungsi Vidal, 1951","Vidal, 1951",Marmottania,,rungsi,,species,,B1139:3,accepted,,,B1139:3:147,"Marmottania Puton in Puton & Lethierry, 1887",,,,,,Rhyparochrominae,Marmottania,,Rhyparochrominae | Ozophorini | Marmottania,"rungsi Vidal, 1951",,8PDPV,8779584,8PDPV,8779584
B1139:3:150,"Noualhieria Puton in Noualhier & Puton, 1889","Puton in Noualhier & Puton, 1889",,,,,genus,,B1139:3,accepted,,,B1139:3:146,"Ozophorini Sweet, 1967",,,,,,Rhyparochrominae,Noualhieria,,Rhyparochrominae | Ozophorini,"Noualhieria Puton in Noualhier & Puton, 1889",,8NW3P,4404895,8NW3P,4404895
B1139:3:151,"Noualhieria quadripunctata (Brullé, 1838)","(Brullé, 1838)",Noualhieria,,quadripunctata,,species,,B1139:3,accepted,,,B1139:3:150,"Noualhieria Puton in Noualhier & Puton, 1889",,,,,,Rhyparochrominae,Noualhieria,,Rhyparochrominae | Ozophorini | Noualhieria,"quadripunctata (Brullé, 1838)",,47ZS4,4486395,47ZS4,4486395
B1139:3:152,"Aphanus quadripunctatus Brullé, 1838","Brullé, 1838",Aphanus,,quadripunctatus,,species,,B1139:3,synonym,B1139:3:151,"Noualhieria quadripunctata (Brullé, 1838)",,,,,,,,Rhyparochrominae,Noualhieria,,Rhyparochrominae | Ozophorini | Noualhieria,"Aphanus quadripunctatus Brullé, 1838",,FBVM,8981986,47ZS4,4486395
B1139:3:153,"Thaumastopus alacer Walker, 1872","Walker, 1872",Thaumastopus,,alacer,,species,,B1139:3,synonym,B1139:3:151,"Noualhieria quadripunctata (Brullé, 1838)",,,,,,,,Rhyparochrominae,Noualhieria,,Rhyparochrominae | Ozophorini | Noualhieria,"Thaumastopus alacer Walker, 1872",,VGS25,9100582,47ZS4,4486395
B1139:3:154,"Noualhieria coracipennis Puton, 1889","Puton, 1889",Noualhieria,,coracipennis,,species,,B1139:3,synonym,B1139:3:151,"Noualhieria quadripunctata (Brullé, 1838)",,,,,,,,Rhyparochrominae,Noualhieria,,Rhyparochrominae | Ozophorini | Noualhieria,"coracipennis Puton, 1889",,VH48R,9256134,47ZS4,4486395
B1139:3:155,"Noualhieria herbanica Riber, 1976","Riber, 1976",Noualhieria,,herbanica,,species,,B1139:3,accepted,,,B1139:3:150,"Noualhieria Puton in Noualhier & Puton, 1889",,,,,,Rhyparochrominae,Noualhieria,,Rhyparochrominae | Ozophorini | Noualhieria,"herbanica Riber, 1976",,47ZS2,4486394,47ZS2,4486394
B1139:3:156,"Noualhieria pieltaini Gomez-Menor, 1924","Gomez-Menor, 1924",Noualhieria,,pieltaini,,species,,B1139:3,accepted,,,B1139:3:150,"Noualhieria Puton in Noualhier & Puton, 1889",,,,,,Rhyparochrominae,Noualhieria,,Rhyparochrominae | Ozophorini | Noualhieria,"pieltaini Gomez-Menor, 1924",,CG5HY,4486398,CG5HY,4486398
B1139:3:157,"Noualhieria fernandezi Lindberg, 1953","Lindberg, 1953",Noualhieria,,fernandezi,,species,,B1139:3,synonym,B1139:3:156,"Noualhieria pieltaini Gomez-Menor, 1924",,,,,,,,Rhyparochrominae,Noualhieria,,Rhyparochrominae | Ozophorini | Noualhieria,"fernandezi Lindberg, 1953",,VGBCW,9636745,VH7HK,4486398
B1139:3:158,"Phasmosomini Kiritshenko, 1938","Kiritshenko, 1938",,,,,tribe,,B1139:3,accepted,,,B1139:3:1,"Rhyparochrominae Amyot & Serville, 1843",,,,,,Rhyparochrominae,,,Rhyparochrominae,"Phasmosomini Kiritshenko, 1938",,8QP7P,,8QP7P,
B1139:3:159,"Phasmosomus Kiritshenko, 1938","Kiritshenko, 1938",,,,,genus,,B1139:3,accepted,,,B1139:3:158,"Phasmosomini Kiritshenko, 1938",,,,,,Rhyparochrominae,Phasmosomus,,Rhyparochrominae | Phasmosomini,"Phasmosomus Kiritshenko, 1938",,8NXGG,4780007,8NXGG,4780007
B1139:3:160,"Phasmosomus araxis Kiritshenko, 1938","Kiritshenko, 1938",Phasmosomus,,araxis,,species,,B1139:3,accepted,,,B1139:3:159,"Phasmosomus Kiritshenko, 1938",,,,,,Rhyparochrominae,Phasmosomus,,Rhyparochrominae | Phasmosomini | Phasmosomus,"araxis Kiritshenko, 1938",,VGWST,8910710,VGWST,8910710
B1139:3:161,"Phasmosomus priesneri (Wagner, 1958)","(Wagner, 1958)",Phasmosomus,,priesneri,,species,,B1139:3,accepted,,,B1139:3:159,"Phasmosomus Kiritshenko, 1938",,,,,,Rhyparochrominae,Phasmosomus,,Rhyparochrominae | Phasmosomini | Phasmosomus,"priesneri (Wagner, 1958)",,VGVZ3,9140319,VGVZ3,9140319
B1139:3:162,"Marmottania priesneri Wagner, 1958","Wagner, 1958",Marmottania,,priesneri,,species,,B1139:3,synonym,B1139:3:161,"Phasmosomus priesneri (Wagner, 1958)",,,,,,,,Rhyparochrominae,Phasmosomus,,Rhyparochrominae | Phasmosomini | Phasmosomus,"Marmottania priesneri Wagner, 1958",,VFCZR,9282740,VGVZ3,9140319
B1139:3:163,"Phasmosomus hoberlandti Kiritshenko, 1963","Kiritshenko, 1963",Phasmosomus,,hoberlandti,,species,,B1139:3,synonym,B1139:3:161,"Phasmosomus priesneri (Wagner, 1958)",,,,,,,,Rhyparochrominae,Phasmosomus,,Rhyparochrominae | Phasmosomini | Phasmosomus,"hoberlandti Kiritshenko, 1963",,VH4M5,8752291,VGVZ3,9140319
B1139:3:164,"Drymini Stål, 1872","Stål, 1872",,,,,tribe,,B1139:3,accepted,,,B1139:3:1,"Rhyparochrominae Amyot & Serville, 1843",,,,,,Rhyparochrominae,,,Rhyparochrominae,"Drymini Stål, 1872",,8NL78,,8NL78,
B1139:3:165,"Eremocorini Putshkov, 1958","Putshkov, 1958",,,,,tribe,,B1139:3,synonym,B1139:3:164,"Drymini Stål, 1872",,,,,,,,Rhyparochrominae,,,Rhyparochrominae,"Eremocorini Putshkov, 1958",,8QMHF,,8NL78,
B1139:3:166,"Drymus Fieber, 1860","Fieber, 1860",,,,,genus,,B1139:3,accepted,,,B1139:3:164,"Drymini Stål, 1872",,,,,,Rhyparochrominae,Drymus,,Rhyparochrominae | Drymini,"Drymus Fieber, 1860",,8NPC4,2008136,8NPC4,2008136
B1139:3:167,"Drymus Fieber, 1860","Fieber, 1860",Drymus,,,,subgenus,,B1139:3,accepted,,,B1139:3:166,"Drymus Fieber, 1860",,,,,,Rhyparochrominae,Drymus,Drymus,Rhyparochrominae | Drymini | Drymus,"Drymus Fieber, 1860",,8Q6C3,,8Q6C3,
B1139:3:168,"Drymus pilipes Fieber, 1861","Fieber, 1861",Drymus,Drymus,pilipes,,species,,B1139:3,accepted,,,B1139:3:167,"Drymus Fieber, 1860",,,,,,Rhyparochrominae,Drymus,Drymus,Rhyparochrominae | Drymini | Drymus | Drymus,"pilipes Fieber, 1861",,VGJ43,2008137,VGJ42,2008137
B1139:3:169,"Drymus latus Douglas & Scott, 1871","Douglas & Scott, 1871",Drymus,Drymus,latus,,species,,B1139:3,accepted,,,B1139:3:167,"Drymus Fieber, 1860",,,,,,Rhyparochrominae,Drymus,Drymus,Rhyparochrominae | Drymini | Drymus | Drymus,"latus Douglas & Scott, 1871",,VFCY8,4486556,VFCY7,4486556
B1139:3:170,Drymus pilicornis,,Drymus,Drymus,pilicornis,,species,"sensu Horváth, 1875 nec Mulsant & Rey",B1139:3,synonym,B1139:3:169,"Drymus latus Douglas & Scott, 1871",,,,,,,,Rhyparochrominae,Drymus,Drymus,Rhyparochrominae | Drymini | Drymus | Drymus,"pilicornis sensu Horváth, 1875 nec Mulsant & Rey",,VGD7Y,4486553,VGD7Y,4486553
B1139:3:171,"Drymus confusus Horváth, 1881","Horváth, 1881",Drymus,Drymus,confusus,,species,,B1139:3,synonym,B1139:3:169,"Drymus latus Douglas & Scott, 1871",,,,,,,,Rhyparochrominae,Drymus,Drymus,Rhyparochrominae | Drymini | Drymus | Drymus,"confusus Horváth, 1881",,8P9BF,9012103,VFCY7,4486556
B1139:3:172,"Drymus latus subsp. obscurior Kerzhner, 1976","Kerzhner, 1976",Drymus,Drymus,latus,obscurior,subspecies,,B1139:3,synonym,B1139:3:169,"Drymus latus Douglas & Scott, 1871",,,,,,,,Rhyparochrominae,Drymus,Drymus,Rhyparochrominae | Drymini | Drymus | Drymus,"latus subsp. obscurior Kerzhner, 1976",,L23CJ,9190808,L23CJ,9190808
B1139:3:173,"Drymus scambus Stål, 1872","Stål, 1872",Drymus,Drymus,scambus,,species,,B1139:3,accepted,,,B1139:3:167,"Drymus Fieber, 1860",,,,,,Rhyparochrominae,Drymus,Drymus,Rhyparochrominae | Drymini | Drymus | Drymus,"scambus Stål, 1872",,VH9LC,4486555,VH9LB,4486555
B1139:3:174,"Drymus pilicornis (Mulsant & Rey, 1852)","(Mulsant & Rey, 1852)",Drymus,Drymus,pilicornis,,species,,B1139:3,accepted,,,B1139:3:167,"Drymus Fieber, 1860",,,,,,Rhyparochrominae,Drymus,Drymus,Rhyparochrominae | Drymini | Drymus | Drymus,"pilicornis (Mulsant & Rey, 1852)",,NP536,4486553,VGD7Y,4486553
B1139:3:175,"Pachymerus pilicornis Mulsant & Rey, 1852","Mulsant & Rey, 1852",Pachymerus,,pilicornis,,species,,B1139:3,synonym,B1139:3:174,"Drymus pilicornis (Mulsant & Rey, 1852)",,,,,,,,Rhyparochrominae,Drymus,Drymus,Rhyparochrominae | Drymini | Drymus | Drymus,"Pachymerus pilicornis Mulsant & Rey, 1852",,VG45M,9222873,VGD7Y,4486553
B1139:3:176,"Sylvadrymus Le Quesne, 1956","Le Quesne, 1956",Drymus,,,,subgenus,,B1139:3,accepted,,,B1139:3:166,"Drymus Fieber, 1860",,,,,,Rhyparochrominae,Drymus,Sylvadrymus,Rhyparochrominae | Drymini | Drymus,"Sylvadrymus Le Quesne, 1956",,VGW79,,VGW79,
B1139:3:177,"Drymus sylvaticus (Fabricius, 1775)","(Fabricius, 1775)",Drymus,Sylvadrymus,sylvaticus,,species,,B1139:3,accepted,,,B1139:3:176,"Sylvadrymus Le Quesne, 1956",,,,,,Rhyparochrominae,Drymus,Sylvadrymus,Rhyparochrominae | Drymini | Drymus | Sylvadrymus,"sylvaticus (Fabricius, 1775)",,8P9BN,10950305,8Q6VD,10950305
B1139:3:178,"Cimex sylvaticus Fabricius, 1775","Fabricius, 1775",Cimex,,sylvaticus,,species,,B1139:3,synonym,B1139:3:177,"Drymus sylvaticus (Fabricius, 1775)",,,,,,,,Rhyparochrominae,Drymus,Sylvadrymus,Rhyparochrominae | Drymini | Drymus | Sylvadrymus,"Cimex sylvaticus Fabricius, 1775",,8P84N,4486545,8Q6VD,10950305
B1139:3:179,"Drymus silvaticus Flor, 1860","Flor, 1860",Drymus,Sylvadrymus,silvaticus,,species,lapsus,B1139:3,synonym,B1139:3:177,"Drymus sylvaticus (Fabricius, 1775)",,,,,,,,Rhyparochrominae,Drymus,Sylvadrymus,Rhyparochrominae | Drymini | Drymus | Sylvadrymus,"silvaticus Flor, 1860 lapsus",,8Q6VD,10950305,8Q6VD,10950305
B1139:3:180,"Drymus sylvaticus f. orthopus Horváth, 1882","Horváth, 1882",Drymus,Sylvadrymus,sylvaticus,orthopus,form,,B1139:3,synonym,B1139:3:177,"Drymus sylvaticus (Fabricius, 1775)",,,,,,,,Rhyparochrominae,Drymus,Sylvadrymus,Rhyparochrominae | Drymini | Drymus | Sylvadrymus,"sylvaticus f. orthopus Horváth, 1882",,,,,
B1139:3:181,"Drymus sylvaticus f. nigra D'Antessanty, 1891","D'Antessanty, 1891",Drymus,Sylvadrymus,sylvaticus,nigra,form,,B1139:3,synonym,B1139:3:177,"Drymus sylvaticus (Fabricius, 1775)",,,,,,,,Rhyparochrominae,Drymus,Sylvadrymus,Rhyparochrominae | Drymini | Drymus | Sylvadrymus,"sylvaticus f. nigra D'Antessanty, 1891","{""synonymUncertain"":true}",8QNMZ,,8Q6VC,
B1139:3:182,"Drymus assimilis Horváth, 1897","Horváth, 1897",Drymus,Sylvadrymus,assimilis,,species,,B1139:3,accepted,,,B1139:3:176,"Sylvadrymus Le Quesne, 1956",,,,,,Rhyparochrominae,Drymus,Sylvadrymus,Rhyparochrominae | Drymini | Drymus | Sylvadrymus,"assimilis Horváth, 1897",,8P9B3,4486550,8Q6V9,4486550
B1139:3:183,"Drymus ryeii Douglas & Scott, 1865","Douglas & Scott, 1865",Drymus,Sylvadrymus,ryeii,,species,,B1139:3,accepted,,,B1139:3:176,"Sylvadrymus Le Quesne, 1956",,,,,,Rhyparochrominae,Drymus,Sylvadrymus,Rhyparochrominae | Drymini | Drymus | Sylvadrymus,"ryeii Douglas & Scott, 1865",,8PMLK,4486551,8Q6VC,4486551
B1139:3:184,"Drymus sylvaticus f. ryeii Douglas & Scott, 1865","Douglas & Scott, 1865",Drymus,Sylvadrymus,sylvaticus,ryeii,form,,B1139:3,synonym,B1139:3:183,"Drymus ryeii Douglas & Scott, 1865",,,,,,,,Rhyparochrominae,Drymus,Sylvadrymus,Rhyparochrominae | Drymini | Drymus | Sylvadrymus,"sylvaticus f. ryeii Douglas & Scott, 1865",,C5BXC,,8Q6VC,
B1139:3:185,Drymus ryei,,Drymus,Sylvadrymus,ryei,,species,auct.,B1139:3,misapplied,B1139:3:183,"Drymus ryeii Douglas & Scott, 1865",,,,,,,,Rhyparochrominae,Drymus,Sylvadrymus,Rhyparochrominae | Drymini | Drymus | Sylvadrymus,ryei auct.,,NP564,4486551,NP564,4486551
B1139:3:186,"Drymus ryeii f. picina Rey, 1888","Rey, 1888",Drymus,Sylvadrymus,ryeii,picina,form,,B1139:3,synonym,B1139:3:183,"Drymus ryeii Douglas & Scott, 1865",,,,,,,,Rhyparochrominae,Drymus,Sylvadrymus,Rhyparochrominae | Drymini | Drymus | Sylvadrymus,"ryeii f. picina Rey, 1888",,,,,
B1139:3:187,"Drymus sylvaticus f. nigra D'Antessanty, 1891","D'Antessanty, 1891",Drymus,Sylvadrymus,sylvaticus,nigra,form,,B1139:3,synonym,B1139:3:183,"Drymus ryeii Douglas & Scott, 1865",,,,,,,,Rhyparochrominae,Drymus,Sylvadrymus,Rhyparochrominae | Drymini | Drymus | Sylvadrymus,"sylvaticus f. nigra D'Antessanty, 1891","{""synonymUncertain"":true}",8QNMZ,,8Q6VC,
B1139:3:188,"Drymus pumilio Puton, 1877","Puton, 1877",Drymus,Sylvadrymus,pumilio,,species,,B1139:3,accepted,,,B1139:3:176,"Sylvadrymus Le Quesne, 1956",,,,,,Rhyparochrominae,Drymus,Sylvadrymus,Rhyparochrominae | Drymini | Drymus | Sylvadrymus,"pumilio Puton, 1877",,8P9BM,4486552,8Q6VB,4486552
B1139:3:189,"Drymus brunneus (R. F. Sahlberg, 1848)","(R. F. Sahlberg, 1848)",Drymus,Sylvadrymus,brunneus,,species,,B1139:3,accepted,,,B1139:3:176,"Sylvadrymus Le Quesne, 1956",,,,,,Rhyparochrominae,Drymus,Sylvadrymus,Rhyparochrominae | Drymini | Drymus | Sylvadrymus,"brunneus (R. F. Sahlberg, 1848)",,VFS9C,4486546,VFS9C,4486546
B1139:3:190,"Rhyparochromus brunneus R. F. Sahlberg, 1848","R. F. Sahlberg, 1848",Rhyparochromus,,brunneus,,species,,B1139:3,synonym,B1139:3:189,"Drymus brunneus (R. F. Sahlberg, 1848)",,,,,,,,Rhyparochrominae,Drymus,Sylvadrymus,Rhyparochrominae | Drymini | Drymus | Sylvadrymus,"Rhyparochromus brunneus R. F. Sahlberg, 1848",,VG27Y,6873718,VFS9C,4486546
B1139:3:191,"Pachymerus pallidulus Herrich-Schaeffer, 1853","Herrich-Schaeffer, 1853",Pachymerus,,pallidulus,,species,,B1139:3,synonym,B1139:3:189,"Drymus brunneus (R. F. Sahlberg, 1848)",,,,,,,,Rhyparochrominae,Drymus,Sylvadrymus,Rhyparochrominae | Drymini | Drymus | Sylvadrymus,"Pachymerus pallidulus Herrich-Schaeffer, 1853",,,9048324,,4486549
B1139:3:192,"Drymus notatus Fieber, 1861","Fieber, 1861",Drymus,Sylvadrymus,notatus,,species,,B1139:3,synonym,B1139:3:189,"Drymus brunneus (R. F. Sahlberg, 1848)",,,,,,,,Rhyparochrominae,Drymus,Sylvadrymus,Rhyparochrominae | Drymini | Drymus | Sylvadrymus,"notatus Fieber, 1861",,8P9BK,8998909,VFS9C,4486546
B1139:3:193,"Drymus brunneus f. obscura J. Sahlberg, 1920","J. Sahlberg, 1920",Drymus,Sylvadrymus,brunneus,obscura,form,,B1139:3,synonym,B1139:3:189,"Drymus brunneus (R. F. Sahlberg, 1848)",,,,,,,,Rhyparochrominae,Drymus,Sylvadrymus,Rhyparochrominae | Drymini | Drymus | Sylvadrymus,"brunneus f. obscura J. Sahlberg, 1920",,,,,
B1139:3:194,"Drymus brunneus subsp. confinis Reuter, 1893","Reuter, 1893",Drymus,Sylvadrymus,brunneus,confinis,subspecies,,B1139:3,accepted,,,B1139:3:189,"Drymus brunneus (R. F. Sahlberg, 1848)",,,,,,Rhyparochrominae,Drymus,Sylvadrymus,Rhyparochrominae | Drymini | Drymus | Sylvadrymus | Drymus brunneus,"brunneus subsp. confinis Reuter, 1893",,8Q7GX,4486548,8Q7GX,4486548
B1139:3:195,"Drymus brunneus f. major Lindberg, 1948","Lindberg, 1948",Drymus,Sylvadrymus,brunneus,major,form,,B1139:3,synonym,B1139:3:194,"Drymus brunneus subsp. confinis Reuter, 1893",,,,,,,,Rhyparochrominae,Drymus,Sylvadrymus,Rhyparochrominae | Drymini | Drymus | Sylvadrymus | Drymus brunneus,"brunneus f. major Lindberg, 1948",,,,,
B1139:3:196,"Lamproplax Douglas & Scott, 1868","Douglas & Scott, 1868",,,,,genus,"nom. nov. pr. Lampronotus, praeocc.",B1139:3,accepted,,,B1139:3:164,"Drymini Stål, 1872",,,,,,Rhyparochrominae,Lamproplax,,Rhyparochrominae | Drymini,"Lamproplax Douglas & Scott, 1868 nom. nov. pr. Lampronotus, praeocc.",,8NTBJ,4404281,8NTBJ,4404281
B1139:3:197,"Lampronotus Douglas & Scott, 1868","Douglas & Scott, 1868",,,,,genus,,B1139:3,synonym,B1139:3:196,"Lamproplax Douglas & Scott, 1868",,,,,,,,Rhyparochrominae,Lampronotus,,Rhyparochrominae | Drymini,"Lampronotus Douglas & Scott, 1868",,8PPVV,3266253,8NTBJ,4404281
B1139:3:198,"Drymocoris Jakovlev, 1876","Jakovlev, 1876",,,,,genus,,B1139:3,synonym,B1139:3:196,"Lamproplax Douglas & Scott, 1868",,,,,,,,Rhyparochrominae,Drymocoris,,Rhyparochrominae | Drymini,"Drymocoris Jakovlev, 1876",,8PPBY,4772377,8NTBJ,4404281
B1139:3:199,"Lamproplax picea (Flor, 1860)","(Flor, 1860)",Lamproplax,,picea,,species,,B1139:3,accepted,,,B1139:3:196,"Lamproplax Douglas & Scott, 1868",,,,,,Rhyparochrominae,Lamproplax,,Rhyparochrominae | Drymini | Lamproplax,"picea (Flor, 1860)",,Q4QHD,4486603,Q4QHD,4486603
B1139:3:200,"Pachymerus piceus Flor, 1860","Flor, 1860",Pachymerus,,piceus,,species,,B1139:3,synonym,B1139:3:199,"Lamproplax picea (Flor, 1860)",,,,,,,,Rhyparochrominae,Lamproplax,,Rhyparochrominae | Drymini | Lamproplax,"Pachymerus piceus Flor, 1860",,8PGC3,8869118,Q4QHD,4486603
B1139:3:201,"Lampronotus sharpi Douglas & Scott, 1868","Douglas & Scott, 1868",Lampronotus,,sharpi,,species,,B1139:3,synonym,B1139:3:199,"Lamproplax picea (Flor, 1860)",,,,,,,,Rhyparochrominae,Lamproplax,,Rhyparochrominae | Drymini | Lamproplax,"Lampronotus sharpi Douglas & Scott, 1868",,8PCQQ,9095500,Q4QHD,4486603
B1139:3:202,"Drymocoris gibbosus Jakovlev, 1876","Jakovlev, 1876",Drymocoris,,gibbosus,,species,,B1139:3,synonym,B1139:3:199,"Lamproplax picea (Flor, 1860)",,,,,,,,Rhyparochrominae,Lamproplax,,Rhyparochrominae | Drymini | Lamproplax,"Drymocoris gibbosus Jakovlev, 1876",,8P9B2,8721765,Q4QHD,4486603
B1139:3:203,"Drymus brunneus f. nitidicollis Halbherr, 1912","Halbherr, 1912",Drymus,,brunneus,nitidicollis,form,,B1139:3,synonym,B1139:3:199,"Lamproplax picea (Flor, 1860)",,,,,,,,Rhyparochrominae,Lamproplax,,Rhyparochrominae | Drymini | Lamproplax,"Drymus brunneus f. nitidicollis Halbherr, 1912",,,,,
B1139:3:204,"Eremocoris Fieber, 1860","Fieber, 1860",,,,,genus,,B1139:3,accepted,,,B1139:3:164,"Drymini Stål, 1872",,,,,,Rhyparochrominae,Eremocoris,,Rhyparochrominae | Drymini,"Eremocoris Fieber, 1860",,8NNWL,2008140,8NNWL,2008140
B1139:3:205,"Eremocoris abietis (Linnaeus, 1758)","(Linnaeus, 1758)",Eremocoris,,abietis,,species,,B1139:3,accepted,,,B1139:3:204,"Eremocoris Fieber, 1860",,,,,,Rhyparochrominae,Eremocoris,,Rhyparochrominae | Drymini | Eremocoris,"abietis (Linnaeus, 1758)",,6GGJG,2008145,6GGJG,2008145
B1139:3:206,"Cimex abietis Linnaeus, 1758","Linnaeus, 1758",Cimex,,abietis,,species,,B1139:3,synonym,B1139:3:205,"Eremocoris abietis (Linnaeus, 1758)",,,,,,,,Rhyparochrominae,Eremocoris,,Rhyparochrominae | Drymini | Eremocoris,"Cimex abietis Linnaeus, 1758",,8Q6S9,12144622,6GGJG,2008145
B1139:3:207,"Lygaeus erraticus Fabricius, 1794","Fabricius, 1794",Lygaeus,,erraticus,,species,,B1139:3,synonym,B1139:3:205,"Eremocoris abietis (Linnaeus, 1758)",,,,,,,,Rhyparochrominae,Eremocoris,,Rhyparochrominae | Drymini | Eremocoris,"Lygaeus erraticus Fabricius, 1794",,VH5HP,8938259,6GGJG,2008145
B1139:3:208,"Cimex errans Turton, 1806","Turton, 1806",Cimex,,errans,,species,nec Wolff,B1139:3,synonym,B1139:3:205,"Eremocoris abietis (Linnaeus, 1758)",,,,,,,,Rhyparochrominae,Eremocoris,,Rhyparochrominae | Drymini | Eremocoris,"Cimex errans Turton, 1806 nec Wolff",,8QNQY,11402153,6GGJG,2008145
B1139:3:209,"Eremocoris obscuratus Montandon, 1895","Montandon, 1895",Eremocoris,,obscuratus,,species,,B1139:3,synonym,B1139:3:205,"Eremocoris abietis (Linnaeus, 1758)",,,,,,,,Rhyparochrominae,Eremocoris,,Rhyparochrominae | Drymini | Eremocoris,"obscuratus Montandon, 1895",,,9186974,,9186974
B1139:3:210,"Eremocoris abietis subsp. lapponicus Wagner, 1949","Wagner, 1949",Eremocoris,,abietis,lapponicus,subspecies,,B1139:3,synonym,B1139:3:205,"Eremocoris abietis (Linnaeus, 1758)",,,,,,,,Rhyparochrominae,Eremocoris,,Rhyparochrominae | Drymini | Eremocoris,"abietis subsp. lapponicus Wagner, 1949",,,8867325,,2008145
B1139:3:211,"Eremocoris monticola Horváth, 1929","Horváth, 1929",Eremocoris,,monticola,,species,,B1139:3,accepted,,,B1139:3:204,"Eremocoris Fieber, 1860",,,,,,Rhyparochrominae,Eremocoris,,Rhyparochrominae | Drymini | Eremocoris,"monticola Horváth, 1929",,VGW6K,8923475,VGW6K,8923475
B1139:3:212,"Eremocoris oblitus Horváth, 1929","Horváth, 1929",Eremocoris,,oblitus,,species,,B1139:3,accepted,,,B1139:3:204,"Eremocoris Fieber, 1860",,,,,,Rhyparochrominae,Eremocoris,,Rhyparochrominae | Drymini | Eremocoris,"oblitus Horváth, 1929",,VGL52,8793428,6GGKP,4486529
B1139:3:213,Eremocoris fenustratus,,Eremocoris,,fenustratus,,species,"sensu Horváth, 1894",B1139:3,synonym,B1139:3:212,"Eremocoris oblitus Horváth, 1929",,,,,,,,Rhyparochrominae,Eremocoris,,Rhyparochrominae | Drymini | Eremocoris,"fenustratus sensu Horváth, 1894",,6GGKP,4486529,6GGKP,4486529
B1139:3:214,"Eremocoris maderensis (Wollaston, 1858)","(Wollaston, 1858)",Eremocoris,,maderensis,,species,,B1139:3,accepted,,,B1139:3:204,"Eremocoris Fieber, 1860",,,,,,Rhyparochrominae,Eremocoris,,Rhyparochrominae | Drymini | Eremocoris,"maderensis (Wollaston, 1858)",,VFH9J,4486540,VFH9J,4486540
B1139:3:215,"Pachymerus maderensis Wollaston, 1858","Wollaston, 1858",Pachymerus,,maderensis,,species,,B1139:3,synonym,B1139:3:214,"Eremocoris maderensis (Wollaston, 1858)",,,,,,,,Rhyparochrominae,Eremocoris,,Rhyparochrominae | Drymini | Eremocoris,"Pachymerus maderensis Wollaston, 1858",,,,,
B1139:3:216,"Eremocoris wagneri Lindberg, 1961","Lindberg, 1961",Eremocoris,,wagneri,,species,,B1139:3,synonym,B1139:3:214,"Eremocoris maderensis (Wollaston, 1858)",,,,,,,,Rhyparochrominae,Eremocoris,,Rhyparochrominae | Drymini | Eremocoris,"wagneri Lindberg, 1961",,VGN64,9031138,VFH9J,4486540
B1139:3:217,"Eremocoris fraternus Horváth, 1883","Horváth, 1883",Eremocoris,,fraternus,,species,,B1139:3,accepted,,,B1139:3:204,"Eremocoris Fieber, 1860",,,,,,Rhyparochrominae,Eremocoris,,Rhyparochrominae | Drymini | Eremocoris,"fraternus Horváth, 1883",,P2KHR,8901992,P2KCL,4486534
B1139:3:218,"Eremocoris fraternus f. longirostris Horváth, 1883","Horváth, 1883",Eremocoris,,fraternus,longirostris,form,,B1139:3,synonym,B1139:3:217,"Eremocoris fraternus Horváth, 1883",,,,,,,,Rhyparochrominae,Eremocoris,,Rhyparochrominae | Drymini | Eremocoris,"fraternus f. longirostris Horváth, 1883",,,,,
B1139:3:219,"Eremocoris fenestratus (Herrich-Schaeffer, 1839)","(Herrich-Schaeffer, 1839)",Eremocoris,,fenestratus,,species,,B1139:3,accepted,,,B1139:3:204,"Eremocoris Fieber, 1860",,,,,,Rhyparochrominae,Eremocoris,,Rhyparochrominae | Drymini | Eremocoris,"fenestratus (Herrich-Schaeffer, 1839)",,6GGKP,4486529,6GGKP,4486529
B1139:3:220,"Pachymerus fenestratus Herrich-Schaeffer, 1839","Herrich-Schaeffer, 1839",Pachymerus,,fenestratus,,species,,B1139:3,synonym,B1139:3:219,"Eremocoris fenestratus (Herrich-Schaeffer, 1839)",,,,,,,,Rhyparochrominae,Eremocoris,,Rhyparochrominae | Drymini | Eremocoris,"Pachymerus fenestratus Herrich-Schaeffer, 1839",,8Q765,8845939,6GGKP,4486529
B1139:3:221,Eremocoris erraticus,,Eremocoris,,erraticus,,species,"sensu Douglas & Scott, 1865 nec Fabricius, 1794",B1139:3,synonym,B1139:3:219,"Eremocoris fenestratus (Herrich-Schaeffer, 1839)",,,,,,,,Rhyparochrominae,Eremocoris,,Rhyparochrominae | Drymini | Eremocoris,"erraticus sensu Douglas & Scott, 1865 nec Fabricius, 1794",,9HDXF,2008146,6GGJG,4486542
B1139:3:222,Eremocoris podagricus,,Eremocoris,,podagricus,,species,"sensu Horváth, 1875 nec Fabricius, 1775",B1139:3,synonym,B1139:3:219,"Eremocoris fenestratus (Herrich-Schaeffer, 1839)",,,,,,,,Rhyparochrominae,Eremocoris,,Rhyparochrominae | Drymini | Eremocoris,"podagricus sensu Horváth, 1875 nec Fabricius, 1775",,VGKYM,4486542,VGKYM,4486542
B1139:3:223,"Eremocoris remanei Roubal, 1956","Roubal, 1956",Eremocoris,,remanei,,species,,B1139:3,synonym,B1139:3:219,"Eremocoris fenestratus (Herrich-Schaeffer, 1839)",,,,,,,,Rhyparochrominae,Eremocoris,,Rhyparochrominae | Drymini | Eremocoris,"remanei Roubal, 1956",,VFZ5H,8726513,6GGKP,4486529
B1139:3:224,"Eremocoris praenotatus Seidenstücker, 1965","Seidenstücker, 1965",Eremocoris,,praenotatus,,species,,B1139:3,accepted,,,B1139:3:204,"Eremocoris Fieber, 1860",,,,,,Rhyparochrominae,Eremocoris,,Rhyparochrominae | Drymini | Eremocoris,"praenotatus Seidenstücker, 1965",,6GGLP,8846215,6GGLP,8846215
B1139:3:225,"Eremocoris podagricus (Fabricius, 1775)","(Fabricius, 1775)",Eremocoris,,podagricus,,species,,B1139:3,accepted,,,B1139:3:204,"Eremocoris Fieber, 1860",,,,,,Rhyparochrominae,Eremocoris,,Rhyparochrominae | Drymini | Eremocoris,"podagricus (Fabricius, 1775)",,VGKYM,4486542,VGKYM,4486542
B1139:3:226,"Cimex podagricus Fabricius, 1775","Fabricius, 1775",Cimex,,podagricus,,species,,B1139:3,synonym,B1139:3:225,"Eremocoris podagricus (Fabricius, 1775)",,,,,,,,Rhyparochrominae,Eremocoris,,Rhyparochrominae | Drymini | Eremocoris,"Cimex podagricus Fabricius, 1775",,VH6SN,4486543,VGKYM,4486542
B1139:3:227,"Eremocoris alpinus Garbiglietti, 1869","Garbiglietti, 1869",Eremocoris,,alpinus,,species,,B1139:3,synonym,B1139:3:225,"Eremocoris podagricus (Fabricius, 1775)",,,,,,,,Rhyparochrominae,Eremocoris,,Rhyparochrominae | Drymini | Eremocoris,"alpinus Garbiglietti, 1869",,P2KDB,9346918,VGKYM,4486542
B1139:3:228,"Eremocoris icaunensis Populus, 1874","Populus, 1874",Eremocoris,,icaunensis,,species,,B1139:3,synonym,B1139:3:225,"Eremocoris podagricus (Fabricius, 1775)",,,,,,,,Rhyparochrominae,Eremocoris,,Rhyparochrominae | Drymini | Eremocoris,"icaunensis Populus, 1874",,6GGL2,9053627,VGKYM,4486542
B1139:3:229,"Eremocoris plebejus (Fallén, 1807)","(Fallén, 1807)",Eremocoris,,plebejus,,species,,B1139:3,accepted,,,B1139:3:204,"Eremocoris Fieber, 1860",,,,,,Rhyparochrominae,Eremocoris,,Rhyparochrominae | Drymini | Eremocoris,"plebejus (Fallén, 1807)",,P2KQX,4486536,P2KQX,4486536
B1139:3:230,"Lygaeus sylvestris Panzer, 1797","Panzer, 1797",Lygaeus,,sylvestris,,species,nec Linnaeus,B1139:3,synonym,B1139:3:229,"Eremocoris plebejus (Fallén, 1807)",,,,,,,,Rhyparochrominae,Eremocoris,,Rhyparochrominae | Drymini | Eremocoris,"Lygaeus sylvestris Panzer, 1797 nec Linnaeus",,8QMWM,11404201,P2KQX,4486536
B1139:3:231,"Lygaeus plebejus Fallén, 1807","Fallén, 1807",Lygaeus,,plebejus,,species,,B1139:3,synonym,B1139:3:229,"Eremocoris plebejus (Fallén, 1807)",,,,,,,,Rhyparochrominae,Eremocoris,,Rhyparochrominae | Drymini | Eremocoris,"Lygaeus plebejus Fallén, 1807",,C7J88,9640133,P2KQX,4486536
B1139:3:232,"Eremocoris plebejus f. gibbicollis Horváth, 1883","Horváth, 1883",Eremocoris,,plebejus,gibbicollis,form,,B1139:3,synonym,B1139:3:229,"Eremocoris plebejus (Fallén, 1807)",,,,,,,,Rhyparochrominae,Eremocoris,,Rhyparochrominae | Drymini | Eremocoris,"plebejus f. gibbicollis Horváth, 1883",,,,,
B1139:3:233,"Drymus guttatus Matsumura, 1911","Matsumura, 1911",Drymus,,guttatus,,species,,B1139:3,synonym,B1139:3:229,"Eremocoris plebejus (Fallén, 1807)",,,,,,,,Rhyparochrominae,Eremocoris,,Rhyparochrominae | Drymini | Eremocoris,"Drymus guttatus Matsumura, 1911",,C3YKJ,8760539,P2KQX,4486536
B1139:3:234,"Eremocoris bletoni Vidal, 1940","Vidal, 1940",Eremocoris,,bletoni,,species,,B1139:3,accepted,,,B1139:3:204,"Eremocoris Fieber, 1860",,,,,,Rhyparochrominae,Eremocoris,,Rhyparochrominae | Drymini | Eremocoris,"bletoni Vidal, 1940",,VFRWN,8847738,VFRWN,8847738
B1139:3:235,"Eremocoris pellitus Seidenstücker, 1965","Seidenstücker, 1965",Eremocoris,,pellitus,,species,,B1139:3,accepted,,,B1139:3:204,"Eremocoris Fieber, 1860",,,,,,Rhyparochrominae,Eremocoris,,Rhyparochrominae | Drymini | Eremocoris,"pellitus Seidenstücker, 1965",,6GGJZ,4486531,6GGJZ,4486531
B1139:3:236,"Eremocoris ribauti Vidal, 1936","Vidal, 1936",Eremocoris,,ribauti,,species,,B1139:3,accepted,,,B1139:3:204,"Eremocoris Fieber, 1860",,,,,,Rhyparochrominae,Eremocoris,,Rhyparochrominae | Drymini | Eremocoris,"ribauti Vidal, 1936",,VGCJN,4486535,VGCJN,4486535
B1139:3:237,"Scolopostethus Fieber, 1860","Fieber, 1860",,,,,genus,,B1139:3,accepted,,,B1139:3:164,"Drymini Stål, 1872",,,,,,Rhyparochrominae,Scolopostethus,,Rhyparochrominae | Drymini,"Scolopostethus Fieber, 1860",,8NZ27,2008129,8NZ27,2008129
B1139:3:238,"Tritomacera Costa, 1841","Costa, 1841",,,,,genus,,B1139:3,synonym,B1139:3:237,"Scolopostethus Fieber, 1860",,,,,,,,Rhyparochrominae,Tritomacera,,Rhyparochrominae | Drymini,"Tritomacera Costa, 1841","{""synonymUncertain"":true}",8PRJT,8108231,8NZ27,2008129
B1139:3:239,"Manatanus Distant, 1909","Distant, 1909",,,,,genus,,B1139:3,synonym,B1139:3:237,"Scolopostethus Fieber, 1860",,,,,,,,Rhyparochrominae,Manatanus,,Rhyparochrominae | Drymini,"Manatanus Distant, 1909",,8PQ25,11405492,8NZ27,2008129
B1139:3:240,"Scolopostethus cognatus Fieber, 1861","Fieber, 1861",Scolopostethus,,cognatus,,species,,B1139:3,accepted,,,B1139:3:237,"Scolopostethus Fieber, 1860",,,,,,Rhyparochrominae,Scolopostethus,,Rhyparochrominae | Drymini | Scolopostethus,"cognatus Fieber, 1861",,STRYF,2008133,STRYF,2008133
B1139:3:241,"Tritomacera aphanoides Costa, 1841","Costa, 1841",Tritomacera,,aphanoides,,species,,B1139:3,synonym,B1139:3:240,"Scolopostethus cognatus Fieber, 1861",,,,,,,,Rhyparochrominae,Scolopostethus,,Rhyparochrominae | Drymini | Scolopostethus,"Tritomacera aphanoides Costa, 1841","{""synonymUncertain"":true}",594NV,8265418,STRYF,2008133
B1139:3:242,"Scolopostethus patruelis Horváth, 1892","Horváth, 1892",Scolopostethus,,patruelis,,species,,B1139:3,accepted,,,B1139:3:237,"Scolopostethus Fieber, 1860",,,,,,Rhyparochrominae,Scolopostethus,,Rhyparochrominae | Drymini | Scolopostethus,"patruelis Horváth, 1892",,STS2P,4486567,STS2P,4486567
B1139:3:243,"Scolopostethus thomsoni Reuter, 1874","Reuter, 1874",Scolopostethus,,thomsoni,,species,"nom. nov. pr. decoratus sensu Thomson, nec Hahn",B1139:3,accepted,,,B1139:3:237,"Scolopostethus Fieber, 1860",,,,,,Rhyparochrominae,Scolopostethus,,Rhyparochrominae | Drymini | Scolopostethus,"thomsoni Reuter, 1874 nom. nov. pr. decoratus sensu Thomson, nec Hahn",,VGWFW,2008130,VGWFW,2008130
B1139:3:244,Scolopostethus affinis,,Scolopostethus,,affinis,,species,"sensu J. Sahlberg, 1868 nec Schilling",B1139:3,synonym,B1139:3:243,"Scolopostethus thomsoni Reuter, 1874",,,,,,,,Rhyparochrominae,Scolopostethus,,Rhyparochrominae | Drymini | Scolopostethus,"affinis sensu J. Sahlberg, 1868 nec Schilling",,4VSP7,4486578,4VSP7,4486578
B1139:3:245,Scolopostethus decoratus,,Scolopostethus,,decoratus,,species,"sensu Thomson, 1870 nec Hahn",B1139:3,synonym,B1139:3:243,"Scolopostethus thomsoni Reuter, 1874",,,,,,,,Rhyparochrominae,Scolopostethus,,Rhyparochrominae | Drymini | Scolopostethus,"decoratus sensu Thomson, 1870 nec Hahn",,4VSPJ,4486568,4VSPJ,4486568
B1139:3:246,Scolopostethus adjunctus,,Scolopostethus,,adjunctus,,species,"sensu Horváth, 1875 nec Douglas & Scott",B1139:3,synonym,B1139:3:243,"Scolopostethus thomsoni Reuter, 1874",,,,,,,,Rhyparochrominae,Scolopostethus,,Rhyparochrominae | Drymini | Scolopostethus,"adjunctus sensu Horváth, 1875 nec Douglas & Scott",,8PJWD,8935112,8Q7H8,4486578
B1139:3:247,"Scolopostethus neglectus Edwards, 1889","Edwards, 1889",Scolopostethus,,neglectus,,species,,B1139:3,synonym,B1139:3:243,"Scolopostethus thomsoni Reuter, 1874",,,,,,,,Rhyparochrominae,Scolopostethus,,Rhyparochrominae | Drymini | Scolopostethus,"neglectus Edwards, 1889",,VFC9S,9188695,VGWFW,2008130
B1139:3:248,"Scolopostethus decoratus (Hahn, 1833)","(Hahn, 1833)",Scolopostethus,,decoratus,,species,,B1139:3,accepted,,,B1139:3:237,"Scolopostethus Fieber, 1860",,,,,,Rhyparochrominae,Scolopostethus,,Rhyparochrominae | Drymini | Scolopostethus,"decoratus (Hahn, 1833)",,4VSPJ,4486568,4VSPJ,4486568
B1139:3:249,Lygaeus podagricus,,Lygaeus,,podagricus,,species,"sensu Fallén, 1829 nec Fabricius",B1139:3,synonym,B1139:3:248,"Scolopostethus decoratus (Hahn, 1833)",,,,,,,,Rhyparochrominae,Scolopostethus,,Rhyparochrominae | Drymini | Scolopostethus,"Lygaeus podagricus sensu Fallén, 1829 nec Fabricius",,8PD9Z,9494013,4VSPJ,4486542
B1139:3:250,"Pachymerus decoratus Hahn, 1833","Hahn, 1833",Pachymerus,,decoratus,,species,,B1139:3,synonym,B1139:3:248,"Scolopostethus decoratus (Hahn, 1833)",,,,,,,,Rhyparochrominae,Scolopostethus,,Rhyparochrominae | Drymini | Scolopostethus,"Pachymerus decoratus Hahn, 1833",,4BSYQ,8781055,4VSPJ,4486568
B1139:3:251,Scolopostethus affinis,,Scolopostethus,,affinis,,species,"sensu Fieber, 1861 nec Schilling",B1139:3,synonym,B1139:3:248,"Scolopostethus decoratus (Hahn, 1833)",,,,,,,,Rhyparochrominae,Scolopostethus,,Rhyparochrominae | Drymini | Scolopostethus,"affinis sensu Fieber, 1861 nec Schilling",,4VSP7,4486578,4VSP7,4486578
B1139:3:252,"Scolopostethus melanocerus Thomson, 1870","Thomson, 1870",Scolopostethus,,melanocerus,,species,,B1139:3,synonym,B1139:3:248,"Scolopostethus decoratus (Hahn, 1833)",,,,,,,,Rhyparochrominae,Scolopostethus,,Rhyparochrominae | Drymini | Scolopostethus,"melanocerus Thomson, 1870",,,,,
B1139:3:253,"Scolopostethus brevis Saunders, 1876","Saunders, 1876",Scolopostethus,,brevis,,species,,B1139:3,synonym,B1139:3:248,"Scolopostethus decoratus (Hahn, 1833)",,,,,,,,Rhyparochrominae,Scolopostethus,,Rhyparochrominae | Drymini | Scolopostethus,"brevis Saunders, 1876",,VFXFR,8905051,4VSPJ,4486568
B1139:3:254,"Scolopostethus grandis Horváth, 1880","Horváth, 1880",Scolopostethus,,grandis,,species,,B1139:3,accepted,,,B1139:3:237,"Scolopostethus Fieber, 1860",,,,,,Rhyparochrominae,Scolopostethus,,Rhyparochrominae | Drymini | Scolopostethus,"grandis Horváth, 1880",,VDW3W,4486577,VDW3W,4486577
B1139:3:255,"Scolopostethus punctatus Edwards, 1889","Edwards, 1889",Scolopostethus,,punctatus,,species,,B1139:3,synonym,B1139:3:254,"Scolopostethus grandis Horváth, 1880",,,,,,,,Rhyparochrominae,Scolopostethus,,Rhyparochrominae | Drymini | Scolopostethus,"punctatus Edwards, 1889",,VFSBF,8762031,VDW3W,4486577
B1139:3:256,"Scolopostethus pseudograndis Wagner, 1949","Wagner, 1949",Scolopostethus,,pseudograndis,,species,,B1139:3,synonym,B1139:3:254,"Scolopostethus grandis Horváth, 1880",,,,,,,,Rhyparochrominae,Scolopostethus,,Rhyparochrominae | Drymini | Scolopostethus,"pseudograndis Wagner, 1949",,8PJWT,6096832,VDW3W,4486577
B1139:3:257,"Scolopostethus affinis (Schilling, 1829)","(Schilling, 1829)",Scolopostethus,,affinis,,species,,B1139:3,accepted,,,B1139:3:237,"Scolopostethus Fieber, 1860",,,,,,Rhyparochrominae,Scolopostethus,,Rhyparochrominae | Drymini | Scolopostethus,"affinis (Schilling, 1829)",,4VSP7,4486578,4VSP7,4486578
B1139:3:258,"Pachymerus affinis Schilling, 1829","Schilling, 1829",Pachymerus,,affinis,,species,,B1139:3,synonym,B1139:3:257,"Scolopostethus affinis (Schilling, 1829)",,,,,,,,Rhyparochrominae,Scolopostethus,,Rhyparochrominae | Drymini | Scolopostethus,"Pachymerus affinis Schilling, 1829",,4BSXK,9124832,4VSP7,4486578
B1139:3:259,"Lygaeus podagricus var. b Fallén, 1829","Fallén, 1829",Lygaeus,,podagricus,b,variety,,B1139:3,synonym,B1139:3:257,"Scolopostethus affinis (Schilling, 1829)",,,,,,,,Rhyparochrominae,Scolopostethus,,Rhyparochrominae | Drymini | Scolopostethus,"Lygaeus podagricus var. b Fallén, 1829",,8PD9Y,9494013,4VSP7,4486542
B1139:3:260,"Pachymerus pictus Herrich-Schaeffer in Panzer, 1835","Herrich-Schaeffer in Panzer, 1835",Pachymerus,,pictus,,species,,B1139:3,synonym,B1139:3:257,"Scolopostethus affinis (Schilling, 1829)",,,,,,,,Rhyparochrominae,Scolopostethus,,Rhyparochrominae | Drymini | Scolopostethus,"Pachymerus pictus Herrich-Schaeffer in Panzer, 1835",,8PGDW,11385511,4VSP7,4486575
B1139:3:261,"Scolopostethus adjunctus Douglas & Scott, 1865","Douglas & Scott, 1865",Scolopostethus,,adjunctus,,species,,B1139:3,synonym,B1139:3:257,"Scolopostethus affinis (Schilling, 1829)",,,,,,,,Rhyparochrominae,Scolopostethus,,Rhyparochrominae | Drymini | Scolopostethus,"adjunctus Douglas & Scott, 1865",,4VSP6,8935112,4VSP7,4486578
B1139:3:262,"Scolopostethus pictus (Schilling, 1829)","(Schilling, 1829)",Scolopostethus,,pictus,,species,,B1139:3,accepted,,,B1139:3:237,"Scolopostethus Fieber, 1860",,,,,,Rhyparochrominae,Scolopostethus,,Rhyparochrominae | Drymini | Scolopostethus,"pictus (Schilling, 1829)",,4VSQ8,4486575,4VSQ8,4486575
B1139:3:263,"Lygaeus podagricus Fallén, 1807","Fallén, 1807",Lygaeus,,podagricus,,species,nec Fabricius,B1139:3,synonym,B1139:3:262,"Scolopostethus pictus (Schilling, 1829)",,,,,,,,Rhyparochrominae,Scolopostethus,,Rhyparochrominae | Drymini | Scolopostethus,"Lygaeus podagricus Fallén, 1807 nec Fabricius",,8QP6S,9494013,4VSP7,4486542
B1139:3:264,"Pachymerus pictus Schilling, 1829","Schilling, 1829",Pachymerus,,pictus,,species,,B1139:3,synonym,B1139:3:262,"Scolopostethus pictus (Schilling, 1829)",,,,,,,,Rhyparochrominae,Scolopostethus,,Rhyparochrominae | Drymini | Scolopostethus,"Pachymerus pictus Schilling, 1829",,RG8WS,9173022,4VSQ8,4486578
B1139:3:265,"Scolopostethus pictus f. antennalis Horváth, 1881","Horváth, 1881",Scolopostethus,,pictus,antennalis,form,,B1139:3,synonym,B1139:3:262,"Scolopostethus pictus (Schilling, 1829)",,,,,,,,Rhyparochrominae,Scolopostethus,,Rhyparochrominae | Drymini | Scolopostethus,"pictus f. antennalis Horváth, 1881",,,,,
B1139:3:266,"Scolopostethus pictus f. testacea Roubal, 1958","Roubal, 1958",Scolopostethus,,pictus,testacea,form,,B1139:3,synonym,B1139:3:262,"Scolopostethus pictus (Schilling, 1829)",,,,,,,,Rhyparochrominae,Scolopostethus,,Rhyparochrominae | Drymini | Scolopostethus,"pictus f. testacea Roubal, 1958",,,,,
B1139:3:267,"Scolopostethus puberulus Horváth, 1887","Horváth, 1887",Scolopostethus,,puberulus,,species,,B1139:3,accepted,,,B1139:3:237,"Scolopostethus Fieber, 1860",,,,,,Rhyparochrominae,Scolopostethus,,Rhyparochrominae | Drymini | Scolopostethus,"puberulus Horváth, 1887",,STS3J,4486570,STS3J,4486570
B1139:3:268,Scolopostethus adjunctus,,Scolopostethus,,adjunctus,,species,"sensu Edwards, 1889 nec Douglas & Scott",B1139:3,synonym,B1139:3:267,"Scolopostethus puberulus Horváth, 1887",,,,,,,,Rhyparochrominae,Scolopostethus,,Rhyparochrominae | Drymini | Scolopostethus,"adjunctus sensu Edwards, 1889 nec Douglas & Scott",,8PJWD,8935112,8Q7H8,4486578
B1139:3:269,"Scolopostethus pilosus Reuter, 1874","Reuter, 1874",Scolopostethus,,pilosus,,species,nom. nov. pr. affinis sensu Thomson,B1139:3,accepted,,,B1139:3:237,"Scolopostethus Fieber, 1860",,,,,,Rhyparochrominae,Scolopostethus,,Rhyparochrominae | Drymini | Scolopostethus,"pilosus Reuter, 1874 nom. nov. pr. affinis sensu Thomson",,VF43T,4486572,VF43T,4486572
B1139:3:270,Scolopostethus affinis,,Scolopostethus,,affinis,,species,"sensu Fieber, 1861 nec Schilling, 1829",B1139:3,synonym,B1139:3:269,"Scolopostethus pilosus Reuter, 1874",,,,,,,,Rhyparochrominae,Scolopostethus,,Rhyparochrominae | Drymini | Scolopostethus,"affinis sensu Fieber, 1861 nec Schilling, 1829",,4VSP7,4486578,4VSP7,4486578
B1139:3:271,Lygaeus affinis,,Lygaeus,,affinis,,species,"sensu Thomson, 1870 nec Schilling, 1829",B1139:3,synonym,B1139:3:269,"Scolopostethus pilosus Reuter, 1874",,,,,,,,Rhyparochrominae,Scolopostethus,,Rhyparochrominae | Drymini | Scolopostethus,"Lygaeus affinis sensu Thomson, 1870 nec Schilling, 1829",,3WP47,10664439,4K5RJ,4389128
B1139:3:272,"Scolopostethus pilosus subsp. maderensis Reuter, 1881","Reuter, 1881",Scolopostethus,,pilosus,maderensis,subspecies,,B1139:3,synonym,B1139:3:269,"Scolopostethus pilosus Reuter, 1874",,,,,,,,Rhyparochrominae,Scolopostethus,,Rhyparochrominae | Drymini | Scolopostethus,"pilosus subsp. maderensis Reuter, 1881",,8Q7H8,4486574,8Q7H8,4486574
B1139:3:273,"Scolopostethus lethierryi Jakovlev, 1877","Jakovlev, 1877",Scolopostethus,,lethierryi,,species,,B1139:3,accepted,,,B1139:3:237,"Scolopostethus Fieber, 1860",,,,,,Rhyparochrominae,Scolopostethus,,Rhyparochrominae | Drymini | Scolopostethus,"lethierryi Jakovlev, 1877",,STRZK,4486571,STRZK,4486571
B1139:3:274,"Taphropeltus Stål, 1872","Stål, 1872",,,,,genus,,B1139:3,accepted,,,B1139:3:164,"Drymini Stål, 1872",,,,,,Rhyparochrominae,Taphropeltus,,Rhyparochrominae | Drymini,"Taphropeltus Stål, 1872",,8NZV7,4405310,8NZV7,4405310
B1139:3:275,"Taphropeltus contractus (Herrich-Schaeffer, 1835)","(Herrich-Schaeffer, 1835)",Taphropeltus,,contractus,,species,,B1139:3,accepted,,,B1139:3:274,"Taphropeltus Stål, 1872",,,,,,Rhyparochrominae,Taphropeltus,,Rhyparochrominae | Drymini | Taphropeltus,"contractus (Herrich-Schaeffer, 1835)",,VF5TJ,4486588,VF5TJ,4486588
B1139:3:276,"Pachymerus contractus Herrich-Schaeffer, 1835","Herrich-Schaeffer, 1835",Pachymerus,,contractus,,species,,B1139:3,synonym,B1139:3:275,"Taphropeltus contractus (Herrich-Schaeffer, 1835)",,,,,,,,Rhyparochrominae,Taphropeltus,,Rhyparochrominae | Drymini | Taphropeltus,"Pachymerus contractus Herrich-Schaeffer, 1835",,RG8BM,9053939,VF5TJ,4486588
B1139:3:277,"Taphropeltus hamulatus (Thomson, 1870)","(Thomson, 1870)",Taphropeltus,,hamulatus,,species,,B1139:3,accepted,,,B1139:3:274,"Taphropeltus Stål, 1872",,,,,,Rhyparochrominae,Taphropeltus,,Rhyparochrominae | Drymini | Taphropeltus,"hamulatus (Thomson, 1870)",,54SLJ,4486584,54SLJ,4486584
B1139:3:278,"Lygaeus hamulatus Thomson, 1870","Thomson, 1870",Lygaeus,Drymus,hamulatus,,species,,B1139:3,synonym,B1139:3:277,"Taphropeltus hamulatus (Thomson, 1870)",,,,,,,,Rhyparochrominae,Taphropeltus,Drymus,Rhyparochrominae | Drymini | Taphropeltus,"Lygaeus (Drymus) hamulatus Thomson, 1870",,8Q743,4486585,54SLJ,4486584
B1139:3:279,Taphropeltus contractus,,Taphropeltus,,contractus,,species,"sensu Stål, 1872",B1139:3,synonym,B1139:3:277,"Taphropeltus hamulatus (Thomson, 1870)",,,,,,,,Rhyparochrominae,Taphropeltus,,Rhyparochrominae | Drymini | Taphropeltus,"contractus sensu Stål, 1872",,VF5TJ,4486588,VF5TJ,4486588
B1139:3:280,"Notochilus obscurior Rey, 1888","Rey, 1888",Notochilus,,obscurior,,species,,B1139:3,synonym,B1139:3:277,"Taphropeltus hamulatus (Thomson, 1870)",,,,,,,,Rhyparochrominae,Taphropeltus,,Rhyparochrominae | Drymini | Taphropeltus,"Notochilus obscurior Rey, 1888",,R9R6F,9121467,54SLJ,4486584
B1139:3:281,"Taphropeltus andrei (Puton, 1877)","(Puton, 1877)",Taphropeltus,,andrei,,species,,B1139:3,accepted,,,B1139:3:274,"Taphropeltus Stål, 1872",,,,,,Rhyparochrominae,Taphropeltus,,Rhyparochrominae | Drymini | Taphropeltus,"andrei Puton, 1877",,T9TTR,4486592,T9TTR,4486592
B1139:3:282,"Notochilus andrei Puton, 1877","Puton, 1877",Notochilus,Taphropeltus,andrei,,species,,B1139:3,synonym,B1139:3:281,"Taphropeltus andrei (Puton, 1877)",,,,,,,,Rhyparochrominae,Taphropeltus,Taphropeltus,Rhyparochrominae | Drymini | Taphropeltus,"Notochilus (Taphropeltus) andrei Puton, 1877",,8Q75L,4486593,T9TTR,4486592
B1139:3:283,"Taphropeltus andrei f. gallica Stichel, 1958","Stichel, 1958",Taphropeltus,,andrei,gallica,form,,B1139:3,synonym,B1139:3:281,"Taphropeltus andrei (Puton, 1877)",,,,,,,,Rhyparochrominae,Taphropeltus,,Rhyparochrominae | Drymini | Taphropeltus,"andrei f. gallica Stichel, 1958",,,,,
B1139:3:284,"Taphropeltus nervosus (Fieber, 1861)","(Fieber, 1861)",Taphropeltus,,nervosus,,species,,B1139:3,accepted,,,B1139:3:274,"Taphropeltus Stål, 1872",,,,,,Rhyparochrominae,Taphropeltus,,Rhyparochrominae | Drymini | Taphropeltus,"nervosus (Fieber, 1861)",,T9TWR,4486586,T9TWR,4486586
B1139:3:285,"Scolopostethus nervosus Fieber, 1861","Fieber, 1861",Scolopostethus,,nervosus,,species,,B1139:3,synonym,B1139:3:284,"Taphropeltus nervosus (Fieber, 1861)",,,,,,,,Rhyparochrominae,Taphropeltus,,Rhyparochrominae | Drymini | Taphropeltus,"Scolopostethus nervosus Fieber, 1861",,VFT7J,4486587,T9TWR,4486586
B1139:3:286,"Taphropeltus nervosus f. horvathi Wagner, 1951","Wagner, 1951",Taphropeltus,,nervosus,horvathi,form,,B1139:3,synonym,B1139:3:284,"Taphropeltus nervosus (Fieber, 1861)",,,,,,,,Rhyparochrominae,Taphropeltus,,Rhyparochrominae | Drymini | Taphropeltus,"nervosus f. horvathi Wagner, 1951",,,,,
B1139:3:287,"Taphropeltus intermedius (Puton, 1881)","(Puton, 1881)",Taphropeltus,,intermedius,,species,,B1139:3,accepted,,,B1139:3:274,"Taphropeltus Stål, 1872",,,,,,Rhyparochrominae,Taphropeltus,,Rhyparochrominae | Drymini | Taphropeltus,"intermedius (Puton, 1881)",,,4486590,,4486590
B1139:3:288,"Notochilus nervosus f. intermedia Puton, 1881","Puton, 1881",Notochilus,,nervosus,intermedia,form,,B1139:3,synonym,B1139:3:287,"Taphropeltus intermedius (Puton, 1881)",,,,,,,,Rhyparochrominae,Taphropeltus,,Rhyparochrominae | Drymini | Taphropeltus,"Notochilus nervosus f. intermedia Puton, 1881",,,,,
B1139:3:289,"Taphropeltus ornatus Linnavuori, 1978","Linnavuori, 1978",Taphropeltus,,ornatus,,species,,B1139:3,accepted,,,B1139:3:274,"Taphropeltus Stål, 1872",,,,,,Rhyparochrominae,Taphropeltus,,Rhyparochrominae | Drymini | Taphropeltus,"ornatus Linnavuori, 1978",,T9TX7,8547141,T9TX7,8547141
B1139:3:290,"Thaumastopus Fieber, 1870","Fieber, 1870",,,,,genus,,B1139:3,accepted,,,B1139:3:164,"Drymini Stål, 1872",,,,,,Rhyparochrominae,Thaumastopus,,Rhyparochrominae | Drymini,"Thaumastopus Fieber, 1870",,8P238,6007376,8P238,6007376
B1139:3:291,"Thaumastopus marginicollis (Lucas, 1849)","(Lucas, 1849)",Thaumastopus,,marginicollis,,species,,B1139:3,accepted,,,B1139:3:290,"Thaumastopus Fieber, 1870",,,,,,Rhyparochrominae,Thaumastopus,,Rhyparochrominae | Drymini | Thaumastopus,"marginicollis (Lucas, 1849)",,5653T,7874968,5653T,7874968
B1139:3:292,"Rhyparochromus marginicollis Lucas, 1849","Lucas, 1849",Rhyparochromus,,marginicollis,,species,,B1139:3,synonym,B1139:3:291,"Thaumastopus marginicollis (Lucas, 1849)",,,,,,,,Rhyparochrominae,Thaumastopus,,Rhyparochrominae | Drymini | Thaumastopus,"Rhyparochromus marginicollis Lucas, 1849",,797K9,8903769,5653T,7874968
B1139:3:293,"Scolopostethus longicollis Fieber, 1861","Fieber, 1861",Scolopostethus,,longicollis,,species,,B1139:3,synonym,B1139:3:291,"Thaumastopus marginicollis (Lucas, 1849)",,,,,,,,Rhyparochrominae,Thaumastopus,,Rhyparochrominae | Drymini | Thaumastopus,"Scolopostethus longicollis Fieber, 1861",,8PJWP,9457846,5653T,7874968
B1139:3:294,"Pachymerus taurus Costa, 1862","Costa, 1862",Pachymerus,,taurus,,species,,B1139:3,synonym,B1139:3:291,"Thaumastopus marginicollis (Lucas, 1849)",,,,,,,,Rhyparochrominae,Thaumastopus,,Rhyparochrominae | Drymini | Thaumastopus,"Pachymerus taurus Costa, 1862",,8PGFM,8933552,5653T,7874968
B1139:3:295,"Thaumastopus flavipes Fieber, 1870","Fieber, 1870",Thaumastopus,,flavipes,,species,,B1139:3,synonym,B1139:3:291,"Thaumastopus marginicollis (Lucas, 1849)",,,,,,,,Rhyparochrominae,Thaumastopus,,Rhyparochrominae | Drymini | Thaumastopus,"flavipes Fieber, 1870",,8PKP2,8788956,5653T,7874968
B1139:3:296,"Thaumastopus flavipes f. pallescens Jakovlev, 1876","Jakovlev, 1876",Thaumastopus,,flavipes,pallescens,form,,B1139:3,synonym,B1139:3:291,"Thaumastopus marginicollis (Lucas, 1849)",,,,,,,,Rhyparochrominae,Thaumastopus,,Rhyparochrominae | Drymini | Thaumastopus,"flavipes f. pallescens Jakovlev, 1876",,,,,
B1139:3:297,"Notochilus noviburgensis D'Antessanty, 1888","D'Antessanty, 1888",Notochilus,Thaumastopus,noviburgensis,,species,,B1139:3,synonym,B1139:3:291,"Thaumastopus marginicollis (Lucas, 1849)",,,,,,,,Rhyparochrominae,Thaumastopus,Thaumastopus,Rhyparochrominae | Drymini | Thaumastopus,"Notochilus (Thaumastopus) noviburgensis D'Antessanty, 1888",,8Q979,9531984,5653T,7874968
B1139:3:298,"Thaumastopus cinnamomeus (Horváth, 1884)","(Horváth, 1884)",Thaumastopus,,cinnamomeus,,species,,B1139:3,accepted,,,B1139:3:290,"Thaumastopus Fieber, 1870",,,,,,Rhyparochrominae,Thaumastopus,,Rhyparochrominae | Drymini | Thaumastopus,"cinnamomeus (Horváth, 1884)",,VFCPR,9213721,VFCPR,9213721
B1139:3:299,"Notochilus cinnamomeus Horváth, 1884","Horváth, 1884",Notochilus,Thaumastopus,cinnamomeus,,species,,B1139:3,synonym,B1139:3:298,"Thaumastopus cinnamomeus (Horváth, 1884)",,,,,,,,Rhyparochrominae,Thaumastopus,Thaumastopus,Rhyparochrominae | Drymini | Thaumastopus,"Notochilus (Thaumastopus) cinnamomeus Horváth, 1884",,,8901700,,9213721
B1139:3:300,"Thaumastopus impressicollis (Lucas, 1849)","(Lucas, 1849)",Thaumastopus,,impressicollis,,species,,B1139:3,accepted,,,B1139:3:290,"Thaumastopus Fieber, 1870",,,,,,Rhyparochrominae,Thaumastopus,,Rhyparochrominae | Drymini | Thaumastopus,"impressicollis (Lucas, 1849)",,8QMRZ,11376784,8QMRZ,11376784
B1139:3:301,"Rhyparochromus impressicollis Lucas, 1849","Lucas, 1849",Rhyparochromus,,impressicollis,,species,,B1139:3,synonym,B1139:3:300,"Thaumastopus impressicollis (Lucas, 1849)",,,,,,,,Rhyparochrominae,Thaumastopus,,Rhyparochrominae | Drymini | Thaumastopus,"Rhyparochromus impressicollis Lucas, 1849",,6WVHR,8963072,8QMRZ,11376784
B1139:3:302,"Notochilus gandolphei Puton, 1871","Puton, 1871",Notochilus,,gandolphei,,species,,B1139:3,synonym,B1139:3:300,"Thaumastopus impressicollis (Lucas, 1849)",,,,,,,,Rhyparochrominae,Thaumastopus,,Rhyparochrominae | Drymini | Thaumastopus,"Notochilus gandolphei Puton, 1871",,8PFWJ,9625213,8QMRZ,11376784
B1139:3:303,"Notochilus Fieber, 1864","Fieber, 1864",,,,,genus,,B1139:3,accepted,,,B1139:3:164,"Drymini Stål, 1872",,,,,,Rhyparochrominae,Notochilus,,Rhyparochrominae | Drymini,"Notochilus Fieber, 1864",,8NW3D,4404965,8NW3D,4404965
B1139:3:304,"Ribauticoris Stichel, 1958","Stichel, 1958",,,,,genus,,B1139:3,proparte synonym,B1139:3:303,"Notochilus Fieber, 1864",,,,,,,,Rhyparochrominae,Ribauticoris,,Rhyparochrominae | Drymini,"Ribauticoris Stichel, 1958",,8PR5B,4772222,8NW3D,4404965
B1139:3:305,"Notochilus ferrugineus (Mulsant & Rey, 1852)","(Mulsant & Rey, 1852)",Notochilus,,ferrugineus,,species,,B1139:3,accepted,,,B1139:3:303,"Notochilus Fieber, 1864",,,,,,Rhyparochrominae,Notochilus,,Rhyparochrominae | Drymini | Notochilus,"ferrugineus (Mulsant & Rey, 1852)",,VFJRJ,4486597,VFJRJ,4486597
B1139:3:306,"Pachymerus ferrugineus Mulsant & Rey, 1852","Mulsant & Rey, 1852",Pachymerus,,ferrugineus,,species,,B1139:3,synonym,B1139:3:305,"Notochilus ferrugineus (Mulsant & Rey, 1852)",,,,,,,,Rhyparochrominae,Notochilus,,Rhyparochrominae | Drymini | Notochilus,"Pachymerus ferrugineus Mulsant & Rey, 1852",,VGCZR,11407834,VFJRJ,5758916
B1139:3:307,"Pachymerus mitellatus Costa, 1853","Costa, 1853",Pachymerus,,mitellatus,,species,,B1139:3,synonym,B1139:3:305,"Notochilus ferrugineus (Mulsant & Rey, 1852)",,,,,,,,Rhyparochrominae,Notochilus,,Rhyparochrominae | Drymini | Notochilus,"Pachymerus mitellatus Costa, 1853",,4BSZZ,8756121,VFJRJ,4486597
B1139:3:308,"Scolopostethus rubefactus Garbiglietti, 1869","Garbiglietti, 1869",Scolopostethus,,rubefactus,,species,,B1139:3,synonym,B1139:3:305,"Notochilus ferrugineus (Mulsant & Rey, 1852)",,,,,,,,Rhyparochrominae,Notochilus,,Rhyparochrominae | Drymini | Notochilus,"Scolopostethus rubefactus Garbiglietti, 1869",,8PJWW,9144599,VFJRJ,4486597
B1139:3:309,"Notochilus ferrugineus f. geniculata Gredler, 1870","Gredler, 1870",Notochilus,,ferrugineus,geniculata,form,,B1139:3,synonym,B1139:3:305,"Notochilus ferrugineus (Mulsant & Rey, 1852)",,,,,,,,Rhyparochrominae,Notochilus,,Rhyparochrominae | Drymini | Notochilus,"ferrugineus f. geniculata Gredler, 1870",,,,,
B1139:3:310,"Notochilus damryi Puton, 1871","Puton, 1871",Notochilus,,damryi,,species,,B1139:3,accepted,,,B1139:3:303,"Notochilus Fieber, 1864",,,,,,Rhyparochrominae,Notochilus,,Rhyparochrominae | Drymini | Notochilus,"damryi Puton, 1871",,VGL5H,4486599,VGL5H,4486599
B1139:3:311,"Taphropeltus championi Reuter, 1905","Reuter, 1905",Taphropeltus,,championi,,species,,B1139:3,synonym,B1139:3:310,"Notochilus damryi Puton, 1871",,,,,,,,Rhyparochrominae,Notochilus,,Rhyparochrominae | Drymini | Notochilus,"Taphropeltus championi Reuter, 1905",,VDY7Y,8998516,VGL5H,4486599
B1139:3:312,"Taphropeltus humilis Ribaut, 1929","Ribaut, 1929",Taphropeltus,,humilis,,species,,B1139:3,synonym,B1139:3:310,"Notochilus damryi Puton, 1871",,,,,,,,Rhyparochrominae,Notochilus,,Rhyparochrominae | Drymini | Notochilus,"Taphropeltus humilis Ribaut, 1929",,VGYNJ,9048719,VGL5H,4486599
B1139:3:313,"Notochilus limbatus Fieber, 1870","Fieber, 1870",Notochilus,,limbatus,,species,,B1139:3,accepted,,,B1139:3:303,"Notochilus Fieber, 1864",,,,,,Rhyparochrominae,Notochilus,,Rhyparochrominae | Drymini | Notochilus,"limbatus Fieber, 1870",,8Q75M,4486594,8Q75M,4486594
B1139:3:314,"Notochilus limbatus Lethierry, 1869","Lethierry, 1869",Notochilus,,limbatus,,species,nomen nudum,B1139:3,synonym,B1139:3:313,"Notochilus limbatus Fieber, 1870",,,,,,,,Rhyparochrominae,Notochilus,,Rhyparochrominae | Drymini | Notochilus,"limbatus Lethierry, 1869 nomen nudum",,8Q75M,4486594,8Q75M,4486594
B1139:3:315,"Scolopostethus crassicornis Douglas & Scott, 1871","Douglas & Scott, 1871",Scolopostethus,,crassicornis,,species,,B1139:3,synonym,B1139:3:313,"Notochilus limbatus Fieber, 1870",,,,,,,,Rhyparochrominae,Notochilus,,Rhyparochrominae | Drymini | Notochilus,"Scolopostethus crassicornis Douglas & Scott, 1871",,8PJWL,8838239,8Q75M,4486594
B1139:3:316,"Notochilus crassicornis (Baerensprung, 1858)","(Baerensprung, 1858)",Notochilus,,crassicornis,,species,,B1139:3,accepted,,,B1139:3:303,"Notochilus Fieber, 1864",,,,,,Rhyparochrominae,Notochilus,,Rhyparochrominae | Drymini | Notochilus,"crassicornis (Baerensprung, 1858)",,47VHV,4486595,47VHV,4486595
B1139:3:317,"Pterotmetus crassicornis Baerensprung, 1858","Baerensprung, 1858",Pterotmetus,,crassicornis,,species,,B1139:3,synonym,B1139:3:316,"Notochilus crassicornis (Baerensprung, 1858)",,,,,,,,Rhyparochrominae,Notochilus,,Rhyparochrominae | Drymini | Notochilus,"Pterotmetus crassicornis Baerensprung, 1858",,4Q6RB,4486596,47VHV,4486595
B1139:3:318,Notochilus mitellatus,,Notochilus,,mitellatus,,species,"sensu Puton, 1878 nec Costa, nec Puton in Cat. 1886, 1899",B1139:3,synonym,B1139:3:316,"Notochilus crassicornis (Baerensprung, 1858)",,,,,,,,Rhyparochrominae,Notochilus,,Rhyparochrominae | Drymini | Notochilus,"mitellatus sensu Puton, 1878 nec Costa, nec Puton in Cat. 1886, 1899",,R9R65,12076142,47VHX,4486597
B1139:3:319,"Ischnocoris Fieber, 1860","Fieber, 1860",,,,,genus,,B1139:3,accepted,,,B1139:3:164,"Drymini Stål, 1872",,,,,,Rhyparochrominae,Ischnocoris,,Rhyparochrominae | Drymini,"Ischnocoris Fieber, 1860",,8NSYB,5431381,8NSYB,5431381
B1139:3:320,"Ischnocoris punctulatus Fieber, 1861","Fieber, 1861",Ischnocoris,,punctulatus,,species,,B1139:3,accepted,,,B1139:3:319,"Ischnocoris Fieber, 1860",,,,,,Rhyparochrominae,Ischnocoris,,Rhyparochrominae | Drymini | Ischnocoris,"punctulatus Fieber, 1861",,VF7GT,5758905,VF7GT,5758905
B1139:3:321,"Ischnocoris flavipes Signoret, 1865","Signoret, 1865",Ischnocoris,,flavipes,,species,,B1139:3,accepted,,,B1139:3:319,"Ischnocoris Fieber, 1860",,,,,,Rhyparochrominae,Ischnocoris,,Rhyparochrominae | Drymini | Ischnocoris,"flavipes Signoret, 1865",,8PCGM,5758906,8PCGM,5758906
B1139:3:322,"Ischnocoris mundus (Walker, 1872)","(Walker, 1872)",Ischnocoris,,mundus,,species,,B1139:3,accepted,,,B1139:3:319,"Ischnocoris Fieber, 1860",,,,,,Rhyparochrominae,Ischnocoris,,Rhyparochrominae | Drymini | Ischnocoris,"mundus (Walker, 1872)",,PMVQG,5758899,PMVQG,5758899
B1139:3:323,"Nysius mundus Walker, 1872","Walker, 1872",Nysius,,mundus,,species,,B1139:3,synonym,B1139:3:322,"Ischnocoris mundus (Walker, 1872)",,,,,,,,Rhyparochrominae,Ischnocoris,,Rhyparochrominae | Drymini | Ischnocoris,"Nysius mundus Walker, 1872",,VFQQC,4486559,PMVQG,5758899
B1139:3:324,"Rhyparochromus mundulus Walker, 1872","Walker, 1872",Rhyparochromus,,mundulus,,species,,B1139:3,synonym,B1139:3:322,"Ischnocoris mundus (Walker, 1872)",,,,,,,,Rhyparochrominae,Ischnocoris,,Rhyparochrominae | Drymini | Ischnocoris,"Rhyparochromus mundulus Walker, 1872",,6X7JZ,8912111,PMVQG,5758899
B1139:3:325,"Ischnocoris laticeps Saunders, 1893","Saunders, 1893",Ischnocoris,,laticeps,,species,,B1139:3,synonym,B1139:3:322,"Ischnocoris mundus (Walker, 1872)",,,,,,,,Rhyparochrominae,Ischnocoris,,Rhyparochrominae | Drymini | Ischnocoris,"laticeps Saunders, 1893",,8PCGR,8750947,PMVQG,5758899
B1139:3:326,"Ischnocoris latiusculus Noualhier, 1893","Noualhier, 1893",Ischnocoris,,latiusculus,,species,,B1139:3,synonym,B1139:3:322,"Ischnocoris mundus (Walker, 1872)",,,,,,,,Rhyparochrominae,Ischnocoris,,Rhyparochrominae | Drymini | Ischnocoris,"latiusculus Noualhier, 1893",,8PCGS,9079473,PMVQG,5758899
B1139:3:327,"Ischnocoris bureschi Josifov, 1976","Josifov, 1976",Ischnocoris,,bureschi,,species,,B1139:3,accepted,,,B1139:3:319,"Ischnocoris Fieber, 1860",,,,,,Rhyparochrominae,Ischnocoris,,Rhyparochrominae | Drymini | Ischnocoris,"bureschi Josifov, 1976",,VF9KZ,5758900,VF9KZ,5758900
B1139:3:328,"Ischnocoris hemipterus (Schilling, 1829)","(Schilling, 1829)",Ischnocoris,,hemipterus,,species,,B1139:3,accepted,,,B1139:3:319,"Ischnocoris Fieber, 1860",,,,,,Rhyparochrominae,Ischnocoris,,Rhyparochrominae | Drymini | Ischnocoris,"hemipterus (Schilling, 1829)",,6MY5X,5758901,6MY5X,5758901
B1139:3:329,"Pachymerus hemipterus Schilling, 1829","Schilling, 1829",Pachymerus,,hemipterus,,species,,B1139:3,synonym,B1139:3:328,"Ischnocoris hemipterus (Schilling, 1829)",,,,,,,,Rhyparochrominae,Ischnocoris,,Rhyparochrominae | Drymini | Ischnocoris,"Pachymerus hemipterus Schilling, 1829",,VFMCK,11001983,6MY5X,4486654
B1139:3:330,Pachymerus staphiliniformis,,Pachymerus,,staphiliniformis,,species,"sensu Hahn, 1832 nec Schilling",B1139:3,synonym,B1139:3:328,"Ischnocoris hemipterus (Schilling, 1829)",,,,,,,,Rhyparochrominae,Ischnocoris,,Rhyparochrominae | Drymini | Ischnocoris,"Pachymerus staphiliniformis sensu Hahn, 1832 nec Schilling",,8PGFH,8841007,VF3YY,4486654
B1139:3:331,"Pachymerus pallidipennis Herrich-Schaeffer, 1850","Herrich-Schaeffer, 1850",Pachymerus,,pallidipennis,,species,,B1139:3,synonym,B1139:3:328,"Ischnocoris hemipterus (Schilling, 1829)",,,,,,,,Rhyparochrominae,Ischnocoris,,Rhyparochrominae | Drymini | Ischnocoris,"Pachymerus pallidipennis Herrich-Schaeffer, 1850",,VFQV9,9062639,6MY5X,5758901
B1139:3:332,"Ischnocoris sinuaticollis Reuter, 1880","Reuter, 1880",Ischnocoris,,sinuaticollis,,species,,B1139:3,synonym,B1139:3:328,"Ischnocoris hemipterus (Schilling, 1829)",,,,,,,,Rhyparochrominae,Ischnocoris,,Rhyparochrominae | Drymini | Ischnocoris,"sinuaticollis Reuter, 1880",,VG3KK,8984997,6MY5X,5758901
B1139:3:333,"Ischnocoris angustulus (Boheman, 1852)","(Boheman, 1852)",Ischnocoris,,angustulus,,species,,B1139:3,accepted,,,B1139:3:319,"Ischnocoris Fieber, 1860",,,,,,Rhyparochrominae,Ischnocoris,,Rhyparochrominae | Drymini | Ischnocoris,"angustulus (Boheman, 1852)",,VG64K,5758903,VG64K,5758903
B1139:3:334,"Pachymerus angustulus Boheman, 1852","Boheman, 1852",Pachymerus,,angustulus,,species,,B1139:3,synonym,B1139:3:333,"Ischnocoris angustulus (Boheman, 1852)",,,,,,,,Rhyparochrominae,Ischnocoris,,Rhyparochrominae | Drymini | Ischnocoris,"Pachymerus angustulus Boheman, 1852",,RG84D,9185024,VG64K,5758903
B1139:3:335,"Pachymerus oculatus Flor, 1860","Flor, 1860",Pachymerus,,oculatus,,species,praeocc.,B1139:3,synonym,B1139:3:333,"Ischnocoris angustulus (Boheman, 1852)",,,,,,,,Rhyparochrominae,Ischnocoris,,Rhyparochrominae | Drymini | Ischnocoris,"Pachymerus oculatus Flor, 1860 praeocc.",,8PGDS,10439277,VG64K,5758903
B1139:3:336,Pterotmetus hemipterus,,Pterotmetus,,hemipterus,,species,"sensu Stål, 1862 nec Schilling, 1829",B1139:3,synonym,B1139:3:333,"Ischnocoris angustulus (Boheman, 1852)",,,,,,,,Rhyparochrominae,Ischnocoris,,Rhyparochrominae | Drymini | Ischnocoris,"Pterotmetus hemipterus sensu Stål, 1862 nec Schilling, 1829",,4Q6RD,9599252,6MY5X,5758903
B1139:3:337,Ischnocoris pallidipennis,,Ischnocoris,,pallidipennis,,species,"sensu Fieber, 1863 nec Herrich-Schaeffer, 1850",B1139:3,synonym,B1139:3:333,"Ischnocoris angustulus (Boheman, 1852)",,,,,,,,Rhyparochrominae,Ischnocoris,,Rhyparochrominae | Drymini | Ischnocoris,"pallidipennis sensu Fieber, 1863 nec Herrich-Schaeffer, 1850",,8QMJR,11380635,6MY5X,5758903
B1139:3:338,"Ischnocoris intermedius Horváth, 1880","Horváth, 1880",Ischnocoris,,intermedius,,species,,B1139:3,synonym,B1139:3:333,"Ischnocoris angustulus (Boheman, 1852)",,,,,,,,Rhyparochrominae,Ischnocoris,,Rhyparochrominae | Drymini | Ischnocoris,"intermedius Horváth, 1880",,8PCGQ,8768626,VG64K,5758903
B1139:3:339,"Ischnocoris hemipterus f. nigricans Puton, 1871","Puton, 1871",Ischnocoris,,hemipterus,nigricans,form,,B1139:3,synonym,B1139:3:333,"Ischnocoris angustulus (Boheman, 1852)",,,,,,,,Rhyparochrominae,Ischnocoris,,Rhyparochrominae | Drymini | Ischnocoris,"hemipterus f. nigricans Puton, 1871",,,,,
B1139:3:340,"Gastrodes Westwood, 1840","Westwood, 1840",,,,,genus,,B1139:3,accepted,,,B1139:3:164,"Drymini Stål, 1872",,,,,,Rhyparochrominae,Gastrodes,,Rhyparochrominae | Drymini,"Gastrodes Westwood, 1840",,8NPTB,2008186,8NPTB,2008186
B1139:3:341,"Platygaster Schilling, 1829","Schilling, 1829",,,,,genus,praeocc.,B1139:3,synonym,B1139:3:340,"Gastrodes Westwood, 1840",,,,,,,,Rhyparochrominae,Platygaster,,Rhyparochrominae | Drymini,"Platygaster Schilling, 1829 praeocc.",,8NX73,6007387,8NPTB,2008186
B1139:3:342,"Oimoctes Gistl, 1848","Gistl, 1848",,,,,genus,nom. nov. pr. Platygaster,B1139:3,synonym,B1139:3:340,"Gastrodes Westwood, 1840",,,,,,,,Rhyparochrominae,Oimoctes,,Rhyparochrominae | Drymini,"Oimoctes Gistl, 1848 nom. nov. pr. Platygaster",,VG3Q3,4780418,8NPTB,2008186
B1139:3:343,"Ancylopus Flor, 1860","Flor, 1860",,,,,genus,nom. nov. pr. Platygaster,B1139:3,synonym,B1139:3:340,"Gastrodes Westwood, 1840",,,,,,,,Rhyparochrominae,Ancylopus,,Rhyparochrominae | Drymini,"Ancylopus Flor, 1860 nom. nov. pr. Platygaster",,LP4TJ,6007274,8NPTB,2008186
B1139:3:344,"Homalodema Fieber, 1860","Fieber, 1860",,,,,genus,nom. nov. pr. Platygaster,B1139:3,synonym,B1139:3:340,"Gastrodes Westwood, 1840",,,,,,,,Rhyparochrominae,Homalodema,,Rhyparochrominae | Drymini,"Homalodema Fieber, 1860 nom. nov. pr. Platygaster",,8PPQT,4772025,8NPTB,2008186
B1139:3:345,"Gastrodes abietum Bergroth, 1914","Bergroth, 1914",Gastrodes,,abietum,,species,nom. nov. pr. abietis auct. nec Linnaeus,B1139:3,accepted,,,B1139:3:340,"Gastrodes Westwood, 1840",,,,,,Rhyparochrominae,Gastrodes,,Rhyparochrominae | Drymini | Gastrodes,"abietum Bergroth, 1914 nom. nov. pr. abietis auct. nec Linnaeus",,8P7YX,5152536,8P7YX,5152536
B1139:3:346,"Cimex abietis Scopoli, 1763","Scopoli, 1763",Cimex,,abietis,,species,"nec Linnaeus, 1758",B1139:3,synonym,B1139:3:345,"Gastrodes abietum Bergroth, 1914",,,,,,,,Rhyparochrominae,Gastrodes,,Rhyparochrominae | Drymini | Gastrodes,"Cimex abietis Scopoli, 1763 nec Linnaeus, 1758","{""synonymUncertain"":true}",8Q6SB,11380685,8P7YX,5152536
B1139:3:347,"Platygaster ferruginea Baerensprung, 1860","Baerensprung, 1860",Platygaster,,ferruginea,,species,,B1139:3,synonym,B1139:3:345,"Gastrodes abietum Bergroth, 1914",,,,,,,,Rhyparochrominae,Gastrodes,,Rhyparochrominae | Drymini | Gastrodes,"Platygaster ferruginea Baerensprung, 1860","{""synonymUncertain"":true}",8QLWM,11392211,8Q93K,9012488
B1139:3:348,"Gastrodes grossipes (Degeer, 1773)","(Degeer, 1773)",Gastrodes,,grossipes,,species,,B1139:3,accepted,,,B1139:3:340,"Gastrodes Westwood, 1840",,,,,,Rhyparochrominae,Gastrodes,,Rhyparochrominae | Drymini | Gastrodes,"grossipes (Degeer, 1773)",,3FDG6,11048070,CFT6L,11048070
B1139:3:349,"Cimex ferrugineus Linnaeus, 1767","Linnaeus, 1767",Cimex,,ferrugineus,,species,nex Scopoli praeocc.,B1139:3,synonym,B1139:3:348,"Gastrodes grossipes (Degeer, 1773)",,,,,,,,Rhyparochrominae,Gastrodes,,Rhyparochrominae | Drymini | Gastrodes,"Cimex ferrugineus Linnaeus, 1767 nex Scopoli praeocc.",,8P847,8776367,CFT6M,5758916
B1139:3:350,"Cimex grossipes Degeer, 1773","Degeer, 1773",Cimex,,grossipes,,species,nom. nov.,B1139:3,synonym,B1139:3:348,"Gastrodes grossipes (Degeer, 1773)",,,,,,,,Rhyparochrominae,Gastrodes,,Rhyparochrominae | Drymini | Gastrodes,"Cimex grossipes Degeer, 1773 nom. nov.",,VC89,7856612,4HJ5P,11048070
B1139:3:351,"Cimex abietis Retzius, 1783","Retzius, 1783",Cimex,,abietis,,species,nec Linnaeus,B1139:3,synonym,B1139:3:348,"Gastrodes grossipes (Degeer, 1773)",,,,,,,,Rhyparochrominae,Gastrodes,,Rhyparochrominae | Drymini | Gastrodes,"Cimex abietis Retzius, 1783 nec Linnaeus",,8Q6S8,12144622,CFT6M,2008145
B1139:3:352,"Platygaster japonicus Stål, 1874","Stål, 1874",Platygaster,,japonicus,,species,,B1139:3,synonym,B1139:3:348,"Gastrodes grossipes (Degeer, 1773)",,,,,,,,Rhyparochrominae,Gastrodes,,Rhyparochrominae | Drymini | Gastrodes,"Platygaster japonicus Stål, 1874",,8PHQK,9373894,8Q93K,9012488
B1139:3:353,"Gastrodes grossipes f. funebris Gravestein, 1945","Gravestein, 1945",Gastrodes,,grossipes,funebris,form,,B1139:3,synonym,B1139:3:348,"Gastrodes grossipes (Degeer, 1773)",,,,,,,,Rhyparochrominae,Gastrodes,,Rhyparochrominae | Drymini | Gastrodes,"grossipes f. funebris Gravestein, 1945",,,,,
B1139:3:354,"Orsillodes Puton, 1884","Puton, 1884",,,,,genus,,B1139:3,accepted,,,B1139:3:164,"Drymini Stål, 1872",,,,,,Rhyparochrominae,Orsillodes,,Rhyparochrominae | Drymini,"Orsillodes Puton, 1884",,8P45Z,4778995,8P45Z,4778995
B1139:3:355,"Orsillodes longirostris (Puton, 1884)","(Puton, 1884)",Orsillodes,,longirostris,,species,,B1139:3,accepted,,,B1139:3:354,"Orsillodes Puton, 1884",,,,,,Rhyparochrominae,Orsillodes,,Rhyparochrominae | Drymini | Orsillodes,"longirostris (Puton, 1884)",,8QLZC,11378376,8QLZC,11378376
B1139:3:356,"Orsillus longirostris Puton, 1884","Puton, 1884",Orsillus,Orsillodes,longirostris,,species,,B1139:3,synonym,B1139:3:355,"Orsillodes longirostris (Puton, 1884)",,,,,,,,Rhyparochrominae,Orsillodes,Orsillodes,Rhyparochrominae | Drymini | Orsillodes,"Orsillus (Orsillodes) longirostris Puton, 1884",,6SXF2,8737557,6T9F2,4486385
B1139:3:357,"Antillocorini Ashlock, 1964","Ashlock, 1964",,,,,tribe,,B1139:3,accepted,,,B1139:3:1,"Rhyparochrominae Amyot & Serville, 1843",,,,,,Rhyparochrominae,,,Rhyparochrominae,"Antillocorini Ashlock, 1964",,VG72Y,,VG72Y,
B1139:3:358,"Tropistethus Fieber, 1860","Fieber, 1860",,,,,genus,,B1139:3,accepted,,,B1139:3:357,"Antillocorini Ashlock, 1964",,,,,,Rhyparochrominae,Tropistethus,,Rhyparochrominae | Antillocorini,"Tropistethus Fieber, 1860",,8P2G5,4407167,8P2G5,4407167
B1139:3:359,"Tropistethus holosericus (H. Scholz, 1846)","(H. Scholz, 1846)",Tropistethus,,holosericus,,species,,B1139:3,accepted,,,B1139:3:358,"Tropistethus Fieber, 1860",,,,,,Rhyparochrominae,Tropistethus,,Rhyparochrominae | Antillocorini | Tropistethus,"holosericus (H. Scholz, 1846)",,59CZZ,4486717,59CZZ,4486717
B1139:3:360,"Pachymerus sabuleti Hahn, 1834","Hahn, 1834",Pachymerus,,sabuleti,,species,"nec Fallén, 1826",B1139:3,synonym,B1139:3:359,"Tropistethus holosericus (H. Scholz, 1846)",,,,,,,,Rhyparochrominae,Tropistethus,,Rhyparochrominae | Antillocorini | Tropistethus,"Pachymerus sabuleti Hahn, 1834 nec Fallén, 1826",,8PGF9,9317152,4BQ5T,2007917
B1139:3:361,"Pachymerus holosericus H. Scholz, 1846","H. Scholz, 1846",Pachymerus,,holosericus,,species,,B1139:3,synonym,B1139:3:359,"Tropistethus holosericus (H. Scholz, 1846)",,,,,,,,Rhyparochrominae,Tropistethus,,Rhyparochrominae | Antillocorini | Tropistethus,"Pachymerus holosericus H. Scholz, 1846",,4BSZG,8995591,59CZZ,4486717
B1139:3:362,"Pachymerus spinigerellus Boheman, 1852","Boheman, 1852",Pachymerus,,spinigerellus,,species,,B1139:3,synonym,B1139:3:359,"Tropistethus holosericus (H. Scholz, 1846)",,,,,,,,Rhyparochrominae,Tropistethus,,Rhyparochrominae | Antillocorini | Tropistethus,"Pachymerus spinigerellus Boheman, 1852",,8PGFF,9079395,59CZZ,4486717
B1139:3:363,"Tropistethus ochropterus Fieber, 1861","Fieber, 1861",Tropistethus,,ochropterus,,species,,B1139:3,synonym,B1139:3:359,"Tropistethus holosericus (H. Scholz, 1846)",,,,,,,,Rhyparochrominae,Tropistethus,,Rhyparochrominae | Antillocorini | Tropistethus,"ochropterus Fieber, 1861",,8PL3V,8735995,59CZZ,4486717
B1139:3:364,"Tropistethus holosericeus subsp. in Fieber, 1861","Fieber, 1861",Tropistethus,,holosericeus,in,subspecies,émend. injustifiée,B1139:3,synonym,B1139:3:359,"Tropistethus holosericus (H. Scholz, 1846)",,,,,,,,Rhyparochrominae,Tropistethus,,Rhyparochrominae | Antillocorini | Tropistethus,"holosericeus in Fieber, 1861 émend. injustifiée",,8PWYL,8438198,59CZZ,4486717
B1139:3:365,"Scolopostethus obscurus Garbiglietti, 1869","Garbiglietti, 1869",Scolopostethus,,obscurus,,species,,B1139:3,synonym,B1139:3:359,"Tropistethus holosericus (H. Scholz, 1846)",,,,,,,,Rhyparochrominae,Tropistethus,,Rhyparochrominae | Antillocorini | Tropistethus,"Scolopostethus obscurus Garbiglietti, 1869",,8PJWR,8968668,59CZZ,4486717
B1139:3:366,"Tropistethus subfasciatus Ferrari, 1874","Ferrari, 1874",Tropistethus,,subfasciatus,,species,,B1139:3,accepted,,,B1139:3:358,"Tropistethus Fieber, 1860",,,,,,Rhyparochrominae,Tropistethus,,Rhyparochrominae | Antillocorini | Tropistethus,"subfasciatus Ferrari, 1874",,8Q7FR,4486721,8Q7FR,4486721
B1139:3:367,"Tropistethus holosericeus f. subfasciata Ferrari, 1874","Ferrari, 1874",Tropistethus,,holosericeus,subfasciata,form,,B1139:3,synonym,B1139:3:366,"Tropistethus subfasciatus Ferrari, 1874",,,,,,,,Rhyparochrominae,Tropistethus,,Rhyparochrominae | Antillocorini | Tropistethus,"holosericeus f. subfasciata Ferrari, 1874",,TSJYJ,,8Q7FR,
B1139:3:368,"Tropistethus holosericeus f. albidipennis Horváth, 1888","Horváth, 1888",Tropistethus,,holosericeus,albidipennis,form,,B1139:3,synonym,B1139:3:366,"Tropistethus subfasciatus Ferrari, 1874",,,,,,,,Rhyparochrominae,Tropistethus,,Rhyparochrominae | Antillocorini | Tropistethus,"holosericeus f. albidipennis Horváth, 1888",,,,,
B1139:3:369,"Tropistethus lanternae Linnavuori, 1960","Linnavuori, 1960",Tropistethus,,lanternae,,species,,B1139:3,accepted,,,B1139:3:358,"Tropistethus Fieber, 1860",,,,,,Rhyparochrominae,Tropistethus,,Rhyparochrominae | Antillocorini | Tropistethus,"lanternae Linnavuori, 1960",,TTDSK,4486722,TTDSK,4486722
B1139:3:370,"Tropistethus multilobatus Péricart, 1994","Péricart, 1994",Tropistethus,,multilobatus,,species,,B1139:3,accepted,,,B1139:3:358,"Tropistethus Fieber, 1860",,,,,,Rhyparochrominae,Tropistethus,,Rhyparochrominae | Antillocorini | Tropistethus,"multilobatus Péricart, 1994",,VFQ8D,8877489,VFQ8D,8877489
B1139:3:371,"Tropistethus seminitens Puton, 1889","Puton, 1889",Tropistethus,,seminitens,,species,,B1139:3,accepted,,,B1139:3:358,"Tropistethus Fieber, 1860",,,,,,Rhyparochrominae,Tropistethus,,Rhyparochrominae | Antillocorini | Tropistethus,"seminitens Puton, 1889",,VGR8L,4486716,VGR8L,4486716
B1139:3:372,"Rhyparochromus concinnulus Walker, 1872","Walker, 1872",Rhyparochromus,,concinnulus,,species,,B1139:3,synonym,B1139:3:371,"Tropistethus seminitens Puton, 1889",,,,,,,,Rhyparochrominae,Tropistethus,,Rhyparochrominae | Antillocorini | Tropistethus,"Rhyparochromus concinnulus Walker, 1872",,VGJCM,8822405,VGR8L,4486716
B1139:3:373,"Tropistethus canariensis Noualhier, 1893","Noualhier, 1893",Tropistethus,,canariensis,,species,,B1139:3,synonym,B1139:3:371,"Tropistethus seminitens Puton, 1889",,,,,,,,Rhyparochrominae,Tropistethus,,Rhyparochrominae | Antillocorini | Tropistethus,"canariensis Noualhier, 1893",,7CWQZ,8984920,VGR8L,4486716
B1139:3:374,"Tropistethus nitidicollis Puton, 1887","Puton, 1887",Tropistethus,,nitidicollis,,species,,B1139:3,accepted,,,B1139:3:358,"Tropistethus Fieber, 1860",,,,,,Rhyparochrominae,Tropistethus,,Rhyparochrominae | Antillocorini | Tropistethus,"nitidicollis Puton, 1887",,VGYKM,8783706,VGYKM,8783706
B1139:3:375,"Tropistethus fasciatus Ferrari, 1874","Ferrari, 1874",Tropistethus,,fasciatus,,species,,B1139:3,accepted,,,B1139:3:358,"Tropistethus Fieber, 1860",,,,,,Rhyparochrominae,Tropistethus,,Rhyparochrominae | Antillocorini | Tropistethus,"fasciatus Ferrari, 1874",,59CZW,4486720,59CZW,4486720
B1139:3:376,"Tropistethus holosericeus f. fasciata Ferrari, 1874","Ferrari, 1874",Tropistethus,,holosericeus,fasciata,form,,B1139:3,synonym,B1139:3:375,"Tropistethus fasciatus Ferrari, 1874",,,,,,,,Rhyparochrominae,Tropistethus,,Rhyparochrominae | Antillocorini | Tropistethus,"holosericeus f. fasciata Ferrari, 1874",,TSJYB,,59CZW,
B1139:3:377,"Tropistethus sabuleti subsp. majusculus Horváth, 1882","Horváth, 1882",Tropistethus,,sabuleti,majusculus,subspecies,,B1139:3,synonym,B1139:3:375,"Tropistethus fasciatus Ferrari, 1874",,,,,,,,Rhyparochrominae,Tropistethus,,Rhyparochrominae | Antillocorini | Tropistethus,"sabuleti subsp. majusculus Horváth, 1882",,,,,
B1139:3:378,"Tropistethus gentilis Horváth, 1888","Horváth, 1888",Tropistethus,,gentilis,,species,,B1139:3,synonym,B1139:3:375,"Tropistethus fasciatus Ferrari, 1874",,,,,,,,Rhyparochrominae,Tropistethus,,Rhyparochrominae | Antillocorini | Tropistethus,"gentilis Horváth, 1888",,,9020541,,4486720
B1139:3:379,"Tropistethus pallipes Reuter, 1902","Reuter, 1902",Tropistethus,,pallipes,,species,,B1139:3,accepted,,,B1139:3:358,"Tropistethus Fieber, 1860",,,,,,Rhyparochrominae,Tropistethus,,Rhyparochrominae | Antillocorini | Tropistethus,"pallipes Reuter, 1902",,VGZHJ,4486719,VGZHJ,4486719
B1139:3:380,"Homoscelis Horváth, 1884","Horváth, 1884",,,,,genus,,B1139:3,accepted,,,B1139:3:357,"Antillocorini Ashlock, 1964",,,,,,Rhyparochrominae,Homoscelis,,Rhyparochrominae | Antillocorini,"Homoscelis Horváth, 1884",,8NSMJ,4407561,8NSMJ,4407561
B1139:3:381,"Homoscelis ruficollis Horváth, 1884","Horváth, 1884",Homoscelis,,ruficollis,,species,,B1139:3,accepted,,,B1139:3:380,"Homoscelis Horváth, 1884",,,,,,Rhyparochrominae,Homoscelis,,Rhyparochrominae | Antillocorini | Homoscelis,"ruficollis Horváth, 1884",,VFBQH,4486715,VFBQH,4486715
B1139:3:382,"Lethaeini Stål, 1872","Stål, 1872",,,,,tribe,,B1139:3,accepted,,,B1139:3:1,"Rhyparochrominae Amyot & Serville, 1843",,,,,,Rhyparochrominae,,,Rhyparochrominae,"Lethaeini Stål, 1872",,8NL82,,8NL82,
B1139:3:383,"Lipostemmatina Berg, 1879","Berg, 1879",,,,,tribe,,B1139:3,synonym,B1139:3:382,"Lethaeini Stål, 1872",,,,,,,,Rhyparochrominae,,,Rhyparochrominae,"Lipostemmatina Berg, 1879",,,,,
B1139:3:384,"Drymoidea Breddin, 1907","Breddin, 1907",,,,,tribe,,B1139:3,synonym,B1139:3:382,"Lethaeini Stål, 1872",,,,,,,,Rhyparochrominae,,,Rhyparochrominae,"Drymoidea Breddin, 1907",,CFSVY,,8NL78,
B1139:3:385,"Camptocerini Wagner, 1961","Wagner, 1961",,,,,tribe,,B1139:3,synonym,B1139:3:382,"Lethaeini Stål, 1872",,,,,,,,Rhyparochrominae,,,Rhyparochrominae,"Camptocerini Wagner, 1961",,8QMYZ,,8NL82,
B1139:3:386,"Lethaeus Dallas, 1852","Dallas, 1852",,,,,genus,,B1139:3,accepted,,,B1139:3:382,"Lethaeini Stål, 1872",,,,,,Rhyparochrominae,Lethaeus,,Rhyparochrominae | Lethaeini,"Lethaeus Dallas, 1852",,8NTJ3,4408132,8NTJ3,4408132
B1139:3:387,"Mimicus Douglas & Scott, 1868","Douglas & Scott, 1868",,,,,genus,,B1139:3,synonym,B1139:3:386,"Lethaeus Dallas, 1852",,,,,,,,Rhyparochrominae,Mimicus,,Rhyparochrominae | Lethaeini,"Mimicus Douglas & Scott, 1868",,8PQ67,4774752,8NTJ3,4408132
B1139:3:388,"Coptoneurus Puton, 1869","Puton, 1869",,,,,genus,,B1139:3,synonym,B1139:3:386,"Lethaeus Dallas, 1852",,,,,,,,Rhyparochrominae,Coptoneurus,,Rhyparochrominae | Lethaeini,"Coptoneurus Puton, 1869",,8PNYW,4780969,8NTJ3,4408132
B1139:3:389,"Orbellis Distant, 1913","Distant, 1913",,,,,genus,,B1139:3,synonym,B1139:3:386,"Lethaeus Dallas, 1852",,,,,,,,Rhyparochrominae,Orbellis,,Rhyparochrominae | Lethaeini,"Orbellis Distant, 1913",,8NWCD,4771330,8NWCD,4771330
B1139:3:390,"Lethaeus picipes (Herrich-Schaeffer, 1850)","(Herrich-Schaeffer, 1850)",Lethaeus,,picipes,,species,,B1139:3,accepted,,,B1139:3:386,"Lethaeus Dallas, 1852",,,,,,Rhyparochrominae,Lethaeus,,Rhyparochrominae | Lethaeini | Lethaeus,"picipes (Herrich-Schaeffer, 1850)",,PTYKD,4486605,PTYKD,4486605
B1139:3:391,"Pachymerus picipes Herrich-Schaeffer, 1850","Herrich-Schaeffer, 1850",Pachymerus,,picipes,,species,,B1139:3,synonym,B1139:3:390,"Lethaeus picipes (Herrich-Schaeffer, 1850)",,,,,,,,Rhyparochrominae,Lethaeus,,Rhyparochrominae | Lethaeini | Lethaeus,"Pachymerus picipes Herrich-Schaeffer, 1850",,VF6S4,8890447,PTYKD,4486605
B1139:3:392,"Lethaeus cribratissimus (Stål, 1858)","(Stål, 1858)",Lethaeus,,cribratissimus,,species,,B1139:3,accepted,,,B1139:3:386,"Lethaeus Dallas, 1852",,,,,,Rhyparochrominae,Lethaeus,,Rhyparochrominae | Lethaeini | Lethaeus,"cribratissimus (Stål, 1858)",,VFLSK,9134188,VFLSK,9134188
B1139:3:393,"Rhyparochromus cribratissimus Stål, 1858","Stål, 1858",Rhyparochromus,,cribratissimus,,species,,B1139:3,synonym,B1139:3:392,"Lethaeus cribratissimus (Stål, 1858)",,,,,,,,Rhyparochrominae,Lethaeus,,Rhyparochrominae | Lethaeini | Lethaeus,"Rhyparochromus cribratissimus Stål, 1858",,VFJCZ,6873719,VFLSK,9134188
B1139:3:394,"Lethaeus niger Fieber, 1861","Fieber, 1861",Lethaeus,,niger,,species,,B1139:3,synonym,B1139:3:392,"Lethaeus cribratissimus (Stål, 1858)",,,,,,,,Rhyparochrominae,Lethaeus,,Rhyparochrominae | Lethaeini | Lethaeus,"niger Fieber, 1861",,722XB,9163501,VFLSK,9134188
B1139:3:395,"Lethaeus dalmatinus Horváth, 1881","Horváth, 1881",Lethaeus,,dalmatinus,,species,,B1139:3,synonym,B1139:3:392,"Lethaeus cribratissimus (Stål, 1858)",,,,,,,,Rhyparochrominae,Lethaeus,,Rhyparochrominae | Lethaeini | Lethaeus,"dalmatinus Horváth, 1881",,VDZ89,8888999,VFLSK,9134188
B1139:3:396,"Lethaeus syriacus Horváth, 1883","Horváth, 1883",Lethaeus,,syriacus,,species,,B1139:3,synonym,B1139:3:392,"Lethaeus cribratissimus (Stål, 1858)",,,,,,,,Rhyparochrominae,Lethaeus,,Rhyparochrominae | Lethaeini | Lethaeus,"syriacus Horváth, 1883",,VFKG7,8916434,VFLSK,9134188
B1139:3:397,"Lethaeus fulvovarius Puton, 1884","Puton, 1884",Lethaeus,,fulvovarius,,species,,B1139:3,accepted,,,B1139:3:386,"Lethaeus Dallas, 1852",,,,,,Rhyparochrominae,Lethaeus,,Rhyparochrominae | Lethaeini | Lethaeus,"fulvovarius Puton, 1884",,PTYDZ,4486607,PTYDZ,4486607
B1139:3:398,"Lethaeus foreli Horváth, 1895","Horváth, 1895",Lethaeus,,foreli,,species,,B1139:3,accepted,,,B1139:3:386,"Lethaeus Dallas, 1852",,,,,,Rhyparochrominae,Lethaeus,,Rhyparochrominae | Lethaeini | Lethaeus,"foreli Horváth, 1895",,VFV96,8719985,VFV96,8719985
B1139:3:399,"Lethaeus lethierryi (Puton, 1869)","(Puton, 1869)",Lethaeus,,lethierryi,,species,,B1139:3,accepted,,,B1139:3:386,"Lethaeus Dallas, 1852",,,,,,Rhyparochrominae,Lethaeus,,Rhyparochrominae | Lethaeini | Lethaeus,"lethierryi (Puton, 1869)",,6PQXD,4486612,6PQXD,4486612
B1139:3:400,"Coptoneurus lethierryi Puton, 1869","Puton, 1869",Coptoneurus,,lethierryi,,species,,B1139:3,synonym,B1139:3:399,"Lethaeus lethierryi (Puton, 1869)",,,,,,,,Rhyparochrominae,Lethaeus,,Rhyparochrominae | Lethaeini | Lethaeus,"Coptoneurus lethierryi Puton, 1869",,Y7YW,4486613,6PQXD,4486612
B1139:3:401,"Lethaeus lethierryi f. canariensis Noualhier, 1893","Noualhier, 1893",Lethaeus,,lethierryi,canariensis,form,,B1139:3,synonym,B1139:3:399,"Lethaeus lethierryi (Puton, 1869)",,,,,,,,Rhyparochrominae,Lethaeus,,Rhyparochrominae | Lethaeini | Lethaeus,"lethierryi f. canariensis Noualhier, 1893",,,,,
B1139:3:402,Lethaeus kocheri Vidal,Vidal,Lethaeus,,kocheri,,species,,B1139:3,synonym,B1139:3:399,"Lethaeus lethierryi (Puton, 1869)",,,,,,,,Rhyparochrominae,Lethaeus,,Rhyparochrominae | Lethaeini | Lethaeus,kocheri Vidal,,,,,
B1139:3:403,"Lethaeus nitidus (Douglas & Scott, 1868)","(Douglas & Scott, 1868)",Lethaeus,,nitidus,,species,,B1139:3,accepted,,,B1139:3:386,"Lethaeus Dallas, 1852",,,,,,Rhyparochrominae,Lethaeus,,Rhyparochrominae | Lethaeini | Lethaeus,"nitidus (Douglas & Scott, 1868)",,VGZZ4,4486608,VGZZ4,4486608
B1139:3:404,"Mimicus nitidus Douglas & SCott, 1868","Douglas & SCott, 1868",Mimicus,,nitidus,,species,,B1139:3,synonym,B1139:3:403,"Lethaeus nitidus (Douglas & Scott, 1868)",,,,,,,,Rhyparochrominae,Lethaeus,,Rhyparochrominae | Lethaeini | Lethaeus,"Mimicus nitidus Douglas & SCott, 1868",,VF42Z,4486609,VGZZ4,4486608
B1139:3:405,"Camptocera Jakovlev, 1877","Jakovlev, 1877",,,,,genus,,B1139:3,accepted,,,B1139:3:382,"Lethaeini Stål, 1872",,,,,,Rhyparochrominae,Camptocera,,Rhyparochrominae | Lethaeini,"Camptocera Jakovlev, 1877",,8NNVP,4406098,8NNVP,4406098
B1139:3:406,"Phthonosteres China, 1924","China, 1924",,,,,genus,,B1139:3,synonym,B1139:3:405,"Camptocera Jakovlev, 1877",,,,,,,,Rhyparochrominae,Phthonosteres,,Rhyparochrominae | Lethaeini,"Phthonosteres China, 1924",,8PQRL,4774713,8NNVP,4406098
B1139:3:407,"Ommatoplinthisus Carapezza, 1984","Carapezza, 1984",Plinthisus,Ommatoplinthisus,,,subgenus,,B1139:3,synonym,B1139:3:405,"Camptocera Jakovlev, 1877",,,,,,,,Rhyparochrominae,Camptocera,Ommatoplinthisus,Rhyparochrominae | Lethaeini,"Plinthisus (Ommatoplinthisus) Carapezza, 1984",,8QM77,4777247,8NNVP,4777247
B1139:3:408,"Camptocera glaberrima (Walker, 1872)","(Walker, 1872)",Camptocera,,glaberrima,,species,,B1139:3,accepted,,,B1139:3:405,"Camptocera Jakovlev, 1877",,,,,,Rhyparochrominae,Camptocera,,Rhyparochrominae | Lethaeini | Camptocera,"glaberrima (Walker, 1872)",,VFTMX,4486614,VFTMX,4486614
B1139:3:409,"Rhyparochromus glaberrimus Walker, 1872","Walker, 1872",Rhyparochromus,,glaberrimus,,species,,B1139:3,synonym,B1139:3:408,"Camptocera glaberrima (Walker, 1872)",,,,,,,,Rhyparochrominae,Camptocera,,Rhyparochrominae | Lethaeini | Camptocera,"Rhyparochromus glaberrimus Walker, 1872",,SNQ5K,6873720,VFTMX,4486614
B1139:3:410,"Camptocera horwathi Jakovlev, 1877","Jakovlev, 1877",Camptocera,,horwathi,,species,,B1139:3,synonym,B1139:3:408,"Camptocera glaberrima (Walker, 1872)",,,,,,,,Rhyparochrominae,Camptocera,,Rhyparochrominae | Lethaeini | Camptocera,"horwathi Jakovlev, 1877",,VFQQL,9221414,VFTMX,4486614
B1139:3:411,"Camptocera angustula Puton in Puton & Lethierry, 1887","Puton in Puton & Lethierry, 1887",Camptocera,,angustula,,species,,B1139:3,synonym,B1139:3:408,"Camptocera glaberrima (Walker, 1872)",,,,,,,,Rhyparochrominae,Camptocera,,Rhyparochrominae | Lethaeini | Camptocera,"angustula Puton in Puton & Lethierry, 1887",,8P7DX,8836329,VFTMX,4486614
B1139:3:412,"Tropistethus aurantiacus Distant, 1918","Distant, 1918",Tropistethus,,aurantiacus,,species,,B1139:3,synonym,B1139:3:408,"Camptocera glaberrima (Walker, 1872)",,,,,,,,Rhyparochrominae,Camptocera,,Rhyparochrominae | Lethaeini | Camptocera,"Tropistethus aurantiacus Distant, 1918",,VDX5G,8823850,VFTMX,4486614
B1139:3:413,"Plinthisus siculus Carapezza, 1984","Carapezza, 1984",Plinthisus,Ommatoplinthisus,siculus,,species,,B1139:3,synonym,B1139:3:408,"Camptocera glaberrima (Walker, 1872)",,,,,,,,Rhyparochrominae,Camptocera,Ommatoplinthisus,Rhyparochrominae | Lethaeini | Camptocera,"Plinthisus (Ommatoplinthisus) siculus Carapezza, 1984",,8QNZ6,8983355,VFTMX,4486614
B1139:3:414,"Gonianotini Stål, 1872","Stål, 1872",,,,,tribe,,B1139:3,accepted,,,B1139:3:1,"Rhyparochrominae Amyot & Serville, 1843",,,,,,Rhyparochrominae,,,Rhyparochrominae,"Gonianotini Stål, 1872",,C76N5,,C76N5,
B1139:3:415,"Pterotmetini Gulde, 1936","Gulde, 1936",,,,,tribe,,B1139:3,synonym,B1139:3:414,"Gonianotini Stål, 1872",,,,,,,,Rhyparochrominae,,,Rhyparochrominae,"Pterotmetini Gulde, 1936",,8QN68,,C76N5,
B1139:3:416,"Anoraria Pfaler-Collander, 1941","Pfaler-Collander, 1941",,,,,tribe,,B1139:3,synonym,B1139:3:414,"Gonianotini Stål, 1872",,,,,,,,Rhyparochrominae,,,Rhyparochrominae,"Anoraria Pfaler-Collander, 1941",,,,,
B1139:3:417,"Pterotmetus Amyot & Serville, 1843","Amyot & Serville, 1843",,,,,genus,,B1139:3,accepted,,,B1139:3:414,"Gonianotini Stål, 1872",,,,,,Rhyparochrominae,Pterotmetus,,Rhyparochrominae | Gonianotini,"Pterotmetus Amyot & Serville, 1843",,8NYDS,4408040,8NYDS,4408040
B1139:3:418,"Aphanosoma Stål, 1872","Stål, 1872",,,,,genus,nec Costa,B1139:3,synonym,B1139:3:417,"Pterotmetus Amyot & Serville, 1843",,,,,,,,Rhyparochrominae,Aphanosoma,,Rhyparochrominae | Gonianotini,"Aphanosoma Stål, 1872 nec Costa",,YB2,11398413,YB2,4408040
B1139:3:419,"Pterotmetus staphyliniformis (Schilling, 1829)","(Schilling, 1829)",Pterotmetus,,staphyliniformis,,species,,B1139:3,accepted,,,B1139:3:417,"Pterotmetus Amyot & Serville, 1843",,,,,,Rhyparochrominae,Pterotmetus,,Rhyparochrominae | Gonianotini | Pterotmetus,"staphyliniformis (Schilling, 1829)",,4Q6RG,4486660,4Q6RG,4486660
B1139:3:420,"Pachymerus staphyliniformis Schilling, 1829","Schilling, 1829",Pachymerus,,staphyliniformis,,species,,B1139:3,synonym,B1139:3:419,"Pterotmetus staphyliniformis (Schilling, 1829)",,,,,,,,Rhyparochrominae,Pterotmetus,,Rhyparochrominae | Gonianotini | Pterotmetus,"Pachymerus staphyliniformis Schilling, 1829",,RG93W,8841007,4Q6RG,4486654
B1139:3:421,"Pterotmetus staphylinoides Burmeister, 1835","Burmeister, 1835",Pterotmetus,,staphylinoides,,species,,B1139:3,synonym,B1139:3:419,"Pterotmetus staphyliniformis (Schilling, 1829)",,,,,,,,Rhyparochrominae,Pterotmetus,,Rhyparochrominae | Gonianotini | Pterotmetus,"staphylinoides Burmeister, 1835",,8Q982,10063587,4Q6RG,4486660
B1139:3:422,"Plociomerus brachypterus Boheman, 1852","Boheman, 1852",Plociomerus,,brachypterus,,species,,B1139:3,synonym,B1139:3:419,"Pterotmetus staphyliniformis (Schilling, 1829)",,,,,,,,Rhyparochrominae,Pterotmetus,,Rhyparochrominae | Gonianotini | Pterotmetus,"Plociomerus brachypterus Boheman, 1852",,VGSD3,8909804,4Q6RG,4486660
B1139:3:423,"Pterotmetus dimidiatus Fieber, 1861","Fieber, 1861",Pterotmetus,,dimidiatus,,species,,B1139:3,accepted,,,B1139:3:417,"Pterotmetus Amyot & Serville, 1843",,,,,,Rhyparochrominae,Pterotmetus,,Rhyparochrominae | Gonianotini | Pterotmetus,"dimidiatus Fieber, 1861",,SLH8J,4486659,SLH8J,4486659
B1139:3:424,"Pterotmetus parnassius Horváth, 1882","Horváth, 1882",Pterotmetus,,parnassius,,species,,B1139:3,accepted,,,B1139:3:417,"Pterotmetus Amyot & Serville, 1843",,,,,,Rhyparochrominae,Pterotmetus,,Rhyparochrominae | Gonianotini | Pterotmetus,"parnassius Horváth, 1882",,SLH9K,4486662,SLH9K,4486662
B1139:3:425,"Macrodema Fieber, 1860","Fieber, 1860",,,,,genus,,B1139:3,accepted,,,B1139:3:414,"Gonianotini Stål, 1872",,,,,,Rhyparochrominae,Macrodema,,Rhyparochrominae | Gonianotini,"Macrodema Fieber, 1860",,5JCW,4406577,5JCW,4406577
B1139:3:426,"Hypnophilus Douglas & Scott, 1865","Douglas & Scott, 1865",,,,,genus,,B1139:3,synonym,B1139:3:425,"Macrodema Fieber, 1860",,,,,,,,Rhyparochrominae,Hypnophilus,,Rhyparochrominae | Gonianotini,"Hypnophilus Douglas & Scott, 1865",,8PPRS,4774778,8NTTV,4406577
B1139:3:427,"Hypnobius Douglas & Scott, 1875","Douglas & Scott, 1875",,,,,genus,nom. nov. pr. Hypnophilus praeocc.,B1139:3,synonym,B1139:3:425,"Macrodema Fieber, 1860",,,,,,,,Rhyparochrominae,Hypnobius,,Rhyparochrominae | Gonianotini,"Hypnobius Douglas & Scott, 1875 nom. nov. pr. Hypnophilus praeocc.",,8PPRQ,4781958,8NTTV,4406577
B1139:3:428,"Macrodema micropterum (Crtis, 1836)","(Crtis, 1836)",Macrodema,,micropterum,,species,,B1139:3,accepted,,,B1139:3:425,"Macrodema Fieber, 1860",,,,,,Rhyparochrominae,Macrodema,,Rhyparochrominae | Gonianotini | Macrodema,"micropterum (Crtis, 1836)",,VF3YY,4486654,VF3YY,4486654
B1139:3:429,"Rhyparochromus micropterus Curtis, 1836","Curtis, 1836",Rhyparochromus,,micropterus,,species,,B1139:3,synonym,B1139:3:428,"Macrodema micropterum (Crtis, 1836)",,,,,,,,Rhyparochrominae,Macrodema,,Rhyparochrominae | Gonianotini | Macrodema,"Rhyparochromus micropterus Curtis, 1836",,6X7K8,6873722,VF3YY,4486654
B1139:3:430,"Pachymerus subaeneus Herrich-Schaeffer, 1840","Herrich-Schaeffer, 1840",Pachymerus,,subaeneus,,species,,B1139:3,synonym,B1139:3:428,"Macrodema micropterum (Crtis, 1836)",,,,,,,,Rhyparochrominae,Macrodema,,Rhyparochrominae | Gonianotini | Macrodema,"Pachymerus subaeneus Herrich-Schaeffer, 1840",,8PGFJ,8875072,VF3YY,4486654
B1139:3:431,"Pachymerus hirsutulus Scholz, 1846","Scholz, 1846",Pachymerus,,hirsutulus,,species,,B1139:3,synonym,B1139:3:428,"Macrodema micropterum (Crtis, 1836)",,,,,,,,Rhyparochrominae,Macrodema,,Rhyparochrominae | Gonianotini | Macrodema,"Pachymerus hirsutulus Scholz, 1846",,75HXC,9119387,3X4T7,4486654
B1139:3:432,"Pachymerus gracilis Boheman, 1852","Boheman, 1852",Pachymerus,,gracilis,,species,,B1139:3,synonym,B1139:3:428,"Macrodema micropterum (Crtis, 1836)",,,,,,,,Rhyparochrominae,Macrodema,,Rhyparochrominae | Gonianotini | Macrodema,"Pachymerus gracilis Boheman, 1852",,8PGCZ,8930444,VF3YY,4486654
B1139:3:433,"Pterotmetus menetriesi Kuschakevitsch, 1854","Kuschakevitsch, 1854",Pterotmetus,,menetriesi,,species,,B1139:3,synonym,B1139:3:428,"Macrodema micropterum (Crtis, 1836)",,,,,,,,Rhyparochrominae,Macrodema,,Rhyparochrominae | Gonianotini | Macrodema,"Pterotmetus menetriesi Kuschakevitsch, 1854",,78LXW,11407505,VF3YY,4486654
B1139:3:434,Pachymerus staphyliniformis,,Pachymerus,,staphyliniformis,,species,"sensu De Graaf & Vollenhoven, 1860 nec Schilling, 1829",B1139:3,synonym,B1139:3:428,"Macrodema micropterum (Crtis, 1836)",,,,,,,,Rhyparochrominae,Macrodema,,Rhyparochrominae | Gonianotini | Macrodema,"Pachymerus staphyliniformis sensu De Graaf & Vollenhoven, 1860 nec Schilling, 1829",,8PGFH,8841007,VF3YY,4486654
B1139:3:435,"Pachymerus hemipterus Flor, 1860","Flor, 1860",Pachymerus,,hemipterus,,species,"nec Schilling, 1829",B1139:3,synonym,B1139:3:428,"Macrodema micropterum (Crtis, 1836)",,,,,,,,Rhyparochrominae,Macrodema,,Rhyparochrominae | Gonianotini | Macrodema,"Pachymerus hemipterus Flor, 1860 nec Schilling, 1829",,8PGD2,11001983,VF3YY,4486654
B1139:3:436,"Macrodema lathrobioides Fieber, 1861","Fieber, 1861",Macrodema,,lathrobioides,,species,nom. nud.,B1139:3,synonym,B1139:3:428,"Macrodema micropterum (Crtis, 1836)",,,,,,,,Rhyparochrominae,Macrodema,,Rhyparochrominae | Gonianotini | Macrodema,"lathrobioides Fieber, 1861 nom. nud.",,8Q8JR,8866243,3X4T7,4486654
B1139:3:437,"Macrodema nigra Signoret, 1865","Signoret, 1865",Macrodema,,nigra,,species,,B1139:3,synonym,B1139:3:428,"Macrodema micropterum (Crtis, 1836)",,,,,,,,Rhyparochrominae,Macrodema,,Rhyparochrominae | Gonianotini | Macrodema,"nigra Signoret, 1865",,8PDCB,8733759,VF3YY,4486654
B1139:3:438,"Aoploscelis Fieber, 1860","Fieber, 1860",,,,,genus,,B1139:3,accepted,,,B1139:3:414,"Gonianotini Stål, 1872",,,,,,Rhyparochrominae,Aoploscelis,,Rhyparochrominae | Gonianotini,"Aoploscelis Fieber, 1860",,8NMBQ,4406947,8NMBQ,4406947
B1139:3:439,"Aoploscelis bivirgata (Costa, 1853)","(Costa, 1853)",Aoploscelis,,bivirgata,,species,,B1139:3,accepted,,,B1139:3:438,"Aoploscelis Fieber, 1860",,,,,,Rhyparochrominae,Aoploscelis,,Rhyparochrominae | Gonianotini | Aoploscelis,"bivirgata (Costa, 1853)",,67KSK,4486649,67KSK,4486649
B1139:3:440,"Pachymerus bivirgatus Costa, 1853","Costa, 1853",Pachymerus,,bivirgatus,,species,,B1139:3,synonym,B1139:3:439,"Aoploscelis bivirgata (Costa, 1853)",,,,,,,,Rhyparochrominae,Aoploscelis,,Rhyparochrominae | Gonianotini | Aoploscelis,"Pachymerus bivirgatus Costa, 1853",,4BSY5,8875184,67KSK,4486649
B1139:3:441,"Aoploscelis bilineata Fieber, 1861","Fieber, 1861",Aoploscelis,,bilineata,,species,,B1139:3,synonym,B1139:3:439,"Aoploscelis bivirgata (Costa, 1853)",,,,,,,,Rhyparochrominae,Aoploscelis,,Rhyparochrominae | Gonianotini | Aoploscelis,"bilineata Fieber, 1861",,8P5LD,8887495,67KSK,4486649
B1139:3:442,"Aoploscelis koeppeni Kiritshenko, 1910","Kiritshenko, 1910",Aoploscelis,,koeppeni,,species,,B1139:3,synonym,B1139:3:439,"Aoploscelis bivirgata (Costa, 1853)",,,,,,,,Rhyparochrominae,Aoploscelis,,Rhyparochrominae | Gonianotini | Aoploscelis,"koeppeni Kiritshenko, 1910",,8P5LF,8917959,67KSK,4486649
B1139:3:443,"Aoploscelis bivirgata f. nigra Mancini, 1947","Mancini, 1947",Aoploscelis,,bivirgata,nigra,form,,B1139:3,synonym,B1139:3:439,"Aoploscelis bivirgata (Costa, 1853)",,,,,,,,Rhyparochrominae,Aoploscelis,,Rhyparochrominae | Gonianotini | Aoploscelis,"bivirgata f. nigra Mancini, 1947",,,,,
B1139:3:444,"Facicoris Kiritshenko & Scudder, 1973","Kiritshenko & Scudder, 1973",,,,,genus,,B1139:3,accepted,,,B1139:3:414,"Gonianotini Stål, 1872",,,,,,Rhyparochrominae,Facicoris,,Rhyparochrominae | Gonianotini,"Facicoris Kiritshenko & Scudder, 1973",,8NRRJ,4772477,8NRRJ,4772477
B1139:3:445,"Facicoris fax Kiritshenko & Scudder, 1973","Kiritshenko & Scudder, 1973",Facicoris,,fax,,species,,B1139:3,accepted,,,B1139:3:444,"Facicoris Kiritshenko & Scudder, 1973",,,,,,Rhyparochrominae,Facicoris,,Rhyparochrominae | Gonianotini | Facicoris,"fax Kiritshenko & Scudder, 1973",,3DRD2,9010074,3DRD2,9010074
B1139:3:446,"Pionosomus Fieber, 1860","Fieber, 1860",,,,,genus,,B1139:3,accepted,,,B1139:3:414,"Gonianotini Stål, 1872",,,,,,Rhyparochrominae,Pionosomus,,Rhyparochrominae | Gonianotini,"Pionosomus Fieber, 1860",,8NXMJ,4407601,8NXMJ,4407601
B1139:3:447,"Pionosomus varius (Wolff, 1804)","(Wolff, 1804)",Pionosomus,,varius,,species,,B1139:3,accepted,,,B1139:3:446,"Pionosomus Fieber, 1860",,,,,,Rhyparochrominae,Pionosomus,,Rhyparochrominae | Gonianotini | Pionosomus,"varius (Wolff, 1804)",,VGMCN,4486622,VGMCN,4486622
B1139:3:448,"Lygaeus varius Wolff, 1804","Wolff, 1804",Lygaeus,,varius,,species,,B1139:3,synonym,B1139:3:447,"Pionosomus varius (Wolff, 1804)",,,,,,,,Rhyparochrominae,Pionosomus,,Rhyparochrominae | Gonianotini | Pionosomus,"Lygaeus varius Wolff, 1804",,PXFT4,4486623,VGMCN,4486622
B1139:3:449,"Lygaeus bimaculatus Zetterstedt, 1819","Zetterstedt, 1819",Lygaeus,,bimaculatus,,species,,B1139:3,synonym,B1139:3:447,"Pionosomus varius (Wolff, 1804)",,,,,,,,Rhyparochrominae,Pionosomus,,Rhyparochrominae | Gonianotini | Pionosomus,"Lygaeus bimaculatus Zetterstedt, 1819",,VG4J3,9155482,VGMCN,4486622
B1139:3:450,"Pionosomus alloeonotus Reuter, 1900","Reuter, 1900",Pionosomus,,alloeonotus,,species,,B1139:3,synonym,B1139:3:447,"Pionosomus varius (Wolff, 1804)",,,,,,,,Rhyparochrominae,Pionosomus,,Rhyparochrominae | Gonianotini | Pionosomus,"alloeonotus Reuter, 1900",,VH7K5,8765690,VGMCN,4486622
B1139:3:451,"Pionosomus nitens Wagner, 1967","Wagner, 1967",Pionosomus,,nitens,,species,,B1139:3,accepted,,,B1139:3:446,"Pionosomus Fieber, 1860",,,,,,Rhyparochrominae,Pionosomus,,Rhyparochrominae | Gonianotini | Pionosomus,"nitens Wagner, 1967",,VGL9X,9000884,VGL9X,9000884
B1139:3:452,"Pionosomus heterotrichus Horváth, 1884","Horváth, 1884",Pionosomus,,heterotrichus,,species,,B1139:3,accepted,,,B1139:3:446,"Pionosomus Fieber, 1860",,,,,,Rhyparochrominae,Pionosomus,,Rhyparochrominae | Gonianotini | Pionosomus,"heterotrichus Horváth, 1884",,VFWPN,4486624,VFWPN,4486624
B1139:3:453,"Pionosomus fuscipes Horváth, 1895","Horváth, 1895",Pionosomus,,fuscipes,,species,,B1139:3,synonym,B1139:3:452,"Pionosomus heterotrichus Horváth, 1884",,,,,,,,Rhyparochrominae,Pionosomus,,Rhyparochrominae | Gonianotini | Pionosomus,"fuscipes Horváth, 1895",,VGFF3,9142152,VFWPN,4486624
B1139:3:454,"Pionosomus persimilis Horváth, 1895","Horváth, 1895",Pionosomus,,persimilis,,species,,B1139:3,accepted,,,B1139:3:446,"Pionosomus Fieber, 1860",,,,,,Rhyparochrominae,Pionosomus,,Rhyparochrominae | Gonianotini | Pionosomus,"persimilis Horváth, 1895",,VDTNC,8908978,VDTNC,8908978
B1139:3:455,"Pionosomus opacellus Horváth, 1895","Horváth, 1895",Pionosomus,,opacellus,,species,,B1139:3,accepted,,,B1139:3:446,"Pionosomus Fieber, 1860",,,,,,Rhyparochrominae,Pionosomus,,Rhyparochrominae | Gonianotini | Pionosomus,"opacellus Horváth, 1895",,RNCJ9,4486625,RNCJ9,4486625
B1139:3:456,"Pionosomus depressus Horváth, 1895","Horváth, 1895",Pionosomus,,depressus,,species,,B1139:3,synonym,B1139:3:455,"Pionosomus opacellus Horváth, 1895",,,,,,,,Rhyparochrominae,Pionosomus,,Rhyparochrominae | Gonianotini | Pionosomus,"depressus Horváth, 1895",,VDWHK,8840902,RNCJ9,4486625
B1139:3:457,"Pionosomus trichopterus (Thomson, 1870)","(Thomson, 1870)",Pionosomus,,trichopterus,,species,,B1139:3,accepted,,,B1139:3:446,"Pionosomus Fieber, 1860",,,,,,Rhyparochrominae,Pionosomus,,Rhyparochrominae | Gonianotini | Pionosomus,"trichopterus (Thomson, 1870)",,4J2SV,4486617,4J2SV,4486617
B1139:3:458,"Lygaeus trichopterus Thomson, 1870","Thomson, 1870",Lygaeus,,trichopterus,,species,,B1139:3,synonym,B1139:3:457,"Pionosomus trichopterus (Thomson, 1870)",,,,,,,,Rhyparochrominae,Pionosomus,,Rhyparochrominae | Gonianotini | Pionosomus,"Lygaeus trichopterus Thomson, 1870",,3WPHZ,4486619,4J2SV,4486617
B1139:3:459,"Pionosomus frigidus Vinokurov, 1979","Vinokurov, 1979",Pionosomus,,frigidus,,species,,B1139:3,synonym,B1139:3:457,"Pionosomus trichopterus (Thomson, 1870)",,,,,,,,Rhyparochrominae,Pionosomus,,Rhyparochrominae | Gonianotini | Pionosomus,"frigidus Vinokurov, 1979",,,,,
B1139:3:460,"Pionosomus frigidus subsp. latens Vinokurov, 1982","Vinokurov, 1982",Pionosomus,,frigidus,latens,subspecies,,B1139:3,synonym,B1139:3:457,"Pionosomus trichopterus (Thomson, 1870)",,,,,,,,Rhyparochrominae,Pionosomus,,Rhyparochrominae | Gonianotini | Pionosomus,"frigidus subsp. latens Vinokurov, 1982",,,,,
B1139:3:461,"Pionosomus alticola Lindberg, 1953","Lindberg, 1953",Pionosomus,,alticola,,species,,B1139:3,accepted,,,B1139:3:446,"Pionosomus Fieber, 1860",,,,,,Rhyparochrominae,Pionosomus,,Rhyparochrominae | Gonianotini | Pionosomus,"alticola Lindberg, 1953",,VGDLD,4486616,VGDLD,4486616
B1139:3:462,"Pionosomus madeira Lindberg, 1961","Lindberg, 1961",Pionosomus,,madeira,,species,,B1139:3,accepted,,,B1139:3:446,"Pionosomus Fieber, 1860",,,,,,Rhyparochrominae,Pionosomus,,Rhyparochrominae | Gonianotini | Pionosomus,"madeira Lindberg, 1961",,VFR63,4486621,VFR63,4486621
B1139:3:463,"Alampes Horváth, 1884","Horváth, 1884",,,,,genus,,B1139:3,accepted,,,B1139:3:414,"Gonianotini Stål, 1872",,,,,,Rhyparochrominae,Alampes,,Rhyparochrominae | Gonianotini,"Alampes Horváth, 1884",,8NLPF,6007460,8NLPF,6007460
B1139:3:464,"Alampes longiusculus Horváth, 1884","Horváth, 1884",Alampes,,longiusculus,,species,,B1139:3,accepted,,,B1139:3:463,"Alampes Horváth, 1884",,,,,,Rhyparochrominae,Alampes,,Rhyparochrominae | Gonianotini | Alampes,"longiusculus Horváth, 1884",,VGKP5,9105368,VGKP5,9105368
B1139:3:465,"Alampes nanulus Seidenstücker, 1966","Seidenstücker, 1966",Alampes,,nanulus,,species,,B1139:3,accepted,,,B1139:3:463,"Alampes Horváth, 1884",,,,,,Rhyparochrominae,Alampes,,Rhyparochrominae | Gonianotini | Alampes,"nanulus Seidenstücker, 1966",,VDYJM,8943806,VDYJM,8943806
B1139:3:466,"Neurocladus Fieber, 1860","Fieber, 1860",,,,,genus,,B1139:3,accepted,,,B1139:3:414,"Gonianotini Stål, 1872",,,,,,Rhyparochrominae,Neurocladus,,Rhyparochrominae | Gonianotini,"Neurocladus Fieber, 1860",,8NVYB,4405480,8NVYB,4405480
B1139:3:467,"Acanthocnemis Signoret, 1865","Signoret, 1865",,,,,genus,,B1139:3,synonym,B1139:3:466,"Neurocladus Fieber, 1860",,,,,,,,Rhyparochrominae,Acanthocnemis,,Rhyparochrominae | Gonianotini,"Acanthocnemis Signoret, 1865",,8PKH3,6007435,8NVYB,4405480
B1139:3:468,"Acompomorpha Jakovlev, 1881","Jakovlev, 1881",,,,,genus,,B1139:3,synonym,B1139:3:466,"Neurocladus Fieber, 1860",,,,,,,,Rhyparochrominae,Acompomorpha,,Rhyparochrominae | Gonianotini,"Acompomorpha Jakovlev, 1881",,8PMXN,4783516,8NVYB,4405480
B1139:3:469,"Neuroclades sensu Gulde, 1937","Gulde, 1937",Neuroclades,,sensu,,species,lapsus,B1139:3,synonym,B1139:3:466,"Neurocladus Fieber, 1860",,,,,,,,Rhyparochrominae,Neurocladus,,Rhyparochrominae | Gonianotini,"Neuroclades sensu Gulde, 1937 lapsus",,,,,
B1139:3:470,"Neurocladius sensu Servadei, Tamanini","Servadei, Tamanini",Neurocladius,,sensu,,species,lapsus,B1139:3,synonym,B1139:3:466,"Neurocladus Fieber, 1860",,,,,,,,Rhyparochrominae,Neurocladus,,Rhyparochrominae | Gonianotini,"Neurocladius sensu Servadei, Tamanini lapsus",,,,,
B1139:3:471,"Neurocladus brachiidens (Dufour, 1852)","(Dufour, 1852)",Neurocladus,,brachiidens,,species,,B1139:3,accepted,,,B1139:3:466,"Neurocladus Fieber, 1860",,,,,,Rhyparochrominae,Neurocladus,,Rhyparochrominae | Gonianotini | Neurocladus,"brachiidens (Dufour, 1852)",,QRJ95,4486657,QRJ95,4486657
B1139:3:472,"Rhyparochromus brachiidens Dufour, 1851","Dufour, 1851",Rhyparochromus,,brachiidens,,species,,B1139:3,synonym,B1139:3:471,"Neurocladus brachiidens (Dufour, 1852)",,,,,,,,Rhyparochrominae,Neurocladus,,Rhyparochrominae | Gonianotini | Neurocladus,"Rhyparochromus brachiidens Dufour, 1851",,SNPTV,6873723,QRJ95,4486657
B1139:3:473,"Neurocladus ater Fieber, 1861","Fieber, 1861",Neurocladus,,ater,,species,,B1139:3,synonym,B1139:3:471,"Neurocladus brachiidens (Dufour, 1852)",,,,,,,,Rhyparochrominae,Neurocladus,,Rhyparochrominae | Gonianotini | Neurocladus,"ater Fieber, 1861",,VFTPB,9060220,QRJ95,4486657
B1139:3:474,"Acompomorpha aterrima Jakovlev, 1881","Jakovlev, 1881",Acompomorpha,,aterrima,,species,,B1139:3,synonym,B1139:3:471,"Neurocladus brachiidens (Dufour, 1852)",,,,,,,,Rhyparochrominae,Neurocladus,,Rhyparochrominae | Gonianotini | Neurocladus,"Acompomorpha aterrima Jakovlev, 1881",,VFCYQ,8987342,QRJ95,4486657
B1139:3:475,"Hyalocoris Jakovlev, 1874","Jakovlev, 1874",,,,,genus,,B1139:3,accepted,,,B1139:3:414,"Gonianotini Stål, 1872",,,,,,Rhyparochrominae,Hyalocoris,,Rhyparochrominae | Gonianotini,"Hyalocoris Jakovlev, 1874",,8NSPP,4407331,8NSPP,4407331
B1139:3:476,"Paraneurocladus Hoberlandt, 1944","Hoberlandt, 1944",,,,,genus,,B1139:3,synonym,B1139:3:475,"Hyalocoris Jakovlev, 1874",,,,,,,,Rhyparochrominae,Paraneurocladus,,Rhyparochrominae | Gonianotini,"Paraneurocladus Hoberlandt, 1944",,8PQLL,4775075,8NSPP,4407331
B1139:3:477,"Hyalocoris pilicornis Jakovlev, 1874","Jakovlev, 1874",Hyalocoris,,pilicornis,,species,,B1139:3,accepted,,,B1139:3:475,"Hyalocoris Jakovlev, 1874",,,,,,Rhyparochrominae,Hyalocoris,,Rhyparochrominae | Gonianotini | Hyalocoris,"pilicornis Jakovlev, 1874",,PP8JX,4486629,PP8JX,4486629
B1139:3:478,"Hyalocoris longicollis Jakovlev, 1890","Jakovlev, 1890",Hyalocoris,,longicollis,,species,,B1139:3,synonym,B1139:3:477,"Hyalocoris pilicornis Jakovlev, 1874",,,,,,,,Rhyparochrominae,Hyalocoris,,Rhyparochrominae | Gonianotini | Hyalocoris,"longicollis Jakovlev, 1890",,VG83N,9133444,PP8JX,4486629
B1139:3:479,"Rhyparochromus translucidus Puton, 1898","Puton, 1898",Rhyparochromus,,translucidus,,species,,B1139:3,synonym,B1139:3:477,"Hyalocoris pilicornis Jakovlev, 1874",,,,,,,,Rhyparochrominae,Hyalocoris,,Rhyparochrominae | Gonianotini | Hyalocoris,"Rhyparochromus translucidus Puton, 1898","{""synonymUncertain"":true}",8PJPN,9596217,PP8JX,4486629
B1139:3:480,"Rhyparochromus arenicolor Bergroth, 1917","Bergroth, 1917",Rhyparochromus,,arenicolor,,species,,B1139:3,synonym,B1139:3:477,"Hyalocoris pilicornis Jakovlev, 1874",,,,,,,,Rhyparochrominae,Hyalocoris,,Rhyparochrominae | Gonianotini | Hyalocoris,"Rhyparochromus arenicolor Bergroth, 1917",,VFCVS,8917166,PP8JX,4486629
B1139:3:481,"Paraneurocladus iranicus Hoberlandt, 1944","Hoberlandt, 1944",Paraneurocladus,,iranicus,,species,,B1139:3,synonym,B1139:3:477,"Hyalocoris pilicornis Jakovlev, 1874",,,,,,,,Rhyparochrominae,Hyalocoris,,Rhyparochrominae | Gonianotini | Hyalocoris,"Paraneurocladus iranicus Hoberlandt, 1944",,VDSDD,8888281,PP8JX,4486629
B1139:3:482,"Hyalocoris arenicola Linnavuori, 1953","Linnavuori, 1953",Hyalocoris,,arenicola,,species,lapsus,B1139:3,synonym,B1139:3:477,"Hyalocoris pilicornis Jakovlev, 1874",,,,,,,,Rhyparochrominae,Hyalocoris,,Rhyparochrominae | Gonianotini | Hyalocoris,"arenicola Linnavuori, 1953 lapsus",,,,,
B1139:3:483,"Ischnopeza Fieber, 1860","Fieber, 1860",,,,,genus,,B1139:3,accepted,,,B1139:3:414,"Gonianotini Stål, 1872",,,,,,Rhyparochrominae,Ischnopeza,,Rhyparochrominae | Gonianotini,"Ischnopeza Fieber, 1860",,8NSYF,4405940,8NSYF,4405940
B1139:3:484,"Ischnopeza hirticornis (Herrich-Schaeffer, 1850)","(Herrich-Schaeffer, 1850)",Ischnopeza,,hirticornis,,species,,B1139:3,accepted,,,B1139:3:483,"Ischnopeza Fieber, 1860",,,,,,Rhyparochrominae,Ischnopeza,,Rhyparochrominae | Gonianotini | Ischnopeza,"hirticornis (Herrich-Schaeffer, 1850)",,VGGRW,4486652,VGGRW,4486652
B1139:3:485,"Pachymerus hirticornis Herrich-Schaeffer, 1850","Herrich-Schaeffer, 1850",Pachymerus,,hirticornis,,species,,B1139:3,synonym,B1139:3:484,"Ischnopeza hirticornis (Herrich-Schaeffer, 1850)",,,,,,,,Rhyparochrominae,Ischnopeza,,Rhyparochrominae | Gonianotini | Ischnopeza,"Pachymerus hirticornis Herrich-Schaeffer, 1850",,RG8JF,8732903,VGGRW,4486652
B1139:3:486,"Rhyparochromus scaphula Baerensprung, 1858","Baerensprung, 1858",Rhyparochromus,,scaphula,,species,,B1139:3,synonym,B1139:3:484,"Ischnopeza hirticornis (Herrich-Schaeffer, 1850)",,,,,,,,Rhyparochrominae,Ischnopeza,,Rhyparochrominae | Gonianotini | Ischnopeza,"Rhyparochromus scaphula Baerensprung, 1858",,6X7KP,8874286,VGGRW,4486652
B1139:3:487,"Ischnopeza pallipes Puton, 1892","Puton, 1892",Ischnopeza,,pallipes,,species,,B1139:3,accepted,,,B1139:3:483,"Ischnopeza Fieber, 1860",,,,,,Rhyparochrominae,Ischnopeza,,Rhyparochrominae | Gonianotini | Ischnopeza,"pallipes Puton, 1892",,VFZKR,4486651,VFZKR,4486651
B1139:3:488,"Ischnopeza taborskyi Hoberlandt, 1955","Hoberlandt, 1955",Ischnopeza,,taborskyi,,species,,B1139:3,synonym,B1139:3:487,"Ischnopeza pallipes Puton, 1892",,,,,,,,Rhyparochrominae,Ischnopeza,,Rhyparochrominae | Gonianotini | Ischnopeza,"taborskyi Hoberlandt, 1955",,8PCH9,8786706,VFZKR,4486651
B1139:3:492,Emblethis Fieber,Fieber,,,,,genus,,B1139:3,accepted,,,B1139:3:414,"Gonianotini Stål, 1872",,,,,,Rhyparochrominae,Emblethis,,Rhyparochrominae | Gonianotini,Emblethis Fieber,,8NPG2,2008085,8NPG2,2008085
B1139:3:493,Gonianotus Fieber,Fieber,,,,,genus,,B1139:3,accepted,,,B1139:3:414,"Gonianotini Stål, 1872",,,,,,Rhyparochrominae,Gonianotus,,Rhyparochrominae | Gonianotini,Gonianotus Fieber,,8NS4M,4405578,8NS4M,4405578
B1139:3:494,Diomphalus Fieber,Fieber,,,,,genus,,B1139:3,accepted,,,B1139:3:414,"Gonianotini Stål, 1872",,,,,,Rhyparochrominae,Diomphalus,,Rhyparochrominae | Gonianotini,Diomphalus Fieber,,8NQXZ,4407510,8NQXZ,4407510
B1139:3:495,Bleteogonus Reuter,Reuter,,,,,genus,,B1139:3,accepted,,,B1139:3:414,"Gonianotini Stål, 1872",,,,,,Rhyparochrominae,Bleteogonus,,Rhyparochrominae | Gonianotini,Bleteogonus Reuter,,8NNCD,4408115,8NNCD,4408115
B1139:3:496,Trapezonotus Fieber,Fieber,,,,,genus,,B1139:3,accepted,,,B1139:3:414,"Gonianotini Stål, 1872",,,,,,Rhyparochrominae,Trapezonotus,,Rhyparochrominae | Gonianotini,Trapezonotus Fieber,,8P2BB,2008018,8P2BB,2008018
B1139:3:497,Armenoecus Kiritshenko & Scudder,Kiritshenko & Scudder,,,,,genus,,B1139:3,accepted,,,B1139:3:414,"Gonianotini Stål, 1872",,,,,,Rhyparochrominae,Armenoecus,,Rhyparochrominae | Gonianotini,Armenoecus Kiritshenko & Scudder,,8NMMZ,4778972,8NMMZ,4778972
B1139:3:498,Aphanus Laporte,Laporte,,,,,genus,,B1139:3,accepted,,,B1139:3:414,"Gonianotini Stål, 1872",,,,,,Rhyparochrominae,Aphanus,,Rhyparochrominae | Gonianotini,Aphanus Laporte,,BY7DH,6007143,BY7DH,6007143
B1139:3:499,Parapolycrates Reuter,Reuter,,,,,genus,,B1139:3,accepted,,,B1139:3:414,"Gonianotini Stål, 1872",,,,,,Rhyparochrominae,Parapolycrates,,Rhyparochrominae | Gonianotini,Parapolycrates Reuter,,8NWZL,4405605,8NWZL,4405605
B1139:3:489,Myodochini,,,,,,tribe,,B1139:3,accepted,,,B1139:3:1,"Rhyparochrominae Amyot & Serville, 1843",,,,,,Rhyparochrominae,,,Rhyparochrominae,Myodochini,,C7WY5,,C7WY5,
B1139:3:490,Megalonotini,,,,,,tribe,,B1139:3,accepted,,,B1139:3:1,"Rhyparochrominae Amyot & Serville, 1843",,,,,,Rhyparochrominae,,,Rhyparochrominae,Megalonotini,,C7QQC,,C7QQC,
B1139:3:491,Rhyparochromini,,,,,,tribe,,B1139:3,accepted,,,B1139:3:1,"Rhyparochrominae Amyot & Serville, 1843",,,,,,Rhyparochrominae,,,Rhyparochrominae,Rhyparochromini,,C8BBN,,C8BBN,