scientificNameID,scientificName,scientificNameAuthorship,genericName,infragenericEpithet,specificEpithet,infraspecificEpithet,taxonRank,taxonRemarks,collectionCode,taxonomicStatus,acceptedNameUsageID,acceptedNameUsage,parentNameUsageID,parentNameUsage,kingdom,phylum,class,order,family,subfamily,genus,subgenus,higherClassification,verbatimIdentification,dynamicProperties,colTaxonID,gbifTaxonID,colAcceptedTaxonID,gbifAcceptedTaxonID
B1288:1:1,"Pentatomoidea Leach, 1815","Leach, 1815",,,,,superfamily,,B1288:1,accepted,,,,,,,,,,,,,,"Pentatomoidea Leach, 1815",,BXWDQ,,BXWDQ,
B1288:1:2,"Acanthosomatidae Signoret, 1864","Signoret, 1864",,,,,family,,B1288:1,accepted,,,B1288:1:1,"Pentatomoidea Leach, 1815",,,,,Acanthosomatidae,,,,Pentatomoidea,"Acanthosomatidae Signoret, 1864",,7NFSF,4303,7NFSF,4303
B1288:1:3,"Acanthosomatinae Signoret, 1864","Signoret, 1864",,,,,subfamily,,B1288:1,accepted,,,B1288:1:2,"Acanthosomatidae Signoret, 1864",,,,,Acanthosomatidae,Acanthosomatinae,,,Pentatomoidea | Acanthosomatidae,"Acanthosomatinae Signoret, 1864",,7NLLS,,7NLLS,
B1288:1:4,Acanthosoma,,,,,,genus,,B1288:1,accepted,,,B1288:1:3,"Acanthosomatinae Signoret, 1864",,,,,Acanthosomatidae,Acanthosomatinae,Acanthosoma,,Pentatomoidea | Acanthosomatidae | Acanthosomatinae,Acanthosoma,,7NMN9,11258498,7NMN9,11258498
B1288:1:5,"Acanthosoma haemorrhoidale (Linnaeus, 1758)","(Linnaeus, 1758)",Acanthosoma,,haemorrhoidale,,species,,B1288:1,accepted,,,B1288:1:4,Acanthosoma,,,,,Acanthosomatidae,Acanthosomatinae,Acanthosoma,,Pentatomoidea | Acanthosomatidae | Acanthosomatinae | Acanthosoma,"haemorrhoidale (Linnaeus, 1758)",,7Q9KF,5866246,7Q9KF,5866246
B1288:1:6,Cyphostethus,,,,,,genus,,B1288:1,accepted,,,B1288:1:3,"Acanthosomatinae Signoret, 1864",,,,,Acanthosomatidae,Acanthosomatinae,Cyphostethus,,Pentatomoidea | Acanthosomatidae | Acanthosomatinae,Cyphostethus,,7NV8G,3265727,7NV8G,3265727
B1288:1:7,"Cyphostethus tristriatus (Fabricius, 1787)","(Fabricius, 1787)",Cyphostethus,,tristriatus,,species,,B1288:1,accepted,,,B1288:1:6,Cyphostethus,,,,,Acanthosomatidae,Acanthosomatinae,Cyphostethus,,Pentatomoidea | Acanthosomatidae | Acanthosomatinae | Cyphostethus,"tristriatus (Fabricius, 1787)",,7SX54,6096805,7SX54,6096805
B1288:1:8,Elasmostethus,,,,,,genus,,B1288:1,accepted,,,B1288:1:3,"Acanthosomatinae Signoret, 1864",,,,,Acanthosomatidae,Acanthosomatinae,Elasmostethus,,Pentatomoidea | Acanthosomatidae | Acanthosomatinae,Elasmostethus,,7NVTY,2079269,7NVTY,2079269
B1288:1:9,"Elasmostethus interstinctus (Linnaeus, 1758)","(Linnaeus, 1758)",Elasmostethus,,interstinctus,,species,,B1288:1,accepted,,,B1288:1:8,Elasmostethus,,,,,Acanthosomatidae,Acanthosomatinae,Elasmostethus,,Pentatomoidea | Acanthosomatidae | Acanthosomatinae | Elasmostethus,"interstinctus (Linnaeus, 1758)",,7TG9H,2079270,7TG9H,2079270
B1288:1:10,"Elasmostethus minor Horváth, 1899","Horváth, 1899",Elasmostethus,,minor,,species,,B1288:1,accepted,,,B1288:1:8,Elasmostethus,,,,,Acanthosomatidae,Acanthosomatinae,Elasmostethus,,Pentatomoidea | Acanthosomatidae | Acanthosomatinae | Elasmostethus,"minor Horváth, 1899",,7TG9R,4485983,7TG9R,4485983
B1288:1:11,Elasmucha,,,,,,genus,,B1288:1,accepted,,,B1288:1:3,"Acanthosomatinae Signoret, 1864",,,,,Acanthosomatidae,Acanthosomatinae,Elasmucha,,Pentatomoidea | Acanthosomatidae | Acanthosomatinae,Elasmucha,,7NYBN,2079257,7NYBN,2079257
B1288:1:12,"Elasmucha ferrugata (Fabricius, 1787)","(Fabricius, 1787)",Elasmucha,,ferrugata,,species,,B1288:1,accepted,,,B1288:1:11,Elasmucha,,,,,Acanthosomatidae,Acanthosomatinae,Elasmucha,,Pentatomoidea | Acanthosomatidae | Acanthosomatinae | Elasmucha,"ferrugata (Fabricius, 1787)",,7TGBP,2079261,7TGBP,2079261
B1288:1:13,"Elasmucha fieberi (Jakovlev, 1865)","(Jakovlev, 1865)",Elasmucha,,fieberi,,species,,B1288:1,accepted,,,B1288:1:11,Elasmucha,,,,,Acanthosomatidae,Acanthosomatinae,Elasmucha,,Pentatomoidea | Acanthosomatidae | Acanthosomatinae | Elasmucha,"fieberi (Jakovlev, 1865)",,7TGBR,4485991,7TGBR,4485991
B1288:1:14,"Elasmucha grisea (Linnaeus, 1758)","(Linnaeus, 1758)",Elasmucha,,grisea,,species,,B1288:1,accepted,,,B1288:1:11,Elasmucha,,,,,Acanthosomatidae,Acanthosomatinae,Elasmucha,,Pentatomoidea | Acanthosomatidae | Acanthosomatinae | Elasmucha,"grisea (Linnaeus, 1758)",,7TGBX,4485987,7TGBX,4485987
B1288:1:15,"Cydnidae Billberg, 1820","Billberg, 1820",,,,,family,,B1288:1,accepted,,,B1288:1:1,"Pentatomoidea Leach, 1815",,,,,Cydnidae,,,,Pentatomoidea,"Cydnidae Billberg, 1820",,BXWHY,6989,BXWHY,6989
B1288:1:16,"Cephalocteinae Mulsant & Rey, 1866","Mulsant & Rey, 1866",,,,,subfamily,,B1288:1,accepted,,,B1288:1:15,"Cydnidae Billberg, 1820",,,,,Cydnidae,Cephalocteinae,,,Pentatomoidea | Cydnidae,"Cephalocteinae Mulsant & Rey, 1866",,,,,
B1288:1:17,"Cephalocteini Mulsant & Rey, 1866","Mulsant & Rey, 1866",,,,,tribe,,B1288:1,accepted,,,B1288:1:16,"Cephalocteinae Mulsant & Rey, 1866",,,,,Cydnidae,Cephalocteinae,,,Pentatomoidea | Cydnidae | Cephalocteinae,"Cephalocteini Mulsant & Rey, 1866",,,,,
B1288:1:18,Cephalocteus,,,,,,genus,,B1288:1,accepted,,,B1288:1:17,"Cephalocteini Mulsant & Rey, 1866",,,,,Cydnidae,Cephalocteinae,Cephalocteus,,Pentatomoidea | Cydnidae | Cephalocteinae | Cephalocteini,Cephalocteus,,MMJRZ,4404643,MMJRZ,4404643
B1288:1:19,"Cephalocteus scarabaeoides (Fabricius, 1803)","(Fabricius, 1803)",Cephalocteus,,scarabaeoides,,species,,B1288:1,accepted,,,B1288:1:18,Cephalocteus,,,,,Cydnidae,Cephalocteinae,Cephalocteus,,Pentatomoidea | Cydnidae | Cephalocteinae | Cephalocteini | Cephalocteus,"scarabaeoides (Fabricius, 1803)",,MMJST,4486132,MMJST,4486132
B1288:1:20,"Amblyottus dufouri Amyot & Serville, 1843","Amyot & Serville, 1843",Amblyottus,,dufouri,,species,,B1288:1,synonym,B1288:1:19,"Cephalocteus scarabaeoides (Fabricius, 1803)",,,,,,,Cydnidae,Cephalocteinae,Cephalocteus,,Pentatomoidea | Cydnidae | Cephalocteinae | Cephalocteini | Cephalocteus,"Amblyottus dufouri Amyot & Serville, 1843",,L867Q,12011320,MMJST,4486132
B1288:1:21,"Cydninae Billberg, 1820","Billberg, 1820",,,,,subfamily,,B1288:1,accepted,,,B1288:1:15,"Cydnidae Billberg, 1820",,,,,Cydnidae,Cydninae,,,Pentatomoidea | Cydnidae,"Cydninae Billberg, 1820",,,,,
B1288:1:22,"Cydnini Billberg, 1820","Billberg, 1820",,,,,tribe,,B1288:1,accepted,,,B1288:1:21,"Cydninae Billberg, 1820",,,,,Cydnidae,Cydninae,,,Pentatomoidea | Cydnidae | Cydninae,"Cydnini Billberg, 1820",,,,,
B1288:1:23,Cydnus,,,,,,genus,,B1288:1,accepted,,,B1288:1:22,"Cydnini Billberg, 1820",,,,,Cydnidae,Cydninae,Cydnus,,Pentatomoidea | Cydnidae | Cydninae | Cydnini,Cydnus,,MZ5P6,2078814,MZ5P6,2078814
B1288:1:24,"Cydnus aterrimus (Forster, 1771)","(Forster, 1771)",Cydnus,,aterrimus,,species,,B1288:1,accepted,,,B1288:1:23,Cydnus,,,,,Cydnidae,Cydninae,Cydnus,,Pentatomoidea | Cydnidae | Cydninae | Cydnini | Cydnus,"aterrimus (Forster, 1771)",,MZ5QT,2078815,MZ5QT,2078815
B1288:1:25,"Geotomini Wagner, 1963","Wagner, 1963",,,,,tribe,,B1288:1,accepted,,,B1288:1:21,"Cydninae Billberg, 1820",,,,,Cydnidae,Cydninae,,,Pentatomoidea | Cydnidae | Cydninae,"Geotomini Wagner, 1963",,,,,
B1288:1:26,Aethus,,,,,,genus,,B1288:1,accepted,,,B1288:1:25,"Geotomini Wagner, 1963",,,,,Cydnidae,Cydninae,Aethus,,Pentatomoidea | Cydnidae | Cydninae | Geotomini,Aethus,,L7WQ8,2078763,L7WQ8,2078763
B1288:1:27,"Aethus pilosus (Herrich-Schaeffer, 1834)","(Herrich-Schaeffer, 1834)",Aethus,,pilosus,,species,,B1288:1,accepted,,,B1288:1:26,Aethus,,,,,Cydnidae,Cydninae,Aethus,,Pentatomoidea | Cydnidae | Cydninae | Geotomini | Aethus,"pilosus (Herrich-Schaeffer, 1834)",,L7WS4,4486111,L7WS4,4486111
B1288:1:28,Byrsinus,,,,,,genus,,B1288:1,accepted,,,B1288:1:25,"Geotomini Wagner, 1963",,,,,Cydnidae,Cydninae,Byrsinus,,Pentatomoidea | Cydnidae | Cydninae | Geotomini,Byrsinus,,LZS84,4406877,LZS84,4406877
B1288:1:29,"Byrsinus albipennis (A. Costa, 1853)","(A. Costa, 1853)",Byrsinus,,albipennis,,species,,B1288:1,accepted,,,B1288:1:28,Byrsinus,,,,,Cydnidae,Cydninae,Byrsinus,,Pentatomoidea | Cydnidae | Cydninae | Geotomini | Byrsinus,"albipennis (A. Costa, 1853)",,LZS87,4486097,LZS87,4486097
B1288:1:30,"Byrsinus flavicornis (Fabricius, 1794)","(Fabricius, 1794)",Byrsinus,,flavicornis,,species,,B1288:1,accepted,,,B1288:1:28,Byrsinus,,,,,Cydnidae,Cydninae,Byrsinus,,Pentatomoidea | Cydnidae | Cydninae | Geotomini | Byrsinus,"flavicornis (Fabricius, 1794)",,LZS8S,4486103,LZS8S,4486103
B1288:1:31,"Byrsinus fuscipes (Mulsant & Rey, 1866)","(Mulsant & Rey, 1866)",Byrsinus,,fuscipes,,species,,B1288:1,synonym,B1288:1:30,"Byrsinus flavicornis (Fabricius, 1794)",,,,,,,Cydnidae,Cydninae,Byrsinus,,Pentatomoidea | Cydnidae | Cydninae | Geotomini | Byrsinus,"Byrsinus fuscipes (Mulsant & Rey, 1866)",,LZS93,4486107,LZS8S,4486103
B1288:1:32,"Byrsinus pilosulus (Klug, 1845)","(Klug, 1845)",Byrsinus,,pilosulus,,species,,B1288:1,accepted,,,B1288:1:28,Byrsinus,,,,,Cydnidae,Cydninae,Byrsinus,,Pentatomoidea | Cydnidae | Cydninae | Geotomini | Byrsinus,"pilosulus (Klug, 1845)",,LZSB3,4486105,LZSB3,4486105
B1288:1:33,Geotomus,,,,,,genus,,B1288:1,accepted,,,B1288:1:25,"Geotomini Wagner, 1963",,,,,Cydnidae,Cydninae,Geotomus,,Pentatomoidea | Cydnidae | Cydninae | Geotomini,Geotomus,,PCND5,2078736,PCND5,2078736
B1288:1:34,"Geotomus brunnipennis Wagner, 1953","Wagner, 1953",Geotomus,,brunnipennis,,species,,B1288:1,accepted,,,B1288:1:33,Geotomus,,,,,Cydnidae,Cydninae,Geotomus,,Pentatomoidea | Cydnidae | Cydninae | Geotomini | Geotomus,"brunnipennis Wagner, 1953",,PCNFX,4486125,PCNFX,4486125
B1288:1:35,"Geotomus elongatus (Herrich-Schaeffer, 1840)","(Herrich-Schaeffer, 1840)",Geotomus,,elongatus,,species,,B1288:1,accepted,,,B1288:1:33,Geotomus,,,,,Cydnidae,Cydninae,Geotomus,,Pentatomoidea | Cydnidae | Cydninae | Geotomini | Geotomus,"elongatus (Herrich-Schaeffer, 1840)",,PCNGX,4486118,PCNGX,4486118
B1288:1:36,"Geotomus petiti Wagner, 1954","Wagner, 1954",Geotomus,,petiti,,species,,B1288:1,accepted,,,B1288:1:33,Geotomus,,,,,Cydnidae,Cydninae,Geotomus,,Pentatomoidea | Cydnidae | Cydninae | Geotomini | Geotomus,"petiti Wagner, 1954",,PCNMM,4486121,PCNMM,4486121
B1288:1:37,"Geotomus punctulatus (A. Costa, 1847)","(A. Costa, 1847)",Geotomus,,punctulatus,,species,,B1288:1,accepted,,,B1288:1:33,Geotomus,,,,,Cydnidae,Cydninae,Geotomus,,Pentatomoidea | Cydnidae | Cydninae | Geotomini | Geotomus,"punctulatus (A. Costa, 1847)",,PCNMY,4486116,PCNMY,4486116
B1288:1:38,Macroscytus,,,,,,genus,,B1288:1,accepted,,,B1288:1:25,"Geotomini Wagner, 1963",,,,,Cydnidae,Cydninae,Macroscytus,,Pentatomoidea | Cydnidae | Cydninae | Geotomini,Macroscytus,,Q9VGX,2078734,Q9VGX,2078734
B1288:1:39,"Macroscytus brunneus (Fabricius, 1803)","(Fabricius, 1803)",Macroscytus,,brunneus,,species,,B1288:1,accepted,,,B1288:1:38,Macroscytus,,,,,Cydnidae,Cydninae,Macroscytus,,Pentatomoidea | Cydnidae | Cydninae | Geotomini | Macroscytus,"brunneus (Fabricius, 1803)",,Q9VKB,4486089,Q9VKB,4486089
B1288:1:40,Microporus,,,,,,genus,,B1288:1,accepted,,,B1288:1:25,"Geotomini Wagner, 1963",,,,,Cydnidae,Cydninae,Microporus,,Pentatomoidea | Cydnidae | Cydninae | Geotomini,Microporus,,QN4PN,2078797,QN4PN,2078797
B1288:1:41,"Microporus nigrita (Fabricius, 1794)","(Fabricius, 1794)",Microporus,,nigrita,,species,,B1288:1,accepted,,,B1288:1:40,Microporus,,,,,Cydnidae,Cydninae,Microporus,,Pentatomoidea | Cydnidae | Cydninae | Geotomini | Microporus,"nigrita (Fabricius, 1794)",,QN6RH,5758803,L7WRG,5758803
B1288:1:42,"Sehirinae Amyot & Serville, 1843","Amyot & Serville, 1843",,,,,subfamily,,B1288:1,accepted,,,B1288:1:15,"Cydnidae Billberg, 1820",,,,,Cydnidae,Sehirinae,,,Pentatomoidea | Cydnidae,"Sehirinae Amyot & Serville, 1843",,,,,
B1288:1:43,"Sehirini Amyot & Serville, 1843","Amyot & Serville, 1843",,,,,tribe,,B1288:1,accepted,,,B1288:1:42,"Sehirinae Amyot & Serville, 1843",,,,,Cydnidae,Sehirinae,,,Pentatomoidea | Cydnidae | Sehirinae,"Sehirini Amyot & Serville, 1843",,,,,
B1288:1:44,Adomerus,,,,,,genus,,B1288:1,accepted,,,B1288:1:43,"Sehirini Amyot & Serville, 1843",,,,,Cydnidae,Sehirinae,Adomerus,,Pentatomoidea | Cydnidae | Sehirinae | Sehirini,Adomerus,,L5Y4H,4405030,L5Y4H,4405030
B1288:1:45,"Adomerus biguttatus (Linnaeus, 1758)","(Linnaeus, 1758)",Adomerus,,biguttatus,,species,,B1288:1,accepted,,,B1288:1:44,Adomerus,,,,,Cydnidae,Sehirinae,Adomerus,,Pentatomoidea | Cydnidae | Sehirinae | Sehirini | Adomerus,"biguttatus (Linnaeus, 1758)",,L5Y4S,4486134,L5Y4S,4486134
B1288:1:46,Canthophorus,,,,,,genus,,B1288:1,accepted,,,B1288:1:43,"Sehirini Amyot & Serville, 1843",,,,,Cydnidae,Sehirinae,Canthophorus,,Pentatomoidea | Cydnidae | Sehirinae | Sehirini,Canthophorus,,M78P5,4289992,SYLS3,4289992
B1288:1:47,"Canthophorus dubius (Scopoli, 1763)","(Scopoli, 1763)",Canthophorus,,dubius,,species,,B1288:1,accepted,,,B1288:1:46,Canthophorus,,,,,Cydnidae,Sehirinae,Canthophorus,,Pentatomoidea | Cydnidae | Sehirinae | Sehirini | Canthophorus,"dubius (Scopoli, 1763)",,M78PP,4486159,M78QG,4486159
B1288:1:48,"Canthophorus impressus (Horváth, 1880)","(Horváth, 1880)",Canthophorus,,impressus,,species,,B1288:1,accepted,,,B1288:1:46,Canthophorus,,,,,Cydnidae,Sehirinae,Canthophorus,,Pentatomoidea | Cydnidae | Sehirinae | Sehirini | Canthophorus,"impressus (Horváth, 1880)",,M78QG,4486152,M78QG,4486152
B1288:1:49,"Canthophorus melanopterus (Herrich-Schaeffer, 1835)","(Herrich-Schaeffer, 1835)",Canthophorus,,melanopterus,,species,,B1288:1,accepted,,,B1288:1:46,Canthophorus,,,,,Cydnidae,Sehirinae,Canthophorus,,Pentatomoidea | Cydnidae | Sehirinae | Sehirini | Canthophorus,"melanopterus (Herrich-Schaeffer, 1835)",,M78RB,4486146,M78RB,4486146
B1288:1:50,"Canthophorus fuscipennis (Horváth, 1899)","(Horváth, 1899)",Canthophorus,,fuscipennis,,species,,B1288:1,accepted,,,B1288:1:46,Canthophorus,,,,,Cydnidae,Sehirinae,Canthophorus,,Pentatomoidea | Cydnidae | Sehirinae | Sehirini | Canthophorus,"fuscipennis (Horváth, 1899)",,M78Q8,4486155,L5Y4Z,11329351
B1288:1:51,"Canthophorus maculipes (Mulsant & Rey, 1852)","(Mulsant & Rey, 1852)",Canthophorus,,maculipes,,species,,B1288:1,accepted,,,B1288:1:46,Canthophorus,,,,,Cydnidae,Sehirinae,Canthophorus,,Pentatomoidea | Cydnidae | Sehirinae | Sehirini | Canthophorus,"maculipes (Mulsant & Rey, 1852)",,M78PF,4486157,L5Y53,11292643
B1288:1:52,Legnotus,,,,,,genus,,B1288:1,accepted,,,B1288:1:43,"Sehirini Amyot & Serville, 1843",,,,,Cydnidae,Sehirinae,Legnotus,,Pentatomoidea | Cydnidae | Sehirinae | Sehirini,Legnotus,,PX3DX,3265255,PX3DX,3265255
B1288:1:53,"Legnotus fumigatus (A. Costa, 1853)","(A. Costa, 1853)",Legnotus,,fumigatus,,species,,B1288:1,accepted,,,B1288:1:52,Legnotus,,,,,Cydnidae,Sehirinae,Legnotus,,Pentatomoidea | Cydnidae | Sehirinae | Sehirini | Legnotus,"fumigatus (A. Costa, 1853)",,PX3FT,7675916,PX3FT,7675916
B1288:1:54,"Gnathoconus concolor Mulsant & Rey, 1866","Mulsant & Rey, 1866",Gnathoconus,,concolor,,species,,B1288:1,synonym,B1288:1:53,"Legnotus fumigatus (A. Costa, 1853)",,,,,,,Cydnidae,Sehirinae,Legnotus,,Pentatomoidea | Cydnidae | Sehirinae | Sehirini | Legnotus,"Gnathoconus concolor Mulsant & Rey, 1866",,P3YXZ,,PX3FT,
B1288:1:55,"Legnotus similis Wagner, 1960","Wagner, 1960",Legnotus,,similis,,species,,B1288:1,synonym,B1288:1:53,"Legnotus fumigatus (A. Costa, 1853)",,,,,,,Cydnidae,Sehirinae,Legnotus,,Pentatomoidea | Cydnidae | Sehirinae | Sehirini | Legnotus,"Legnotus similis Wagner, 1960",,PX3H9,7822935,PX3FT,7675916
B1288:1:56,"Legnotus limbosus (Geoffroy, 1785)","(Geoffroy, 1785)",Legnotus,,limbosus,,species,,B1288:1,accepted,,,B1288:1:52,Legnotus,,,,,Cydnidae,Sehirinae,Legnotus,,Pentatomoidea | Cydnidae | Sehirinae | Sehirini | Legnotus,"limbosus (Geoffroy, 1785)",,PX3G4,5758810,PX3G4,5758810
B1288:1:57,"Gnathoconus albomarginatus (Goeze, 1778)","(Goeze, 1778)",Gnathoconus,,albomarginatus,,species,,B1288:1,synonym,B1288:1:56,"Legnotus limbosus (Geoffroy, 1785)",,,,,,,Cydnidae,Sehirinae,Legnotus,,Pentatomoidea | Cydnidae | Sehirinae | Sehirini | Legnotus,"Gnathoconus albomarginatus (Goeze, 1778)",,P3YXX,10971267,PX3G4,5758810
B1288:1:58,"Legnotus picipes (Fallén, 1807)","(Fallén, 1807)",Legnotus,,picipes,,species,,B1288:1,accepted,,,B1288:1:52,Legnotus,,,,,Cydnidae,Sehirinae,Legnotus,,Pentatomoidea | Cydnidae | Sehirinae | Sehirini | Legnotus,"picipes (Fallén, 1807)",,PX3GV,5758812,PX3GV,5758812
B1288:1:59,Ochetostethus,,,,,,genus,,B1288:1,accepted,,,B1288:1:43,"Sehirini Amyot & Serville, 1843",,,,,Cydnidae,Sehirinae,Ochetostethus,,Pentatomoidea | Cydnidae | Sehirinae | Sehirini,Ochetostethus,,QTS3K,4404611,QTS3K,4404611
B1288:1:60,"Ochetostethus balcanicus Wagner, 1940","Wagner, 1940",Ochetostethus,,balcanicus,,species,,B1288:1,accepted,,,B1288:1:59,Ochetostethus,,,,,Cydnidae,Sehirinae,Ochetostethus,,Pentatomoidea | Cydnidae | Sehirinae | Sehirini | Ochetostethus,"balcanicus Wagner, 1940",,QTS3V,4486194,QTS3V,4486194
B1288:1:61,"Ochetostethus melonii Rizzotti Vlach, 2000","Rizzotti Vlach, 2000",Ochetostethus,,melonii,,species,,B1288:1,accepted,,,B1288:1:59,Ochetostethus,,,,,Cydnidae,Sehirinae,Ochetostethus,,Pentatomoidea | Cydnidae | Sehirinae | Sehirini | Ochetostethus,"melonii Rizzotti Vlach, 2000",,QTS4P,4486186,QTS4P,4486186
B1288:1:62,"Ochetostethus nanus (Herrich-Schaeffer, 1834)","(Herrich-Schaeffer, 1834)",Ochetostethus,,nanus,,species,,B1288:1,accepted,,,B1288:1:59,Ochetostethus,,,,,Cydnidae,Sehirinae,Ochetostethus,,Pentatomoidea | Cydnidae | Sehirinae | Sehirini | Ochetostethus,"nanus (Herrich-Schaeffer, 1834)",,QTS4X,4486192,QTS4X,4486192
B1288:1:63,"Ochetostethus pygmaeus (Rambur, 1839)","(Rambur, 1839)",Ochetostethus,,pygmaeus,,species,,B1288:1,accepted,,,B1288:1:59,Ochetostethus,,,,,Cydnidae,Sehirinae,Ochetostethus,,Pentatomoidea | Cydnidae | Sehirinae | Sehirini | Ochetostethus,"pygmaeus (Rambur, 1839)",,QTS5J,4486184,QTS5J,4486184
B1288:1:64,"Ochetostethus tarsalis (Mulsant & Rey, 1852)","(Mulsant & Rey, 1852)",Ochetostethus,,tarsalis,,species,,B1288:1,accepted,,,B1288:1:59,Ochetostethus,,,,,Cydnidae,Sehirinae,Ochetostethus,,Pentatomoidea | Cydnidae | Sehirinae | Sehirini | Ochetostethus,"tarsalis (Mulsant & Rey, 1852)",,QTS6D,4486190,QTS6D,4486190
B1288:1:65,Sehirus,,,,,,genus,,B1288:1,accepted,,,B1288:1:43,"Sehirini Amyot & Serville, 1843",,,,,Cydnidae,Sehirinae,Sehirus,,Pentatomoidea | Cydnidae | Sehirinae | Sehirini,Sehirus,,SYLS3,2078780,SYLS3,2078780
B1288:1:66,"Sehirus luctuosus Mulsant & Rey, 1866","Mulsant & Rey, 1866",Sehirus,,luctuosus,,species,,B1288:1,accepted,,,B1288:1:65,Sehirus,,,,,Cydnidae,Sehirinae,Sehirus,,Pentatomoidea | Cydnidae | Sehirinae | Sehirini | Sehirus,"luctuosus Mulsant & Rey, 1866",,SYLTY,4486163,SYLTY,4486163
B1288:1:67,"Sehirus morio (Linnaeus, 1761)","(Linnaeus, 1761)",Sehirus,,morio,,species,,B1288:1,accepted,,,B1288:1:65,Sehirus,,,,,Cydnidae,Sehirinae,Sehirus,,Pentatomoidea | Cydnidae | Sehirinae | Sehirini | Sehirus,"morio (Linnaeus, 1761)",,SYLV9,2078781,SYLV9,2078781
B1288:1:68,Tritomegas,,,,,,genus,,B1288:1,accepted,,,B1288:1:43,"Sehirini Amyot & Serville, 1843",,,,,Cydnidae,Sehirinae,Tritomegas,,Pentatomoidea | Cydnidae | Sehirinae | Sehirini,Tritomegas,,TQMJP,3265258,TQMJP,3265258
B1288:1:69,"Tritomegas bicolor (Linnaeus, 1758)","(Linnaeus, 1758)",Tritomegas,,bicolor,,species,,B1288:1,accepted,,,B1288:1:68,Tritomegas,,,,,Cydnidae,Sehirinae,Tritomegas,,Pentatomoidea | Cydnidae | Sehirinae | Sehirini | Tritomegas,"bicolor (Linnaeus, 1758)",,TQMJW,5758805,TQMJW,5758805
B1288:1:70,"Tritomegas rotundipennis (Dohrn, 1862)","(Dohrn, 1862)",Tritomegas,,rotundipennis,,species,,B1288:1,accepted,,,B1288:1:68,Tritomegas,,,,,Cydnidae,Sehirinae,Tritomegas,,Pentatomoidea | Cydnidae | Sehirinae | Sehirini | Tritomegas,"rotundipennis (Dohrn, 1862)",,TQMK5,7961766,TQMK5,7961766
B1288:1:71,"Tritomegas sexmaculatus (Rambur, 1839)","(Rambur, 1839)",Tritomegas,,sexmaculatus,,species,,B1288:1,accepted,,,B1288:1:68,Tritomegas,,,,,Cydnidae,Sehirinae,Tritomegas,,Pentatomoidea | Cydnidae | Sehirinae | Sehirini | Tritomegas,"sexmaculatus (Rambur, 1839)",,TQMK9,5758809,TQMK9,5758809
B1288:1:72,"Thyreocoridae Amyot & Serville, 1843","Amyot & Serville, 1843",,,,,family,,B1288:1,accepted,,,B1288:1:1,"Pentatomoidea Leach, 1815",,,,,Thyreocoridae,,,,Pentatomoidea,"Thyreocoridae Amyot & Serville, 1843",,BY545,7898,BY545,7898
B1288:1:73,"Thyreocorinae Amyot & Serville, 1843","Amyot & Serville, 1843",,,,,subfamily,,B1288:1,accepted,,,B1288:1:72,"Thyreocoridae Amyot & Serville, 1843",,,,,Thyreocoridae,Thyreocorinae,,,Pentatomoidea | Thyreocoridae,"Thyreocorinae Amyot & Serville, 1843",,,,,
B1288:1:74,Thyreocoris,,,,,,genus,,B1288:1,accepted,,,B1288:1:73,"Thyreocorinae Amyot & Serville, 1843",,,,,Thyreocoridae,Thyreocorinae,Thyreocoris,,Pentatomoidea | Thyreocoridae | Thyreocorinae,Thyreocoris,,TKJL6,4486000,TKJL6,4486000
B1288:1:75,"Thyreocoris fulvipennis (Dallas, 1851)","(Dallas, 1851)",Thyreocoris,,fulvipennis,,species,,B1288:1,accepted,,,B1288:1:74,Thyreocoris,,,,,Thyreocoridae,Thyreocorinae,Thyreocoris,,Pentatomoidea | Thyreocoridae | Thyreocorinae | Thyreocoris,"fulvipennis (Dallas, 1851)",,TKJLJ,4486002,TKJLJ,4486002
B1288:1:76,"Thyreocoris fulvinervis (Scott, 1870)","(Scott, 1870)",Thyreocoris,,fulvinervis,,species,,B1288:1,synonym,B1288:1:75,"Thyreocoris fulvipennis (Dallas, 1851)",,,,,,,Thyreocoridae,Thyreocorinae,Thyreocoris,,Pentatomoidea | Thyreocoridae | Thyreocorinae | Thyreocoris,"Thyreocoris fulvinervis (Scott, 1870)",,,,,
B1288:1:77,"Thyreocoris scarabaeoides (Linnaeus, 1758)","(Linnaeus, 1758)",Thyreocoris,,scarabaeoides,,species,,B1288:1,accepted,,,B1288:1:74,Thyreocoris,,,,,Thyreocoridae,Thyreocorinae,Thyreocoris,,Pentatomoidea | Thyreocoridae | Thyreocorinae | Thyreocoris,"scarabaeoides (Linnaeus, 1758)",,TKJLQ,4486004,TKJLQ,4486004
B1288:1:78,"Scutelleridae Leach, 1815","Leach, 1815",,,,,family,,B1288:1,accepted,,,B1288:1:1,"Pentatomoidea Leach, 1815",,,,,Scutelleridae,,,,Pentatomoidea,"Scutelleridae Leach, 1815",,BXWJF,4327,BXWJF,4327
B1288:1:79,"Elvisurinae Stål, 1872","Stål, 1872",,,,,subfamily,,B1288:1,accepted,,,B1288:1:78,"Scutelleridae Leach, 1815",,,,,Scutelleridae,Elvisurinae,,,Pentatomoidea | Scutelleridae,"Elvisurinae Stål, 1872",,,,,
B1288:1:80,Solenosthedium,,,,,,genus,,B1288:1,accepted,,,B1288:1:79,"Elvisurinae Stål, 1872",,,,,Scutelleridae,Elvisurinae,Solenosthedium,,Pentatomoidea | Scutelleridae | Elvisurinae,Solenosthedium,,SRZHB,4486078,SRZHB,4486078
B1288:1:81,"Solenosthedium bilunatum (Lefebvre, 1827)","(Lefebvre, 1827)",Solenosthedium,,bilunatum,,species,,B1288:1,accepted,,,B1288:1:80,Solenosthedium,,,,,Scutelleridae,Elvisurinae,Solenosthedium,,Pentatomoidea | Scutelleridae | Elvisurinae | Solenosthedium,"bilunatum (Lefebvre, 1827)",,SRZHF,4486079,SRZHF,4486079
B1288:1:82,"Solenosthedium lynceum (Fabricius, 1794)","(Fabricius, 1794)",Solenosthedium,,lynceum,,species,,B1288:1,synonym,B1288:1:81,"Solenosthedium bilunatum (Lefebvre, 1827)",,,,,,,Scutelleridae,Elvisurinae,Solenosthedium,,Pentatomoidea | Scutelleridae | Elvisurinae | Solenosthedium,"Solenosthedium lynceum (Fabricius, 1794)",,,,,
B1288:1:83,"Eurygastrinae Amyot & Serville, 1843","Amyot & Serville, 1843",,,,,subfamily,,B1288:1,accepted,,,B1288:1:78,"Scutelleridae Leach, 1815",,,,,Scutelleridae,Eurygastrinae,,,Pentatomoidea | Scutelleridae,"Eurygastrinae Amyot & Serville, 1843",,,,,
B1288:1:84,"Eurygastrini Amyot & Serville, 1843","Amyot & Serville, 1843",,,,,tribe,,B1288:1,accepted,,,B1288:1:83,"Eurygastrinae Amyot & Serville, 1843",,,,,Scutelleridae,Eurygastrinae,,,Pentatomoidea | Scutelleridae | Eurygastrinae,"Eurygastrini Amyot & Serville, 1843",,,,,
B1288:1:85,Eurygaster,,,,,,genus,,B1288:1,accepted,,,B1288:1:84,"Eurygastrini Amyot & Serville, 1843",,,,,Scutelleridae,Eurygastrinae,Eurygaster,,Pentatomoidea | Scutelleridae | Eurygastrinae | Eurygastrini,Eurygaster,,P49BY,2079334,P49BY,2079334
B1288:1:86,"Eurygaster austriaca (Schrank, 1776)","(Schrank, 1776)",Eurygaster,,austriaca,,species,,B1288:1,accepted,,,B1288:1:85,Eurygaster,,,,,Scutelleridae,Eurygastrinae,Eurygaster,,Pentatomoidea | Scutelleridae | Eurygastrinae | Eurygastrini | Eurygaster,"austriaca (Schrank, 1776)",,P49DB,5758791,P49DB,5758791
B1288:1:87,"Eurygaster nigrocucullata (Goeze, 1778)","(Goeze, 1778)",Eurygaster,,nigrocucullata,,species,,B1288:1,synonym,B1288:1:86,"Eurygaster austriaca (Schrank, 1776)",,,,,,,Scutelleridae,Eurygastrinae,Eurygaster,,Pentatomoidea | Scutelleridae | Eurygastrinae | Eurygastrini | Eurygaster,"Eurygaster nigrocucullata (Goeze, 1778)",,P49MF,9900296,P49DB,5758791
B1288:1:88,"Eurygaster austriaca subsp. seabrai China, 1938","China, 1938",Eurygaster,,austriaca,seabrai,subspecies,,B1288:1,synonym,B1288:1:86,"Eurygaster austriaca (Schrank, 1776)",,,,,,,Scutelleridae,Eurygastrinae,Eurygaster,,Pentatomoidea | Scutelleridae | Eurygastrinae | Eurygastrini | Eurygaster,"Eurygaster austriaca seabrai China, 1938",,P49DX,9140186,P49DB,5758791
B1288:1:89,"Eurygaster dilaticollis Dohrn, 1860","Dohrn, 1860",Eurygaster,,dilaticollis,,species,,B1288:1,accepted,,,B1288:1:85,Eurygaster,,,,,Scutelleridae,Eurygastrinae,Eurygaster,,Pentatomoidea | Scutelleridae | Eurygastrinae | Eurygastrini | Eurygaster,"dilaticollis Dohrn, 1860",,P49GT,8094697,P49GT,8094697
B1288:1:90,"Eurygaster schreiberi Montandon, 1885","Montandon, 1885",Eurygaster,,schreiberi,,species,,B1288:1,synonym,B1288:1:89,"Eurygaster dilaticollis Dohrn, 1860",,,,,,,Scutelleridae,Eurygastrinae,Eurygaster,,Pentatomoidea | Scutelleridae | Eurygastrinae | Eurygastrini | Eurygaster,"Eurygaster schreiberi Montandon, 1885",,,,,
B1288:1:91,"Eurygaster hottentotta (Fabricius, 1775)","(Fabricius, 1775)",Eurygaster,,hottentotta,,species,,B1288:1,accepted,,,B1288:1:85,Eurygaster,,,,,Scutelleridae,Eurygastrinae,Eurygaster,,Pentatomoidea | Scutelleridae | Eurygastrinae | Eurygastrini | Eurygaster,"hottentotta (Fabricius, 1775)",,P49HX,5160030,P49HX,5758791
B1288:1:92,"Eurygaster maroccana (Fabricius, 1798)","(Fabricius, 1798)",Eurygaster,,maroccana,,species,,B1288:1,synonym,B1288:1:91,"Eurygaster hottentotta (Fabricius, 1775)",,,,,,,Scutelleridae,Eurygastrinae,Eurygaster,,Pentatomoidea | Scutelleridae | Eurygastrinae | Eurygastrini | Eurygaster,"Eurygaster maroccana (Fabricius, 1798)",,P49KM,,P49HX,
B1288:1:93,"Eurygaster maura (Linnaeus, 1758)","(Linnaeus, 1758)",Eurygaster,,maura,,species,,B1288:1,accepted,,,B1288:1:85,Eurygaster,,,,,Scutelleridae,Eurygastrinae,Eurygaster,,Pentatomoidea | Scutelleridae | Eurygastrinae | Eurygastrini | Eurygaster,"maura (Linnaeus, 1758)",,P49KS,5758789,P49KS,5758789
B1288:1:94,"Eurygaster minor Montandon, 1885","Montandon, 1885",Eurygaster,,minor,,species,,B1288:1,synonym,B1288:1:93,"Eurygaster maura (Linnaeus, 1758)",,,,,,,Scutelleridae,Eurygastrinae,Eurygaster,,Pentatomoidea | Scutelleridae | Eurygastrinae | Eurygastrini | Eurygaster,"Eurygaster minor Montandon, 1885",,P49LT,7647491,P49KS,5758789
B1288:1:95,"Eurygaster testudinaria (Geoffroy, 1785)","(Geoffroy, 1785)",Eurygaster,,testudinaria,,species,,B1288:1,accepted,,,B1288:1:85,Eurygaster,,,,,Scutelleridae,Eurygastrinae,Eurygaster,,Pentatomoidea | Scutelleridae | Eurygastrinae | Eurygastrini | Eurygaster,"testudinaria (Geoffroy, 1785)",,P49QW,5758794,P49QW,5758794
B1288:1:96,"Psacastini Mulsant & Rey, 1865","Mulsant & Rey, 1865",,,,,tribe,,B1288:1,accepted,,,B1288:1:83,"Eurygastrinae Amyot & Serville, 1843",,,,,Scutelleridae,Eurygastrinae,,,Pentatomoidea | Scutelleridae | Eurygastrinae,"Psacastini Mulsant & Rey, 1865",,,,,
B1288:1:97,Psacasta,,,,,,genus,,B1288:1,accepted,,,B1288:1:96,"Psacastini Mulsant & Rey, 1865",,,,,Scutelleridae,Eurygastrinae,Psacasta,,Pentatomoidea | Scutelleridae | Eurygastrinae | Psacastini,Psacasta,,S6GQB,4404628,S6GQB,4404628
B1288:1:98,Cryptodontus,,Psacasta,,,,subgenus,,B1288:1,accepted,,,B1288:1:97,Psacasta,,,,,Scutelleridae,Eurygastrinae,Psacasta,Cryptodontus,Pentatomoidea | Scutelleridae | Eurygastrinae | Psacastini | Psacasta,Cryptodontus,,,,,
B1288:1:99,"Psacasta tuberculata (Fabricius, 1781)","(Fabricius, 1781)",Psacasta,Cryptodontus,tuberculata,,species,,B1288:1,accepted,,,B1288:1:98,Cryptodontus,,,,,Scutelleridae,Eurygastrinae,Psacasta,Cryptodontus,Pentatomoidea | Scutelleridae | Eurygastrinae | Psacastini | Psacasta | Cryptodontus,"tuberculata (Fabricius, 1781)",,S6GQS,4486065,S6GQS,4486065
B1288:1:100,Psacasta,,Psacasta,,,,subgenus,,B1288:1,accepted,,,B1288:1:97,Psacasta,,,,,Scutelleridae,Eurygastrinae,Psacasta,Psacasta,Pentatomoidea | Scutelleridae | Eurygastrinae | Psacastini | Psacasta,Psacasta,,S6GQB,,S6GQB,
B1288:1:101,"Psacasta exanthematica (Scopoli, 1763)","(Scopoli, 1763)",Psacasta,Psacasta,exanthematica,,species,,B1288:1,accepted,,,B1288:1:100,Psacasta,,,,,Scutelleridae,Eurygastrinae,Psacasta,Psacasta,Pentatomoidea | Scutelleridae | Eurygastrinae | Psacastini | Psacasta | Psacasta,"exanthematica (Scopoli, 1763)",,S6GR4,4486072,S6GR4,4486072
B1288:1:102,"Psacasta exanthematica subsp. exanthematica (Scopoli, 1763)","(Scopoli, 1763)",Psacasta,Psacasta,exanthematica,exanthematica,subspecies,,B1288:1,accepted,,,B1288:1:101,"Psacasta exanthematica (Scopoli, 1763)",,,,,Scutelleridae,Eurygastrinae,Psacasta,Psacasta,Pentatomoidea | Scutelleridae | Eurygastrinae | Psacastini | Psacasta | Psacasta | Psacasta exanthematica,"subsp. exanthematica (Scopoli, 1763)",,S6GRB,4486074,S6GRB,4486074
B1288:1:103,"Psacasta exanthematica subsp. cerinthe (Fabricius, 1787)","(Fabricius, 1787)",Psacasta,Psacasta,exanthematica,cerinthe,subspecies,,B1288:1,accepted,,,B1288:1:101,"Psacasta exanthematica (Scopoli, 1763)",,,,,Scutelleridae,Eurygastrinae,Psacasta,Psacasta,Pentatomoidea | Scutelleridae | Eurygastrinae | Psacastini | Psacasta | Psacasta | Psacasta exanthematica,"subsp. cerinthe (Fabricius, 1787)",,S6GR7,4486076,S6GR7,4486076
B1288:1:104,"Psacasta granulata (A. Costa, 1847)","(A. Costa, 1847)",Psacasta,Psacasta,granulata,,species,,B1288:1,accepted,,,B1288:1:100,Psacasta,,,,,Scutelleridae,Eurygastrinae,Psacasta,Psacasta,Pentatomoidea | Scutelleridae | Eurygastrinae | Psacastini | Psacasta | Psacasta,"granulata (A. Costa, 1847)",,S6GRH,4486070,S6GRH,4486070
B1288:1:105,"Psacasta conspersa (Germar, 1839)","(Germar, 1839)",Psacasta,,conspersa,,species,par erreur !,B1288:1,synonym,B1288:1:104,"Psacasta granulata (A. Costa, 1847)",,,,,,,Scutelleridae,Eurygastrinae,Psacasta,Psacasta,Pentatomoidea | Scutelleridae | Eurygastrinae | Psacastini | Psacasta | Psacasta,"Psacasta conspersa (Germar, 1839) par erreur !",,DM2ZK,7458338,S6GRH,4486070
B1288:1:106,"Odontoscelinae Amyot & Serville, 1843","Amyot & Serville, 1843",,,,,subfamily,,B1288:1,accepted,,,B1288:1:78,"Scutelleridae Leach, 1815",,,,,Scutelleridae,Odontoscelinae,,,Pentatomoidea | Scutelleridae,"Odontoscelinae Amyot & Serville, 1843",,,,,
B1288:1:107,Irochrotus,,,,,,genus,,B1288:1,accepted,,,B1288:1:106,"Odontoscelinae Amyot & Serville, 1843",,,,,Scutelleridae,Odontoscelinae,Irochrotus,,Pentatomoidea | Scutelleridae | Odontoscelinae,Irochrotus,,PLL9J,4405998,PLL9J,4405998
B1288:1:108,"Irochrotus maculiventris (Germar, 1839)","(Germar, 1839)",Irochrotus,,maculiventris,,species,,B1288:1,accepted,,,B1288:1:107,Irochrotus,,,,,Scutelleridae,Odontoscelinae,Irochrotus,,Pentatomoidea | Scutelleridae | Odontoscelinae | Irochrotus,"maculiventris (Germar, 1839)",,PLLB4,4486037,PLLB4,4486037
B1288:1:109,Odontoscelis,,,,,,genus,,B1288:1,accepted,,,B1288:1:106,"Odontoscelinae Amyot & Serville, 1843",,,,,Scutelleridae,Odontoscelinae,Odontoscelis,,Pentatomoidea | Scutelleridae | Odontoscelinae,Odontoscelis,,R2GVQ,2079364,R2GVQ,2079364
B1288:1:110,Odontoscelis,,Odontoscelis,,,,subgenus,,B1288:1,accepted,,,B1288:1:109,Odontoscelis,,,,,Scutelleridae,Odontoscelinae,Odontoscelis,Odontoscelis,Pentatomoidea | Scutelleridae | Odontoscelinae | Odontoscelis,Odontoscelis,,R2GVQ,,R2GVQ,
B1288:1:111,"Odontoscelis fuliginosa (Linnaeus, 1761)","(Linnaeus, 1761)",Odontoscelis,Odontoscelis,fuliginosa,,species,,B1288:1,accepted,,,B1288:1:110,Odontoscelis,,,,,Scutelleridae,Odontoscelinae,Odontoscelis,Odontoscelis,Pentatomoidea | Scutelleridae | Odontoscelinae | Odontoscelis | Odontoscelis,"fuliginosa (Linnaeus, 1761)",,R2GXN,5758780,R2GXN,5758780
B1288:1:112,"Odontoscelis lineola Rambur, 1839","Rambur, 1839",Odontoscelis,Odontoscelis,lineola,,species,,B1288:1,accepted,,,B1288:1:110,Odontoscelis,,,,,Scutelleridae,Odontoscelinae,Odontoscelis,Odontoscelis,Pentatomoidea | Scutelleridae | Odontoscelinae | Odontoscelis | Odontoscelis,"lineola Rambur, 1839",,R2GXV,5758782,R2GXV,5758782
B1288:1:113,"Odontoscelis dorsalis (Fabricius, 1798)","(Fabricius, 1798)",Odontoscelis,,dorsalis,,species,par erreur !,B1288:1,synonym,B1288:1:112,"Odontoscelis lineola Rambur, 1839",,,,,,,Scutelleridae,Odontoscelinae,Odontoscelis,Odontoscelis,Pentatomoidea | Scutelleridae | Odontoscelinae | Odontoscelis | Odontoscelis,"Odontoscelis dorsalis (Fabricius, 1798) par erreur !",,R2GXF,5758783,R2GXV,5758782
B1288:1:114,"Odontoscelis dubia Wagner, 1957","Wagner, 1957",Odontoscelis,,dubia,,species,,B1288:1,synonym,B1288:1:112,"Odontoscelis lineola Rambur, 1839",,,,,,,Scutelleridae,Odontoscelinae,Odontoscelis,Odontoscelis,Pentatomoidea | Scutelleridae | Odontoscelinae | Odontoscelis | Odontoscelis,"Odontoscelis dubia Wagner, 1957",,R2GZD,10945873,R2GXV,5758782
B1288:1:115,"Odontotarsinae Mulsant & Rey, 1865","Mulsant & Rey, 1865",,,,,subfamily,,B1288:1,accepted,,,B1288:1:78,"Scutelleridae Leach, 1815",,,,,Scutelleridae,Odontotarsinae,,,Pentatomoidea | Scutelleridae,"Odontotarsinae Mulsant & Rey, 1865",,,,,
B1288:1:116,"Odontotarsini Mulsant & Rey, 1865","Mulsant & Rey, 1865",,,,,tribe,,B1288:1,accepted,,,B1288:1:115,"Odontotarsinae Mulsant & Rey, 1865",,,,,Scutelleridae,Odontotarsinae,,,Pentatomoidea | Scutelleridae | Odontotarsinae,"Odontotarsini Mulsant & Rey, 1865",,,,,
B1288:1:117,Odontotarsus,,,,,,genus,,B1288:1,accepted,,,B1288:1:116,"Odontotarsini Mulsant & Rey, 1865",,,,,Scutelleridae,Odontotarsinae,Odontotarsus,,Pentatomoidea | Scutelleridae | Odontotarsinae | Odontotarsini,Odontotarsus,,R2Q79,4486008,R2Q79,4486008
B1288:1:118,"Odontotarsus callosus Horváth, 1896","Horváth, 1896",Odontotarsus,,callosus,,species,,B1288:1,accepted,,,B1288:1:117,Odontotarsus,,,,,Scutelleridae,Odontotarsinae,Odontotarsus,,Pentatomoidea | Scutelleridae | Odontotarsinae | Odontotarsini | Odontotarsus,"callosus Horváth, 1896",,R2Q86,4486018,R2Q86,4486018
B1288:1:119,"Odontotarsus caudatus (Burmeister, 1835)","(Burmeister, 1835)",Odontotarsus,,caudatus,,species,,B1288:1,accepted,,,B1288:1:117,Odontotarsus,,,,,Scutelleridae,Odontotarsinae,Odontotarsus,,Pentatomoidea | Scutelleridae | Odontotarsinae | Odontotarsini | Odontotarsus,"caudatus (Burmeister, 1835)",,R2Q8D,4486009,R2Q8D,4486009
B1288:1:120,"Odontotarsus grammicus (Linnaeus, 1767)","(Linnaeus, 1767)",Odontotarsus,,grammicus,,species,,B1288:1,accepted,,,B1288:1:117,Odontotarsus,,,,,Scutelleridae,Odontotarsinae,Odontotarsus,,Pentatomoidea | Scutelleridae | Odontotarsinae | Odontotarsini | Odontotarsus,"grammicus (Linnaeus, 1767)",,R2Q8W,4486019,R2Q8W,4486019
B1288:1:121,"Odontotarsus purpureolineatus (Rossi, 1790)","(Rossi, 1790)",Odontotarsus,,purpureolineatus,,species,,B1288:1,accepted,,,B1288:1:117,Odontotarsus,,,,,Scutelleridae,Odontotarsinae,Odontotarsus,,Pentatomoidea | Scutelleridae | Odontotarsinae | Odontotarsini | Odontotarsus,"purpureolineatus (Rossi, 1790)",,R2QBD,4486022,R2QBD,4486022
B1288:1:122,"Odontotarsus grammicus (Linnaeus, 1767)","(Linnaeus, 1767)",Odontotarsus,,grammicus,,species,par erreur !,B1288:1,synonym,B1288:1:121,"Odontotarsus purpureolineatus (Rossi, 1790)",,,,,,,Scutelleridae,Odontotarsinae,Odontotarsus,,Pentatomoidea | Scutelleridae | Odontotarsinae | Odontotarsini | Odontotarsus,"Odontotarsus grammicus (Linnaeus, 1767) par erreur !",,R2Q8W,4486019,R2Q8W,4486019
B1288:1:123,"Odontotarsus robustus Jakovlev, 1884","Jakovlev, 1884",Odontotarsus,,robustus,,species,,B1288:1,accepted,,,B1288:1:117,Odontotarsus,,,,,Scutelleridae,Odontotarsinae,Odontotarsus,,Pentatomoidea | Scutelleridae | Odontotarsinae | Odontotarsini | Odontotarsus,"robustus Jakovlev, 1884",,R2QBK,4486013,R2QBK,4486013
B1288:1:124,"Phimoderini Fuente, 1974","Fuente, 1974",,,,,tribe,,B1288:1,accepted,,,B1288:1:115,"Odontotarsinae Mulsant & Rey, 1865",,,,,Scutelleridae,Odontotarsinae,,,Pentatomoidea | Scutelleridae | Odontotarsinae,"Phimoderini Fuente, 1974",,,,,
B1288:1:125,Phimodera,,,,,,genus,,B1288:1,accepted,,,B1288:1:124,"Phimoderini Fuente, 1974",,,,,Scutelleridae,Odontotarsinae,Phimodera,,Pentatomoidea | Scutelleridae | Odontotarsinae | Phimoderini,Phimodera,,RFFHN,2079352,RFFHN,2079352
B1288:1:126,"Phimodera flori Fieber, 1863","Fieber, 1863",Phimodera,,flori,,species,,B1288:1,accepted,,,B1288:1:125,Phimodera,,,,,Scutelleridae,Odontotarsinae,Phimodera,,Pentatomoidea | Scutelleridae | Odontotarsinae | Phimoderini | Phimodera,"flori Fieber, 1863",,RFFJG,4486028,RFFJG,4486028
B1288:1:127,"Phimodera humeralis (Dalman, 1823)","(Dalman, 1823)",Phimodera,,humeralis,,species,,B1288:1,accepted,,,B1288:1:125,Phimodera,,,,,Scutelleridae,Odontotarsinae,Phimodera,,Pentatomoidea | Scutelleridae | Odontotarsinae | Phimoderini | Phimodera,"humeralis (Dalman, 1823)",,RFFK6,4486030,RFFK6,4486030
B1288:1:128,"Phimodera galgulina (Herrich-Schaeffer, 1837)","(Herrich-Schaeffer, 1837)",Phimodera,,galgulina,,species,,B1288:1,synonym,B1288:1:127,"Phimodera humeralis (Dalman, 1823)",,,,,,,Scutelleridae,Odontotarsinae,Phimodera,,Pentatomoidea | Scutelleridae | Odontotarsinae | Phimoderini | Phimodera,"Phimodera galgulina (Herrich-Schaeffer, 1837)",,RFFJX,2079354,RFFJX,2079354
B1288:1:129,"Phimodera bufonia Puton, 1888","Puton, 1888",Phimodera,,bufonia,,species,,B1288:1,synonym,B1288:1:127,"Phimodera humeralis (Dalman, 1823)",,,,,,,Scutelleridae,Odontotarsinae,Phimodera,,Pentatomoidea | Scutelleridae | Odontotarsinae | Phimoderini | Phimodera,"Phimodera bufonia Puton, 1888",,,,,
B1288:1:130,"Plataspidae Dallas, 1851","Dallas, 1851",,,,,family,,B1288:1,accepted,,,B1288:1:1,"Pentatomoidea Leach, 1815",,,,,Plataspidae,,,,Pentatomoidea,"Plataspidae Dallas, 1851",,S2FFR,9652,S2FFR,9652
B1288:1:131,"Coptosomatinae Kirkaldy, 1909","Kirkaldy, 1909",,,,,subfamily,,B1288:1,accepted,,,B1288:1:130,"Plataspidae Dallas, 1851",,,,,Plataspidae,Coptosomatinae,,,Pentatomoidea | Plataspidae,"Coptosomatinae Kirkaldy, 1909",,,,,
B1288:1:132,Coptosoma,,,,,,genus,,B1288:1,accepted,,,B1288:1:131,"Coptosomatinae Kirkaldy, 1909",,,,,Plataspidae,Coptosomatinae,Coptosoma,,Pentatomoidea | Plataspidae | Coptosomatinae,Coptosoma,,N6SM8,3265959,N6SM8,3265959
B1288:1:133,"Coptosoma scutellatum (Geoffroy, 1785)","(Geoffroy, 1785)",Coptosoma,,scutellatum,,species,,B1288:1,accepted,,,B1288:1:132,Coptosoma,,,,,Plataspidae,Coptosomatinae,Coptosoma,,Pentatomoidea | Plataspidae | Coptosomatinae | Coptosoma,"scutellatum (Geoffroy, 1785)",,N6SMX,6096723,N6SMX,6096723
B1288:1:134,"Pentatomidae Leach, 1815","Leach, 1815",,,,,family,,B1288:1,accepted,,,B1288:1:1,"Pentatomoidea Leach, 1815",,,,,Pentatomidae,,,,Pentatomoidea,"Pentatomidae Leach, 1815",,BXWJD,9650,BXWJD,9650
B1288:1:135,"Asopinae Amyot & Serville, 1843","Amyot & Serville, 1843",,,,,subfamily,,B1288:1,accepted,,,B1288:1:134,"Pentatomidae Leach, 1815",,,,,Pentatomidae,Asopinae,,,Pentatomoidea | Pentatomidae,"Asopinae Amyot & Serville, 1843",,,,,
B1288:1:136,Arma,,,,,,genus,,B1288:1,accepted,,,B1288:1:135,"Asopinae Amyot & Serville, 1843",,,,,Pentatomidae,Asopinae,Arma,,Pentatomoidea | Pentatomidae | Asopinae,Arma,,LFMDC,4405706,LFMDC,4405706
B1288:1:137,"Arma custos (Fabricius, 1794)","(Fabricius, 1794)",Arma,,custos,,species,,B1288:1,accepted,,,B1288:1:136,Arma,,,,,Pentatomidae,Asopinae,Arma,,Pentatomoidea | Pentatomidae | Asopinae | Arma,"custos (Fabricius, 1794)",,LFMFH,4485971,LFMFH,4485971
B1288:1:138,Jalla,,,,,,genus,,B1288:1,accepted,,,B1288:1:135,"Asopinae Amyot & Serville, 1843",,,,,Pentatomidae,Asopinae,Jalla,,Pentatomoidea | Pentatomidae | Asopinae,Jalla,,PY8HF,3266040,PY8HF,3266040
B1288:1:139,"Jalla dumosa (Linnaeus, 1758)","(Linnaeus, 1758)",Jalla,,dumosa,,species,,B1288:1,accepted,,,B1288:1:138,Jalla,,,,,Pentatomidae,Asopinae,Jalla,,Pentatomoidea | Pentatomidae | Asopinae | Jalla,"dumosa (Linnaeus, 1758)",,PY8HX,5758771,PY8HX,5758771
B1288:1:140,Picromerus,,,,,,genus,,B1288:1,accepted,,,B1288:1:135,"Asopinae Amyot & Serville, 1843",,,,,Pentatomidae,Asopinae,Picromerus,,Pentatomoidea | Pentatomidae | Asopinae,Picromerus,,RG2K9,2079126,RG2K9,2079126
B1288:1:141,"Picromerus bidens (Linnaeus, 1758)","(Linnaeus, 1758)",Picromerus,,bidens,,species,,B1288:1,accepted,,,B1288:1:140,Picromerus,,,,,Pentatomidae,Asopinae,Picromerus,,Pentatomoidea | Pentatomidae | Asopinae | Picromerus,"bidens (Linnaeus, 1758)",,RG2L5,5160015,RG2L5,5160015
B1288:1:142,"Picromerus nigridens (Fabricius, 1803)","(Fabricius, 1803)",Picromerus,,nigridens,,species,,B1288:1,accepted,,,B1288:1:140,Picromerus,,,,,Pentatomidae,Asopinae,Picromerus,,Pentatomoidea | Pentatomidae | Asopinae | Picromerus,"nigridens (Fabricius, 1803)",,RG2MM,7569720,RG2MM,7569720
B1288:1:143,Pinthaeus,,,,,,genus,,B1288:1,accepted,,,B1288:1:135,"Asopinae Amyot & Serville, 1843",,,,,Pentatomidae,Asopinae,Pinthaeus,,Pentatomoidea | Pentatomidae | Asopinae,Pinthaeus,,RMHV9,4407624,RMHV9,4407624
B1288:1:144,"Pinthaeus sanguinipes (Fabricius, 1781)","(Fabricius, 1781)",Pinthaeus,,sanguinipes,,species,,B1288:1,accepted,,,B1288:1:143,Pinthaeus,,,,,Pentatomidae,Asopinae,Pinthaeus,,Pentatomoidea | Pentatomidae | Asopinae | Pinthaeus,"sanguinipes (Fabricius, 1781)",,RMHVJ,4485978,RMHVJ,4485978
B1288:1:145,Rhacognathus,,,,,,genus,,B1288:1,accepted,,,B1288:1:135,"Asopinae Amyot & Serville, 1843",,,,,Pentatomidae,Asopinae,Rhacognathus,,Pentatomoidea | Pentatomidae | Asopinae,Rhacognathus,,S9WB7,2078994,S9WB7,2078994
B1288:1:146,"Rhacognathus punctatus (Linnaeus, 1758)","(Linnaeus, 1758)",Rhacognathus,,punctatus,,species,,B1288:1,accepted,,,B1288:1:145,Rhacognathus,,,,,Pentatomidae,Asopinae,Rhacognathus,,Pentatomoidea | Pentatomidae | Asopinae | Rhacognathus,"punctatus (Linnaeus, 1758)",,S9WBR,2078996,S9WBR,2078996
B1288:1:147,Troilus,,,,,,genus,,B1288:1,accepted,,,B1288:1:135,"Asopinae Amyot & Serville, 1843",,,,,Pentatomidae,Asopinae,Troilus,,Pentatomoidea | Pentatomidae | Asopinae,Troilus,,TSGLY,4407233,TSGLY,4407233
B1288:1:148,"Troilus luridus (Fabricius, 1775)","(Fabricius, 1775)",Troilus,,luridus,,species,,B1288:1,accepted,,,B1288:1:147,Troilus,,,,,Pentatomidae,Asopinae,Troilus,,Pentatomoidea | Pentatomidae | Asopinae | Troilus,"luridus (Fabricius, 1775)",,TSGM3,4485973,TSGM3,4485973
B1288:1:149,Zicrona,,,,,,genus,,B1288:1,accepted,,,B1288:1:135,"Asopinae Amyot & Serville, 1843",,,,,Pentatomidae,Asopinae,Zicrona,,Pentatomoidea | Pentatomidae | Asopinae,Zicrona,,TWMP2,2078941,TWMP2,2078941
B1288:1:150,"Zicrona caerulea (Linnaeus, 1758)","(Linnaeus, 1758)",Zicrona,,caerulea,,species,,B1288:1,accepted,,,B1288:1:149,Zicrona,,,,,Pentatomidae,Asopinae,Zicrona,,Pentatomoidea | Pentatomidae | Asopinae | Zicrona,"caerulea (Linnaeus, 1758)",,TWMPC,2078942,TWMPC,2078942
B1288:1:151,"Pentatominae Leach, 1815","Leach, 1815",,,,,subfamily,,B1288:1,accepted,,,B1288:1:134,"Pentatomidae Leach, 1815",,,,,Pentatomidae,Pentatominae,,,Pentatomoidea | Pentatomidae,"Pentatominae Leach, 1815",,,,,
B1288:1:152,"Aeliini Douglas & Scott, 1865","Douglas & Scott, 1865",,,,,tribe,,B1288:1,accepted,,,B1288:1:151,"Pentatominae Leach, 1815",,,,,Pentatomidae,Pentatominae,,,Pentatomoidea | Pentatomidae | Pentatominae,"Aeliini Douglas & Scott, 1865",,,,,
B1288:1:153,Aelia,,,,,,genus,,B1288:1,accepted,,,B1288:1:152,"Aeliini Douglas & Scott, 1865",,,,,Pentatomidae,Pentatominae,Aelia,,Pentatomoidea | Pentatomidae | Pentatominae | Aeliini,Aelia,,L6T9Y,2079121,L6T9Y,2079121
B1288:1:154,"Aelia acuminata (Linnaeus, 1758)","(Linnaeus, 1758)",Aelia,,acuminata,,species,,B1288:1,accepted,,,B1288:1:153,Aelia,,,,,Pentatomidae,Pentatominae,Aelia,,Pentatomoidea | Pentatomidae | Pentatominae | Aeliini | Aelia,"acuminata (Linnaeus, 1758)",,L6TB6,2079123,L6TB6,2079123
B1288:1:155,"Aelia germari Küster, 1852","Küster, 1852",Aelia,,germari,,species,,B1288:1,accepted,,,B1288:1:153,Aelia,,,,,Pentatomidae,Pentatominae,Aelia,,Pentatomoidea | Pentatomidae | Pentatominae | Aeliini | Aelia,"germari Küster, 1852",,L6TC4,7847436,L6TC4,7847436
B1288:1:156,"Aelia klugii Hahn, 1833","Hahn, 1833",Aelia,,klugii,,species,,B1288:1,accepted,,,B1288:1:153,Aelia,,,,,Pentatomidae,Pentatominae,Aelia,,Pentatomoidea | Pentatomidae | Pentatominae | Aeliini | Aelia,"klugii Hahn, 1833",,L6TCD,6096804,L6TCD,6096804
B1288:1:157,"Aelia notata Rey, 1887","Rey, 1887",Aelia,,notata,,species,,B1288:1,accepted,,,B1288:1:153,Aelia,,,,,Pentatomidae,Pentatominae,Aelia,,Pentatomoidea | Pentatomidae | Pentatominae | Aeliini | Aelia,"notata Rey, 1887",,L6TCL,7724849,L6TCL,7724849
B1288:1:158,"Aelia rostrata Boheman, 1852","Boheman, 1852",Aelia,,rostrata,,species,,B1288:1,accepted,,,B1288:1:153,Aelia,,,,,Pentatomidae,Pentatominae,Aelia,,Pentatomoidea | Pentatomidae | Pentatominae | Aeliini | Aelia,"rostrata Boheman, 1852",,L6TCR,7906393,L6TCR,7906393
B1288:1:159,"Aelia rostrata subsp. rostrata Boheman, 1852","Boheman, 1852",Aelia,,rostrata,rostrata,subspecies,,B1288:1,accepted,,,B1288:1:158,"Aelia rostrata Boheman, 1852",,,,,Pentatomidae,Pentatominae,Aelia,,Pentatomoidea | Pentatomidae | Pentatominae | Aeliini | Aelia | Aelia rostrata,"subsp. rostrata Boheman, 1852",,L6TCX,9247160,L6TCX,9247160
B1288:1:160,"Aelia glebana Ferrari, 1874","Ferrari, 1874",Aelia,,glebana,,species,,B1288:1,synonym,B1288:1:159,"Aelia rostrata subsp. rostrata Boheman, 1852",,,,,,,Pentatomidae,Pentatominae,Aelia,,Pentatomoidea | Pentatomidae | Pentatominae | Aeliini | Aelia | Aelia rostrata,"Aelia glebana Ferrari, 1874",,L6TC9,8497157,L6TCR,7906393
B1288:1:161,"Aelia rostrata subsp. cognata Fieber, 1868","Fieber, 1868",Aelia,,rostrata,cognata,subspecies,,B1288:1,accepted,,,B1288:1:158,"Aelia rostrata Boheman, 1852",,,,,Pentatomidae,Pentatominae,Aelia,,Pentatomoidea | Pentatomidae | Pentatominae | Aeliini | Aelia | Aelia rostrata,"subsp. cognata Fieber, 1868",,L6TCW,9333024,L6TCW,9333024
B1288:1:162,Neottiglossa,,,,,,genus,,B1288:1,accepted,,,B1288:1:152,"Aeliini Douglas & Scott, 1865",,,,,Pentatomidae,Pentatominae,Neottiglossa,,Pentatomoidea | Pentatomidae | Pentatominae | Aeliini,Neottiglossa,,QKRQ3,2078911,QKRQ3,2078911
B1288:1:163,"Neottiglossa bifida (A. Costa, 1847)","(A. Costa, 1847)",Neottiglossa,,bifida,,species,,B1288:1,accepted,,,B1288:1:162,Neottiglossa,,,,,Pentatomidae,Pentatominae,Neottiglossa,,Pentatomoidea | Pentatomidae | Pentatominae | Aeliini | Neottiglossa,"bifida (A. Costa, 1847)",,QKRQ9,4485942,QKRQ9,4485942
B1288:1:164,"Neottiglossa flavomarginata (Lucas, 1849)","(Lucas, 1849)",Neottiglossa,,flavomarginata,,species,,B1288:1,accepted,,,B1288:1:162,Neottiglossa,,,,,Pentatomidae,Pentatominae,Neottiglossa,,Pentatomoidea | Pentatomidae | Pentatominae | Aeliini | Neottiglossa,"flavomarginata (Lucas, 1849)",,QKRRF,4485938,QKRRF,4485938
B1288:1:165,"Neottiglossa leporina (Herrich-Schaeffer, 1830)","(Herrich-Schaeffer, 1830)",Neottiglossa,,leporina,,species,,B1288:1,accepted,,,B1288:1:162,Neottiglossa,,,,,Pentatomidae,Pentatominae,Neottiglossa,,Pentatomoidea | Pentatomidae | Pentatominae | Aeliini | Neottiglossa,"leporina (Herrich-Schaeffer, 1830)",,QKRQC,4485944,QKRQC,4485944
B1288:1:166,"Neottiglossa lineolata (Mulsant & Rey, 1852)","(Mulsant & Rey, 1852)",Neottiglossa,,lineolata,,species,,B1288:1,accepted,,,B1288:1:162,Neottiglossa,,,,,Pentatomidae,Pentatominae,Neottiglossa,,Pentatomoidea | Pentatomidae | Pentatominae | Aeliini | Neottiglossa,"lineolata (Mulsant & Rey, 1852)",,QKRRW,4485940,QKRRW,4485940
B1288:1:167,"Neottiglossa pusilla (Gmelin, 1790)","(Gmelin, 1790)",Neottiglossa,,pusilla,,species,,B1288:1,accepted,,,B1288:1:162,Neottiglossa,,,,,Pentatomidae,Pentatominae,Neottiglossa,,Pentatomoidea | Pentatomidae | Pentatominae | Aeliini | Neottiglossa,"pusilla (Gmelin, 1790)",,QKRS5,4485936,QKRS5,4485936
B1288:1:168,"Neottiglossa inflexa (Wolff, 1811)","(Wolff, 1811)",Neottiglossa,,inflexa,,species,,B1288:1,synonym,B1288:1:167,"Neottiglossa pusilla (Gmelin, 1790)",,,,,,,Pentatomidae,Pentatominae,Neottiglossa,,Pentatomoidea | Pentatomidae | Pentatominae | Aeliini | Neottiglossa,"Neottiglossa inflexa (Wolff, 1811)",,QKRRL,9857585,QKRS5,4485936
B1288:1:169,"Antestiini Distant, 1902","Distant, 1902",,,,,tribe,,B1288:1,accepted,,,B1288:1:151,"Pentatominae Leach, 1815",,,,,Pentatomidae,Pentatominae,,,Pentatomoidea | Pentatomidae | Pentatominae,"Antestiini Distant, 1902",,,,,
B1288:1:170,Dryadocoris,,,,,,genus,,B1288:1,accepted,,,B1288:1:169,"Antestiini Distant, 1902",,,,,Pentatomidae,Pentatominae,Dryadocoris,,Pentatomoidea | Pentatomidae | Pentatominae | Antestiini,Dryadocoris,,NN9V3,4406541,NN9V3,4406541
B1288:1:171,"Dryadocoris apicalis (Herrich-Schaeffer, 1842)","(Herrich-Schaeffer, 1842)",Dryadocoris,,apicalis,,species,,B1288:1,accepted,,,B1288:1:170,Dryadocoris,,,,,Pentatomidae,Pentatominae,Dryadocoris,,Pentatomoidea | Pentatomidae | Pentatominae | Antestiini | Dryadocoris,"apicalis (Herrich-Schaeffer, 1842)",,NN9VG,4485837,NN9VG,4485837
B1288:1:172,"Dryadocoris analis (A. Costa, 1847)","(A. Costa, 1847)",Dryadocoris,,analis,,species,,B1288:1,synonym,B1288:1:171,"Dryadocoris apicalis (Herrich-Schaeffer, 1842)",,,,,,,Pentatomidae,Pentatominae,Dryadocoris,,Pentatomoidea | Pentatomidae | Pentatominae | Antestiini | Dryadocoris,"Dryadocoris analis (A. Costa, 1847)",,NN9V9,,NN9VG,
B1288:1:173,"Cappaeini Atkinson, 1888","Atkinson, 1888",,,,,tribe,,B1288:1,accepted,,,B1288:1:151,"Pentatominae Leach, 1815",,,,,Pentatomidae,Pentatominae,,,Pentatomoidea | Pentatomidae | Pentatominae,"Cappaeini Atkinson, 1888",,,,,
B1288:1:174,Halyomorpha,,,,,,genus,,B1288:1,accepted,,,B1288:1:173,"Cappaeini Atkinson, 1888",,,,,Pentatomidae,Pentatominae,Halyomorpha,,Pentatomoidea | Pentatomidae | Pentatominae | Cappaeini,Halyomorpha,,PJGWH,4404357,PJGWH,4404357
B1288:1:175,"Halyomorpha halys (Stal, 1855)","(Stal, 1855)",Halyomorpha,,halys,,species,,B1288:1,accepted,,,B1288:1:174,Halyomorpha,,,,,Pentatomidae,Pentatominae,Halyomorpha,,Pentatomoidea | Pentatomidae | Pentatominae | Cappaeini | Halyomorpha,"halys (Stal, 1855)",,PJGX6,4485843,PJGX6,4485843
B1288:1:176,"Carpocorini Mulsant & Rey, 1866","Mulsant & Rey, 1866",,,,,tribe,,B1288:1,accepted,,,B1288:1:151,"Pentatominae Leach, 1815",,,,,Pentatomidae,Pentatominae,,,Pentatomoidea | Pentatomidae | Pentatominae,"Carpocorini Mulsant & Rey, 1866",,,,,
B1288:1:177,Antheminia,,,,,,genus,,B1288:1,accepted,,,B1288:1:176,"Carpocorini Mulsant & Rey, 1866",,,,,Pentatomidae,Pentatominae,Antheminia,,Pentatomoidea | Pentatomidae | Pentatominae | Carpocorini,Antheminia,,LLCLJ,4407209,LLCLJ,4407209
B1288:1:178,"Antheminia absinthii (Wagner, 1952)","(Wagner, 1952)",Antheminia,,absinthii,,species,,B1288:1,accepted,,,B1288:1:177,Antheminia,,,,,Pentatomidae,Pentatominae,Antheminia,,Pentatomoidea | Pentatomidae | Pentatominae | Carpocorini | Antheminia,"absinthii (Wagner, 1952)",,LLCLQ,4485769,LLCLQ,4485769
B1288:1:179,"Antheminia lunulata (Goeze, 1778)","(Goeze, 1778)",Antheminia,,lunulata,,species,,B1288:1,accepted,,,B1288:1:177,Antheminia,,,,,Pentatomidae,Pentatominae,Antheminia,,Pentatomoidea | Pentatomidae | Pentatominae | Carpocorini | Antheminia,"lunulata (Goeze, 1778)",,LLCM7,4485762,LLCM7,4485762
B1288:1:180,Brachynema,,,,,,genus,,B1288:1,accepted,,,B1288:1:176,"Carpocorini Mulsant & Rey, 1866",,,,,Pentatomidae,Pentatominae,Brachynema,,Pentatomoidea | Pentatomidae | Pentatominae | Carpocorini,Brachynema,,LZJ6R,3265995,LZJ6R,3265995
B1288:1:181,"Brachynema cinctum (Fabricius, 1775)","(Fabricius, 1775)",Brachynema,,cinctum,,species,,B1288:1,accepted,,,B1288:1:180,Brachynema,,,,,Pentatomidae,Pentatominae,Brachynema,,Pentatomoidea | Pentatomidae | Pentatominae | Carpocorini | Brachynema,"cinctum (Fabricius, 1775)",,LZJ7P,7955961,LZJ7P,7955961
B1288:1:182,"Brachynema germarii (Kolenati, 1846)","(Kolenati, 1846)",Brachynema,,germarii,,species,,B1288:1,accepted,,,B1288:1:180,Brachynema,,,,,Pentatomidae,Pentatominae,Brachynema,,Pentatomoidea | Pentatomidae | Pentatominae | Carpocorini | Brachynema,"germarii (Kolenati, 1846)",,LZJ7Y,8053493,LZJ7Y,8053493
B1288:1:183,"Brachynema virens (Klug, 1845)","(Klug, 1845)",Brachynema,,virens,,species,,B1288:1,synonym,B1288:1:182,"Brachynema germarii (Kolenati, 1846)",,,,,,,Pentatomidae,Pentatominae,Brachynema,,Pentatomoidea | Pentatomidae | Pentatominae | Carpocorini | Brachynema,"Brachynema virens (Klug, 1845)",,,,,
B1288:1:184,Carpocoris,,,,,,genus,,B1288:1,accepted,,,B1288:1:176,"Carpocorini Mulsant & Rey, 1866",,,,,Pentatomidae,Pentatominae,Carpocoris,,Pentatomoidea | Pentatomidae | Pentatominae | Carpocorini,Carpocoris,,M3SZ2,4405367,M3SZ2,4405367
B1288:1:185,Carpocoris,,Carpocoris,,,,subgenus,,B1288:1,accepted,,,B1288:1:184,Carpocoris,,,,,Pentatomidae,Pentatominae,Carpocoris,Carpocoris,Pentatomoidea | Pentatomidae | Pentatominae | Carpocorini | Carpocoris,Carpocoris,,M3SZ2,,M3SZ2,
B1288:1:186,"Carpocoris fuscispinus (Boheman, 1851)","(Boheman, 1851)",Carpocoris,Carpocoris,fuscispinus,,species,,B1288:1,accepted,,,B1288:1:185,Carpocoris,,,,,Pentatomidae,Pentatominae,Carpocoris,Carpocoris,Pentatomoidea | Pentatomidae | Pentatominae | Carpocorini | Carpocoris | Carpocoris,"fuscispinus (Boheman, 1851)",,M3SZ9,4485800,M3SZS,4485800
B1288:1:187,Carpocoris mediterraneus,,Carpocoris,Carpocoris,mediterraneus,,species,,B1288:1,accepted,,,B1288:1:185,Carpocoris,,,,,Pentatomidae,Pentatominae,Carpocoris,Carpocoris,Pentatomoidea | Pentatomidae | Pentatominae | Carpocorini | Carpocoris | Carpocoris,mediterraneus,,M3T3S,4485802,M3T3S,4485802
B1288:1:188,"Carpocoris mediterraneus subsp. atlanticus Tamanini, 1958","Tamanini, 1958",Carpocoris,Carpocoris,mediterraneus,atlanticus,subspecies,,B1288:1,accepted,,,B1288:1:187,Carpocoris mediterraneus,,,,,Pentatomidae,Pentatominae,Carpocoris,Carpocoris,Pentatomoidea | Pentatomidae | Pentatominae | Carpocorini | Carpocoris | Carpocoris | Carpocoris mediterraneus,"subsp. atlanticus Tamanini, 1958",,M3T3T,9241916,M3T3T,9241916
B1288:1:189,"Carpocoris melanocerus (Mulsant & Rey, 1852)","(Mulsant & Rey, 1852)",Carpocoris,Carpocoris,melanocerus,,species,,B1288:1,accepted,,,B1288:1:185,Carpocoris,,,,,Pentatomidae,Pentatominae,Carpocoris,Carpocoris,Pentatomoidea | Pentatomidae | Pentatominae | Carpocorini | Carpocoris | Carpocoris,"melanocerus (Mulsant & Rey, 1852)",,M3SZK,4485806,M3SZK,4485806
B1288:1:190,"Carpocoris pudicus (Poda, 1761)","(Poda, 1761)",Carpocoris,Carpocoris,pudicus,,species,,B1288:1,accepted,,,B1288:1:185,Carpocoris,,,,,Pentatomidae,Pentatominae,Carpocoris,Carpocoris,Pentatomoidea | Pentatomidae | Pentatominae | Carpocorini | Carpocoris | Carpocoris,"pudicus (Poda, 1761)",,M3SZP,11357937,M3SZS,4485798
B1288:1:191,"Carpocoris purpureipennis (De Geer, 1773)","(De Geer, 1773)",Carpocoris,Carpocoris,purpureipennis,,species,,B1288:1,accepted,,,B1288:1:185,Carpocoris,,,,,Pentatomidae,Pentatominae,Carpocoris,Carpocoris,Pentatomoidea | Pentatomidae | Pentatominae | Carpocorini | Carpocoris | Carpocoris,"purpureipennis (De Geer, 1773)",,M3SZS,4485798,M3SZS,4485798
B1288:1:192,"Carpocoris nigricornis (Fabricius, 1775)","(Fabricius, 1775)",Carpocoris,,nigricornis,,species,,B1288:1,synonym,B1288:1:191,"Carpocoris purpureipennis (De Geer, 1773)",,,,,,,Pentatomidae,Pentatominae,Carpocoris,Carpocoris,Pentatomoidea | Pentatomidae | Pentatominae | Carpocorini | Carpocoris | Carpocoris,"Carpocoris nigricornis (Fabricius, 1775)",,M3T48,11041975,M3SZS,4485798
B1288:1:193,Chlorochroa,,,,,,genus,,B1288:1,accepted,,,B1288:1:176,"Carpocorini Mulsant & Rey, 1866",,,,,Pentatomidae,Pentatominae,Chlorochroa,,Pentatomoidea | Pentatomidae | Pentatominae | Carpocorini,Chlorochroa,,MJ2WC,2064707,MJ2KC,2064707
B1288:1:194,Rhytidolomia,,Chlorochroa,,,,subgenus,,B1288:1,accepted,,,B1288:1:193,Chlorochroa,,,,,Pentatomidae,Pentatominae,Chlorochroa,Rhytidolomia,Pentatomoidea | Pentatomidae | Pentatominae | Carpocorini | Chlorochroa,Rhytidolomia,,,,,
B1288:1:195,"Chlorochroa juniperina (Linnaeus, 1758)","(Linnaeus, 1758)",Chlorochroa,Rhytidolomia,juniperina,,species,,B1288:1,accepted,,,B1288:1:194,Rhytidolomia,,,,,Pentatomidae,Pentatominae,Chlorochroa,Rhytidolomia,Pentatomoidea | Pentatomidae | Pentatominae | Carpocorini | Chlorochroa | Rhytidolomia,"juniperina (Linnaeus, 1758)",,MJ2XY,4485816,MJ2XY,4485816
B1288:1:196,"Chlorochroa pinicola (Mulsant & Rey, 1852)","(Mulsant & Rey, 1852)",Chlorochroa,Rhytidolomia,pinicola,,species,,B1288:1,accepted,,,B1288:1:194,Rhytidolomia,,,,,Pentatomidae,Pentatominae,Chlorochroa,Rhytidolomia,Pentatomoidea | Pentatomidae | Pentatominae | Carpocorini | Chlorochroa | Rhytidolomia,"pinicola (Mulsant & Rey, 1852)",,MJ2YF,4485821,MJ2YF,4485821
B1288:1:197,"Chlorochroa reuteriana (Kirkaldy, 1909)","(Kirkaldy, 1909)",Chlorochroa,Rhytidolomia,reuteriana,,species,,B1288:1,accepted,,,B1288:1:194,Rhytidolomia,,,,,Pentatomidae,Pentatominae,Chlorochroa,Rhytidolomia,Pentatomoidea | Pentatomidae | Pentatominae | Carpocorini | Chlorochroa | Rhytidolomia,"reuteriana (Kirkaldy, 1909)",,MJ2YH,4485819,MJ2YH,4485819
B1288:1:198,"Pentatoma rubromarginata Reuter, 1881","Reuter, 1881",Pentatoma,,rubromarginata,,species,,B1288:1,synonym,B1288:1:197,"Chlorochroa reuteriana (Kirkaldy, 1909)",,,,,,,Pentatomidae,Pentatominae,Chlorochroa,Rhytidolomia,Pentatomoidea | Pentatomidae | Pentatominae | Carpocorini | Chlorochroa | Rhytidolomia,"Pentatoma rubromarginata Reuter, 1881",,RZ2CQ,11062562,MJ2YH,4485819
B1288:1:199,Codophila,,,,,,genus,,B1288:1,accepted,,,B1288:1:176,"Carpocorini Mulsant & Rey, 1866",,,,,Pentatomidae,Pentatominae,Codophila,,Pentatomoidea | Pentatomidae | Pentatominae | Carpocorini,Codophila,,N55Z8,2078906,N55Z8,2078906
B1288:1:200,"Codophila varia (Fabricius, 1787)","(Fabricius, 1787)",Codophila,,varia,,species,,B1288:1,accepted,,,B1288:1:199,Codophila,,,,,Pentatomidae,Pentatominae,Codophila,,Pentatomoidea | Pentatomidae | Pentatominae | Carpocorini | Codophila,"varia (Fabricius, 1787)",,N55ZZ,2078908,N55ZZ,9660344
B1288:1:201,Dolycoris,,,,,,genus,,B1288:1,accepted,,,B1288:1:176,"Carpocorini Mulsant & Rey, 1866",,,,,Pentatomidae,Pentatominae,Dolycoris,,Pentatomoidea | Pentatomidae | Pentatominae | Carpocorini,Dolycoris,,NCM9S,4406875,NCM9S,4406875
B1288:1:202,"Dolycoris baccarum (Linnaeus, 1758)","(Linnaeus, 1758)",Dolycoris,,baccarum,,species,,B1288:1,accepted,,,B1288:1:201,Dolycoris,,,,,Pentatomidae,Pentatominae,Dolycoris,,Pentatomoidea | Pentatomidae | Pentatominae | Carpocorini | Dolycoris,"baccarum (Linnaeus, 1758)",,NCMB7,4485824,NCMB7,4485824
B1288:1:203,"Carpocoris verbasci (De Geer, 1773)","(De Geer, 1773)",Carpocoris,,verbasci,,species,,B1288:1,synonym,B1288:1:202,"Dolycoris baccarum (Linnaeus, 1758)",,,,,,,Pentatomidae,Pentatominae,Dolycoris,,Pentatomoidea | Pentatomidae | Pentatominae | Carpocorini | Dolycoris,"Carpocoris verbasci (De Geer, 1773)",,M3T5N,10999318,NCMB7,4485824
B1288:1:204,Holcogaster,,,,,,genus,,B1288:1,accepted,,,B1288:1:176,"Carpocorini Mulsant & Rey, 1866",,,,,Pentatomidae,Pentatominae,Holcogaster,,Pentatomoidea | Pentatomidae | Pentatominae | Carpocorini,Holcogaster,,PVSDW,3265984,PVSDW,3265984
B1288:1:205,"Holcogaster fibulata (Germar, 1831)","(Germar, 1831)",Holcogaster,,fibulata,,species,,B1288:1,accepted,,,B1288:1:204,Holcogaster,,,,,Pentatomidae,Pentatominae,Holcogaster,,Pentatomoidea | Pentatomidae | Pentatominae | Carpocorini | Holcogaster,"fibulata (Germar, 1831)",,PVSFB,7500241,PVSFB,7500241
B1288:1:206,Holcostethus,,,,,,genus,,B1288:1,accepted,,,B1288:1:176,"Carpocorini Mulsant & Rey, 1866",,,,,Pentatomidae,Pentatominae,Holcostethus,,Pentatomoidea | Pentatomidae | Pentatominae | Carpocorini,Holcostethus,,PVWDX,2079189,PVWDX,2079189
B1288:1:207,"Holcostethus albipes (Fabricius, 1781)","(Fabricius, 1781)",Holcostethus,,albipes,,species,,B1288:1,accepted,,,B1288:1:206,Holcostethus,,,,,Pentatomidae,Pentatominae,Holcostethus,,Pentatomoidea | Pentatomidae | Pentatominae | Carpocorini | Holcostethus,"albipes (Fabricius, 1781)",,PVWF8,4485780,PVWF8,4485780
B1288:1:208,"Holcostethus congener Fieber, 1861","Fieber, 1861",Holcostethus,,congener,,species,,B1288:1,synonym,B1288:1:207,"Holcostethus albipes (Fabricius, 1781)",,,,,,,Pentatomidae,Pentatominae,Holcostethus,,Pentatomoidea | Pentatomidae | Pentatominae | Carpocorini | Holcostethus,"Holcostethus congener Fieber, 1861",,V2MVG,,PVWF8,
B1288:1:209,"Holcostethus evae Ribes, 1988","Ribes, 1988",Holcostethus,,evae,,species,,B1288:1,accepted,,,B1288:1:206,Holcostethus,,,,,Pentatomidae,Pentatominae,Holcostethus,,Pentatomoidea | Pentatomidae | Pentatominae | Carpocorini | Holcostethus,"evae Ribes, 1988",,PVWFC,4485779,PVWFC,4485779
B1288:1:210,"Holcostethus sphacelatus (Fabricius, 1794)","(Fabricius, 1794)",Holcostethus,,sphacelatus,,species,,B1288:1,accepted,,,B1288:1:206,Holcostethus,,,,,Pentatomidae,Pentatominae,Holcostethus,,Pentatomoidea | Pentatomidae | Pentatominae | Carpocorini | Holcostethus,"sphacelatus (Fabricius, 1794)",,PVWFG,2079190,PVWFG,2079190
B1288:1:211,Palomena,,,,,,genus,,B1288:1,accepted,,,B1288:1:176,"Carpocorini Mulsant & Rey, 1866",,,,,Pentatomidae,Pentatominae,Palomena,,Pentatomoidea | Pentatomidae | Pentatominae | Carpocorini,Palomena,,RPN38,4406712,RPN38,4406712
B1288:1:212,"Palomena prasina (Linnaeus, 1761)","(Linnaeus, 1761)",Palomena,,prasina,,species,,B1288:1,accepted,,,B1288:1:211,Palomena,,,,,Pentatomidae,Pentatominae,Palomena,,Pentatomoidea | Pentatomidae | Pentatominae | Carpocorini | Palomena,"prasina (Linnaeus, 1761)",,RPN47,4485776,RPN47,4485776
B1288:1:213,"Palomena viridissima (Poda, 1761)","(Poda, 1761)",Palomena,,viridissima,,species,,B1288:1,accepted,,,B1288:1:211,Palomena,,,,,Pentatomidae,Pentatominae,Palomena,,Pentatomoidea | Pentatomidae | Pentatominae | Carpocorini | Palomena,"viridissima (Poda, 1761)",,RPN57,4485774,RPN57,4485774
B1288:1:214,Peribalus,,,,,,genus,,B1288:1,accepted,,,B1288:1:176,"Carpocorini Mulsant & Rey, 1866",,,,,Pentatomidae,Pentatominae,Peribalus,,Pentatomoidea | Pentatomidae | Pentatominae | Carpocorini,Peribalus,,RCMR8,2079014,PVWDX,2079014
B1288:1:215,"Peribalus strictus (Fabricius, 1803)","(Fabricius, 1803)",Peribalus,,strictus,,species,,B1288:1,accepted,,,B1288:1:214,Peribalus,,,,,Pentatomidae,Pentatominae,Peribalus,,Pentatomoidea | Pentatomidae | Pentatominae | Carpocorini | Peribalus,"strictus (Fabricius, 1803)",,RCMRR,4485782,RCMRR,6096794
B1288:1:216,"Peribalus strictus subsp. strictus (Fabricius, 1803)","(Fabricius, 1803)",Peribalus,,strictus,strictus,subspecies,,B1288:1,accepted,,,B1288:1:215,"Peribalus strictus (Fabricius, 1803)",,,,,Pentatomidae,Pentatominae,Peribalus,,Pentatomoidea | Pentatomidae | Pentatominae | Carpocorini | Peribalus | Peribalus strictus,"subsp. strictus (Fabricius, 1803)",,RCMRZ,9276353,RCMRZ,6096794
B1288:1:217,"Peribalus distinctus (Fieber, 1861)","(Fieber, 1861)",Peribalus,,distinctus,,species,,B1288:1,synonym,B1288:1:216,"Peribalus strictus subsp. strictus (Fabricius, 1803)",,,,,,,Pentatomidae,Pentatominae,Peribalus,,Pentatomoidea | Pentatomidae | Pentatominae | Carpocorini | Peribalus | Peribalus strictus,"Peribalus distinctus (Fieber, 1861)",,RCMSC,11104697,RCMRZ,6096794
B1288:1:218,"Peribalus strictus subsp. vernalis (Wolff, 1804)","(Wolff, 1804)",Peribalus,,strictus,vernalis,subspecies,,B1288:1,accepted,,,B1288:1:215,"Peribalus strictus (Fabricius, 1803)",,,,,Pentatomidae,Pentatominae,Peribalus,,Pentatomoidea | Pentatomidae | Pentatominae | Carpocorini | Peribalus | Peribalus strictus,"subsp. vernalis (Wolff, 1804)",,RCMS2,9465099,RCMRR,6096794
B1288:1:219,Rubiconia,,,,,,genus,,B1288:1,accepted,,,B1288:1:176,"Carpocorini Mulsant & Rey, 1866",,,,,Pentatomidae,Pentatominae,Rubiconia,,Pentatomoidea | Pentatomidae | Pentatominae | Carpocorini,Rubiconia,,SGJWG,4406106,SGJWG,4406106
B1288:1:220,"Rubiconia intermedia (Wolff, 1811)","(Wolff, 1811)",Rubiconia,,intermedia,,species,,B1288:1,accepted,,,B1288:1:219,Rubiconia,,,,,Pentatomidae,Pentatominae,Rubiconia,,Pentatomoidea | Pentatomidae | Pentatominae | Carpocorini | Rubiconia,"intermedia (Wolff, 1811)",,SGJWK,4485796,SGJWK,4485796
B1288:1:221,Staria,,,,,,genus,,B1288:1,accepted,,,B1288:1:176,"Carpocorini Mulsant & Rey, 1866",,,,,Pentatomidae,Pentatominae,Staria,,Pentatomoidea | Pentatomidae | Pentatominae | Carpocorini,Staria,,T2PGM,4407458,T2PGM,4407458
B1288:1:222,"Staria lunata (Hahn, 1835)","(Hahn, 1835)",Staria,,lunata,,species,,B1288:1,accepted,,,B1288:1:221,Staria,,,,,Pentatomidae,Pentatominae,Staria,,Pentatomoidea | Pentatomidae | Pentatominae | Carpocorini | Staria,"lunata (Hahn, 1835)",,T2PGR,4485787,T2PGR,4485787
B1288:1:223,"Staria maroccana Lindberg, 1932","Lindberg, 1932",Staria,,maroccana,,species,,B1288:1,synonym,B1288:1:222,"Staria lunata (Hahn, 1835)",,,,,,,Pentatomidae,Pentatominae,Staria,,Pentatomoidea | Pentatomidae | Pentatominae | Carpocorini | Staria,"Staria maroccana Lindberg, 1932",,,,,
B1288:1:224,"Eysarcorini Mulsant & Rey, 1866","Mulsant & Rey, 1866",,,,,tribe,,B1288:1,accepted,,,B1288:1:151,"Pentatominae Leach, 1815",,,,,Pentatomidae,Pentatominae,,,Pentatomoidea | Pentatomidae | Pentatominae,"Eysarcorini Mulsant & Rey, 1866",,,,,
B1288:1:225,Eysarcoris,,,,,,genus,,B1288:1,accepted,,,B1288:1:224,"Eysarcorini Mulsant & Rey, 1866",,,,,Pentatomidae,Pentatominae,Eysarcoris,,Pentatomoidea | Pentatomidae | Pentatominae | Eysarcorini,Eysarcoris,,NP8NW,2078841,NP8NW,2078841
B1288:1:226,"Eysarcoris aeneus (Scopoli, 1763)","(Scopoli, 1763)",Eysarcoris,,aeneus,,species,,B1288:1,accepted,,,B1288:1:225,Eysarcoris,,,,,Pentatomidae,Pentatominae,Eysarcoris,,Pentatomoidea | Pentatomidae | Pentatominae | Eysarcorini | Eysarcoris,"aeneus (Scopoli, 1763)",,NP8P8,4485955,NP8P8,4485955
B1288:1:227,"Eysarcoris perlatus (Fabricius, 1794)","(Fabricius, 1794)",Eysarcoris,,perlatus,,species,,B1288:1,synonym,B1288:1:226,"Eysarcoris aeneus (Scopoli, 1763)",,,,,,,Pentatomidae,Pentatominae,Eysarcoris,,Pentatomoidea | Pentatomidae | Pentatominae | Eysarcorini | Eysarcoris,"Eysarcoris perlatus (Fabricius, 1794)",,NP8ST,10982776,NP8P8,4485955
B1288:1:228,"Eysarcoris ventralis (Westwood, 1837)","(Westwood, 1837)",Eysarcoris,,ventralis,,species,,B1288:1,accepted,,,B1288:1:225,Eysarcoris,,,,,Pentatomidae,Pentatominae,Eysarcoris,,Pentatomoidea | Pentatomidae | Pentatominae | Eysarcorini | Eysarcoris,"ventralis (Westwood, 1837)",,NP8VW,2078842,NP8VW,2078842
B1288:1:229,"Eysarcoris inconspicuus (Herrich-Schaeffer, 1844)","(Herrich-Schaeffer, 1844)",Eysarcoris,,inconspicuus,,species,,B1288:1,synonym,B1288:1:228,"Eysarcoris ventralis (Westwood, 1837)",,,,,,,Pentatomidae,Pentatominae,Eysarcoris,,Pentatomoidea | Pentatomidae | Pentatominae | Eysarcorini | Eysarcoris,"Eysarcoris inconspicuus (Herrich-Schaeffer, 1844)",,NP8QS,10372583,NP8VW,2078842
B1288:1:230,"Eysarcoris venustissimus (Schrank, 1776)","(Schrank, 1776)",Eysarcoris,,venustissimus,,species,,B1288:1,accepted,,,B1288:1:225,Eysarcoris,,,,,Pentatomidae,Pentatominae,Eysarcoris,,Pentatomoidea | Pentatomidae | Pentatominae | Eysarcorini | Eysarcoris,"venustissimus (Schrank, 1776)",,NP8VZ,4485952,NP8VZ,4485952
B1288:1:231,"Eysarcoris melanocephalus (Fabricius, 1775)","(Fabricius, 1775)",Eysarcoris,,melanocephalus,,species,,B1288:1,synonym,B1288:1:230,"Eysarcoris venustissimus (Schrank, 1776)",,,,,,,Pentatomidae,Pentatominae,Eysarcoris,,Pentatomoidea | Pentatomidae | Pentatominae | Eysarcorini | Eysarcoris,"Eysarcoris melanocephalus (Fabricius, 1775)",,NP8RR,10928447,NP8VZ,4485952
B1288:1:232,"Eysarcoris fabricii Kirkaldy, 1904","Kirkaldy, 1904",Eysarcoris,,fabricii,,species,,B1288:1,synonym,B1288:1:230,"Eysarcoris venustissimus (Schrank, 1776)",,,,,,,Pentatomidae,Pentatominae,Eysarcoris,,Pentatomoidea | Pentatomidae | Pentatominae | Eysarcorini | Eysarcoris,"Eysarcoris fabricii Kirkaldy, 1904",,NP8PY,6096801,NP8VZ,4485952
B1288:1:233,Stagonomus,,,,,,genus,,B1288:1,accepted,,,B1288:1:224,"Eysarcorini Mulsant & Rey, 1866",,,,,Pentatomidae,Pentatominae,Stagonomus,,Pentatomoidea | Pentatomidae | Pentatominae | Eysarcorini,Stagonomus,,SZMKD,9131176,SZMKD,9131176
B1288:1:234,Dalleria,,Stagonomus,,,,subgenus,,B1288:1,accepted,,,B1288:1:233,Stagonomus,,,,,Pentatomidae,Pentatominae,Stagonomus,Dalleria,Pentatomoidea | Pentatomidae | Pentatominae | Eysarcorini | Stagonomus,Dalleria,,NKQVB,,SZMKD,
B1288:1:235,"Stagonomus bipunctatus (Linnaeus, 1758)","(Linnaeus, 1758)",Stagonomus,Dalleria,bipunctatus,,species,,B1288:1,accepted,,,B1288:1:234,Dalleria,,,,,Pentatomidae,Pentatominae,Stagonomus,Dalleria,Pentatomoidea | Pentatomidae | Pentatominae | Eysarcorini | Stagonomus | Dalleria,"bipunctatus (Linnaeus, 1758)",,SZMKL,5758763,SZMKL,5758763
B1288:1:236,"Stagonomus bipunctatus subsp. bipunctatus (Linnaeus, 1758)","(Linnaeus, 1758)",Stagonomus,Dalleria,bipunctatus,bipunctatus,subspecies,,B1288:1,accepted,,,B1288:1:235,"Stagonomus bipunctatus (Linnaeus, 1758)",,,,,Pentatomidae,Pentatominae,Stagonomus,Dalleria,Pentatomoidea | Pentatomidae | Pentatominae | Eysarcorini | Stagonomus | Dalleria | Stagonomus bipunctatus,"subsp. bipunctatus (Linnaeus, 1758)",,SZMKW,,SZMKW,
B1288:1:237,"Stagonomus bipunctatus subsp. pusillus (Herrich-Schaeffer, 1830)","(Herrich-Schaeffer, 1830)",Stagonomus,Dalleria,bipunctatus,pusillus,subspecies,,B1288:1,accepted,,,B1288:1:235,"Stagonomus bipunctatus (Linnaeus, 1758)",,,,,Pentatomidae,Pentatominae,Stagonomus,Dalleria,Pentatomoidea | Pentatomidae | Pentatominae | Eysarcorini | Stagonomus | Dalleria | Stagonomus bipunctatus,"subsp. pusillus (Herrich-Schaeffer, 1830)",,SZMKY,9235470,SZMKY,5758763
B1288:1:238,"Stagonomus grenieri (Signoret, 1865)","(Signoret, 1865)",Stagonomus,Dalleria,grenieri,,species,,B1288:1,accepted,,,B1288:1:234,Dalleria,,,,,Pentatomidae,Pentatominae,Stagonomus,Dalleria,Pentatomoidea | Pentatomidae | Pentatominae | Eysarcorini | Stagonomus | Dalleria,"grenieri (Signoret, 1865)",,SZMKN,5758765,SZMKN,5758765
B1288:1:239,Stagonomus,,Stagonomus,,,,subgenus,,B1288:1,accepted,,,B1288:1:233,Stagonomus,,,,,Pentatomidae,Pentatominae,Stagonomus,Stagonomus,Pentatomoidea | Pentatomidae | Pentatominae | Eysarcorini | Stagonomus,Stagonomus,,SZMKD,,SZMKD,
B1288:1:240,"Stagonomus amoenus (Brullé, 1832)","(Brullé, 1832)",Stagonomus,Stagonomus,amoenus,,species,,B1288:1,accepted,,,B1288:1:239,Stagonomus,,,,,Pentatomidae,Pentatominae,Stagonomus,Stagonomus,Pentatomoidea | Pentatomidae | Pentatominae | Eysarcorini | Stagonomus | Stagonomus,"amoenus (Brullé, 1832)",,SZMKR,5758761,SZMKR,5758761
B1288:1:241,"Mecideini Distant, 1902","Distant, 1902",,,,,tribe,,B1288:1,accepted,,,B1288:1:151,"Pentatominae Leach, 1815",,,,,Pentatomidae,Pentatominae,,,Pentatomoidea | Pentatomidae | Pentatominae,"Mecideini Distant, 1902",,,,,
B1288:1:242,Mecidea,,,,,,genus,,B1288:1,accepted,,,B1288:1:241,"Mecideini Distant, 1902",,,,,Pentatomidae,Pentatominae,Mecidea,,Pentatomoidea | Pentatomidae | Pentatominae | Mecideini,Mecidea,,QGLJJ,2079048,QGLJJ,2079048
B1288:1:243,"Mecidea lindbergi Wagner, 1954","Wagner, 1954",Mecidea,,lindbergi,,species,,B1288:1,accepted,,,B1288:1:242,Mecidea,,,,,Pentatomidae,Pentatominae,Mecidea,,Pentatomoidea | Pentatomidae | Pentatominae | Mecideini | Mecidea,"lindbergi Wagner, 1954",,QGLK8,4485921,QGLK8,4485921
B1288:1:244,"Pentatomini Leach, 1815","Leach, 1815",,,,,tribe,,B1288:1,accepted,,,B1288:1:151,"Pentatominae Leach, 1815",,,,,Pentatomidae,Pentatominae,,,Pentatomoidea | Pentatomidae | Pentatominae,"Pentatomini Leach, 1815",,,,,
B1288:1:245,Acrosternum,,,,,,genus,,B1288:1,accepted,,,B1288:1:244,"Pentatomini Leach, 1815",,,,,Pentatomidae,Pentatominae,Acrosternum,,Pentatomoidea | Pentatomidae | Pentatominae | Pentatomini,Acrosternum,,L4YX5,2079173,L4YX5,2079173
B1288:1:246,"Acrosternum heegeri Fieber, 1861","Fieber, 1861",Acrosternum,,heegeri,,species,,B1288:1,accepted,,,B1288:1:245,Acrosternum,,,,,Pentatomidae,Pentatominae,Acrosternum,,Pentatomoidea | Pentatomidae | Pentatominae | Pentatomini | Acrosternum,"heegeri Fieber, 1861",,L4YXN,2079176,L4YXN,2079176
B1288:1:247,"Acrosternum millierei (Mulsant & Rey, 1866)","(Mulsant & Rey, 1866)",Acrosternum,,millierei,,species,,B1288:1,accepted,,,B1288:1:245,Acrosternum,,,,,Pentatomidae,Pentatominae,Acrosternum,,Pentatomoidea | Pentatomidae | Pentatominae | Pentatomini | Acrosternum,"millierei (Mulsant & Rey, 1866)",,L4YXR,4485826,L4YXR,4485826
B1288:1:248,Nezara,,,,,,genus,,B1288:1,accepted,,,B1288:1:244,"Pentatomini Leach, 1815",,,,,Pentatomidae,Pentatominae,Nezara,,Pentatomoidea | Pentatomidae | Pentatominae | Pentatomini,Nezara,,QSBV4,11330274,QSBV4,11330274
B1288:1:249,"Nezara viridula (Linnaeus, 1758)","(Linnaeus, 1758)",Nezara,,viridula,,species,,B1288:1,accepted,,,B1288:1:248,Nezara,,,,,Pentatomidae,Pentatominae,Nezara,,Pentatomoidea | Pentatomidae | Pentatominae | Pentatomini | Nezara,"viridula (Linnaeus, 1758)",,QSBYQ,2078852,QSBYQ,2078852
B1288:1:250,Pentatoma,,,,,,genus,,B1288:1,accepted,,,B1288:1:244,"Pentatomini Leach, 1815",,,,,Pentatomidae,Pentatominae,Pentatoma,,Pentatomoidea | Pentatomidae | Pentatominae | Pentatomini,Pentatoma,,RYZRG,2079009,RYZRG,2079009
B1288:1:251,Pentatoma,,Pentatoma,,,,subgenus,,B1288:1,accepted,,,B1288:1:250,Pentatoma,,,,,Pentatomidae,Pentatominae,Pentatoma,Pentatoma,Pentatomoidea | Pentatomidae | Pentatominae | Pentatomini | Pentatoma,Pentatoma,,RYZRG,,RYZRG,
B1288:1:252,"Pentatoma rufipes (Linnaeus, 1758)","(Linnaeus, 1758)",Pentatoma,Pentatoma,rufipes,,species,,B1288:1,accepted,,,B1288:1:251,Pentatoma,,,,,Pentatomidae,Pentatominae,Pentatoma,Pentatoma,Pentatomoidea | Pentatomidae | Pentatominae | Pentatomini | Pentatoma | Pentatoma,"rufipes (Linnaeus, 1758)",,RYZS4,5758737,RYZS4,5758737
B1288:1:253,Rhaphigaster,,,,,,genus,,B1288:1,accepted,,,B1288:1:244,"Pentatomini Leach, 1815",,,,,Pentatomidae,Pentatominae,Rhaphigaster,,Pentatomoidea | Pentatomidae | Pentatominae | Pentatomini,Rhaphigaster,,SCYD8,2079011,SCYD8,2079011
B1288:1:254,"Rhaphigaster nebulosa (Poda, 1761)","(Poda, 1761)",Rhaphigaster,,nebulosa,,species,,B1288:1,accepted,,,B1288:1:253,Rhaphigaster,,,,,Pentatomidae,Pentatominae,Rhaphigaster,,Pentatomoidea | Pentatomidae | Pentatominae | Pentatomini | Rhaphigaster,"nebulosa (Poda, 1761)",,SCYFT,5758736,SCYFT,5758736
B1288:1:255,"Rhaphigaster griseus (Fabricius, 1794)","(Fabricius, 1794)",Rhaphigaster,,griseus,,species,par erreur !,B1288:1,synonym,B1288:1:254,"Rhaphigaster nebulosa (Poda, 1761)",,,,,,,Pentatomidae,Pentatominae,Rhaphigaster,,Pentatomoidea | Pentatomidae | Pentatominae | Pentatomini | Rhaphigaster,"Rhaphigaster griseus (Fabricius, 1794) par erreur !",,SCYF6,10043620,SCYF6,10043620
B1288:1:256,"Piezodorini Atkinson, 1888","Atkinson, 1888",,,,,tribe,,B1288:1,accepted,,,B1288:1:151,"Pentatominae Leach, 1815",,,,,Pentatomidae,Pentatominae,,,Pentatomoidea | Pentatomidae | Pentatominae,"Piezodorini Atkinson, 1888",,,,,
B1288:1:257,Piezodorus,,,,,,genus,,B1288:1,accepted,,,B1288:1:256,"Piezodorini Atkinson, 1888",,,,,Pentatomidae,Pentatominae,Piezodorus,,Pentatomoidea | Pentatomidae | Pentatominae | Piezodorini,Piezodorus,,RGXYG,2078820,RGXYG,2078820
B1288:1:258,"Piezodorus lituratus (Fabricius, 1794)","(Fabricius, 1794)",Piezodorus,,lituratus,,species,,B1288:1,accepted,,,B1288:1:257,Piezodorus,,,,,Pentatomidae,Pentatominae,Piezodorus,,Pentatomoidea | Pentatomidae | Pentatominae | Piezodorini | Piezodorus,"lituratus (Fabricius, 1794)",,RGY28,2078821,RGY28,2078821
B1288:1:259,"Piezodorus incarnatus (Germar, 1822)","(Germar, 1822)",Piezodorus,,incarnatus,,species,,B1288:1,synonym,B1288:1:258,"Piezodorus lituratus (Fabricius, 1794)",,,,,,,Pentatomidae,Pentatominae,Piezodorus,,Pentatomoidea | Pentatomidae | Pentatominae | Piezodorini | Piezodorus,"Piezodorus incarnatus (Germar, 1822)",,RGXZZ,10136657,RGY28,2078821
B1288:1:260,"Piezodorus alliaceus (Germar, 1824)","(Germar, 1824)",Piezodorus,,alliaceus,,species,,B1288:1,synonym,B1288:1:258,"Piezodorus lituratus (Fabricius, 1794)",,,,,,,Pentatomidae,Pentatominae,Piezodorus,,Pentatomoidea | Pentatomidae | Pentatominae | Piezodorini | Piezodorus,"Piezodorus alliaceus (Germar, 1824)",,,,,
B1288:1:261,"Sciocorini Amyot & Serville, 1843","Amyot & Serville, 1843",,,,,tribe,,B1288:1,accepted,,,B1288:1:151,"Pentatominae Leach, 1815",,,,,Pentatomidae,Pentatominae,,,Pentatomoidea | Pentatomidae | Pentatominae,"Sciocorini Amyot & Serville, 1843",,,,,
B1288:1:262,Dyroderes,,,,,,genus,,B1288:1,accepted,,,B1288:1:261,"Sciocorini Amyot & Serville, 1843",,,,,Pentatomidae,Pentatominae,Dyroderes,,Pentatomoidea | Pentatomidae | Pentatominae | Sciocorini,Dyroderes,,NTW3P,4406297,NTW3P,4406297
B1288:1:263,"Dyroderes umbraculatus (Fabricius, 1775)","(Fabricius, 1775)",Dyroderes,,umbraculatus,,species,,B1288:1,accepted,,,B1288:1:262,Dyroderes,,,,,Pentatomidae,Pentatominae,Dyroderes,,Pentatomoidea | Pentatomidae | Pentatominae | Sciocorini | Dyroderes,"umbraculatus (Fabricius, 1775)",,NTW44,4485845,NTW44,4485845
B1288:1:264,Menaccarus,,,,,,genus,,B1288:1,accepted,,,B1288:1:261,"Sciocorini Amyot & Serville, 1843",,,,,Pentatomidae,Pentatominae,Menaccarus,,Pentatomoidea | Pentatomidae | Pentatominae | Sciocorini,Menaccarus,,QJV3R,4404951,QJV3R,4404951
B1288:1:265,Oploscelis,,Menaccarus,,,,subgenus,,B1288:1,accepted,,,B1288:1:264,Menaccarus,,,,,Pentatomidae,Pentatominae,Menaccarus,Oploscelis,Pentatomoidea | Pentatomidae | Pentatominae | Sciocorini | Menaccarus,Oploscelis,,,,,
B1288:1:266,"Menaccarus arenicola (Scholtz, 1847)","(Scholtz, 1847)",Menaccarus,Oploscelis,arenicola,,species,,B1288:1,accepted,,,B1288:1:265,Oploscelis,,,,,Pentatomidae,Pentatominae,Menaccarus,Oploscelis,Pentatomoidea | Pentatomidae | Pentatominae | Sciocorini | Menaccarus | Oploscelis,"arenicola (Scholtz, 1847)",,QJV3T,4485849,QJV3T,4485849
B1288:1:267,Sciocoris,,,,,,genus,,B1288:1,accepted,,,B1288:1:261,"Sciocorini Amyot & Serville, 1843",,,,,Pentatomidae,Pentatominae,Sciocoris,,Pentatomoidea | Pentatomidae | Pentatominae | Sciocorini,Sciocoris,,SRR75,2079251,SRR75,2079251
B1288:1:268,Aposciocoris,,Sciocoris,,,,subgenus,,B1288:1,accepted,,,B1288:1:267,Sciocoris,,,,,Pentatomidae,Pentatominae,Sciocoris,Aposciocoris,Pentatomoidea | Pentatomidae | Pentatominae | Sciocorini | Sciocoris,Aposciocoris,,,,,
B1288:1:269,"Sciocoris homalonotus Fieber, 1951","Fieber, 1951",Sciocoris,Aposciocoris,homalonotus,,species,,B1288:1,accepted,,,B1288:1:268,Aposciocoris,,,,,Pentatomidae,Pentatominae,Sciocoris,Aposciocoris,Pentatomoidea | Pentatomidae | Pentatominae | Sciocorini | Sciocoris | Aposciocoris,"homalonotus Fieber, 1951",,SRR7F,4485866,SRR7F,4485866
B1288:1:270,"Sciocoris macrocephalus Fieber, 1851","Fieber, 1851",Sciocoris,Aposciocoris,macrocephalus,,species,,B1288:1,accepted,,,B1288:1:268,Aposciocoris,,,,,Pentatomidae,Pentatominae,Sciocoris,Aposciocoris,Pentatomoidea | Pentatomidae | Pentatominae | Sciocorini | Sciocoris | Aposciocoris,"macrocephalus Fieber, 1851",,SRR7K,4485868,SRR7K,4485868
B1288:1:271,"Sciocoris microphthalmus Flor, 1969","Flor, 1969",Sciocoris,Aposciocoris,microphthalmus,,species,,B1288:1,accepted,,,B1288:1:268,Aposciocoris,,,,,Pentatomidae,Pentatominae,Sciocoris,Aposciocoris,Pentatomoidea | Pentatomidae | Pentatominae | Sciocorini | Sciocoris | Aposciocoris,"microphthalmus Flor, 1969",,SRR7N,2079252,SRR7N,2079252
B1288:1:272,Neosciocoris,,Sciocoris,,,,subgenus,,B1288:1,accepted,,,B1288:1:267,Sciocoris,,,,,Pentatomidae,Pentatominae,Sciocoris,Neosciocoris,Pentatomoidea | Pentatomidae | Pentatominae | Sciocorini | Sciocoris,Neosciocoris,,,,,
B1288:1:273,Sciocoris conspurcatus,,Sciocoris,Neosciocoris,conspurcatus,,species,,B1288:1,accepted,,,B1288:1:272,Neosciocoris,,,,,Pentatomidae,Pentatominae,Sciocoris,Neosciocoris,Pentatomoidea | Pentatomidae | Pentatominae | Sciocorini | Sciocoris | Neosciocoris,conspurcatus,,SRR83,4485879,SRR83,4485879
B1288:1:274,"Sciocoris conspurcatus subsp. majusculus Linnavuori, 1964","Linnavuori, 1964",Sciocoris,Neosciocoris,conspurcatus,majusculus,subspecies,,B1288:1,accepted,,,B1288:1:273,Sciocoris conspurcatus,,,,,Pentatomidae,Pentatominae,Sciocoris,Neosciocoris,Pentatomoidea | Pentatomidae | Pentatominae | Sciocorini | Sciocoris | Neosciocoris | Sciocoris conspurcatus,"subsp. majusculus Linnavuori, 1964",,SRR85,4485881,SRR85,4485881
B1288:1:275,"Sciocoris fissus var. scutellaris Puton, 1884","Puton, 1884",Sciocoris,,fissus,scutellaris,variety,,B1288:1,synonym,B1288:1:274,"Sciocoris conspurcatus subsp. majusculus Linnavuori, 1964",,,,,,,Pentatomidae,Pentatominae,Sciocoris,Neosciocoris,Pentatomoidea | Pentatomidae | Pentatominae | Sciocorini | Sciocoris | Neosciocoris | Sciocoris conspurcatus,"Sciocoris fissus var. scutellaris Puton, 1884",,,,,
B1288:1:276,"Sciocoris maculatus Fieber, 1851","Fieber, 1851",Sciocoris,Neosciocoris,maculatus,,species,,B1288:1,accepted,,,B1288:1:272,Neosciocoris,,,,,Pentatomidae,Pentatominae,Sciocoris,Neosciocoris,Pentatomoidea | Pentatomidae | Pentatominae | Sciocorini | Sciocoris | Neosciocoris,"maculatus Fieber, 1851",,SRR8B,4485875,SRR8B,4485875
B1288:1:277,"Sciocoris pallens Klug, 1845","Klug, 1845",Sciocoris,Neosciocoris,pallens,,species,,B1288:1,accepted,,,B1288:1:272,Neosciocoris,,,,,Pentatomidae,Pentatominae,Sciocoris,Neosciocoris,Pentatomoidea | Pentatomidae | Pentatominae | Sciocorini | Sciocoris | Neosciocoris,"pallens Klug, 1845",,SRR8J,4485874,SRR8J,4485874
B1288:1:278,"Sciocoris fissus Mulsant & Rey, 1866","Mulsant & Rey, 1866",Sciocoris,,fissus,,species,,B1288:1,synonym,B1288:1:277,"Sciocoris pallens Klug, 1845",,,,,,,Pentatomidae,Pentatominae,Sciocoris,Neosciocoris,Pentatomoidea | Pentatomidae | Pentatominae | Sciocorini | Sciocoris | Neosciocoris,"Sciocoris fissus Mulsant & Rey, 1866",,SRRC3,10026814,SRR8J,4485874
B1288:1:279,"Sciocoris sideritidis Wollaston, 1858","Wollaston, 1858",Sciocoris,Neosciocoris,sideritidis,,species,,B1288:1,accepted,,,B1288:1:272,Neosciocoris,,,,,Pentatomidae,Pentatominae,Sciocoris,Neosciocoris,Pentatomoidea | Pentatomidae | Pentatominae | Sciocorini | Sciocoris | Neosciocoris,"sideritidis Wollaston, 1858",,SRR8M,4485877,SRR8M,4485877
B1288:1:280,"Sciocoris fumipennis Puton, 1881","Puton, 1881",Sciocoris,,fumipennis,,species,,B1288:1,synonym,B1288:1:279,"Sciocoris sideritidis Wollaston, 1858",,,,,,,Pentatomidae,Pentatominae,Sciocoris,Neosciocoris,Pentatomoidea | Pentatomidae | Pentatominae | Sciocorini | Sciocoris | Neosciocoris,"Sciocoris fumipennis Puton, 1881",,SRRC7,,SRR8M,
B1288:1:281,Sciocoris,,Sciocoris,,,,subgenus,,B1288:1,accepted,,,B1288:1:267,Sciocoris,,,,,Pentatomidae,Pentatominae,Sciocoris,Sciocoris,Pentatomoidea | Pentatomidae | Pentatominae | Sciocorini | Sciocoris,Sciocoris,,SRR75,,SRR75,
B1288:1:282,"Sciocoris cursitans (Fabricius, 1794)","(Fabricius, 1794)",Sciocoris,Sciocoris,cursitans,,species,,B1288:1,accepted,,,B1288:1:281,Sciocoris,,,,,Pentatomidae,Pentatominae,Sciocoris,Sciocoris,Pentatomoidea | Pentatomidae | Pentatominae | Sciocorini | Sciocoris | Sciocoris,"cursitans (Fabricius, 1794)",,SRR9B,2079253,SRR9B,2079253
B1288:1:283,"Sciocoris terreus (Schrank, 1801)","(Schrank, 1801)",Sciocoris,,terreus,,species,,B1288:1,synonym,B1288:1:282,"Sciocoris cursitans (Fabricius, 1794)",,,,,,,Pentatomidae,Pentatominae,Sciocoris,Sciocoris,Pentatomoidea | Pentatomidae | Pentatominae | Sciocorini | Sciocoris | Sciocoris,"Sciocoris terreus (Schrank, 1801)",,SRRGF,9876318,SRR9B,2079253
B1288:1:284,"Sciocoris galiberti Ribaut, 1926","Ribaut, 1926",Sciocoris,,galiberti,,species,,B1288:1,synonym,B1288:1:282,"Sciocoris cursitans (Fabricius, 1794)",,,,,,,Pentatomidae,Pentatominae,Sciocoris,Sciocoris,Pentatomoidea | Pentatomidae | Pentatominae | Sciocorini | Sciocoris | Sciocoris,"Sciocoris galiberti Ribaut, 1926",,SRR9L,4485855,SRR9B,2079253
B1288:1:285,"Sciocoris helferii Fieber, 1851","Fieber, 1851",Sciocoris,Sciocoris,helferii,,species,,B1288:1,accepted,,,B1288:1:281,Sciocoris,,,,,Pentatomidae,Pentatominae,Sciocoris,Sciocoris,Pentatomoidea | Pentatomidae | Pentatominae | Sciocorini | Sciocoris | Sciocoris,"helferii Fieber, 1851",,SRR9M,4485864,SRR9M,4485864
B1288:1:286,"Sciocoris ribauti Wagner, 1953","Wagner, 1953",Sciocoris,,ribauti,,species,,B1288:1,synonym,B1288:1:285,"Sciocoris helferii Fieber, 1851",,,,,,,Pentatomidae,Pentatominae,Sciocoris,Sciocoris,Pentatomoidea | Pentatomidae | Pentatominae | Sciocorini | Sciocoris | Sciocoris,"Sciocoris ribauti Wagner, 1953",,,,,
B1288:1:287,"Sciocoris sulcatus Fieber, 1851","Fieber, 1851",Sciocoris,Sciocoris,sulcatus,,species,,B1288:1,accepted,,,B1288:1:281,Sciocoris,,,,,Pentatomidae,Pentatominae,Sciocoris,Sciocoris,Pentatomoidea | Pentatomidae | Pentatominae | Sciocorini | Sciocoris | Sciocoris,"sulcatus Fieber, 1851",,SRR9Z,4485857,SRR9Z,4485857
B1288:1:288,"Sciocoris umbrinus (Wolff, 1804)","(Wolff, 1804)",Sciocoris,Sciocoris,umbrinus,,species,,B1288:1,accepted,,,B1288:1:281,Sciocoris,,,,,Pentatomidae,Pentatominae,Sciocoris,Sciocoris,Pentatomoidea | Pentatomidae | Pentatominae | Sciocorini | Sciocoris | Sciocoris,"umbrinus (Wolff, 1804)",,SRR7V,2079255,SRR9B,2079255
B1288:1:289,"Strachiini Mulsant & Rey, 1866","Mulsant & Rey, 1866",,,,,tribe,,B1288:1,accepted,,,B1288:1:151,"Pentatominae Leach, 1815",,,,,Pentatomidae,Pentatominae,,,Pentatomoidea | Pentatomidae | Pentatominae,"Strachiini Mulsant & Rey, 1866",,,,,
B1288:1:290,Eurydema,,,,,,genus,,B1288:1,accepted,,,B1288:1:289,"Strachiini Mulsant & Rey, 1866",,,,,Pentatomidae,Pentatominae,Eurydema,,Pentatomoidea | Pentatomidae | Pentatominae | Strachiini,Eurydema,,P464H,8781759,P464H,8781759
B1288:1:291,Eurydema,,Eurydema,,,,subgenus,,B1288:1,accepted,,,B1288:1:290,Eurydema,,,,,Pentatomidae,Pentatominae,Eurydema,Eurydema,Pentatomoidea | Pentatomidae | Pentatominae | Strachiini | Eurydema,Eurydema,,P464H,,P464H,
B1288:1:292,"Eurydema herbacea (Herrich-Schaeffer, 1834)","(Herrich-Schaeffer, 1834)",Eurydema,Eurydema,herbacea,,species,,B1288:1,accepted,,,B1288:1:291,Eurydema,,,,,Pentatomidae,Pentatominae,Eurydema,Eurydema,Pentatomoidea | Pentatomidae | Pentatominae | Strachiini | Eurydema | Eurydema,"herbacea (Herrich-Schaeffer, 1834)",,P464S,4485900,P464S,4485900
B1288:1:293,"Strachia cognata Fieber, 1864","Fieber, 1864",Strachia,,cognata,,species,,B1288:1,synonym,B1288:1:292,"Eurydema herbacea (Herrich-Schaeffer, 1834)",,,,,,,Pentatomidae,Pentatominae,Eurydema,Eurydema,Pentatomoidea | Pentatomidae | Pentatominae | Strachiini | Eurydema | Eurydema,"Strachia cognata Fieber, 1864",,T3BN3,11958060,P464S,4485900
B1288:1:294,"Eurydema oleracea (Linnaeus, 1758)","(Linnaeus, 1758)",Eurydema,Eurydema,oleracea,,species,,B1288:1,accepted,,,B1288:1:291,Eurydema,,,,,Pentatomidae,Pentatominae,Eurydema,Eurydema,Pentatomoidea | Pentatomidae | Pentatominae | Strachiini | Eurydema | Eurydema,"oleracea (Linnaeus, 1758)",,P464Y,4485898,P464Y,4485898
B1288:1:295,"Eurydema ornata (Linnaeus, 1758)","(Linnaeus, 1758)",Eurydema,Eurydema,ornata,,species,,B1288:1,accepted,,,B1288:1:291,Eurydema,,,,,Pentatomidae,Pentatominae,Eurydema,Eurydema,Pentatomoidea | Pentatomidae | Pentatominae | Strachiini | Eurydema | Eurydema,"ornata (Linnaeus, 1758)",,P4655,4485906,P4655,4485906
B1288:1:296,"Strachia festiva (Linnaeus, 1767)","(Linnaeus, 1767)",Strachia,,festiva,,species,,B1288:1,synonym,B1288:1:295,"Eurydema ornata (Linnaeus, 1758)",,,,,,,Pentatomidae,Pentatominae,Eurydema,Eurydema,Pentatomoidea | Pentatomidae | Pentatominae | Strachiini | Eurydema | Eurydema,"Strachia festiva (Linnaeus, 1767)",,T3BNP,12390884,P466C,4485906
B1288:1:297,"Strachia picta (Herrich-Schaeffer, 1833)","(Herrich-Schaeffer, 1833)",Strachia,,picta,,species,,B1288:1,synonym,B1288:1:295,"Eurydema ornata (Linnaeus, 1758)",,,,,,,Pentatomidae,Pentatominae,Eurydema,Eurydema,Pentatomoidea | Pentatomidae | Pentatominae | Strachiini | Eurydema | Eurydema,"Strachia picta (Herrich-Schaeffer, 1833)",,T3BPP,,P4655,
B1288:1:298,"Strachia decorata (Herrich-Schaeffer, 1833)","(Herrich-Schaeffer, 1833)",Strachia,,decorata,,species,,B1288:1,synonym,B1288:1:295,"Eurydema ornata (Linnaeus, 1758)",,,,,,,Pentatomidae,Pentatominae,Eurydema,Eurydema,Pentatomoidea | Pentatomidae | Pentatominae | Strachiini | Eurydema | Eurydema,"Strachia decorata (Herrich-Schaeffer, 1833)",,T3BNF,12085295,P4655,4485906
B1288:1:299,Horvatheurydema,,Eurydema,,,,subgenus,,B1288:1,accepted,,,B1288:1:290,Eurydema,,,,,Pentatomidae,Pentatominae,Eurydema,Horvatheurydema,Pentatomoidea | Pentatomidae | Pentatominae | Strachiini | Eurydema,Horvatheurydema,,,,,
B1288:1:300,"Eurydema fieberi Schummel in Fieber, 1837","Schummel in Fieber, 1837",Eurydema,Horvatheurydema,fieberi,,species,,B1288:1,accepted,,,B1288:1:299,Horvatheurydema,,,,,Pentatomidae,Pentatominae,Eurydema,Horvatheurydema,Pentatomoidea | Pentatomidae | Pentatominae | Strachiini | Eurydema | Horvatheurydema,"fieberi Schummel in Fieber, 1837",,P465H,4408056,P465H,4408056
B1288:1:301,"Eurydema rotundicollis (Dohrn, 1860)","(Dohrn, 1860)",Eurydema,Horvatheurydema,rotundicollis,,species,,B1288:1,accepted,,,B1288:1:299,Horvatheurydema,,,,,Pentatomidae,Pentatominae,Eurydema,Horvatheurydema,Pentatomoidea | Pentatomidae | Pentatominae | Strachiini | Eurydema | Horvatheurydema,"rotundicollis (Dohrn, 1860)",,P465N,4408059,P465N,4408059
B1288:1:302,Rubrodorsalium,,Eurydema,,,,subgenus,,B1288:1,accepted,,,B1288:1:290,Eurydema,,,,,Pentatomidae,Pentatominae,Eurydema,Rubrodorsalium,Pentatomoidea | Pentatomidae | Pentatominae | Strachiini | Eurydema,Rubrodorsalium,,,,,
B1288:1:303,"Eurydema cyanea (Fieber, 1864)","(Fieber, 1864)",Eurydema,Rubrodorsalium,cyanea,,species,,B1288:1,accepted,,,B1288:1:302,Rubrodorsalium,,,,,Pentatomidae,Pentatominae,Eurydema,Rubrodorsalium,Pentatomoidea | Pentatomidae | Pentatominae | Strachiini | Eurydema | Rubrodorsalium,"cyanea (Fieber, 1864)",,P4665,4485891,P4665,4485891
B1288:1:304,"Eurydema dominulus (Scopoli, 1763)","(Scopoli, 1763)",Eurydema,Rubrodorsalium,dominulus,,species,,B1288:1,accepted,,,B1288:1:302,Rubrodorsalium,,,,,Pentatomidae,Pentatominae,Eurydema,Rubrodorsalium,Pentatomoidea | Pentatomidae | Pentatominae | Strachiini | Eurydema | Rubrodorsalium,"dominulus (Scopoli, 1763)",,P466C,4485896,P466C,4485896
B1288:1:305,"Strachia festiva (Linnaeus, 1767)","(Linnaeus, 1767)",Strachia,,festiva,,species,par erreur !,B1288:1,synonym,B1288:1:304,"Eurydema dominulus (Scopoli, 1763)",,,,,,,Pentatomidae,Pentatominae,Eurydema,Rubrodorsalium,Pentatomoidea | Pentatomidae | Pentatominae | Strachiini | Eurydema | Rubrodorsalium,"Strachia festiva (Linnaeus, 1767) par erreur !",,T3BNP,12390884,P466C,4485906
B1288:1:306,"Strachia fimbriolata (Germar, 1826)","(Germar, 1826)",Strachia,,fimbriolata,,species,,B1288:1,synonym,B1288:1:304,"Eurydema dominulus (Scopoli, 1763)",,,,,,,Pentatomidae,Pentatominae,Eurydema,Rubrodorsalium,Pentatomoidea | Pentatomidae | Pentatominae | Strachiini | Eurydema | Rubrodorsalium,"Strachia fimbriolata (Germar, 1826)",,,,,
B1288:1:307,"Eurydema ventralis Kolenati, 1846","Kolenati, 1846",Eurydema,Rubrodorsalium,ventralis,,species,,B1288:1,accepted,,,B1288:1:302,Rubrodorsalium,,,,,Pentatomidae,Pentatominae,Eurydema,Rubrodorsalium,Pentatomoidea | Pentatomidae | Pentatominae | Strachiini | Eurydema | Rubrodorsalium,"ventralis Kolenati, 1846",,P466N,4485895,P466N,4485895
B1288:1:308,"Strachia ornata (Linnaeus, 1758)","(Linnaeus, 1758)",Strachia,,ornata,,species,par erreur !,B1288:1,synonym,B1288:1:307,"Eurydema ventralis Kolenati, 1846",,,,,,,Pentatomidae,Pentatominae,Eurydema,Rubrodorsalium,Pentatomoidea | Pentatomidae | Pentatominae | Strachiini | Eurydema | Rubrodorsalium,"Strachia ornata (Linnaeus, 1758), par erreur !",,DM2KB,,P466N,
B1288:1:309,"Podopinae Amyot & Serville, 1843","Amyot & Serville, 1843",,,,,subfamily,,B1288:1,accepted,,,B1288:1:134,"Pentatomidae Leach, 1815",,,,,Pentatomidae,Podopinae,,,Pentatomoidea | Pentatomidae,"Podopinae Amyot & Serville, 1843",,,,,
B1288:1:310,"Graphosomatini Mulsant & Rey, 1865","Mulsant & Rey, 1865",,,,,tribe,,B1288:1,accepted,,,B1288:1:309,"Podopinae Amyot & Serville, 1843",,,,,Pentatomidae,Podopinae,,,Pentatomoidea | Pentatomidae | Podopinae,"Graphosomatini Mulsant & Rey, 1865",,,,,
B1288:1:311,Ancyrosoma,,,,,,genus,,B1288:1,accepted,,,B1288:1:310,"Graphosomatini Mulsant & Rey, 1865",,,,,Pentatomidae,Podopinae,Ancyrosoma,,Pentatomoidea | Pentatomidae | Podopinae | Graphosomatini,Ancyrosoma,,LPD7N,4407729,LPD7N,4407729
B1288:1:312,"Ancyrosoma leucogrammes (Gmelin, 1790)","(Gmelin, 1790)",Ancyrosoma,,leucogrammes,,species,,B1288:1,accepted,,,B1288:1:311,Ancyrosoma,,,,,Pentatomidae,Podopinae,Ancyrosoma,,Pentatomoidea | Pentatomidae | Podopinae | Graphosomatini | Ancyrosoma,"leucogrammes (Gmelin, 1790)",,LPD7T,4485722,LPD7T,4485722
B1288:1:313,"Ancyrosoma albolineatum (Fabricius, 1791)","(Fabricius, 1791)",Ancyrosoma,,albolineatum,,species,,B1288:1,synonym,B1288:1:312,"Ancyrosoma leucogrammes (Gmelin, 1790)",,,,,,,Pentatomidae,Podopinae,Ancyrosoma,,Pentatomoidea | Pentatomidae | Podopinae | Graphosomatini | Ancyrosoma,"Ancyrosoma albolineatum (Fabricius, 1791)",,LPD7S,12049933,LPD7T,4485722
B1288:1:314,Derula,,,,,,genus,,B1288:1,accepted,,,B1288:1:310,"Graphosomatini Mulsant & Rey, 1865",,,,,Pentatomidae,Podopinae,Derula,,Pentatomoidea | Pentatomidae | Podopinae | Graphosomatini,Derula,,NF84Q,4485713,NF84Q,4485713
B1288:1:315,"Derula flavoguttata Mulsant & Rey, 1856","Mulsant & Rey, 1856",Derula,,flavoguttata,,species,,B1288:1,accepted,,,B1288:1:314,Derula,,,,,Pentatomidae,Podopinae,Derula,,Pentatomoidea | Pentatomidae | Podopinae | Graphosomatini | Derula,"flavoguttata Mulsant & Rey, 1856",,NF84Y,4485714,NF84Y,4485714
B1288:1:316,Graphosoma,,,,,,genus,,B1288:1,accepted,,,B1288:1:310,"Graphosomatini Mulsant & Rey, 1865",,,,,Pentatomidae,Podopinae,Graphosoma,,Pentatomoidea | Pentatomidae | Podopinae | Graphosomatini,Graphosoma,,PJYKB,4405318,PJYKB,4405318
B1288:1:317,Graphosoma,,Graphosoma,,,,subgenus,,B1288:1,accepted,,,B1288:1:316,Graphosoma,,,,,Pentatomidae,Podopinae,Graphosoma,Graphosoma,Pentatomoidea | Pentatomidae | Podopinae | Graphosomatini | Graphosoma,Graphosoma,,PJYKB,,PJYKB,
B1288:1:318,"Graphosoma italicum (Miller, 1766)","(Miller, 1766)",Graphosoma,Graphosoma,italicum,,species,,B1288:1,accepted,,,B1288:1:317,Graphosoma,,,,,Pentatomidae,Podopinae,Graphosoma,Graphosoma,Pentatomoidea | Pentatomidae | Podopinae | Graphosomatini | Graphosoma | Graphosoma,"italicum (Miller, 1766)",,PJYMB,7437802,PJYMB,7437802
B1288:1:319,"Graphosoma lineatum (Linnaeus, 1758)","(Linnaeus, 1758)",Graphosoma,Graphosoma,lineatum,,species,,B1288:1,accepted,,,B1288:1:317,Graphosoma,,,,,Pentatomidae,Podopinae,Graphosoma,Graphosoma,Pentatomoidea | Pentatomidae | Podopinae | Graphosomatini | Graphosoma | Graphosoma,"lineatum (Linnaeus, 1758)",,PJYN5,4485729,PJYMB,4485729
B1288:1:320,"Graphosoma semipunctatum (Fabricius, 1775)","(Fabricius, 1775)",Graphosoma,Graphosoma,semipunctatum,,species,,B1288:1,accepted,,,B1288:1:317,Graphosoma,,,,,Pentatomidae,Podopinae,Graphosoma,Graphosoma,Pentatomoidea | Pentatomidae | Podopinae | Graphosomatini | Graphosoma | Graphosoma,"semipunctatum (Fabricius, 1775)",,PJYL7,4485731,PJYL7,4485731
B1288:1:321,Leprosoma,,,,,,genus,,B1288:1,accepted,,,B1288:1:310,"Graphosomatini Mulsant & Rey, 1865",,,,,Pentatomidae,Podopinae,Leprosoma,,Pentatomoidea | Pentatomidae | Podopinae | Graphosomatini,Leprosoma,,Q8TQX,3266140,Q8TQX,3266140
B1288:1:322,"Leprosoma inconspicuum Baerensprung, 1859","Baerensprung, 1859",Leprosoma,,inconspicuum,,species,,B1288:1,accepted,,,B1288:1:321,Leprosoma,,,,,Pentatomidae,Podopinae,Leprosoma,,Pentatomoidea | Pentatomidae | Podopinae | Graphosomatini | Leprosoma,"inconspicuum Baerensprung, 1859",,Q8TSC,7561885,Q8TSC,7561885
B1288:1:323,Sternodontus,,,,,,genus,,B1288:1,accepted,,,B1288:1:310,"Graphosomatini Mulsant & Rey, 1865",,,,,Pentatomidae,Podopinae,Sternodontus,,Pentatomoidea | Pentatomidae | Podopinae | Graphosomatini,Sternodontus,,TC739,4406944,TC739,4406944
B1288:1:324,"Sternodontus obtusus Mulsant & Rey, 1856","Mulsant & Rey, 1856",Sternodontus,,obtusus,,species,,B1288:1,accepted,,,B1288:1:323,Sternodontus,,,,,Pentatomidae,Podopinae,Sternodontus,,Pentatomoidea | Pentatomidae | Podopinae | Graphosomatini | Sternodontus,"obtusus Mulsant & Rey, 1856",,TC73J,4485736,TC73J,4485736
B1288:1:325,Tholagmus,,,,,,genus,,B1288:1,accepted,,,B1288:1:310,"Graphosomatini Mulsant & Rey, 1865",,,,,Pentatomidae,Podopinae,Tholagmus,,Pentatomoidea | Pentatomidae | Podopinae | Graphosomatini,Tholagmus,,TGR77,4485715,TGR77,4485715
B1288:1:326,"Tholagmus flavolineatus (Fabricius, 1798)","(Fabricius, 1798)",Tholagmus,,flavolineatus,,species,,B1288:1,accepted,,,B1288:1:325,Tholagmus,,,,,Pentatomidae,Podopinae,Tholagmus,,Pentatomoidea | Pentatomidae | Podopinae | Graphosomatini | Tholagmus,"flavolineatus (Fabricius, 1798)",,TGR7X,4485718,TGR7X,4485718
B1288:1:327,Ventocoris,,,,,,genus,,B1288:1,accepted,,,B1288:1:310,"Graphosomatini Mulsant & Rey, 1865",,,,,Pentatomidae,Podopinae,Ventocoris,,Pentatomoidea | Pentatomidae | Podopinae | Graphosomatini,Ventocoris,,TLJP5,4406078,TLJP5,4406078
B1288:1:328,Astirocoris,,Ventocoris,,,,subgenus,,B1288:1,accepted,,,B1288:1:327,Ventocoris,,,,,Pentatomidae,Podopinae,Ventocoris,Astirocoris,Pentatomoidea | Pentatomidae | Podopinae | Graphosomatini | Ventocoris,Astirocoris,,,,,
B1288:1:329,"Ventocoris falcatus (Cyrilli, 1787)","(Cyrilli, 1787)",Ventocoris,Astirocoris,falcatus,,species,,B1288:1,accepted,,,B1288:1:328,Astirocoris,,,,,Pentatomidae,Podopinae,Ventocoris,Astirocoris,Pentatomoidea | Pentatomidae | Podopinae | Graphosomatini | Ventocoris | Astirocoris,"falcatus (Cyrilli, 1787)",,TLJQ3,4485749,TLJQ3,4485749
B1288:1:330,"Ventocoris fischeri (Herrich-Schaeffer, 1851)","(Herrich-Schaeffer, 1851)",Ventocoris,Astirocoris,fischeri,,species,,B1288:1,accepted,,,B1288:1:328,Astirocoris,,,,,Pentatomidae,Podopinae,Ventocoris,Astirocoris,Pentatomoidea | Pentatomidae | Podopinae | Graphosomatini | Ventocoris | Astirocoris,"fischeri (Herrich-Schaeffer, 1851)",,TLJPL,4485744,TLJPL,4485744
B1288:1:331,Ventocoris,,Ventocoris,,,,subgenus,,B1288:1,accepted,,,B1288:1:327,Ventocoris,,,,,Pentatomidae,Podopinae,Ventocoris,Ventocoris,Pentatomoidea | Pentatomidae | Podopinae | Graphosomatini | Ventocoris,Ventocoris,,TLJP5,,TLJP5,
B1288:1:332,"Ventocoris rusticus (Fabricius, 1781)","(Fabricius, 1781)",Ventocoris,Ventocoris,rusticus,,species,,B1288:1,accepted,,,B1288:1:331,Ventocoris,,,,,Pentatomidae,Podopinae,Ventocoris,Ventocoris,Pentatomoidea | Pentatomidae | Podopinae | Graphosomatini | Ventocoris | Ventocoris,"rusticus (Fabricius, 1781)",,TLJQN,4485738,TLJQN,4485738
B1288:1:333,Vilpianus,,,,,,genus,,B1288:1,accepted,,,B1288:1:310,"Graphosomatini Mulsant & Rey, 1865",,,,,Pentatomidae,Podopinae,Vilpianus,,Pentatomoidea | Pentatomidae | Podopinae | Graphosomatini,Vilpianus,,TRTL8,4405833,TRTL8,4405833
B1288:1:334,"Vilpianus galii (Wolff, 1802)","(Wolff, 1802)",Vilpianus,,galii,,species,,B1288:1,accepted,,,B1288:1:333,Vilpianus,,,,,Pentatomidae,Podopinae,Vilpianus,,Pentatomoidea | Pentatomidae | Podopinae | Graphosomatini | Vilpianus,"galii (Wolff, 1802)",,TRTLG,4485720,TRTLG,4485720
B1288:1:335,"Podopini Stal, 1872","Stal, 1872",,,,,tribe,,B1288:1,accepted,,,B1288:1:309,"Podopinae Amyot & Serville, 1843",,,,,Pentatomidae,Podopinae,,,Pentatomoidea | Pentatomidae | Podopinae,"Podopini Stal, 1872",,,,,
B1288:1:336,Podops,,,,,,genus,,B1288:1,accepted,,,B1288:1:335,"Podopini Stal, 1872",,,,,Pentatomidae,Podopinae,Podops,,Pentatomoidea | Pentatomidae | Podopinae | Podopini,Podops,,RWM6J,8882580,RWM6J,8882580
B1288:1:337,Opocrates,,Podops,,,,subgenus,,B1288:1,accepted,,,B1288:1:336,Podops,,,,,Pentatomidae,Podopinae,Podops,Opocrates,Pentatomoidea | Pentatomidae | Podopinae | Podopini | Podops,Opocrates,,,,,
B1288:1:338,"Podops curvidens A. Costa, 1843","A. Costa, 1843",Podops,Opocrates,curvidens,,species,,B1288:1,accepted,,,B1288:1:337,Opocrates,,,,,Pentatomidae,Podopinae,Podops,Opocrates,Pentatomoidea | Pentatomidae | Podopinae | Podopini | Podops | Opocrates,"curvidens A. Costa, 1843",,RWM74,4485710,RWM74,4485710
B1288:1:339,Podops,,Podops,,,,subgenus,,B1288:1,accepted,,,B1288:1:336,Podops,,,,,Pentatomidae,Podopinae,Podops,Podops,Pentatomoidea | Pentatomidae | Podopinae | Podopini | Podops,Podops,,RWM6J,,RWM6J,
B1288:1:340,"Podops inunctus (Fabricius, 1775)","(Fabricius, 1775)",Podops,Podops,inunctus,,species,,B1288:1,accepted,,,B1288:1:339,Podops,,,,,Pentatomidae,Podopinae,Podops,Podops,Pentatomoidea | Pentatomidae | Podopinae | Podopini | Podops | Podops,"inunctus (Fabricius, 1775)",,RWM7P,4485704,RWM7P,4485704
B1288:1:341,"Podops calligerus Horváth, 1887","Horváth, 1887",Podops,,calligerus,,species,,B1288:1,synonym,B1288:1:340,"Podops inunctus (Fabricius, 1775)",,,,,,,Pentatomidae,Podopinae,Podops,Podops,Pentatomoidea | Pentatomidae | Podopinae | Podopini | Podops | Podops,"Podops calligerus Horváth, 1887",,RWM7K,4485706,RWM7K,4485706
B1288:1:342,Scotinophara,,Podops,,,,subgenus,,B1288:1,accepted,,,B1288:1:336,Podops,,,,,Pentatomidae,Podopinae,Podops,Scotinophara,Pentatomoidea | Pentatomidae | Podopinae | Podopini | Podops,Scotinophara,,SVWKY,,SVWKY,
B1288:1:343,"Podops sicula (A. Costa, 1842)","(A. Costa, 1842)",Podops,Scotinophara,sicula,,species,,B1288:1,accepted,,,B1288:1:342,Scotinophara,,,,,Pentatomidae,Podopinae,Podops,Scotinophara,Pentatomoidea | Pentatomidae | Podopinae | Podopini | Podops | Scotinophara,"sicula (A. Costa, 1842)",,RWM9Q,4485701,SVWM2,4485700