scientificNameID,scientificName,scientificNameAuthorship,genericName,infragenericEpithet,specificEpithet,infraspecificEpithet,taxonRank,taxonRemarks,collectionCode,taxonomicStatus,acceptedNameUsageID,acceptedNameUsage,parentNameUsageID,parentNameUsage,kingdom,phylum,class,order,family,subfamily,genus,subgenus,higherClassification,verbatimIdentification,dynamicProperties,colTaxonID,gbifTaxonID,colAcceptedTaxonID,gbifAcceptedTaxonID
B203:1:1,Tenthredinidae,,,,,,family,,B203:1,accepted,,,,,,,,,Tenthredinidae,,,,,Tenthredinidae,,GZJ,7918,GZJ,7918
B203:1:2,Selandriinae,,,,,,subfamily,,B203:1,accepted,,,B203:1:1,Tenthredinidae,,,,,Tenthredinidae,Selandriinae,,,Tenthredinidae,Selandriinae,,,,,
B203:1:3,Heptamelini,,,,,,tribe,,B203:1,accepted,,,B203:1:2,Selandriinae,,,,,Tenthredinidae,Selandriinae,,,Tenthredinidae | Selandriinae,Heptamelini,,DR8QY,,PMQMQ,
B203:1:4,Heptamelus Haliday,Haliday,,,,,genus,,B203:1,accepted,,,B203:1:3,Heptamelini,,,,,Tenthredinidae,Selandriinae,Heptamelus,,Tenthredinidae | Selandriinae | Heptamelini,Heptamelus Haliday,,PMQN4,4491012,PMQN4,4491012
B203:1:5,Heptamelus ochroleucus (Stephens),(Stephens),Heptamelus,,ochroleucus,,species,,B203:1,accepted,,,B203:1:4,Heptamelus Haliday,,,,,Tenthredinidae,Selandriinae,Heptamelus,,Tenthredinidae | Selandriinae | Heptamelini | Heptamelus,ochroleucus (Stephens),,PMQNG,4491014,PMQNG,4491014
B203:1:6,Strongylogastrini,,,,,,tribe,,B203:1,accepted,,,B203:1:2,Selandriinae,,,,,Tenthredinidae,Selandriinae,,,Tenthredinidae | Selandriinae,Strongylogastrini,,,,,
B203:1:7,Pseudohemitaxonus Conde,Conde,,,,,genus,,B203:1,accepted,,,B203:1:6,Strongylogastrini,,,,,Tenthredinidae,Selandriinae,Pseudohemitaxonus,,Tenthredinidae | Selandriinae | Strongylogastrini,Pseudohemitaxonus Conde,,SHDQX,4491138,SHDQX,4491138
B203:1:8,Pseudohemitaxonus sharpi (Cameron),(Cameron),Pseudohemitaxonus,,sharpi,,species,,B203:1,accepted,,,B203:1:7,Pseudohemitaxonus Conde,,,,,Tenthredinidae,Selandriinae,Pseudohemitaxonus,,Tenthredinidae | Selandriinae | Strongylogastrini | Pseudohemitaxonus,sharpi (Cameron),,SHDRJ,4491139,SHDRJ,4491139
B203:1:9,Pseudohemitaxonus exsectus Conde,Conde,Pseudohemitaxonus,,exsectus,,species,,B203:1,synonym,B203:1:8,Pseudohemitaxonus sharpi (Cameron),,,,,,,Tenthredinidae,Selandriinae,Pseudohemitaxonus,,Tenthredinidae | Selandriinae | Strongylogastrini | Pseudohemitaxonus,exsectus Conde,,SHDR9,11337094,SHDRJ,4491139
B203:1:10,Stromboceros Konow,Konow,,,,,genus,,B203:1,accepted,,,B203:1:6,Strongylogastrini,,,,,Tenthredinidae,Selandriinae,Stromboceros,,Tenthredinidae | Selandriinae | Strongylogastrini,Stromboceros Konow,,T7CNC,4406556,T7CNC,4406556
B203:1:11,Stromboceros delicatulus (Fallén),(Fallén),Stromboceros,,delicatulus,,species,,B203:1,accepted,,,B203:1:10,Stromboceros Konow,,,,,Tenthredinidae,Selandriinae,Stromboceros,,Tenthredinidae | Selandriinae | Strongylogastrini | Stromboceros,delicatulus (Fallén),,T7CNX,4491004,T7CNX,4491004
B203:1:12,Strongylogaster Dahlbom,Dahlbom,,,,,genus,,B203:1,accepted,,,B203:1:6,Strongylogastrini,,,,,Tenthredinidae,Selandriinae,Strongylogaster,,Tenthredinidae | Selandriinae | Strongylogastrini,Strongylogaster Dahlbom,,T7P8C,3258481,T7P8C,3258481
B203:1:13,Pseudotaxonus A. Costa,A. Costa,,,,,genus,,B203:1,synonym,B203:1:12,Strongylogaster Dahlbom,,,,,,,Tenthredinidae,Selandriinae,Pseudotaxonus,,Tenthredinidae | Selandriinae | Strongylogastrini,Pseudotaxonus A. Costa,,SB7S9,4679733,T7P8C,3258481
B203:1:14,Thrinax Konow,Konow,,,,,genus,,B203:1,synonym,B203:1:12,Strongylogaster Dahlbom,,,,,,,Tenthredinidae,Selandriinae,Thrinax,,Tenthredinidae | Selandriinae | Strongylogastrini,Thrinax Konow,,THST6,3258726,THST6,3258726
B203:1:15,Strongylogaster filicis (Klug),(Klug),Strongylogaster,,filicis,,species,,B203:1,accepted,,,B203:1:12,Strongylogaster Dahlbom,,,,,Tenthredinidae,Selandriinae,Strongylogaster,,Tenthredinidae | Selandriinae | Strongylogastrini | Strongylogaster,filicis (Klug),,T7PBB,5759660,T7PBB,5759660
B203:1:16,Strongylogaster lineata (Christ),(Christ),Strongylogaster,,lineata,,species,,B203:1,accepted,,,B203:1:12,Strongylogaster Dahlbom,,,,,Tenthredinidae,Selandriinae,Strongylogaster,,Tenthredinidae | Selandriinae | Strongylogastrini | Strongylogaster,lineata (Christ),,T7PC5,6097037,T7PD4,5759658
B203:1:17,Strongylogaster cingulata Fabricius,Fabricius,Strongylogaster,,cingulata,,species,,B203:1,synonym,B203:1:16,Strongylogaster lineata (Christ),,,,,,,Tenthredinidae,Selandriinae,Strongylogaster,,Tenthredinidae | Selandriinae | Strongylogastrini | Strongylogaster,cingulata Fabricius,,T7P9G,10336453,T7PD4,5759658
B203:1:18,Strongylogaster xanthoceros (Stephens),(Stephens),Strongylogaster,,xanthoceros,,species,,B203:1,accepted,,,B203:1:12,Strongylogaster Dahlbom,,,,,Tenthredinidae,Selandriinae,Strongylogaster,,Tenthredinidae | Selandriinae | Strongylogastrini | Strongylogaster,xanthoceros (Stephens),,T7PH4,11366822,T7PH4,5759661
B203:1:19,Strongylogaster mixta (Klug),(Klug),Strongylogaster,,mixta,,species,,B203:1,accepted,,,B203:1:12,Strongylogaster Dahlbom,,,,,Tenthredinidae,Selandriinae,Strongylogaster,,Tenthredinidae | Selandriinae | Strongylogastrini | Strongylogaster,mixta (Klug),,T7PCM,5759664,T7PCM,5759664
B203:1:20,Strongylogaster femoralis Cam.,Cam.,Strongylogaster,,femoralis,,species,,B203:1,synonym,B203:1:19,Strongylogaster mixta (Klug),,,,,,,Tenthredinidae,Selandriinae,Strongylogaster,,Tenthredinidae | Selandriinae | Strongylogastrini | Strongylogaster,femoralis Cam.,,T7PB8,9416587,T7PCM,5759664
B203:1:21,Strongylogaster contigua (Konow),(Konow),Strongylogaster,,contigua,,species,,B203:1,accepted,,,B203:1:12,Strongylogaster Dahlbom,,,,,Tenthredinidae,Selandriinae,Strongylogaster,,Tenthredinidae | Selandriinae | Strongylogastrini | Strongylogaster,contigua (Konow),,T7P9J,11285159,SHDRJ,4491139
B203:1:22,Strongylogaster mixtus Klug in Cam.,Klug in Cam.,Strongylogaster,,mixtus,,species,nec Klug,B203:1,synonym,B203:1:21,Strongylogaster contigua (Konow),,,,,,,Tenthredinidae,Selandriinae,Strongylogaster,,Tenthredinidae | Selandriinae | Strongylogastrini | Strongylogaster,mixtus Klug in Cam. nec Klug,,T7PCL,5759664,T7PC9,5759664
B203:1:23,Strongylogaster macula (Klug),(Klug),Strongylogaster,,macula,,species,,B203:1,accepted,,,B203:1:12,Strongylogaster Dahlbom,,,,,Tenthredinidae,Selandriinae,Strongylogaster,,Tenthredinidae | Selandriinae | Strongylogastrini | Strongylogaster,macula (Klug),,T7PC9,5759655,T7PC9,5759655
B203:1:24,Aneugmenini,,,,,,tribe,,B203:1,accepted,,,B203:1:2,Selandriinae,,,,,Tenthredinidae,Selandriinae,,,Tenthredinidae | Selandriinae,Aneugmenini,,,,,
B203:1:25,Aneugmenus Hartig,Hartig,,,,,genus,,B203:1,accepted,,,B203:1:24,Aneugmenini,,,,,Tenthredinidae,Selandriinae,Aneugmenus,,Tenthredinidae | Selandriinae | Aneugmenini,Aneugmenus Hartig,,L9LM9,4407650,L9LM9,4407650
B203:1:26,Selandria,,,,,,genus,,B203:1,proparte synonym,B203:1:25,Aneugmenus Hartig,,,,,,,Tenthredinidae,Selandriinae,Selandria,,Tenthredinidae | Selandriinae | Aneugmenini,Selandria,,SZ667,4404331,SZ667,4404331
B203:1:27,Aneugmenus fürstenbergensis (Konow),(Konow),Aneugmenus,,fürstenbergensis,,species,,B203:1,accepted,,,B203:1:25,Aneugmenus Hartig,,,,,Tenthredinidae,Selandriinae,Aneugmenus,,Tenthredinidae | Selandriinae | Aneugmenini | Aneugmenus,fürstenbergensis (Konow),,L9LMV,4491147,L9LMV,4491147
B203:1:28,Aneugmenus coronatus (Klug),(Klug),Aneugmenus,,coronatus,,species,,B203:1,accepted,,,B203:1:25,Aneugmenus Hartig,,,,,Tenthredinidae,Selandriinae,Aneugmenus,,Tenthredinidae | Selandriinae | Aneugmenini | Aneugmenus,coronatus (Klug),,L9LMM,4491152,L9LMM,4491152
B203:1:29,Aneugmenus analis Thomson,Thomson,Aneugmenus,,analis,,species,,B203:1,synonym,B203:1:28,Aneugmenus coronatus (Klug),,,,,,,Tenthredinidae,Selandriinae,Aneugmenus,,Tenthredinidae | Selandriinae | Aneugmenini | Aneugmenus,analis Thomson,,DJP8Q,11310104,L9LND,4491149
B203:1:30,Aneugmenus temporalis (Thomson),(Thomson),Aneugmenus,,temporalis,,species,,B203:1,accepted,,,B203:1:25,Aneugmenus Hartig,,,,,Tenthredinidae,Selandriinae,Aneugmenus,,Tenthredinidae | Selandriinae | Aneugmenini | Aneugmenus,temporalis (Thomson),,L9LNM,4491145,L9LNM,4491145
B203:1:31,Aneugmenus padi (L.),(L.),Aneugmenus,,padi,,species,,B203:1,accepted,,,B203:1:25,Aneugmenus Hartig,,,,,Tenthredinidae,Selandriinae,Aneugmenus,,Tenthredinidae | Selandriinae | Aneugmenini | Aneugmenus,padi (L.),,L9LND,4491149,L9LND,4491149
B203:1:32,Aneugmenus stramineipes Klug,Klug,Aneugmenus,,stramineipes,,species,,B203:1,synonym,B203:1:31,Aneugmenus padi (L.),,,,,,,Tenthredinidae,Selandriinae,Aneugmenus,,Tenthredinidae | Selandriinae | Aneugmenini | Aneugmenus,stramineipes Klug,,DJP8R,11311231,L9LND,4491149
B203:1:33,Melisandra Benson,Benson,,,,,genus,,B203:1,accepted,,,B203:1:24,Aneugmenini,,,,,Tenthredinidae,Selandriinae,Melisandra,,Tenthredinidae | Selandriinae | Aneugmenini,Melisandra Benson,,QG8KS,4491158,QQFD2,8957265
B203:1:34,Selandria,,,,,,genus,,B203:1,proparte synonym,B203:1:33,Melisandra Benson,,,,,,,Tenthredinidae,Selandriinae,Selandria,,Tenthredinidae | Selandriinae | Aneugmenini,Selandria,,SZ667,4404331,SZ667,4404331
B203:1:35,Melisandra cinereipes (F.),(F.),Melisandra,,cinereipes,,species,,B203:1,accepted,,,B203:1:33,Melisandra Benson,,,,,Tenthredinidae,Selandriinae,Melisandra,,Tenthredinidae | Selandriinae | Aneugmenini | Melisandra,cinereipes (F.),,,,,
B203:1:36,Melisandra aperta Hartig,Hartig,Melisandra,,aperta,,species,,B203:1,synonym,B203:1:35,Melisandra cinereipes (F.),,,,,,,Tenthredinidae,Selandriinae,Melisandra,,Tenthredinidae | Selandriinae | Aneugmenini | Melisandra,aperta Hartig,,,,,
B203:1:37,Melisandra morio (F.),(F.),Melisandra,,morio,,species,,B203:1,accepted,,,B203:1:33,Melisandra Benson,,,,,Tenthredinidae,Selandriinae,Melisandra,,Tenthredinidae | Selandriinae | Aneugmenini | Melisandra,morio (F.),,QG8KW,11303332,QQFJL,8205517
B203:1:38,Selandriini,,,,,,tribe,,B203:1,accepted,,,B203:1:2,Selandriinae,,,,,Tenthredinidae,Selandriinae,,,Tenthredinidae | Selandriinae,Selandriini,,,,,
B203:1:39,Brachythops Haliday in Curtis,Haliday in Curtis,,,,,genus,,B203:1,accepted,,,B203:1:38,Selandriini,,,,,Tenthredinidae,Selandriinae,Brachythops,,Tenthredinidae | Selandriinae | Selandriini,Brachythops Haliday in Curtis,,M2PN7,11090368,M2PN7,11090368
B203:1:40,Brachythops wüstneii (Konow),(Konow),Brachythops,,wüstneii,,species,,B203:1,accepted,,,B203:1:39,Brachythops Haliday in Curtis,,,,,Tenthredinidae,Selandriinae,Brachythops,,Tenthredinidae | Selandriinae | Selandriini | Brachythops,wüstneii (Konow),,M2PNW,4491188,M2PNW,4491188
B203:1:41,Brachythops flavens (Klug),(Klug),Brachythops,,flavens,,species,ab. b Cam.,B203:1,synonym,B203:1:40,Brachythops wüstneii (Konow),,,,,,,Tenthredinidae,Selandriinae,Brachythops,,Tenthredinidae | Selandriinae | Selandriini | Brachythops,flavens (Klug) ab. b Cam.,,M2PNL,4491191,M2PNL,4491191
B203:1:42,Brachythops flavens (Klug),(Klug),Brachythops,,flavens,,species,,B203:1,accepted,,,B203:1:39,Brachythops Haliday in Curtis,,,,,Tenthredinidae,Selandriinae,Brachythops,,Tenthredinidae | Selandriinae | Selandriini | Brachythops,flavens (Klug),,M2PNL,4491191,M2PNL,4491191
B203:1:43,Selandria Leach,Leach,,,,,genus,,B203:1,accepted,,,B203:1:38,Selandriini,,,,,Tenthredinidae,Selandriinae,Selandria,,Tenthredinidae | Selandriinae | Selandriini,Selandria Leach,,SZ667,4404331,SZ667,4404331
B203:1:44,Selandria serva (F.),(F.),Selandria,,serva,,species,,B203:1,accepted,,,B203:1:43,Selandria Leach,,,,,Tenthredinidae,Selandriinae,Selandria,,Tenthredinidae | Selandriinae | Selandriini | Selandria,serva (F.),,SZ6BK,4491184,SZ6BK,4491184
B203:1:45,Selandria sixii Vollenhoven,Vollenhoven,Selandria,,sixii,,species,,B203:1,accepted,,,B203:1:43,Selandria Leach,,,,,Tenthredinidae,Selandriinae,Selandria,,Tenthredinidae | Selandriinae | Selandriini | Selandria,sixii Vollenhoven,,SZ6BT,4491182,SZ69C,4491181
B203:1:46,Dolerini,,,,,,tribe,,B203:1,accepted,,,B203:1:2,Selandriinae,,,,,Tenthredinidae,Selandriinae,,,Tenthredinidae | Selandriinae,Dolerini,,,,,
B203:1:47,Loderus Konow,Konow,,,,,genus,,B203:1,accepted,,,B203:1:46,Dolerini,,,,,Tenthredinidae,Selandriinae,Loderus,,Tenthredinidae | Selandriinae | Dolerini,Loderus Konow,,N92RR,4681532,N92RR,4681532
B203:1:48,Loderus eversmanni (Kirby),(Kirby),Loderus,,eversmanni,,species,,B203:1,accepted,,,B203:1:47,Loderus Konow,,,,,Tenthredinidae,Selandriinae,Loderus,,Tenthredinidae | Selandriinae | Dolerini | Loderus,eversmanni (Kirby),,Q27RW,8560874,N92VM,6097069
B203:1:49,Loderus palmatus Klug,Klug,Loderus,,palmatus,,species,,B203:1,synonym,B203:1:48,Loderus eversmanni (Kirby),,,,,,,Tenthredinidae,Selandriinae,Loderus,,Tenthredinidae | Selandriinae | Dolerini | Loderus,palmatus Klug,,Q27TD,10965511,N92VM,6097069
B203:1:50,Loderus pratorum (Fallén),(Fallén),Loderus,,pratorum,,species,,B203:1,accepted,,,B203:1:47,Loderus Konow,,,,,Tenthredinidae,Selandriinae,Loderus,,Tenthredinidae | Selandriinae | Dolerini | Loderus,pratorum (Fallén),,Q27TG,8439472,N92S7,6097105
B203:1:51,Loderus pratorum subsp. pratorum Fallén,Fallén,Loderus,,pratorum,pratorum,subspecies,,B203:1,accepted,,,B203:1:50,Loderus pratorum (Fallén),,,,,Tenthredinidae,Selandriinae,Loderus,,Tenthredinidae | Selandriinae | Dolerini | Loderus | Loderus pratorum,pratorum pratorum Fallén,,,,,
B203:1:52,Loderus pratorum subsp. gilvipes Klug,Klug,Loderus,,pratorum,gilvipes,subspecies,,B203:1,accepted,,,B203:1:50,Loderus pratorum (Fallén),,,,,Tenthredinidae,Selandriinae,Loderus,,Tenthredinidae | Selandriinae | Dolerini | Loderus | Loderus pratorum,pratorum gilvipes Klug,,Q27TM,11330648,N92S3,8389619
B203:1:53,Loderus vestigialis (Klug),(Klug),Loderus,,vestigialis,,species,,B203:1,accepted,,,B203:1:47,Loderus Konow,,,,,Tenthredinidae,Selandriinae,Loderus,,Tenthredinidae | Selandriinae | Dolerini | Loderus,vestigialis (Klug),,Q27TN,8638051,N92M2,6097083
B203:1:54,Dolerus Jurine,Jurine,,,,,genus,,B203:1,accepted,,,B203:1:46,Dolerini,,,,,Tenthredinidae,Selandriinae,Dolerus,,Tenthredinidae | Selandriinae | Dolerini,Dolerus Jurine,,N92H7,7657055,N92H7,7657055
B203:1:55,Dolerus taeniatus Zaddach,Zaddach,Dolerus,,taeniatus,,species,,B203:1,accepted,,,B203:1:54,Dolerus Jurine,,,,,Tenthredinidae,Selandriinae,Dolerus,,Tenthredinidae | Selandriinae | Dolerini | Dolerus,taeniatus Zaddach,,N94NS,6097087,N92KR,6097086
B203:1:56,Dolerus tinctipennis Cameron,Cameron,Dolerus,,tinctipennis,,species,,B203:1,synonym,B203:1:55,Dolerus taeniatus Zaddach,,,,,,,Tenthredinidae,Selandriinae,Dolerus,,Tenthredinidae | Selandriinae | Dolerini | Dolerus,tinctipennis Cameron,,N94Q2,9475312,N92KR,6097086
B203:1:57,Dolerus bimaculatus (Geoffroy),(Geoffroy),Dolerus,,bimaculatus,,species,,B203:1,accepted,,,B203:1:54,Dolerus Jurine,,,,,Tenthredinidae,Selandriinae,Dolerus,,Tenthredinidae | Selandriinae | Dolerini | Dolerus,bimaculatus (Geoffroy),,N92MT,6097104,N92MT,6097104
B203:1:58,Dolerus saxatilis Hartig,Hartig,Dolerus,,saxatilis,,species,,B203:1,accepted,,,B203:1:54,Dolerus Jurine,,,,,Tenthredinidae,Selandriinae,Dolerus,,Tenthredinidae | Selandriinae | Dolerini | Dolerus,saxatilis Hartig,,N947Y,8388841,N92PG,7584269
B203:1:59,Dolerus saxatilis subsp. scoticus Cameron,Cameron,Dolerus,,saxatilis,scoticus,subspecies,,B203:1,accepted,,,B203:1:58,Dolerus saxatilis Hartig,,,,,Tenthredinidae,Selandriinae,Dolerus,,Tenthredinidae | Selandriinae | Dolerini | Dolerus | Dolerus saxatilis,scoticus Cameron,,,,,
B203:1:60,Dolerus pratensis (L.),(L.),Dolerus,,pratensis,,species,,B203:1,accepted,,,B203:1:54,Dolerus Jurine,,,,,Tenthredinidae,Selandriinae,Dolerus,,Tenthredinidae | Selandriinae | Dolerini | Dolerus,pratensis (L.),,N92QP,6097076,N92QP,6097076
B203:1:61,Dolerus dubius Klug,Klug,Dolerus,,dubius,,species,,B203:1,synonym,B203:1:60,Dolerus pratensis (L.),,,,,,,Tenthredinidae,Selandriinae,Dolerus,,Tenthredinidae | Selandriinae | Dolerini | Dolerus,dubius Klug,,N93HJ,6097077,N92NC,6097076
B203:1:62,Dolerus gessneri Ed. André,Ed. André,Dolerus,,gessneri,,species,,B203:1,accepted,,,B203:1:54,Dolerus Jurine,,,,,Tenthredinidae,Selandriinae,Dolerus,,Tenthredinidae | Selandriinae | Dolerini | Dolerus,gessneri Ed. André,,N92NN,7442803,N92NN,7442803
B203:1:63,Dolerus germanicus F.,F.,Dolerus,,germanicus,,species,,B203:1,accepted,,,B203:1:54,Dolerus Jurine,,,,,Tenthredinidae,Selandriinae,Dolerus,,Tenthredinidae | Selandriinae | Dolerini | Dolerus,germanicus F.,,N92NC,6097094,N92NC,6097094
B203:1:64,Dolerus fulviventris Scopoli,Scopoli,Dolerus,,fulviventris,,species,,B203:1,synonym,B203:1:63,Dolerus germanicus F.,,,,,,,Tenthredinidae,Selandriinae,Dolerus,,Tenthredinidae | Selandriinae | Dolerini | Dolerus,fulviventris Scopoli,,N93LL,11287556,N92NC,4490294
B203:1:65,Dolerus pratensis L.,L.,Dolerus,,pratensis,,species,auctt. nec L.,B203:1,misapplied,B203:1:63,Dolerus germanicus F.,,,,,,,Tenthredinidae,Selandriinae,Dolerus,,Tenthredinidae | Selandriinae | Dolerini | Dolerus,pratensis L. auctt. nec L.,,N92QP,6097076,N92QP,6097076
B203:1:66,Dolerus germanicus subsp. germanicus Fab.,Fab.,Dolerus,,germanicus,germanicus,subspecies,,B203:1,accepted,,,B203:1:63,Dolerus germanicus F.,,,,,Tenthredinidae,Selandriinae,Dolerus,,Tenthredinidae | Selandriinae | Dolerini | Dolerus | Dolerus germanicus,germanicus germanicus Fab.,,N92NF,7368739,N92NF,7368739
B203:1:67,Dolerus germanicus subsp. fuscipennis Steph.,Steph.,Dolerus,,germanicus,fuscipennis,subspecies,,B203:1,accepted,,,B203:1:63,Dolerus germanicus F.,,,,,Tenthredinidae,Selandriinae,Dolerus,,Tenthredinidae | Selandriinae | Dolerini | Dolerus | Dolerus germanicus,germanicus fuscipennis Steph.,,N92ND,8266967,N92NC,8266967
B203:1:68,Dolerus aericeps C. G. Thomson,C. G. Thomson,Dolerus,,aericeps,,species,,B203:1,accepted,,,B203:1:54,Dolerus Jurine,,,,,Tenthredinidae,Selandriinae,Dolerus,,Tenthredinidae | Selandriinae | Dolerini | Dolerus,aericeps C. G. Thomson,,N92M7,6097074,N92M7,6097074
B203:1:69,Dolerus cothurnatus Lepeletier,Lepeletier,Dolerus,,cothurnatus,,species,,B203:1,accepted,,,B203:1:54,Dolerus Jurine,,,,,Tenthredinidae,Selandriinae,Dolerus,,Tenthredinidae | Selandriinae | Dolerini | Dolerus,cothurnatus Lepeletier,,N92MY,10914330,N92MY,10914330
B203:1:70,Dolerus palustris Klug,Klug,Dolerus,,palustris,,species,,B203:1,synonym,B203:1:69,Dolerus cothurnatus Lepeletier,,,,,,,Tenthredinidae,Selandriinae,Dolerus,,Tenthredinidae | Selandriinae | Dolerini | Dolerus,palustris Klug,,N9447,8476168,N92MY,8476168
B203:1:71,Dolerus madidus (Klug),(Klug),Dolerus,,madidus,,species,,B203:1,accepted,,,B203:1:54,Dolerus Jurine,,,,,Tenthredinidae,Selandriinae,Dolerus,,Tenthredinidae | Selandriinae | Dolerini | Dolerus,madidus (Klug),,N92JZ,6097084,N92JZ,6097084
B203:1:72,Dolerus lateritius Klug,Klug,Dolerus,,lateritius,,species,,B203:1,synonym,B203:1:71,Dolerus madidus (Klug),,,,,,,Tenthredinidae,Selandriinae,Dolerus,,Tenthredinidae | Selandriinae | Dolerini | Dolerus,lateritius Klug,,,,,
B203:1:73,Dolerus chappeli Cameron,Cameron,Dolerus,,chappeli,,species,,B203:1,synonym,B203:1:71,Dolerus madidus (Klug),,,,,,,Tenthredinidae,Selandriinae,Dolerus,,Tenthredinidae | Selandriinae | Dolerini | Dolerus,chappeli Cameron,,N93CH,9354542,N92JZ,6097084
B203:1:74,Dolerus anticus var. schultessi Konow,Konow,Dolerus,,anticus,schultessi,variety,,B203:1,synonym,B203:1:71,Dolerus madidus (Klug),,,,,,,Tenthredinidae,Selandriinae,Dolerus,,Tenthredinidae | Selandriinae | Dolerini | Dolerus,anticus var. schultessi Konow,,,,,
B203:1:75,Dolerus triplicatus (Klug),(Klug),Dolerus,,triplicatus,,species,,B203:1,accepted,,,B203:1:54,Dolerus Jurine,,,,,Tenthredinidae,Selandriinae,Dolerus,,Tenthredinidae | Selandriinae | Dolerini | Dolerus,triplicatus (Klug),,N92LG,6097081,N92LG,6097081
B203:1:76,Dolerus anticus (Klug),(Klug),Dolerus,,anticus,,species,,B203:1,accepted,,,B203:1:54,Dolerus Jurine,,,,,Tenthredinidae,Selandriinae,Dolerus,,Tenthredinidae | Selandriinae | Dolerini | Dolerus,anticus (Klug),,N92LL,6097088,N92LL,6097088
B203:1:77,Dolerus ferrugatus Lepeletier,Lepeletier,Dolerus,,ferrugatus,,species,,B203:1,accepted,,,B203:1:54,Dolerus Jurine,,,,,Tenthredinidae,Selandriinae,Dolerus,,Tenthredinidae | Selandriinae | Dolerini | Dolerus,ferrugatus Lepeletier,,N92JN,6097093,N92JN,6097093
B203:1:78,Dolerus liogaster C. G. Thomson,C. G. Thomson,Dolerus,,liogaster,,species,,B203:1,accepted,,,B203:1:54,Dolerus Jurine,,,,,Tenthredinidae,Selandriinae,Dolerus,,Tenthredinidae | Selandriinae | Dolerini | Dolerus,liogaster C. G. Thomson,,N92ZV,6097098,N92ZV,6097098
B203:1:79,Dolerus puncticollis C. G. Thomson,C. G. Thomson,Dolerus,,puncticollis,,species,,B203:1,accepted,,,B203:1:54,Dolerus Jurine,,,,,Tenthredinidae,Selandriinae,Dolerus,,Tenthredinidae | Selandriinae | Dolerini | Dolerus,puncticollis C. G. Thomson,,N934R,6097078,N934R,6097078
B203:1:80,Dolerus gonager Fabricius,Fabricius,Dolerus,,gonager,,species,,B203:1,accepted,,,B203:1:54,Dolerus Jurine,,,,,Tenthredinidae,Selandriinae,Dolerus,,Tenthredinidae | Selandriinae | Dolerini | Dolerus,gonager Fabricius,,N92YP,6097082,N92YP,6097082
B203:1:81,Dolerus haematodes Schrank,Schrank,Dolerus,,haematodes,,species,,B203:1,accepted,,,B203:1:54,Dolerus Jurine,,,,,Tenthredinidae,Selandriinae,Dolerus,,Tenthredinidae | Selandriinae | Dolerini | Dolerus,haematodes Schrank,,N92YY,6097072,N92YY,6097072
B203:1:82,Dolerus megapterus Cameron,Cameron,Dolerus,,megapterus,,species,,B203:1,accepted,,,B203:1:54,Dolerus Jurine,,,,,Tenthredinidae,Selandriinae,Dolerus,,Tenthredinidae | Selandriinae | Dolerini | Dolerus,megapterus Cameron,,N93VR,6097099,N935D,8140357
B203:1:83,Dolerus asper Zaddach,Zaddach,Dolerus,,asper,,species,,B203:1,accepted,,,B203:1:54,Dolerus Jurine,,,,,Tenthredinidae,Selandriinae,Dolerus,,Tenthredinidae | Selandriinae | Dolerini | Dolerus,asper Zaddach,,N92WF,6097103,N92WF,6097103
B203:1:84,Dolerus carbonarius Zaddach,Zaddach,Dolerus,,carbonarius,,species,,B203:1,synonym,B203:1:83,Dolerus asper Zaddach,,,,,,,Tenthredinidae,Selandriinae,Dolerus,,Tenthredinidae | Selandriinae | Dolerini | Dolerus,carbonarius Zaddach,,N93BZ,11307297,N92WF,6097103
B203:1:85,Dolerus oblongus Cameron,Cameron,Dolerus,,oblongus,,species,,B203:1,synonym,B203:1:83,Dolerus asper Zaddach,,,,,,,Tenthredinidae,Selandriinae,Dolerus,,Tenthredinidae | Selandriinae | Dolerini | Dolerus,oblongus Cameron,,N942X,11245531,N92WF,6097103
B203:1:86,Dolerus harwoodi Benson,Benson,Dolerus,,harwoodi,,species,,B203:1,accepted,,,B203:1:54,Dolerus Jurine,,,,,Tenthredinidae,Selandriinae,Dolerus,,Tenthredinidae | Selandriinae | Dolerini | Dolerus,harwoodi Benson,,N92YZ,7371310,N92YZ,7371310
B203:1:87,Dolerus nitens Zaddach,Zaddach,Dolerus,,nitens,,species,,B203:1,accepted,,,B203:1:54,Dolerus Jurine,,,,,Tenthredinidae,Selandriinae,Dolerus,,Tenthredinidae | Selandriinae | Dolerini | Dolerus,nitens Zaddach,,N933X,6097100,N933X,6097100
B203:1:88,Dolerus coracinus Klug in Cameron,Klug in Cameron,Dolerus,,coracinus,,species,nec Klug,B203:1,synonym,B203:1:87,Dolerus nitens Zaddach,,,,,,,Tenthredinidae,Selandriinae,Dolerus,,Tenthredinidae | Selandriinae | Dolerini | Dolerus,coracinus Klug in Cameron nec Klug,,N92X9,8136229,N92X9,8136229
B203:1:89,Dolerus possilensis Cameron,Cameron,Dolerus,,possilensis,,species,,B203:1,accepted,,,B203:1:54,Dolerus Jurine,,,,,Tenthredinidae,Selandriinae,Dolerus,,Tenthredinidae | Selandriinae | Dolerini | Dolerus,possilensis Cameron,,N934N,6097089,N934N,6097089
B203:1:90,Dolerus nitens Zaddach in Morice,Zaddach in Morice,Dolerus,,nitens,,species,,B203:1,synonym,B203:1:89,Dolerus possilensis Cameron,,,,,,,Tenthredinidae,Selandriinae,Dolerus,,Tenthredinidae | Selandriinae | Dolerini | Dolerus,nitens Zaddach in Morice,,N933X,6097100,N933X,6097100
B203:1:91,Dolerus niger L.,L.,Dolerus,,niger,,species,,B203:1,accepted,,,B203:1:54,Dolerus Jurine,,,,,Tenthredinidae,Selandriinae,Dolerus,,Tenthredinidae | Selandriinae | Dolerini | Dolerus,niger L.,,N933P,6097085,N933P,6097085
B203:1:92,Dolerus aeneus Hartig,Hartig,Dolerus,,aeneus,,species,,B203:1,accepted,,,B203:1:54,Dolerus Jurine,,,,,Tenthredinidae,Selandriinae,Dolerus,,Tenthredinidae | Selandriinae | Dolerini | Dolerus,aeneus Hartig,,N92W4,5868045,N92W4,5868045
B203:1:93,Dolerus elongatus Thomson,Thomson,Dolerus,,elongatus,,species,,B203:1,synonym,B203:1:92,Dolerus aeneus Hartig,,,,,,,Tenthredinidae,Selandriinae,Dolerus,,Tenthredinidae | Selandriinae | Dolerini | Dolerus,elongatus Thomson,,N93JL,9511583,N92W4,5868045
B203:1:94,Dolerus sanguinicollis Klug,Klug,Dolerus,,sanguinicollis,,species,,B203:1,accepted,,,B203:1:54,Dolerus Jurine,,,,,Tenthredinidae,Selandriinae,Dolerus,,Tenthredinidae | Selandriinae | Dolerini | Dolerus,sanguinicollis Klug,,N935B,6097092,N92Y3,6097092
B203:1:95,Dolerus fumosus Stephens,Stephens,Dolerus,,fumosus,,species,,B203:1,synonym,B203:1:94,Dolerus sanguinicollis Klug,,,,,,,Tenthredinidae,Selandriinae,Dolerus,,Tenthredinidae | Selandriinae | Dolerini | Dolerus,fumosus Stephens,,N92Y3,6097080,N92Y3,6097080
B203:1:96,Dolerus picipes Klug,Klug,Dolerus,,picipes,,species,,B203:1,accepted,,,B203:1:54,Dolerus Jurine,,,,,Tenthredinidae,Selandriinae,Dolerus,,Tenthredinidae | Selandriinae | Dolerini | Dolerus,picipes Klug,,N934G,6097075,N934G,6097075
B203:1:97,Dolerus intermedius Cam.,Cam.,Dolerus,,intermedius,,species,,B203:1,synonym,B203:1:96,Dolerus picipes Klug,,,,,,,Tenthredinidae,Selandriinae,Dolerus,,Tenthredinidae | Selandriinae | Dolerini | Dolerus,intermedius Cam.,,N93PJ,9604481,N934G,6097075
B203:1:98,Dolerus nigratus Müller,Müller,Dolerus,,nigratus,,species,,B203:1,accepted,,,B203:1:54,Dolerus Jurine,,,,,Tenthredinidae,Selandriinae,Dolerus,,Tenthredinidae | Selandriinae | Dolerini | Dolerus,nigratus Müller,,N933R,6097073,N933R,6097073
B203:1:99,Dolerus fissus Hartig,Hartig,Dolerus,,fissus,,species,,B203:1,synonym,B203:1:98,Dolerus nigratus Müller,,,,,,,Tenthredinidae,Selandriinae,Dolerus,,Tenthredinidae | Selandriinae | Dolerini | Dolerus,fissus Hartig,,N93LF,9440580,N933R,6097073
B203:1:100,Dolerus brevitarsis Hartig,Hartig,Dolerus,,brevitarsis,,species,,B203:1,accepted,,,B203:1:54,Dolerus Jurine,,,,,Tenthredinidae,Selandriinae,Dolerus,,Tenthredinidae | Selandriinae | Dolerini | Dolerus,brevitarsis Hartig,,N93BF,11084489,N935J,6097095
B203:1:101,Dolerus varispinus Hartig in Cameron,Hartig in Cameron,Dolerus,,varispinus,,species,,B203:1,synonym,B203:1:100,Dolerus brevitarsis Hartig,,,,,,,Tenthredinidae,Selandriinae,Dolerus,,Tenthredinidae | Selandriinae | Dolerini | Dolerus,varispinus Hartig in Cameron,,N935J,6097095,N935J,6097095
B203:1:102,Dolerus rugosulus Dalla Torre,Dalla Torre,Dolerus,,rugosulus,,species,,B203:1,synonym,B203:1:100,Dolerus brevitarsis Hartig,,,,,,,Tenthredinidae,Selandriinae,Dolerus,,Tenthredinidae | Selandriinae | Dolerini | Dolerus,rugosulus Dalla Torre,,N946X,11245138,N935J,6097095
B203:1:103,Dolerus coracinus Klug,Klug,Dolerus,,coracinus,,species,,B203:1,accepted,,,B203:1:54,Dolerus Jurine,,,,,Tenthredinidae,Selandriinae,Dolerus,,Tenthredinidae | Selandriinae | Dolerini | Dolerus,coracinus Klug,,N92X9,8136229,N92X9,8136229
B203:1:104,Dolerus anthracinus Klug,Klug,Dolerus,,anthracinus,,species,,B203:1,accepted,,,B203:1:54,Dolerus Jurine,,,,,Tenthredinidae,Selandriinae,Dolerus,,Tenthredinidae | Selandriinae | Dolerini | Dolerus,anthracinus Klug,,N92WD,6097101,N92WD,6097101
B203:1:105,Heterarthrinae,,,,,,subfamily,,B203:1,accepted,,,B203:1:1,Tenthredinidae,,,,,Tenthredinidae,Heterarthrinae,,,Tenthredinidae,Heterarthrinae,,,,,
B203:1:106,Phyllotomini,,,,,,subfamily,,B203:1,synonym,B203:1:105,Heterarthrinae,,,,,,,Tenthredinidae,Phyllotomini,,,Tenthredinidae,Phyllotomini,,,,,
B203:1:107,Heterarthrus Stephens,Stephens,,,,,genus,,B203:1,accepted,,,B203:1:105,Heterarthrinae,,,,,Tenthredinidae,Heterarthrinae,Heterarthrus,,Tenthredinidae | Heterarthrinae,Heterarthrus Stephens,,P6JQ5,3258735,P6JQ5,3258735
B203:1:108,Phyllotoma Fallén,Fallén,,,,,genus,nec Leach,B203:1,synonym,B203:1:107,Heterarthrus Stephens,,,,,,,Tenthredinidae,Heterarthrinae,Phyllotoma,,Tenthredinidae | Heterarthrinae,Phyllotoma Fallén nec Leach,,RYMVV,3258723,P6JQ5,3258735
B203:1:109,Heterarthrus aceris (Kaltenbach),(Kaltenbach),Heterarthrus,,aceris,,species,,B203:1,accepted,,,B203:1:107,Heterarthrus Stephens,,,,,Tenthredinidae,Heterarthrinae,Heterarthrus,,Tenthredinidae | Heterarthrinae | Heterarthrus,aceris (Kaltenbach),,P6JQJ,6097043,P6JS7,6097043
B203:1:110,Heterarthrus ochropoda (Klug),(Klug),Heterarthrus,,ochropoda,,species,,B203:1,accepted,,,B203:1:107,Heterarthrus Stephens,,,,,Tenthredinidae,Heterarthrinae,Heterarthrus,,Tenthredinidae | Heterarthrinae | Heterarthrus,ochropoda (Klug),,P6JV7,6097042,P6JV7,6097042
B203:1:111,Heterarthrus nemoratus (Fallén),(Fallén),Heterarthrus,,nemoratus,,species,,B203:1,accepted,,,B203:1:107,Heterarthrus Stephens,,,,,Tenthredinidae,Heterarthrinae,Heterarthrus,,Tenthredinidae | Heterarthrinae | Heterarthrus,nemoratus (Fallén),,P6JTX,5868068,P6JTX,5868068
B203:1:112,Heterarthrus vagans (Fallén),(Fallén),Heterarthrus,,vagans,,species,,B203:1,accepted,,,B203:1:107,Heterarthrus Stephens,,,,,Tenthredinidae,Heterarthrinae,Heterarthrus,,Tenthredinidae | Heterarthrinae | Heterarthrus,vagans (Fallén),,P6JWL,6097044,P6JWL,6097044
B203:1:113,Heterarthrus microcephalus (Klug),(Klug),Heterarthrus,,microcephalus,,species,,B203:1,accepted,,,B203:1:107,Heterarthrus Stephens,,,,,Tenthredinidae,Heterarthrinae,Heterarthrus,,Tenthredinidae | Heterarthrinae | Heterarthrus,microcephalus (Klug),,P6JTP,6097045,P6JTP,6097045
B203:1:114,Blennocampinae,,,,,,subfamily,,B203:1,accepted,,,B203:1:1,Tenthredinidae,,,,,Tenthredinidae,Blennocampinae,,,Tenthredinidae,Blennocampinae,,,,,
B203:1:115,Emphytinae,,,,,,subfamily,,B203:1,proparte synonym,B203:1:114,Blennocampinae,,,,,,,Tenthredinidae,Emphytinae,,,Tenthredinidae,Emphytinae,,,,,
B203:1:116,Fenusinae,,,,,,subfamily,,B203:1,proparte synonym,B203:1:114,Blennocampinae,,,,,,,Tenthredinidae,Fenusinae,,,Tenthredinidae,Fenusinae,,,,,
B203:1:117,Athaliini,,,,,,tribe,,B203:1,accepted,,,B203:1:114,Blennocampinae,,,,,Tenthredinidae,Blennocampinae,,,Tenthredinidae | Blennocampinae,Athaliini,,,,,
B203:1:118,Athalia Leach,Leach,,,,,genus,,B203:1,accepted,,,B203:1:117,Athaliini,,,,,Tenthredinidae,Blennocampinae,Athalia,,Tenthredinidae | Blennocampinae | Athaliini,Athalia Leach,,LJVJW,4404999,LJVJW,4404999
B203:1:119,Athalia bicolor Lepeletier,Lepeletier,Athalia,,bicolor,,species,,B203:1,accepted,,,B203:1:118,Athalia Leach,,,,,Tenthredinidae,Blennocampinae,Athalia,,Tenthredinidae | Blennocampinae | Athaliini | Athalia,bicolor Lepeletier,,LJVLL,11366406,LJVLK,4490931
B203:1:120,Athalia annulata Fabricius,Fabricius,Athalia,,annulata,,species,,B203:1,synonym,B203:1:119,Athalia bicolor Lepeletier,,,,,,,Tenthredinidae,Blennocampinae,Athalia,,Tenthredinidae | Blennocampinae | Athaliini | Athalia,annulata Fabricius,,LJVL7,11257674,LJVLK,4490931
B203:1:121,Athalia glabricollis Thomson,Thomson,Athalia,,glabricollis,,species,,B203:1,accepted,,,B203:1:118,Athalia Leach,,,,,Tenthredinidae,Blennocampinae,Athalia,,Tenthredinidae | Blennocampinae | Athaliini | Athalia,glabricollis Thomson,,LJVQN,4490919,LJVKJ,4490918
B203:1:122,Athalia ancilla Lep. in Cam.,Lep. in Cam.,Athalia,,ancilla,,species,nec Lep.,B203:1,synonym,B203:1:121,Athalia glabricollis Thomson,,,,,,,Tenthredinidae,Blennocampinae,Athalia,,Tenthredinidae | Blennocampinae | Athaliini | Athalia,ancilla Lep. in Cam. nec Lep.,,LJVKJ,4490918,LJVKJ,4490918
B203:1:123,Athalia scutellariae Cameron,Cameron,Athalia,,scutellariae,,species,,B203:1,accepted,,,B203:1:118,Athalia Leach,,,,,Tenthredinidae,Blennocampinae,Athalia,,Tenthredinidae | Blennocampinae | Athaliini | Athalia,scutellariae Cameron,,LJVZ7,4490937,LJVZ7,4490937
B203:1:124,Athalia rosae (L.),(L.),Athalia,,rosae,,species,,B203:1,accepted,,,B203:1:118,Athalia Leach,,,,,Tenthredinidae,Blennocampinae,Athalia,,Tenthredinidae | Blennocampinae | Athaliini | Athalia,rosae (L.),,LJVX7,4490913,LJVX7,4490913
B203:1:125,Athalia colibri Christ,Christ,Athalia,,colibri,,species,,B203:1,synonym,B203:1:124,Athalia rosae (L.),,,,,,,Tenthredinidae,Blennocampinae,Athalia,,Tenthredinidae | Blennocampinae | Athaliini | Athalia,colibri Christ,,LJVN8,10229079,LJVX7,4490913
B203:1:126,Athalia spinarum F.,F.,Athalia,,spinarum,,species,,B203:1,synonym,B203:1:124,Athalia rosae (L.),,,,,,,Tenthredinidae,Blennocampinae,Athalia,,Tenthredinidae | Blennocampinae | Athaliini | Athalia,spinarum F.,,LJW4M,8983564,LJVX7,4490913
B203:1:127,Athalia centifoliae Panz.,Panz.,Athalia,,centifoliae,,species,,B203:1,synonym,B203:1:124,Athalia rosae (L.),,,,,,,Tenthredinidae,Blennocampinae,Athalia,,Tenthredinidae | Blennocampinae | Athaliini | Athalia,centifoliae Panz.,,,,,
B203:1:128,Athalia lugens Klug,Klug,Athalia,,lugens,,species,,B203:1,accepted,,,B203:1:118,Athalia Leach,,,,,Tenthredinidae,Blennocampinae,Athalia,,Tenthredinidae | Blennocampinae | Athaliini | Athalia,lugens Klug,,LJVTK,4490911,LJVTK,4490911
B203:1:129,Athalia cordata Lepeletier,Lepeletier,Athalia,,cordata,,species,,B203:1,accepted,,,B203:1:118,Athalia Leach,,,,,Tenthredinidae,Blennocampinae,Athalia,,Tenthredinidae | Blennocampinae | Athaliini | Athalia,cordata Lepeletier,,LJVNJ,11321676,LJVNH,4490933
B203:1:130,Athalia lineolata Lepeletier,Lepeletier,Athalia,,lineolata,,species,in part,B203:1,synonym,B203:1:129,Athalia cordata Lepeletier,,,,,,,Tenthredinidae,Blennocampinae,Athalia,,Tenthredinidae | Blennocampinae | Athaliini | Athalia,lineolata Lepeletier in part,,LJVSX,4490924,LJVMQ,4490920
B203:1:131,Athalia rosae,,Athalia,,rosae,,species,auctt. in part,B203:1,misapplied,B203:1:129,Athalia cordata Lepeletier,,,,,,,Tenthredinidae,Blennocampinae,Athalia,,Tenthredinidae | Blennocampinae | Athaliini | Athalia,rosae auctt. in part,,LJVX7,4490913,LJVX7,4490913
B203:1:132,Athalia lineolata Lepeletier,Lepeletier,Athalia,,lineolata,,species,,B203:1,accepted,,,B203:1:118,Athalia Leach,,,,,Tenthredinidae,Blennocampinae,Athalia,,Tenthredinidae | Blennocampinae | Athaliini | Athalia,lineolata Lepeletier,,LJVSX,4490924,LJVMQ,4490920
B203:1:133,Athalia rosae,,Athalia,,rosae,,species,auctt. nec L.,B203:1,misapplied,B203:1:132,Athalia lineolata Lepeletier,,,,,,,Tenthredinidae,Blennocampinae,Athalia,,Tenthredinidae | Blennocampinae | Athaliini | Athalia,rosae auctt. nec L.,,LJVX7,4490913,LJVX7,4490913
B203:1:134,Athalia cornubiae Benson,Benson,Athalia,,cornubiae,,species,,B203:1,accepted,,,B203:1:118,Athalia Leach,,,,,Tenthredinidae,Blennocampinae,Athalia,,Tenthredinidae | Blennocampinae | Athaliini | Athalia,cornubiae Benson,,LJVNW,4490910,LJVNW,4490910
B203:1:135,Athalia liberta (Klug),(Klug),Athalia,,liberta,,species,,B203:1,accepted,,,B203:1:118,Athalia Leach,,,,,Tenthredinidae,Blennocampinae,Athalia,,Tenthredinidae | Blennocampinae | Athaliini | Athalia,liberta (Klug),,LJVSL,4490934,LJVSL,4490934
B203:1:136,Athalia lineolata Lepeletier,Lepeletier,Athalia,,lineolata,,species,in part,B203:1,synonym,B203:1:135,Athalia liberta (Klug),,,,,,,Tenthredinidae,Blennocampinae,Athalia,,Tenthredinidae | Blennocampinae | Athaliini | Athalia,lineolata Lepeletier in part,,LJVSX,4490924,LJVMQ,4490920
B203:1:137,Athalia rosae,,Athalia,,rosae,,species,auctt. nec L. in part,B203:1,misapplied,B203:1:135,Athalia liberta (Klug),,,,,,,Tenthredinidae,Blennocampinae,Athalia,,Tenthredinidae | Blennocampinae | Athaliini | Athalia,rosae auctt. nec L. in part,,LJVX7,4490913,LJVX7,4490913
B203:1:138,Emperiini,,,,,,tribe,,B203:1,accepted,,,B203:1:114,Blennocampinae,,,,,Tenthredinidae,Blennocampinae,,,Tenthredinidae | Blennocampinae,Emperiini,,,,,
B203:1:139,Harpiphorus Hartig,Hartig,,,,,genus,,B203:1,accepted,,,B203:1:138,Emperiini,,,,,Tenthredinidae,Blennocampinae,Harpiphorus,,Tenthredinidae | Blennocampinae | Emperiini,Harpiphorus Hartig,,PQ74W,4490886,PQ74W,4490886
B203:1:140,Harpiphorus lepidus (Klug),(Klug),Harpiphorus,,lepidus,,species,,B203:1,accepted,,,B203:1:139,Harpiphorus Hartig,,,,,Tenthredinidae,Blennocampinae,Harpiphorus,,Tenthredinidae | Blennocampinae | Emperiini | Harpiphorus,lepidus (Klug),,PQ75C,4490887,PQ75C,4490887
B203:1:141,Monostegia O. Costa,O. Costa,,,,,genus,,B203:1,accepted,,,B203:1:138,Emperiini,,,,,Tenthredinidae,Blennocampinae,Monostegia,,Tenthredinidae | Blennocampinae | Emperiini,Monostegia O. Costa,,QKMP9,4407768,QKMP9,4407768
B203:1:142,Empria in subsp. part,,Empria,,in,part,subspecies,,B203:1,synonym,B203:1:141,Monostegia O. Costa,,,,,,,Tenthredinidae,Blennocampinae,Monostegia,,Tenthredinidae | Blennocampinae | Emperiini,Empria in part,,N92PT,,N92PT,
B203:1:143,Poecilosoma in subsp. part,,Poecilosoma,,in,part,subspecies,,B203:1,synonym,B203:1:141,Monostegia O. Costa,,,,,,,Tenthredinidae,Blennocampinae,Monostegia,,Tenthredinidae | Blennocampinae | Emperiini,Poecilosoma in part,,923ZM,8407400,923ZM,1156632
B203:1:144,Monostegia abdominalis (F.),(F.),Monostegia,,abdominalis,,species,,B203:1,accepted,,,B203:1:141,Monostegia O. Costa,,,,,Tenthredinidae,Blennocampinae,Monostegia,,Tenthredinidae | Blennocampinae | Emperiini | Monostegia,abdominalis (F.),,QKMPG,4490893,QKMPG,4490893
B203:1:145,Monostegia luteola Klug,Klug,Monostegia,,luteola,,species,,B203:1,synonym,B203:1:144,Monostegia abdominalis (F.),,,,,,,Tenthredinidae,Blennocampinae,Monostegia,,Tenthredinidae | Blennocampinae | Emperiini | Monostegia,luteola Klug,,QKMQG,11338137,QKMPG,4490893
B203:1:146,Monosoma MacGillivray,MacGillivray,,,,,genus,,B203:1,accepted,,,B203:1:138,Emperiini,,,,,Tenthredinidae,Blennocampinae,Monosoma,,Tenthredinidae | Blennocampinae | Emperiini,Monosoma MacGillivray,,8JBV5,8479309,8HM7M,8479309
B203:1:147,Monosoma pulverata (Retzius),(Retzius),Monosoma,,pulverata,,species,,B203:1,accepted,,,B203:1:146,Monosoma MacGillivray,,,,,Tenthredinidae,Blennocampinae,Monosoma,,Tenthredinidae | Blennocampinae | Emperiini | Monosoma,pulverata (Retzius),,QKLBN,8592898,QL24V,4490899
B203:1:148,Empria Lepeletier,Lepeletier,,,,,genus,,B203:1,accepted,,,B203:1:138,Emperiini,,,,,Tenthredinidae,Blennocampinae,Empria,,Tenthredinidae | Blennocampinae | Emperiini,Empria Lepeletier,,N92PT,9076715,N92PT,9076715
B203:1:149,Poecilostoma Dahlbom,Dahlbom,,,,,genus,,B203:1,synonym,B203:1:148,Empria Lepeletier,,,,,,,Tenthredinidae,Blennocampinae,Poecilostoma,,Tenthredinidae | Blennocampinae | Emperiini,Poecilostoma Dahlbom,,RY6JZ,4680262,N92PT,9076715
B203:1:150,Poecilosoma,,,,,,genus,auctt.,B203:1,misapplied,B203:1:148,Empria Lepeletier,,,,,,,Tenthredinidae,Blennocampinae,Poecilosoma,,Tenthredinidae | Blennocampinae | Emperiini,Poecilosoma auctt.,,923ZM,1814563,923ZM,1814563
B203:1:151,Empria immersa (Klug),(Klug),Empria,,immersa,,species,,B203:1,accepted,,,B203:1:148,Empria Lepeletier,,,,,Tenthredinidae,Blennocampinae,Empria,,Tenthredinidae | Blennocampinae | Emperiini | Empria,immersa (Klug),,NVS5S,4490972,NVS5S,4490972
B203:1:152,Empria fletcheri (Cameron),(Cameron),Empria,,fletcheri,,species,,B203:1,accepted,,,B203:1:148,Empria Lepeletier,,,,,Tenthredinidae,Blennocampinae,Empria,,Tenthredinidae | Blennocampinae | Emperiini | Empria,fletcheri (Cameron),,NVS2Y,4490966,NVS2Y,4490966
B203:1:153,Empria candidata (Fallén),(Fallén),Empria,,candidata,,species,,B203:1,accepted,,,B203:1:148,Empria Lepeletier,,,,,Tenthredinidae,Blennocampinae,Empria,,Tenthredinidae | Blennocampinae | Emperiini | Empria,candidata (Fallén),,NVRYP,4490946,NVRYP,4490946
B203:1:154,Empria pumila (Konow),(Konow),Empria,,pumila,,species,,B203:1,accepted,,,B203:1:148,Empria Lepeletier,,,,,Tenthredinidae,Blennocampinae,Empria,,Tenthredinidae | Blennocampinae | Emperiini | Empria,pumila (Konow),,NVSFC,4490940,NVSFC,4490940
B203:1:155,Empria baltica Conde,Conde,Empria,,baltica,,species,,B203:1,accepted,,,B203:1:148,Empria Lepeletier,,,,,Tenthredinidae,Blennocampinae,Empria,,Tenthredinidae | Blennocampinae | Emperiini | Empria,baltica Conde,,NVRY4,4490952,NVSCY,4490950
B203:1:156,Empria excisa Thomson,Thomson,Empria,,excisa,,species,in part,B203:1,synonym,B203:1:155,Empria baltica Conde,,,,,,,Tenthredinidae,Blennocampinae,Empria,,Tenthredinidae | Blennocampinae | Emperiini | Empria,excisa Thomson in part,,NVS2J,4490981,NVS2J,4490981
B203:1:157,Empria klugii (Stephens),(Stephens),Empria,,klugii,,species,,B203:1,accepted,,,B203:1:148,Empria Lepeletier,,,,,Tenthredinidae,Blennocampinae,Empria,,Tenthredinidae | Blennocampinae | Emperiini | Empria,klugii (Stephens),,NVS78,6097047,NVSGN,4490955
B203:1:158,Empria guttata Fall. in Cam.,Fall. in Cam.,Empria,,guttata,,species,nec Fall.,B203:1,synonym,B203:1:157,Empria klugii (Stephens),,,,,,,Tenthredinidae,Blennocampinae,Empria,,Tenthredinidae | Blennocampinae | Emperiini | Empria,guttata Fall. in Cam. nec Fall.,,NVS4L,11280341,NVSGN,4490955
B203:1:159,Empria parvula (Konow),(Konow),Empria,,parvula,,species,,B203:1,accepted,,,B203:1:148,Empria Lepeletier,,,,,Tenthredinidae,Blennocampinae,Empria,,Tenthredinidae | Blennocampinae | Emperiini | Empria,parvula (Konow),,NVSDB,4490938,NVSDB,4490938
B203:1:160,Empria alpina Benson,Benson,Empria,,alpina,,species,,B203:1,accepted,,,B203:1:148,Empria Lepeletier,,,,,Tenthredinidae,Blennocampinae,Empria,,Tenthredinidae | Blennocampinae | Emperiini | Empria,alpina Benson,,NVRX4,8205776,NVRX4,8205776
B203:1:161,Empria excisa (Thomson),(Thomson),Empria,,excisa,,species,,B203:1,accepted,,,B203:1:148,Empria Lepeletier,,,,,Tenthredinidae,Blennocampinae,Empria,,Tenthredinidae | Blennocampinae | Emperiini | Empria,excisa (Thomson),,NVS2J,4490981,NVS2J,4490981
B203:1:162,Empria liturata (Gmelin),(Gmelin),Empria,,liturata,,species,,B203:1,accepted,,,B203:1:148,Empria Lepeletier,,,,,Tenthredinidae,Blennocampinae,Empria,,Tenthredinidae | Blennocampinae | Emperiini | Empria,liturata (Gmelin),,NVS7F,4490985,NVS7F,4490985
B203:1:163,Empria submutica C. G. Thomson,C. G. Thomson,Empria,,submutica,,species,,B203:1,synonym,B203:1:162,Empria liturata (Gmelin),,,,,,,Tenthredinidae,Blennocampinae,Empria,,Tenthredinidae | Blennocampinae | Emperiini | Empria,submutica C. G. Thomson,,,,,
B203:1:164,Empria undulata Konow,Konow,Empria,,undulata,,species,,B203:1,synonym,B203:1:162,Empria liturata (Gmelin),,,,,,,Tenthredinidae,Blennocampinae,Empria,,Tenthredinidae | Blennocampinae | Emperiini | Empria,undulata Konow,,,,,
B203:1:165,Empria longicornis (Thomson),(Thomson),Empria,,longicornis,,species,,B203:1,accepted,,,B203:1:148,Empria Lepeletier,,,,,Tenthredinidae,Blennocampinae,Empria,,Tenthredinidae | Blennocampinae | Emperiini | Empria,longicornis (Thomson),,NVS84,4490974,NVS84,4490974
B203:1:166,Empria tridens (Konow),(Konow),Empria,,tridens,,species,,B203:1,accepted,,,B203:1:148,Empria Lepeletier,,,,,Tenthredinidae,Blennocampinae,Empria,,Tenthredinidae | Blennocampinae | Emperiini | Empria,tridens (Konow),,NVSKL,4490962,NVSKL,4490962
B203:1:167,Empria alector Benson,Benson,Empria,,alector,,species,,B203:1,accepted,,,B203:1:148,Empria Lepeletier,,,,,Tenthredinidae,Blennocampinae,Empria,,Tenthredinidae | Blennocampinae | Emperiini | Empria,alector Benson,,NVRWX,4490944,NVRWX,4490944
B203:1:168,Ametastegia A. Costa,A. Costa,,,,,genus,,B203:1,accepted,,,B203:1:138,Emperiini,,,,,Tenthredinidae,Blennocampinae,Ametastegia,,Tenthredinidae | Blennocampinae | Emperiini,Ametastegia A. Costa,,L97H9,1249662,L97H9,1249662
B203:1:169,Taxonus in subsp. part,,Taxonus,,in,part,subspecies,,B203:1,synonym,B203:1:168,Ametastegia A. Costa,,,,,,,Tenthredinidae,Blennocampinae,Ametastegia,,Tenthredinidae | Blennocampinae | Emperiini,Taxonus in part,,TD7GW,,TD7GW,
B203:1:170,Emphytus in subsp. part,,Emphytus,,in,part,subspecies,,B203:1,synonym,B203:1:168,Ametastegia A. Costa,,,,,,,Tenthredinidae,Blennocampinae,Ametastegia,,Tenthredinidae | Blennocampinae | Emperiini,Emphytus in part,,LBKJC,5430747,LBKHP,1249662
B203:1:171,Allantus in subsp. part,,Allantus,,in,part,subspecies,,B203:1,synonym,B203:1:168,Ametastegia A. Costa,,,,,,,Tenthredinidae,Blennocampinae,Ametastegia,,Tenthredinidae | Blennocampinae | Emperiini,Allantus in part,,LBKHP,10229496,LBKHP,4490696
B203:1:172,Protemphytus,,,,,,genus,,B203:1,synonym,B203:1:168,Ametastegia A. Costa,,,,,,,Tenthredinidae,Blennocampinae,Protemphytus,,Tenthredinidae | Blennocampinae | Emperiini,Protemphytus,,L97HZ,4681500,L97H9,1249662
B203:1:173,Ametastegia equiseti (Fallén),(Fallén),Ametastegia,,equiseti,,species,,B203:1,accepted,,,B203:1:168,Ametastegia A. Costa,,,,,Tenthredinidae,Blennocampinae,Ametastegia,,Tenthredinidae | Blennocampinae | Emperiini | Ametastegia,equiseti (Fallén),,L97HP,4490988,L97HP,4490988
B203:1:174,Ametastegia glabrata (Fallén),(Fallén),Ametastegia,,glabrata,,species,,B203:1,accepted,,,B203:1:168,Ametastegia A. Costa,,,,,Tenthredinidae,Blennocampinae,Ametastegia,,Tenthredinidae | Blennocampinae | Emperiini | Ametastegia,glabrata (Fallén),,L97HS,1249664,L97HS,1249664
B203:1:175,Ametastegia albipes (C. G. Thomson),(C. G. Thomson),Ametastegia,,albipes,,species,,B203:1,accepted,,,B203:1:168,Ametastegia A. Costa,,,,,Tenthredinidae,Blennocampinae,Ametastegia,,Tenthredinidae | Blennocampinae | Emperiini | Ametastegia,albipes (C. G. Thomson),,L97HL,4490992,L97HL,4490992
B203:1:176,Ametastegia perla (Klug),(Klug),Ametastegia,,perla,,species,,B203:1,accepted,,,B203:1:168,Ametastegia A. Costa,,,,,Tenthredinidae,Blennocampinae,Ametastegia,,Tenthredinidae | Blennocampinae | Emperiini | Ametastegia,perla (Klug),,L97J7,4490999,L97J7,4490999
B203:1:177,Ametastegia pallipes (Spinola),(Spinola),Ametastegia,,pallipes,,species,,B203:1,accepted,,,B203:1:168,Ametastegia A. Costa,,,,,Tenthredinidae,Blennocampinae,Ametastegia,,Tenthredinidae | Blennocampinae | Emperiini | Ametastegia,pallipes (Spinola),,L97J6,1249663,L97J6,1249663
B203:1:178,Ametastegia grossulariae Klug,Klug,Ametastegia,,grossulariae,,species,,B203:1,synonym,B203:1:177,Ametastegia pallipes (Spinola),,,,,,,Tenthredinidae,Blennocampinae,Ametastegia,,Tenthredinidae | Blennocampinae | Emperiini | Ametastegia,grossulariae Klug,,,,,
B203:1:179,Ametastegia tener (Fallén),(Fallén),Ametastegia,,tener,,species,,B203:1,accepted,,,B203:1:168,Ametastegia A. Costa,,,,,Tenthredinidae,Blennocampinae,Ametastegia,,Tenthredinidae | Blennocampinae | Emperiini | Ametastegia,tener (Fallén),,L97JB,8607033,L97JB,4490995
B203:1:180,Ametastegia carpini (Hartig),(Hartig),Ametastegia,,carpini,,species,,B203:1,accepted,,,B203:1:168,Ametastegia A. Costa,,,,,Tenthredinidae,Blennocampinae,Ametastegia,,Tenthredinidae | Blennocampinae | Emperiini | Ametastegia,carpini (Hartig),,L97J3,4490997,L97J3,4490997
B203:1:181,Ametastegia glottianus Cameron,Cameron,Ametastegia,,glottianus,,species,,B203:1,synonym,B203:1:180,Ametastegia carpini (Hartig),,,,,,,Tenthredinidae,Blennocampinae,Ametastegia,,Tenthredinidae | Blennocampinae | Emperiini | Ametastegia,glottianus Cameron,,,,,
B203:1:182,Allantini,,,,,,tribe,,B203:1,accepted,,,B203:1:114,Blennocampinae,,,,,Tenthredinidae,Blennocampinae,,,Tenthredinidae | Blennocampinae,Allantini,,,,,
B203:1:183,Emphytini,,,,,,tribe,,B203:1,synonym,B203:1:182,Allantini,,,,,,,Tenthredinidae,Blennocampinae,,,Tenthredinidae | Blennocampinae,Emphytini,,,,,
B203:1:184,Taxonus Hartig,Hartig,,,,,genus,,B203:1,accepted,,,B203:1:182,Allantini,,,,,Tenthredinidae,Blennocampinae,Taxonus,,Tenthredinidae | Blennocampinae | Allantini,Taxonus Hartig,,TD7GW,4405080,TD7GW,4405080
B203:1:185,Taxonus agrorum (Fallén),(Fallén),Taxonus,,agrorum,,species,,B203:1,accepted,,,B203:1:184,Taxonus Hartig,,,,,Tenthredinidae,Blennocampinae,Taxonus,,Tenthredinidae | Blennocampinae | Allantini | Taxonus,agrorum (Fallén),,TD7GX,4490882,TD7GX,4490882
B203:1:186,Allantus Panzer,Panzer,,,,,genus,,B203:1,accepted,,,B203:1:182,Allantini,,,,,Tenthredinidae,Blennocampinae,Allantus,,Tenthredinidae | Blennocampinae | Allantini,Allantus Panzer,,LBKHQ,7354091,LBKHQ,7354091
B203:1:187,Emphytus Klug,Klug,,,,,genus,,B203:1,proparte synonym,B203:1:186,Allantus Panzer,,,,,,,Tenthredinidae,Blennocampinae,Emphytus,,Tenthredinidae | Blennocampinae | Allantini,Emphytus Klug,,LBKJC,8250823,LBKHP,7354091
B203:1:188,Allantus togatus Panzer,Panzer,Allantus,,togatus,,species,,B203:1,accepted,,,B203:1:186,Allantus Panzer,,,,,Tenthredinidae,Blennocampinae,Allantus,,Tenthredinidae | Blennocampinae | Allantini | Allantus,togatus Panzer,,LBKJ2,4490827,LBKJ2,4490827
B203:1:189,Allantus calceatus (Klug),(Klug),Allantus,,calceatus,,species,,B203:1,accepted,,,B203:1:186,Allantus Panzer,,,,,Tenthredinidae,Blennocampinae,Allantus,,Tenthredinidae | Blennocampinae | Allantini | Allantus,calceatus (Klug),,LBKJP,4490848,LBKJP,4490848
B203:1:190,Allantus rufocinctus (Retzius),(Retzius),Allantus,,rufocinctus,,species,,B203:1,accepted,,,B203:1:186,Allantus Panzer,,,,,Tenthredinidae,Blennocampinae,Allantus,,Tenthredinidae | Blennocampinae | Allantini | Allantus,rufocinctus (Retzius),,LBKKD,4490833,LBKKD,4490833
B203:1:191,Allantus truncatus (Klug),(Klug),Allantus,,truncatus,,species,,B203:1,accepted,,,B203:1:186,Allantus Panzer,,,,,Tenthredinidae,Blennocampinae,Allantus,,Tenthredinidae | Blennocampinae | Allantini | Allantus,truncatus (Klug),,LBKKH,4490846,LBKKH,4490846
B203:1:192,Allantus melanarius (Klug),(Klug),Allantus,,melanarius,,species,,B203:1,accepted,,,B203:1:186,Allantus Panzer,,,,,Tenthredinidae,Blennocampinae,Allantus,,Tenthredinidae | Blennocampinae | Allantini | Allantus,melanarius (Klug),,LBKKB,4490854,LBKKB,4490854
B203:1:193,Allantus cinetus (L.),(L.),Allantus,,cinetus,,species,,B203:1,accepted,,,B203:1:186,Allantus Panzer,,,,,Tenthredinidae,Blennocampinae,Allantus,,Tenthredinidae | Blennocampinae | Allantini | Allantus,cinetus (L.),,LBKJR,1249680,LBKJR,1249680
B203:1:194,Allantus cingulatus (L.),(L.),Allantus,,cingulatus,,species,,B203:1,accepted,,,B203:1:186,Allantus Panzer,,,,,Tenthredinidae,Blennocampinae,Allantus,,Tenthredinidae | Blennocampinae | Allantini | Allantus,cingulatus (L.),,LBKJX,4490859,LBKJX,4490859
B203:1:195,Allantus coryli Stritt.,Stritt.,Allantus,,coryli,,species,,B203:1,accepted,,,B203:1:186,Allantus Panzer,,,,,Tenthredinidae,Blennocampinae,Allantus,,Tenthredinidae | Blennocampinae | Allantini | Allantus,coryli Stritt.,,LBKJZ,4490842,LBKJZ,4490842
B203:1:196,Allantus basalis (Klug),(Klug),Allantus,,basalis,,species,,B203:1,accepted,,,B203:1:186,Allantus Panzer,,,,,Tenthredinidae,Blennocampinae,Allantus,,Tenthredinidae | Blennocampinae | Allantini | Allantus,basalis (Klug),,LBKJJ,4490835,LBKJJ,4490835
B203:1:197,Allantus basalis subsp. basalis (Klug),(Klug),Allantus,,basalis,basalis,subspecies,,B203:1,accepted,,,B203:1:196,Allantus basalis (Klug),,,,,Tenthredinidae,Blennocampinae,Allantus,,Tenthredinidae | Blennocampinae | Allantini | Allantus | Allantus basalis,basalis basalis (Klug),,LBKJK,7343949,LBKJJ,7343949
B203:1:198,Allantus basalis subsp. caledonicus Bens.,Bens.,Allantus,,basalis,caledonicus,subspecies,,B203:1,accepted,,,B203:1:196,Allantus basalis (Klug),,,,,Tenthredinidae,Blennocampinae,Allantus,,Tenthredinidae | Blennocampinae | Allantini | Allantus | Allantus basalis,basalis caledonicus Bens.,,LBKJM,4490836,LBKJJ,4490836
B203:1:199,Apethymus Benson,Benson,,,,,genus,,B203:1,accepted,,,B203:1:182,Allantini,,,,,Tenthredinidae,Blennocampinae,Apethymus,,Tenthredinidae | Blennocampinae | Allantini,Apethymus Benson,,LBN3H,9037594,LBN3H,9037594
B203:1:200,Emphytus in subsp. part,,Emphytus,,in,part,subspecies,,B203:1,proparte synonym,B203:1:199,Apethymus Benson,,,,,,,Tenthredinidae,Blennocampinae,Apethymus,,Tenthredinidae | Blennocampinae | Allantini,Emphytus in part,,LBKJC,5430747,LBKHP,1249662
B203:1:201,Allantus in subsp. part,,Allantus,,in,part,subspecies,,B203:1,proparte synonym,B203:1:199,Apethymus Benson,,,,,,,Tenthredinidae,Blennocampinae,Apethymus,,Tenthredinidae | Blennocampinae | Allantini,Allantus in part,,LBKHP,10229496,LBKHP,4490696
B203:1:202,Apethymus braccatus (Gmelin),(Gmelin),Apethymus,,braccatus,,species,,B203:1,accepted,,,B203:1:199,Apethymus Benson,,,,,Tenthredinidae,Blennocampinae,Apethymus,,Tenthredinidae | Blennocampinae | Allantini | Apethymus,braccatus (Gmelin),,LBN3Y,9456620,LBN4X,4490868
B203:1:203,Apethymus tibialis Panzer,Panzer,Apethymus,,tibialis,,species,,B203:1,synonym,B203:1:202,Apethymus braccatus (Gmelin),,,,,,,Tenthredinidae,Blennocampinae,Apethymus,,Tenthredinidae | Blennocampinae | Allantini | Apethymus,tibialis Panzer,,DJMRM,11357700,LBN4X,4490868
B203:1:204,Apethymus abdominalis (Lepeletier),(Lepeletier),Apethymus,,abdominalis,,species,,B203:1,accepted,,,B203:1:199,Apethymus Benson,,,,,Tenthredinidae,Blennocampinae,Apethymus,,Tenthredinidae | Blennocampinae | Allantini | Apethymus,abdominalis (Lepeletier),,LBN3P,4490874,LBN3P,4490865
B203:1:205,Apethymus serotinus,,Apethymus,,serotinus,,species,auctt. in part nec Müller,B203:1,misapplied,B203:1:204,Apethymus abdominalis (Lepeletier),,,,,,,Tenthredinidae,Blennocampinae,Apethymus,,Tenthredinidae | Blennocampinae | Allantini | Apethymus,serotinus auctt. in part nec Müller,,LBN4X,4490868,LBN4X,4490868
B203:1:206,Apethymus autumnalis Forsius,Forsius,Apethymus,,autumnalis,,species,,B203:1,synonym,B203:1:204,Apethymus abdominalis (Lepeletier),,,,,,,Tenthredinidae,Blennocampinae,Apethymus,,Tenthredinidae | Blennocampinae | Allantini | Apethymus,autumnalis Forsius,,LBN3X,11224288,LBN3P,4490865
B203:1:207,Eriocampini,,,,,,tribe,,B203:1,accepted,,,B203:1:114,Blennocampinae,,,,,Tenthredinidae,Blennocampinae,,,Tenthredinidae | Blennocampinae,Eriocampini,,,,,
B203:1:208,Eriocampa Hartig,Hartig,,,,,genus,,B203:1,accepted,,,B203:1:207,Eriocampini,,,,,Tenthredinidae,Blennocampinae,Eriocampa,,Tenthredinidae | Blennocampinae | Eriocampini,Eriocampa Hartig,,NKG72,4490901,NKG72,4490901
B203:1:209,Eriocampa ovata (L.),(L.),Eriocampa,,ovata,,species,,B203:1,accepted,,,B203:1:208,Eriocampa Hartig,,,,,Tenthredinidae,Blennocampinae,Eriocampa,,Tenthredinidae | Blennocampinae | Eriocampini | Eriocampa,ovata (L.),,NKG9N,4490902,NKG9N,4490902
B203:1:210,Caliroini,,,,,,tribe,,B203:1,accepted,,,B203:1:114,Blennocampinae,,,,,Tenthredinidae,Blennocampinae,,,Tenthredinidae | Blennocampinae,Caliroini,,,,,
B203:1:211,Endelomyia Ashmead,Ashmead,,,,,genus,,B203:1,accepted,,,B203:1:210,Caliroini,,,,,Tenthredinidae,Blennocampinae,Endelomyia,,Tenthredinidae | Blennocampinae | Caliroini,Endelomyia Ashmead,,N9ZJV,1249684,N9ZJV,1249684
B203:1:212,Eriocampa in subsp. part,,Eriocampa,,in,part,subspecies,,B203:1,proparte synonym,B203:1:211,Endelomyia Ashmead,,,,,,,Tenthredinidae,Blennocampinae,Endelomyia,,Tenthredinidae | Blennocampinae | Caliroini,Eriocampa in part,,NKG72,,NKG72,
B203:1:213,Caliroa in subsp. part,,Caliroa,,in,part,subspecies,,B203:1,proparte synonym,B203:1:211,Endelomyia Ashmead,,,,,,,Tenthredinidae,Blennocampinae,Endelomyia,,Tenthredinidae | Blennocampinae | Caliroini,Caliroa in part,,M8RTR,,M8RTR,
B203:1:214,Endelomyia aethiops (F.),(F.),Endelomyia,,aethiops,,species,,B203:1,accepted,,,B203:1:211,Endelomyia Ashmead,,,,,Tenthredinidae,Blennocampinae,Endelomyia,,Tenthredinidae | Blennocampinae | Caliroini | Endelomyia,aethiops (F.),,N9ZK2,1249685,N9ZK2,1249685
B203:1:215,Poecilosoma nigricolle Cameron,Cameron,Poecilosoma,,nigricolle,,species,,B203:1,synonym,B203:1:214,Endelomyia aethiops (F.),,,,,,,Tenthredinidae,Blennocampinae,Endelomyia,,Tenthredinidae | Blennocampinae | Caliroini | Endelomyia,Poecilosoma nigricolle Cameron,,RY55S,11340567,N9ZK2,9784589
B203:1:216,Endelomyia rosae Harris,Harris,Endelomyia,,rosae,,species,,B203:1,synonym,B203:1:214,Endelomyia aethiops (F.),,,,,,,Tenthredinidae,Blennocampinae,Endelomyia,,Tenthredinidae | Blennocampinae | Caliroini | Endelomyia,rosae Harris,,,,,
B203:1:217,Endelomyia testaceipes Cameron,Cameron,Endelomyia,,testaceipes,,species,,B203:1,synonym,B203:1:214,Endelomyia aethiops (F.),,,,,,,Tenthredinidae,Blennocampinae,Endelomyia,,Tenthredinidae | Blennocampinae | Caliroini | Endelomyia,testaceipes Cameron,,,,,
B203:1:218,Caliroa O. Costa,O. Costa,,,,,genus,,B203:1,accepted,,,B203:1:210,Caliroini,,,,,Tenthredinidae,Blennocampinae,Caliroa,,Tenthredinidae | Blennocampinae | Caliroini,Caliroa O. Costa,,M8RTR,1249681,M8RTR,1249681
B203:1:219,Eriocampa in subsp. part,,Eriocampa,,in,part,subspecies,,B203:1,proparte synonym,B203:1:218,Caliroa O. Costa,,,,,,,Tenthredinidae,Blennocampinae,Caliroa,,Tenthredinidae | Blennocampinae | Caliroini,Eriocampa in part,,NKG72,,NKG72,
B203:1:220,Caliroa cerasi (L.),(L.),Caliroa,,cerasi,,species,,B203:1,accepted,,,B203:1:218,Caliroa O. Costa,,,,,Tenthredinidae,Blennocampinae,Caliroa,,Tenthredinidae | Blennocampinae | Caliroini | Caliroa,cerasi (L.),,M8RVY,1249682,M8RVY,1249682
B203:1:221,Caliroa limacina Retzius,Retzius,Caliroa,,limacina,,species,,B203:1,synonym,B203:1:220,Caliroa cerasi (L.),,,,,,,Tenthredinidae,Blennocampinae,Caliroa,,Tenthredinidae | Blennocampinae | Caliroini | Caliroa,limacina Retzius,,M8RXJ,8572005,M8RVY,1249682
B203:1:222,Caliroa annulipes (Klug),(Klug),Caliroa,,annulipes,,species,,B203:1,accepted,,,B203:1:218,Caliroa O. Costa,,,,,Tenthredinidae,Blennocampinae,Caliroa,,Tenthredinidae | Blennocampinae | Caliroini | Caliroa,annulipes (Klug),,M8RVB,4490738,M8RVB,4490738
B203:1:223,Caliroa varipes (Klug),(Klug),Caliroa,,varipes,,species,,B203:1,accepted,,,B203:1:218,Caliroa O. Costa,,,,,Tenthredinidae,Blennocampinae,Caliroa,,Tenthredinidae | Blennocampinae | Caliroini | Caliroa,varipes (Klug),,M8S2H,4490734,M8S2H,4490734
B203:1:224,Caliroa cinxia (Klug),(Klug),Caliroa,,cinxia,,species,,B203:1,accepted,,,B203:1:218,Caliroa O. Costa,,,,,Tenthredinidae,Blennocampinae,Caliroa,,Tenthredinidae | Blennocampinae | Caliroini | Caliroa,cinxia (Klug),,M8RW5,4490729,M8RW5,4490729
B203:1:225,Blennocampini,,,,,,tribe,,B203:1,accepted,,,B203:1:114,Blennocampinae,,,,,Tenthredinidae,Blennocampinae,,,Tenthredinidae | Blennocampinae,Blennocampini,,,,,
B203:1:226,Blennocampa Hartig,Hartig,,,,,tribe,,B203:1,synonym,B203:1:225,Blennocampini,,,,,,,Tenthredinidae,Blennocampinae,,,Tenthredinidae | Blennocampinae,Blennocampa Hartig,,M5BK3,,M5BK3,
B203:1:227,Tomostethus Konow,Konow,,,,,genus,,B203:1,accepted,,,B203:1:225,Blennocampini,,,,,Tenthredinidae,Blennocampinae,Tomostethus,,Tenthredinidae | Blennocampinae | Blennocampini,Tomostethus Konow,,TC4F4,1249677,TC4F4,1249677
B203:1:228,Tomostethus in subsp. part,,Tomostethus,,in,part,subspecies,,B203:1,proparte synonym,B203:1:227,Tomostethus Konow,,,,,,,Tenthredinidae,Blennocampinae,Tomostethus,,Tenthredinidae | Blennocampinae | Blennocampini,Tomostethus in part,,TC4F4,,TC4F4,
B203:1:229,Tomostethus nigritus (Fabricius),(Fabricius),Tomostethus,,nigritus,,species,,B203:1,accepted,,,B203:1:227,Tomostethus Konow,,,,,Tenthredinidae,Blennocampinae,Tomostethus,,Tenthredinidae | Blennocampinae | Blennocampini | Tomostethus,nigritus (Fabricius),,TC4GN,4490347,TC4GN,4490347
B203:1:230,Tomostethus nigritus subsp. nigritus (Fabricius),(Fabricius),Tomostethus,,nigritus,nigritus,subspecies,,B203:1,accepted,,,B203:1:229,Tomostethus nigritus (Fabricius),,,,,Tenthredinidae,Blennocampinae,Tomostethus,,Tenthredinidae | Blennocampinae | Blennocampini | Tomostethus | Tomostethus nigritus,nigritus nigritus (Fabricius),,,,,
B203:1:231,Tomostethus nigritus subsp. claripennis Enslin,Enslin,Tomostethus,,nigritus,claripennis,subspecies,,B203:1,accepted,,,B203:1:229,Tomostethus nigritus (Fabricius),,,,,Tenthredinidae,Blennocampinae,Tomostethus,,Tenthredinidae | Blennocampinae | Blennocampini | Tomostethus | Tomostethus nigritus,nigritus claripennis Enslin,,,,,
B203:1:232,Eutomostethus Enslin,Enslin,,,,,genus,,B203:1,accepted,,,B203:1:225,Blennocampini,,,,,Tenthredinidae,Blennocampinae,Eutomostethus,,Tenthredinidae | Blennocampinae | Blennocampini,Eutomostethus Enslin,,P98RM,8812958,P98RM,8812958
B203:1:233,Tomostethus in subsp. part,,Tomostethus,,in,part,subspecies,,B203:1,proparte synonym,B203:1:232,Eutomostethus Enslin,,,,,,,Tenthredinidae,Blennocampinae,Eutomostethus,,Tenthredinidae | Blennocampinae | Blennocampini,Tomostethus in part,,TC4F4,,TC4F4,
B203:1:234,Atomostethus Enslin,Enslin,,,,,genus,,B203:1,synonym,B203:1:232,Eutomostethus Enslin,,,,,,,Tenthredinidae,Blennocampinae,Atomostethus,,Tenthredinidae | Blennocampinae | Blennocampini,Atomostethus Enslin,,LLXSD,4575619,P98RM,8812958
B203:1:235,Eutomostethus ephippium (Pan.),(Pan.),Eutomostethus,,ephippium,,species,,B203:1,accepted,,,B203:1:232,Eutomostethus Enslin,,,,,Tenthredinidae,Blennocampinae,Eutomostethus,,Tenthredinidae | Blennocampinae | Blennocampini | Eutomostethus,ephippium (Pan.),,P98TF,4490331,P98TF,4490331
B203:1:236,Eutomostethus dubius Gmelin,Gmelin,Eutomostethus,,dubius,,species,,B203:1,synonym,B203:1:235,Eutomostethus ephippium (Pan.),,,,,,,Tenthredinidae,Blennocampinae,Eutomostethus,,Tenthredinidae | Blennocampinae | Blennocampini | Eutomostethus,dubius Gmelin,,,,,
B203:1:237,Eutomostethus cinereipes Klug in Cameron in Klug,Klug in Cameron in Klug,Eutomostethus,,cinereipes,,species,,B203:1,synonym,B203:1:235,Eutomostethus ephippium (Pan.),,,,,,,Tenthredinidae,Blennocampinae,Eutomostethus,,Tenthredinidae | Blennocampinae | Blennocampini | Eutomostethus,cinereipes Klug in Cameron in Klug,,P98ST,11321109,P98XD,4491135
B203:1:238,Eutomostethus luteiventris (Klug),(Klug),Eutomostethus,,luteiventris,,species,,B203:1,accepted,,,B203:1:232,Eutomostethus Enslin,,,,,Tenthredinidae,Blennocampinae,Eutomostethus,,Tenthredinidae | Blennocampinae | Blennocampini | Eutomostethus,luteiventris (Klug),,P98WW,4490329,P98WW,4490329
B203:1:239,Eutomostethus fuscipennis Lepeletier,Lepeletier,Eutomostethus,,fuscipennis,,species,,B203:1,synonym,B203:1:238,Eutomostethus luteiventris (Klug),,,,,,,Tenthredinidae,Blennocampinae,Eutomostethus,,Tenthredinidae | Blennocampinae | Blennocampini | Eutomostethus,fuscipennis Lepeletier,,,,,
B203:1:240,Eutomostethus punctatus (Konow),(Konow),Eutomostethus,,punctatus,,species,,B203:1,accepted,,,B203:1:232,Eutomostethus Enslin,,,,,Tenthredinidae,Blennocampinae,Eutomostethus,,Tenthredinidae | Blennocampinae | Blennocampini | Eutomostethus,punctatus (Konow),,P98Y6,4490323,P98Y6,4490323
B203:1:241,Eutomostethus micans Klug in Cam.,Klug in Cam.,Eutomostethus,,micans,,species,nec Klug,B203:1,synonym,B203:1:240,Eutomostethus punctatus (Konow),,,,,,,Tenthredinidae,Blennocampinae,Eutomostethus,,Tenthredinidae | Blennocampinae | Blennocampini | Eutomostethus,micans Klug in Cam. nec Klug,,P98X5,11344736,P98Y6,4490323
B203:1:242,Eutomostethus brachycera Cameron,Cameron,Eutomostethus,,brachycera,,species,,B203:1,synonym,B203:1:240,Eutomostethus punctatus (Konow),,,,,,,Tenthredinidae,Blennocampinae,Eutomostethus,,Tenthredinidae | Blennocampinae | Blennocampini | Eutomostethus,brachycera Cameron,,,,,
B203:1:243,Eutomostethus gagathinus (Klug),(Klug),Eutomostethus,,gagathinus,,species,,B203:1,accepted,,,B203:1:232,Eutomostethus Enslin,,,,,Tenthredinidae,Blennocampinae,Eutomostethus,,Tenthredinidae | Blennocampinae | Blennocampini | Eutomostethus,gagathinus (Klug),,P98VL,4490325,P98VL,4490325
B203:1:244,Stethomostus Benson,Benson,,,,,genus,,B203:1,accepted,,,B203:1:225,Blennocampini,,,,,Tenthredinidae,Blennocampinae,Stethomostus,,Tenthredinidae | Blennocampinae | Blennocampini,Stethomostus Benson,,TCJNF,9203547,TCJNF,9203547
B203:1:245,Tomostethus in subsp. part,,Tomostethus,,in,part,subspecies,,B203:1,proparte synonym,B203:1:244,Stethomostus Benson,,,,,,,Tenthredinidae,Blennocampinae,Stethomostus,,Tenthredinidae | Blennocampinae | Blennocampini,Tomostethus in part,,TC4F4,,TC4F4,
B203:1:246,Stethomostus fuliginosus (Schrank),(Schrank),Stethomostus,,fuliginosus,,species,,B203:1,accepted,,,B203:1:244,Stethomostus Benson,,,,,Tenthredinidae,Blennocampinae,Stethomostus,,Tenthredinidae | Blennocampinae | Blennocampini | Stethomostus,fuliginosus (Schrank),,TCJNM,4490241,TCJNM,4490241
B203:1:469,Stethomostus funereus (Klug),(Klug),Stethomostus,,funereus,,species,,B203:1,accepted,,,B203:1:244,Stethomostus Benson,,,,,Tenthredinidae,Blennocampinae,Stethomostus,,Tenthredinidae | Blennocampinae | Blennocampini | Stethomostus,funereus (Klug),,TCJNV,4490243,TCJNV,4490243
B203:1:247,Phymatocera Konow.,Konow.,,,,,genus,,B203:1,accepted,,,B203:1:225,Blennocampini,,,,,Tenthredinidae,Blennocampinae,Phymatocera,,Tenthredinidae | Blennocampinae | Blennocampini,Phymatocera Konow.,,RZ3JB,4490229,RZ3JB,4490229
B203:1:248,Phymatocera aterrima (Klug),(Klug),Phymatocera,,aterrima,,species,,B203:1,accepted,,,B203:1:247,Phymatocera Konow.,,,,,Tenthredinidae,Blennocampinae,Phymatocera,,Tenthredinidae | Blennocampinae | Blennocampini | Phymatocera,aterrima (Klug),,RZ3JH,,RZ3JH,
B203:1:249,Phymatocera robinsoni Curtis,Curtis,Phymatocera,,robinsoni,,species,,B203:1,synonym,B203:1:248,Phymatocera aterrima (Klug),,,,,,,Tenthredinidae,Blennocampinae,Phymatocera,,Tenthredinidae | Blennocampinae | Blennocampini | Phymatocera,robinsoni Curtis,,,4407085,,4407085
B203:1:250,Rhadinoceraea Konow,Konow,,,,,genus,,B203:1,accepted,,,B203:1:225,Blennocampini,,,,,Tenthredinidae,Blennocampinae,Rhadinoceraea,,Tenthredinidae | Blennocampinae | Blennocampini,Rhadinoceraea Konow,,SB4XZ,,SB4XZ,
B203:1:251,Rhadinoceraea in subsp. part,,Rhadinoceraea,,in,part,subspecies,,B203:1,proparte synonym,B203:1:250,Rhadinoceraea Konow,,,,,,,Tenthredinidae,Blennocampinae,Rhadinoceraea,,Tenthredinidae | Blennocampinae | Blennocampini,Rhadinoceraea in part,,SB4XZ,4490342,SB4XZ,4490342
B203:1:252,Rhadinoceraea micans (Klug),(Klug),Rhadinoceraea,,micans,,species,,B203:1,accepted,,,B203:1:250,Rhadinoceraea Konow,,,,,Tenthredinidae,Blennocampinae,Rhadinoceraea,,Tenthredinidae | Blennocampinae | Blennocampini | Rhadinoceraea,micans (Klug),,SB4YG,4681556,SB4YG,8929652
B203:1:253,Dicrostema,,,,,,genus,gen. n.,B203:1,accepted,,,B203:1:225,Blennocampini,,,,,Tenthredinidae,Blennocampinae,Dicrostema,,Tenthredinidae | Blennocampinae | Blennocampini,Dicrostema gen. n.,,N6V66,,RGLKV,
B203:1:254,Rhadinoceraea in subsp. part,,Rhadinoceraea,,in,part,subspecies,,B203:1,proparte synonym,B203:1:253,Dicrostema,,,,,,,Tenthredinidae,Blennocampinae,Dicrostema,,Tenthredinidae | Blennocampinae | Blennocampini,Rhadinoceraea in part,,SB4XZ,8588989,SB4XZ,4490237
B203:1:255,Dicrostema gracilicornis (Zaddach),(Zaddach),Dicrostema,,gracilicornis,,species,,B203:1,accepted,,,B203:1:253,Dicrostema,,,,,Tenthredinidae,Blennocampinae,Dicrostema,,Tenthredinidae | Blennocampinae | Blennocampini | Dicrostema,gracilicornis (Zaddach),,N6V6C,9002469,RGLL6,9002469
B203:1:256,Monophadnus Hartig,Hartig,,,,,genus,,B203:1,accepted,,,B203:1:225,Blennocampini,,,,,Tenthredinidae,Blennocampinae,Monophadnus,,Tenthredinidae | Blennocampinae | Blennocampini,Monophadnus Hartig,,QK7NK,,QK7NK,
B203:1:257,Monophadnus in subsp. part,,Monophadnus,,in,part,subspecies,,B203:1,proparte synonym,B203:1:256,Monophadnus Hartig,,,,,,,Tenthredinidae,Blennocampinae,Monophadnus,,Tenthredinidae | Blennocampinae | Blennocampini,Monophadnus in part,,QK7NK,4490281,QK7NK,4490281
B203:1:258,Monophadnus pallescens (Gmelin),(Gmelin),Monophadnus,,pallescens,,species,,B203:1,accepted,,,B203:1:256,Monophadnus Hartig,,,,,Tenthredinidae,Blennocampinae,Monophadnus,,Tenthredinidae | Blennocampinae | Blennocampini | Monophadnus,pallescens (Gmelin),,QK7SH,11073632,QK7SH,4490281
B203:1:259,Monophadnus albipes Gmelin,Gmelin,Monophadnus,,albipes,,species,,B203:1,synonym,B203:1:258,Monophadnus pallescens (Gmelin),,,,,,,Tenthredinidae,Blennocampinae,Monophadnus,,Tenthredinidae | Blennocampinae | Blennocampini | Monophadnus,albipes Gmelin,,QK7NW,4490301,QK7SH,4490301
B203:1:260,Periclista Konow,Konow,,,,,genus,,B203:1,accepted,,,B203:1:225,Blennocampini,,,,,Tenthredinidae,Blennocampinae,Periclista,,Tenthredinidae | Blennocampinae | Blennocampini,Periclista Konow,,RD3MJ,4490306,RD3MJ,4490306
B203:1:261,Periclista albida (Klug),(Klug),Periclista,,albida,,species,,B203:1,accepted,,,B203:1:260,Periclista Konow,,,,,Tenthredinidae,Blennocampinae,Periclista,,Tenthredinidae | Blennocampinae | Blennocampini | Periclista,albida (Klug),,RD3N4,11063894,RD3N4,4490306
B203:1:262,Periclista melanocephala F.,F.,Periclista,,melanocephala,,species,,B203:1,synonym,B203:1:261,Periclista albida (Klug),,,,,,,Tenthredinidae,Blennocampinae,Periclista,,Tenthredinidae | Blennocampinae | Blennocampini | Periclista,melanocephala F.,,RD3V3,4490302,RD3N4,4490302
B203:1:263,Periclista lineolata (Klug),(Klug),Periclista,,lineolata,,species,,B203:1,accepted,,,B203:1:260,Periclista Konow,,,,,Tenthredinidae,Blennocampinae,Periclista,,Tenthredinidae | Blennocampinae | Blennocampini | Periclista,lineolata (Klug),,RD3NS,4490309,RD3NS,4490309
B203:1:264,Periclista pubescnens (Zaddach),(Zaddach),Periclista,,pubescnens,,species,,B203:1,accepted,,,B203:1:260,Periclista Konow,,,,,Tenthredinidae,Blennocampinae,Periclista,,Tenthredinidae | Blennocampinae | Blennocampini | Periclista,pubescnens (Zaddach),,RD3P3,9192082,RD3P3,9192082
B203:1:265,Ardis Konow,Konow,,,,,genus,,B203:1,accepted,,,B203:1:225,Blennocampini,,,,,Tenthredinidae,Blennocampinae,Ardis,,Tenthredinidae | Blennocampinae | Blennocampini,Ardis Konow,,LSYVT,4490231,LSYVT,4490231
B203:1:266,Ardis sulcata (Cameron),(Cameron),Ardis,,sulcata,,species,,B203:1,accepted,,,B203:1:265,Ardis Konow,,,,,Tenthredinidae,Blennocampinae,Ardis,,Tenthredinidae | Blennocampinae | Blennocampini | Ardis,sulcata (Cameron),,LSYWG,5868070,LSYWG,4490233
B203:1:267,Ardis brunniventris (Hartig),(Hartig),Ardis,,brunniventris,,species,,B203:1,accepted,,,B203:1:265,Ardis Konow,,,,,Tenthredinidae,Blennocampinae,Ardis,,Tenthredinidae | Blennocampinae | Blennocampini | Ardis,brunniventris (Hartig),,LSYW6,6097046,LSYW8,4490233
B203:1:268,Ardis bipunctata Klug,Klug,Ardis,,bipunctata,,species,,B203:1,synonym,B203:1:267,Ardis brunniventris (Hartig),,,,,,,Tenthredinidae,Blennocampinae,Ardis,,Tenthredinidae | Blennocampinae | Blennocampini | Ardis,bipunctata Klug,,LSYW2,4405202,LSYW8,4405202
B203:1:269,Pareophora Konow,Konow,,,,,genus,,B203:1,accepted,,,B203:1:225,Blennocampini,,,,,Tenthredinidae,Blennocampinae,Pareophora,,Tenthredinidae | Blennocampinae | Blennocampini,Pareophora Konow,,R7WKV,4490285,R7WKV,4490285
B203:1:270,Pareophora pruni (L.),(L.),Pareophora,,pruni,,species,,B203:1,accepted,,,B203:1:269,Pareophora Konow,,,,,Tenthredinidae,Blennocampinae,Pareophora,,Tenthredinidae | Blennocampinae | Blennocampini | Pareophora,pruni (L.),,R7WLD,,R7WLD,
B203:1:271,Pareophora nigripes Klug,Klug,Pareophora,,nigripes,,species,,B203:1,synonym,B203:1:270,Pareophora pruni (L.),,,,,,,Tenthredinidae,Blennocampinae,Pareophora,,Tenthredinidae | Blennocampinae | Blennocampini | Pareophora,nigripes Klug,,,3259012,,3259012
B203:1:272,Blennocampa Hartig,Hartig,,,,,genus,,B203:1,accepted,,,B203:1:225,Blennocampini,,,,,Tenthredinidae,Blennocampinae,Blennocampa,,Tenthredinidae | Blennocampinae | Blennocampini,Blennocampa Hartig,,M5BK3,,M5BK3,
B203:1:273,Blennocampa in subsp. part,,Blennocampa,,in,part,subspecies,,B203:1,proparte synonym,B203:1:272,Blennocampa Hartig,,,,,,,Tenthredinidae,Blennocampinae,Blennocampa,,Tenthredinidae | Blennocampinae | Blennocampini,Blennocampa in part,,M5BK3,6097060,M5BK3,6097059
B203:1:274,Blennocampa pusilla (Klug),(Klug),Blennocampa,,pusilla,,species,,B203:1,accepted,,,B203:1:272,Blennocampa Hartig,,,,,Tenthredinidae,Blennocampinae,Blennocampa,,Tenthredinidae | Blennocampinae | Blennocampini | Blennocampa,pusilla (Klug),,M5BPH,9166017,M5BPB,9166017
B203:1:275,Cladardis,,,,,,genus,gen. n.,B203:1,accepted,,,B203:1:225,Blennocampini,,,,,Tenthredinidae,Blennocampinae,Cladardis,,Tenthredinidae | Blennocampinae | Blennocampini,Cladardis gen. n.,,MJQWS,,MJQWS,
B203:1:276,Monophadnus in subsp. part,,Monophadnus,,in,part,subspecies,,B203:1,proparte synonym,B203:1:275,Cladardis,,,,,,,Tenthredinidae,Blennocampinae,Cladardis,,Tenthredinidae | Blennocampinae | Blennocampini,Monophadnus in part,,QK7NK,4490338,QK7NK,4490338
B203:1:277,Cladardis elongatula (Klug),(Klug),Cladardis,,elongatula,,species,,B203:1,accepted,,,B203:1:275,Cladardis,,,,,Tenthredinidae,Blennocampinae,Cladardis,,Tenthredinidae | Blennocampinae | Blennocampini | Cladardis,elongatula (Klug),,MJQXX,11270431,MJQXX,4490338
B203:1:278,Cladardis sericans Hartig in Cameron,Hartig in Cameron,Cladardis,,sericans,,species,nec Hartig,B203:1,synonym,B203:1:277,Cladardis elongatula (Klug),,,,,,,Tenthredinidae,Blennocampinae,Cladardis,,Tenthredinidae | Blennocampinae | Blennocampini | Cladardis,sericans Hartig in Cameron nec Hartig,,MJQYS,1249671,MJQXX,1249671
B203:1:279,Monophadnoides Ashmead,Ashmead,,,,,genus,,B203:1,accepted,,,B203:1:225,Blennocampini,,,,,Tenthredinidae,Blennocampinae,Monophadnoides,,Tenthredinidae | Blennocampinae | Blennocampini,Monophadnoides Ashmead,,QK7J7,,QK7J7,
B203:1:280,Blennocampa in subsp. part,,Blennocampa,,in,part,subspecies,,B203:1,proparte synonym,B203:1:279,Monophadnoides Ashmead,,,,,,,Tenthredinidae,Blennocampinae,Monophadnoides,,Tenthredinidae | Blennocampinae | Blennocampini,Blennocampa in part,,M5BK3,,M5BK3,
B203:1:281,Monophadnus in subsp. part,,Monophadnus,,in,part,subspecies,,B203:1,proparte synonym,B203:1:279,Monophadnoides Ashmead,,,,,,,Tenthredinidae,Blennocampinae,Monophadnoides,,Tenthredinidae | Blennocampinae | Blennocampini,Monophadnus in part,,QK7NK,4490245,QK7NK,4490245
B203:1:282,Monophadnoides ruficruris (Brullé),(Brullé),Monophadnoides,,ruficruris,,species,,B203:1,accepted,,,B203:1:279,Monophadnoides Ashmead,,,,,Tenthredinidae,Blennocampinae,Monophadnoides,,Tenthredinidae | Blennocampinae | Blennocampini | Monophadnoides,ruficruris (Brullé),,QK7M3,1249672,QK7M3,4490247
B203:1:283,Monophadnoides geniculata (Hartig),(Hartig),Monophadnoides,,geniculata,,species,,B203:1,accepted,,,B203:1:279,Monophadnoides Ashmead,,,,,Tenthredinidae,Blennocampinae,Monophadnoides,,Tenthredinidae | Blennocampinae | Blennocampini | Monophadnoides,geniculata (Hartig),,QK7KM,8448537,QK7KM,4490264
B203:1:284,Monophadnoides tenuicornis (Klug),(Klug),Monophadnoides,,tenuicornis,,species,,B203:1,accepted,,,B203:1:279,Monophadnoides Ashmead,,,,,Tenthredinidae,Blennocampinae,Monophadnoides,,Tenthredinidae | Blennocampinae | Blennocampini | Monophadnoides,tenuicornis (Klug),,QK7N8,,MM6J5,
B203:1:285,Monophadnoides alchemillae Cameron,Cameron,Monophadnoides,,alchemillae,,species,,B203:1,synonym,B203:1:284,Monophadnoides tenuicornis (Klug),,,,,,,Tenthredinidae,Blennocampinae,Monophadnoides,,Tenthredinidae | Blennocampinae | Blennocampini | Monophadnoides,alchemillae Cameron,,,8493637,,4490257
B203:1:286,Monophadnoides alternipes (Klug),(Klug),Monophadnoides,,alternipes,,species,,B203:1,accepted,,,B203:1:279,Monophadnoides Ashmead,,,,,Tenthredinidae,Blennocampinae,Monophadnoides,,Tenthredinidae | Blennocampinae | Blennocampini | Monophadnoides,alternipes (Klug),,QK7JH,,MM6FC,
B203:1:287,Monophadnoides puncticeps (Konow),(Konow),Monophadnoides,,puncticeps,,species,,B203:1,accepted,,,B203:1:279,Monophadnoides Ashmead,,,,,Tenthredinidae,Blennocampinae,Monophadnoides,,Tenthredinidae | Blennocampinae | Blennocampini | Monophadnoides,puncticeps (Konow),,KQ8RT,,MM6FQ,
B203:1:288,Monophadnoides subcana Zaddach in Cameron,Zaddach in Cameron,Monophadnoides,,subcana,,species,in part,B203:1,proparte synonym,B203:1:287,Monophadnoides puncticeps (Konow),,,,,,,Tenthredinidae,Blennocampinae,Monophadnoides,,Tenthredinidae | Blennocampinae | Blennocampini | Monophadnoides,subcana Zaddach in Cameron in part,,,8627645,,4490252
B203:1:289,Monophadnoides waldheimii (Gimmerthal),(Gimmerthal),Monophadnoides,,waldheimii,,species,,B203:1,accepted,,,B203:1:279,Monophadnoides Ashmead,,,,,Tenthredinidae,Blennocampinae,Monophadnoides,,Tenthredinidae | Blennocampinae | Blennocampini | Monophadnoides,waldheimii (Gimmerthal),,QK7NH,,MM6JR,
B203:1:290,Monophadnoides subserrata Thomson,Thomson,Monophadnoides,,subserrata,,species,,B203:1,synonym,B203:1:289,Monophadnoides waldheimii (Gimmerthal),,,,,,,Tenthredinidae,Blennocampinae,Monophadnoides,,Tenthredinidae | Blennocampinae | Blennocampini | Monophadnoides,subserrata Thomson,,,,,
B203:1:291,Monophadnoides subcana Zaddach,Zaddach,Monophadnoides,,subcana,,species,,B203:1,synonym,B203:1:289,Monophadnoides waldheimii (Gimmerthal),,,,,,,Tenthredinidae,Blennocampinae,Monophadnoides,,Tenthredinidae | Blennocampinae | Blennocampini | Monophadnoides,subcana Zaddach,,,11351259,,4490266
B203:1:292,Monophadnoides confusa (Konow),(Konow),Monophadnoides,,confusa,,species,,B203:1,accepted,,,B203:1:279,Monophadnoides Ashmead,,,,,Tenthredinidae,Blennocampinae,Monophadnoides,,Tenthredinidae | Blennocampinae | Blennocampini | Monophadnoides,confusa (Konow),,QK7JR,4404478,MM6FQ,4404478
B203:1:293,Halidamia Benson,Benson,,,,,genus,,B203:1,accepted,,,B203:1:225,Blennocampini,,,,,Tenthredinidae,Blennocampinae,Halidamia,,Tenthredinidae | Blennocampinae | Blennocampini,Halidamia Benson,,PFGB8,,PFGB8,
B203:1:294,Blennocampa in subsp. part,,Blennocampa,,in,part,subspecies,,B203:1,proparte synonym,B203:1:293,Halidamia Benson,,,,,,,Tenthredinidae,Blennocampinae,Halidamia,,Tenthredinidae | Blennocampinae | Blennocampini,Blennocampa in part,,M5BK3,4490250,M5BK3,4490250
B203:1:295,Halidamia affinis (Fallén),(Fallén),Halidamia,,affinis,,species,,B203:1,accepted,,,B203:1:293,Halidamia Benson,,,,,Tenthredinidae,Blennocampinae,Halidamia,,Tenthredinidae | Blennocampinae | Blennocampini | Halidamia,affinis (Fallén),,PFGBB,11231685,PFGBB,4490250
B203:1:296,Halidamia assimilis Fallén in Cameron,Fallén in Cameron,Halidamia,,assimilis,,species,nec Fallén,B203:1,synonym,B203:1:295,Halidamia affinis (Fallén),,,,,,,Tenthredinidae,Blennocampinae,Halidamia,,Tenthredinidae | Blennocampinae | Blennocampini | Halidamia,assimilis Fallén in Cameron nec Fallén,,DJN5K,,PFGBB,
B203:1:297,Fenusini,,,,,,tribe,,B203:1,accepted,,,B203:1:114,Blennocampinae,,,,,Tenthredinidae,Blennocampinae,,,Tenthredinidae | Blennocampinae,Fenusini,,,8850735,,8850735
B203:1:298,Parna Benson,Benson,,,,,genus,,B203:1,accepted,,,B203:1:297,Fenusini,,,,,Tenthredinidae,Blennocampinae,Parna,,Tenthredinidae | Blennocampinae | Fenusini,Parna Benson,,RC3VX,,RC3VX,
B203:1:299,Scolioneura in subsp. part,,Scolioneura,,in,part,subspecies,,B203:1,proparte synonym,B203:1:298,Parna Benson,,,,,,,Tenthredinidae,Blennocampinae,Parna,,Tenthredinidae | Blennocampinae | Fenusini,Scolioneura in part,,STJZX,4490821,STJZX,4490821
B203:1:300,Parna tenella (Klug),(Klug),Parna,,tenella,,species,,B203:1,accepted,,,B203:1:298,Parna Benson,,,,,Tenthredinidae,Blennocampinae,Parna,,Tenthredinidae | Blennocampinae | Fenusini | Parna,tenella (Klug),,RC3X4,4490812,RC3X3,4490812
B203:1:301,Metallus Forbes,Forbes,,,,,genus,,B203:1,accepted,,,B203:1:297,Fenusini,,,,,Tenthredinidae,Blennocampinae,Metallus,,Tenthredinidae | Blennocampinae | Fenusini,Metallus Forbes,,QW8DG,4675067,QW8DG,4490812
B203:1:302,Entodecta Konow,Konow,,,,,genus,,B203:1,proparte synonym,B203:1:301,Metallus Forbes,,,,,,,Tenthredinidae,Blennocampinae,Entodecta,,Tenthredinidae | Blennocampinae | Fenusini,Entodecta Konow,,NGX86,4490813,QW8DG,4490813
B203:1:303,Metallus albipes (Cameron),(Cameron),Metallus,,albipes,,species,,B203:1,accepted,,,B203:1:301,Metallus Forbes,,,,,Tenthredinidae,Blennocampinae,Metallus,,Tenthredinidae | Blennocampinae | Fenusini | Metallus,albipes (Cameron),,QW8DV,4490815,QW8DV,4490815
B203:1:304,Metallus pumilus Klug,Klug,Metallus,,pumilus,,species,in part,B203:1,proparte synonym,B203:1:303,Metallus albipes (Cameron),,,,,,,Tenthredinidae,Blennocampinae,Metallus,,Tenthredinidae | Blennocampinae | Fenusini | Metallus,pumilus Klug in part,,QW8FW,4490815,QW8FW,4490815
B203:1:305,Metallus pumilus (Klug),(Klug),Metallus,,pumilus,,species,,B203:1,accepted,,,B203:1:301,Metallus Forbes,,,,,Tenthredinidae,Blennocampinae,Metallus,,Tenthredinidae | Blennocampinae | Fenusini | Metallus,pumilus (Klug),,QW8FW,4490815,QW8FW,4490815
B203:1:306,Metallus pumilio Hartig,Hartig,Metallus,,pumilio,,species,,B203:1,synonym,B203:1:305,Metallus pumilus (Klug),,,,,,,Tenthredinidae,Blennocampinae,Metallus,,Tenthredinidae | Blennocampinae | Fenusini | Metallus,pumilio Hartig,,QW8FW,8470552,QW8FW,4490817
B203:1:307,Metallus gei (Brischke),(Brischke),Metallus,,gei,,species,,B203:1,accepted,,,B203:1:301,Metallus Forbes,,,,,Tenthredinidae,Blennocampinae,Metallus,,Tenthredinidae | Blennocampinae | Fenusini | Metallus,gei (Brischke),,QW8F8,9153483,QW8FH,9153483
B203:1:308,Scolioneura Konow,Konow,,,,,genus,,B203:1,accepted,,,B203:1:297,Fenusini,,,,,Tenthredinidae,Blennocampinae,Scolioneura,,Tenthredinidae | Blennocampinae | Fenusini,Scolioneura Konow,,STJZX,4490768,STJZX,4490768
B203:1:309,Scolioneura betuleti (Klug),(Klug),Scolioneura,,betuleti,,species,,B203:1,accepted,,,B203:1:308,Scolioneura Konow,,,,,Tenthredinidae,Blennocampinae,Scolioneura,,Tenthredinidae | Blennocampinae | Fenusini | Scolioneura,betuleti (Klug),,STK24,,STK24,
B203:1:310,Scolioneura betulae Zaddach,Zaddach,Scolioneura,,betulae,,species,,B203:1,synonym,B203:1:309,Scolioneura betuleti (Klug),,,,,,,Tenthredinidae,Blennocampinae,Scolioneura,,Tenthredinidae | Blennocampinae | Fenusini | Scolioneura,betulae Zaddach,,7PNVX,3258733,7PF5P,4407311
B203:1:311,Messa Leach,Leach,,,,,genus,,B203:1,accepted,,,B203:1:297,Fenusini,,,,,Tenthredinidae,Blennocampinae,Messa,,Tenthredinidae | Blennocampinae | Fenusini,Messa Leach,,Q2K9P,4407311,NTYVJ,4407311
B203:1:312,Fenusella Enslin,Enslin,,,,,genus,,B203:1,synonym,B203:1:311,Messa Leach,,,,,,,Tenthredinidae,Blennocampinae,Fenusella,,Tenthredinidae | Blennocampinae | Fenusini,Fenusella Enslin,,NTYVJ,9381156,NTYVJ,4490809
B203:1:313,Messa nana (Klug),(Klug),Messa,,nana,,species,,B203:1,accepted,,,B203:1:311,Messa Leach,,,,,Tenthredinidae,Blennocampinae,Messa,,Tenthredinidae | Blennocampinae | Fenusini | Messa,nana (Klug),,QTH4G,,NTYWF,
B203:1:314,Messa quercus Cameron,Cameron,Messa,,quercus,,species,,B203:1,synonym,B203:1:313,Messa nana (Klug),,,,,,,Tenthredinidae,Blennocampinae,Messa,,Tenthredinidae | Blennocampinae | Fenusini | Messa,quercus Cameron,,,9504645,,4490807
B203:1:315,Messa glaucopis (Konow),(Konow),Messa,,glaucopis,,species,,B203:1,accepted,,,B203:1:311,Messa Leach,,,,,Tenthredinidae,Blennocampinae,Messa,,Tenthredinidae | Blennocampinae | Fenusini | Messa,glaucopis (Konow),,QTH44,9270407,NTYVY,4490802
B203:1:316,Messa hortulana (Klug),(Klug),Messa,,hortulana,,species,,B203:1,accepted,,,B203:1:311,Messa Leach,,,,,Tenthredinidae,Blennocampinae,Messa,,Tenthredinidae | Blennocampinae | Fenusini | Messa,hortulana (Klug),,QTH48,9085332,NTYW5,9085332
B203:1:317,Profenusa MacGillivray,MacGillivray,,,,,genus,,B203:1,accepted,,,B203:1:297,Fenusini,,,,,Tenthredinidae,Blennocampinae,Profenusa,,Tenthredinidae | Blennocampinae | Fenusini,Profenusa MacGillivray,,RSV7T,,RSV7T,
B203:1:318,Fenusella in subsp. part,,Fenusella,,in,part,subspecies,,B203:1,proparte synonym,B203:1:317,Profenusa MacGillivray,,,,,,,Tenthredinidae,Blennocampinae,Profenusa,,Tenthredinidae | Blennocampinae | Fenusini,Fenusella in part,,NTYVJ,4490776,NTYVJ,4490776
B203:1:319,Profenusa pygmaea (Klug),(Klug),Profenusa,,pygmaea,,species,,B203:1,accepted,,,B203:1:317,Profenusa MacGillivray,,,,,Tenthredinidae,Blennocampinae,Profenusa,,Tenthredinidae | Blennocampinae | Fenusini | Profenusa,pygmaea (Klug),,RSV9F,4490774,RSV9F,4490774
B203:1:320,Profenusa thomsoni (Konow),(Konow),Profenusa,,thomsoni,,species,,B203:1,accepted,,,B203:1:317,Profenusa MacGillivray,,,,,Tenthredinidae,Blennocampinae,Profenusa,,Tenthredinidae | Blennocampinae | Fenusini | Profenusa,thomsoni (Konow),,RSV9P,1249667,RSV9P,1249667
B203:1:321,Fenusa Leach,Leach,,,,,genus,,B203:1,accepted,,,B203:1:297,Fenusini,,,,,Tenthredinidae,Blennocampinae,Fenusa,,Tenthredinidae | Blennocampinae | Fenusini,Fenusa Leach,,NTYLJ,1249670,NTYLJ,1249670
B203:1:322,Fenusa ulmi Sundewall,Sundewall,Fenusa,,ulmi,,species,,B203:1,accepted,,,B203:1:321,Fenusa Leach,,,,,Tenthredinidae,Blennocampinae,Fenusa,,Tenthredinidae | Blennocampinae | Fenusini | Fenusa,ulmi Sundewall,,NTYNN,1249668,NTYNN,1249668
B203:1:323,Fenusa dohrnii (Tischbein),(Tischbein),Fenusa,,dohrnii,,species,,B203:1,accepted,,,B203:1:321,Fenusa Leach,,,,,Tenthredinidae,Blennocampinae,Fenusa,,Tenthredinidae | Blennocampinae | Fenusini | Fenusa,dohrnii (Tischbein),,NTYM9,1249669,NTYM9,1249669
B203:1:324,Fenusa pusilla (Lepeletier),(Lepeletier),Fenusa,,pusilla,,species,,B203:1,accepted,,,B203:1:321,Fenusa Leach,,,,,Tenthredinidae,Blennocampinae,Fenusa,,Tenthredinidae | Blennocampinae | Fenusini | Fenusa,pusilla (Lepeletier),,NTYT3,4490761,NTYT3,4490761
B203:1:325,Fenusa pumila Klug,Klug,Fenusa,,pumila,,species,,B203:1,synonym,B203:1:324,Fenusa pusilla (Lepeletier),,,,,,,Tenthredinidae,Blennocampinae,Fenusa,,Tenthredinidae | Blennocampinae | Fenusini | Fenusa,pumila Klug,,NTYML,3258727,NTYML,3258727
B203:1:326,Fenella Westwood,Westwood,,,,,genus,,B203:1,accepted,,,B203:1:297,Fenusini,,,,,Tenthredinidae,Blennocampinae,Fenella,,Tenthredinidae | Blennocampinae | Fenusini,Fenella Westwood,,NTM2G,5759509,NTM2G,5759509
B203:1:327,Fenella nigrita Westwood,Westwood,Fenella,,nigrita,,species,,B203:1,accepted,,,B203:1:326,Fenella Westwood,,,,,Tenthredinidae,Blennocampinae,Fenella,,Tenthredinidae | Blennocampinae | Fenusini | Fenella,nigrita Westwood,,NTM6H,,NTM6H,
B203:1:328,Tenthredininae,,,,,,subfamily,,B203:1,accepted,,,B203:1:1,Tenthredinidae,,,,,Tenthredinidae,Tenthredininae,,,Tenthredinidae,Tenthredininae,,,,,
B203:1:329,Perineurini,,,,,,tribe,,B203:1,accepted,,,B203:1:328,Tenthredininae,,,,,Tenthredinidae,Tenthredininae,,,Tenthredinidae | Tenthredininae,Perineurini,,,4490695,,4490695
B203:1:330,Perineura Hartig,Hartig,,,,,genus,,B203:1,accepted,,,B203:1:329,Perineurini,,,,,Tenthredinidae,Tenthredininae,Perineura,,Tenthredinidae | Tenthredininae | Perineurini,Perineura Hartig,,RFGHM,,RFGHM,
B203:1:331,Synaerema Hartig,Hartig,,,,,genus,,B203:1,synonym,B203:1:330,Perineura Hartig,,,,,,,Tenthredinidae,Tenthredininae,Synaerema,,Tenthredinidae | Tenthredininae | Perineurini,Synaerema Hartig,,,4490696,,4490696
B203:1:332,Perineura rubi (Panzer),(Panzer),Perineura,,rubi,,species,,B203:1,accepted,,,B203:1:330,Perineura Hartig,,,,,Tenthredinidae,Tenthredininae,Perineura,,Tenthredinidae | Tenthredininae | Perineurini | Perineura,rubi (Panzer),,RFGJP,,RFGJP,
B203:1:333,Tenthredopsini,,,,,,tribe,,B203:1,accepted,,,B203:1:328,Tenthredininae,,,,,Tenthredinidae,Tenthredininae,,,Tenthredinidae | Tenthredininae,Tenthredopsini,,,4404527,,4404527
B203:1:334,Aglaostigma Kirby,Kirby,,,,,genus,,B203:1,accepted,,,B203:1:333,Tenthredopsini,,,,,Tenthredinidae,Tenthredininae,Aglaostigma,,Tenthredinidae | Tenthredininae | Tenthredopsini,Aglaostigma Kirby,,LDVND,10573274,LDVND,1249702
B203:1:335,Tenthredo in subsp. part,,Tenthredo,,in,part,subspecies,,B203:1,proparte synonym,B203:1:334,Aglaostigma Kirby,,,,,,,Tenthredinidae,Tenthredininae,Aglaostigma,,Tenthredinidae | Tenthredininae | Tenthredopsini,Tenthredo in part,,CC858,,CC858,
B203:1:336,Rhogogaster in subsp. part,,Rhogogaster,,in,part,subspecies,,B203:1,proparte synonym,B203:1:334,Aglaostigma Kirby,,,,,,,Tenthredinidae,Tenthredininae,Aglaostigma,,Tenthredinidae | Tenthredininae | Tenthredopsini,Rhogogaster in part,,SKWSX,3254142,SKWSX,4404527
B203:1:337,Laurentia A. Costa,A. Costa,,,,,genus,nec Ragonot,B203:1,proparte synonym,B203:1:334,Aglaostigma Kirby,,,,,,,Tenthredinidae,Tenthredininae,Laurentia,,Tenthredinidae | Tenthredininae | Tenthredopsini,Laurentia A. Costa nec Ragonot,,V67V5,4490702,LDVND,4490702
B203:1:338,Aglaostigma aucupariae (Klug),(Klug),Aglaostigma,,aucupariae,,species,,B203:1,accepted,,,B203:1:334,Aglaostigma Kirby,,,,,Tenthredinidae,Tenthredininae,Aglaostigma,,Tenthredinidae | Tenthredininae | Tenthredopsini | Aglaostigma,aucupariae (Klug),,LDVP8,7931570,LDVP8,7931570
B203:1:339,Aglaostigma gibbosa Fallén,Fallén,Aglaostigma,,gibbosa,,species,,B203:1,synonym,B203:1:338,Aglaostigma aucupariae (Klug),,,,,,,Tenthredinidae,Tenthredininae,Aglaostigma,,Tenthredinidae | Tenthredininae | Tenthredopsini | Aglaostigma,gibbosa Fallén,,LDVR2,4490700,LDVP8,4490700
B203:1:340,Aglaostigma fulvipes (Scopoli),(Scopoli),Aglaostigma,,fulvipes,,species,,B203:1,accepted,,,B203:1:334,Aglaostigma Kirby,,,,,Tenthredinidae,Tenthredininae,Aglaostigma,,Tenthredinidae | Tenthredininae | Tenthredopsini | Aglaostigma,fulvipes (Scopoli),,LDVP9,,LDVP9,
B203:1:341,Aglaostigma lateralis F.,F.,Aglaostigma,,lateralis,,species,,B203:1,synonym,B203:1:340,Aglaostigma fulvipes (Scopoli),,,,,,,Tenthredinidae,Tenthredininae,Aglaostigma,,Tenthredinidae | Tenthredininae | Tenthredopsini | Aglaostigma,lateralis F.,,,4404751,,4404751
B203:1:342,Tenthredopsis A. Costa,A. Costa,,,,,genus,,B203:1,accepted,,,B203:1:333,Tenthredopsini,,,,,Tenthredinidae,Tenthredininae,Tenthredopsis,,Tenthredinidae | Tenthredininae | Tenthredopsini,Tenthredopsis A. Costa,,THR55,6097052,THR55,4490381
B203:1:343,Tenthredopsis excisa (C. G. Thomson),(C. G. Thomson),Tenthredopsis,,excisa,,species,,B203:1,accepted,,,B203:1:342,Tenthredopsis A. Costa,,,,,Tenthredinidae,Tenthredininae,Tenthredopsis,,Tenthredinidae | Tenthredininae | Tenthredopsini | Tenthredopsis,excisa (C. G. Thomson),,THR9R,4490381,THRH7,4490381
B203:1:344,Tenthredopsis ornata Lepeletier in Cameron,Lepeletier in Cameron,Tenthredopsis,,ornata,,species,,B203:1,synonym,B203:1:343,Tenthredopsis excisa (C. G. Thomson),,,,,,,Tenthredinidae,Tenthredininae,Tenthredopsis,,Tenthredinidae | Tenthredininae | Tenthredopsini | Tenthredopsis,ornata Lepeletier in Cameron,,THRH7,4490407,THRH7,4490407
B203:1:345,Tenthredopsis litterata (Geoffroy),(Geoffroy),Tenthredopsis,,litterata,,species,,B203:1,accepted,,,B203:1:342,Tenthredopsis A. Costa,,,,,Tenthredinidae,Tenthredininae,Tenthredopsis,,Tenthredinidae | Tenthredininae | Tenthredopsini | Tenthredopsis,litterata (Geoffroy),,THRDH,,THRDH,
B203:1:346,Tenthredopsis caliginosa Stephens,Stephens,Tenthredopsis,,caliginosa,,species,,B203:1,synonym,B203:1:345,Tenthredopsis litterata (Geoffroy),,,,,,,Tenthredinidae,Tenthredininae,Tenthredopsis,,Tenthredinidae | Tenthredininae | Tenthredopsini | Tenthredopsis,caliginosa Stephens,,,,,
B203:1:347,"Tenthredopsis carbonaria L., 1767","L., 1767",Tenthredopsis,,carbonaria,,species,"nec Scopoli, 1763",B203:1,synonym,B203:1:345,Tenthredopsis litterata (Geoffroy),,,,,,,Tenthredinidae,Tenthredininae,Tenthredopsis,,Tenthredinidae | Tenthredininae | Tenthredopsini | Tenthredopsis,"carbonaria L., 1767 nec Scopoli, 1763",,,,,
B203:1:348,Tenthredopsis cordata Geoffroy,Geoffroy,Tenthredopsis,,cordata,,species,,B203:1,synonym,B203:1:345,Tenthredopsis litterata (Geoffroy),,,,,,,Tenthredinidae,Tenthredininae,Tenthredopsis,,Tenthredinidae | Tenthredininae | Tenthredopsini | Tenthredopsis,cordata Geoffroy,,,,,
B203:1:349,Tenthredopsis femoralis Stephens,Stephens,Tenthredopsis,,femoralis,,species,,B203:1,synonym,B203:1:345,Tenthredopsis litterata (Geoffroy),,,,,,,Tenthredinidae,Tenthredininae,Tenthredopsis,,Tenthredinidae | Tenthredininae | Tenthredopsini | Tenthredopsis,femoralis Stephens,,,,,
B203:1:350,Tenthredopsis microcephala Lepeletier,Lepeletier,Tenthredopsis,,microcephala,,species,,B203:1,synonym,B203:1:345,Tenthredopsis litterata (Geoffroy),,,,,,,Tenthredinidae,Tenthredininae,Tenthredopsis,,Tenthredinidae | Tenthredininae | Tenthredopsini | Tenthredopsis,microcephala Lepeletier,,,9455339,,4490407
B203:1:351,Tenthredopsis nigriceps Cameron,Cameron,Tenthredopsis,,nigriceps,,species,,B203:1,synonym,B203:1:345,Tenthredopsis litterata (Geoffroy),,,,,,,Tenthredinidae,Tenthredininae,Tenthredopsis,,Tenthredinidae | Tenthredininae | Tenthredopsini | Tenthredopsis,nigriceps Cameron,,THRGB,11273783,THRDH,4490407
B203:1:352,Tenthredopsis nigronotata Cameron,Cameron,Tenthredopsis,,nigronotata,,species,,B203:1,synonym,B203:1:345,Tenthredopsis litterata (Geoffroy),,,,,,,Tenthredinidae,Tenthredininae,Tenthredopsis,,Tenthredinidae | Tenthredininae | Tenthredopsini | Tenthredopsis,nigronotata Cameron,,THRGK,4490397,THRDH,4490397
B203:1:353,Tenthredopsis coquebertii (Klug),(Klug),Tenthredopsis,,coquebertii,,species,,B203:1,accepted,,,B203:1:342,Tenthredopsis A. Costa,,,,,Tenthredinidae,Tenthredininae,Tenthredopsis,,Tenthredinidae | Tenthredininae | Tenthredopsini | Tenthredopsis,coquebertii (Klug),,THR8R,11254085,THR8R,4490586
B203:1:354,Tenthredopsis ignobilis Cameron,Cameron,Tenthredopsis,,ignobilis,,species,,B203:1,synonym,B203:1:353,Tenthredopsis coquebertii (Klug),,,,,,,Tenthredinidae,Tenthredininae,Tenthredopsis,,Tenthredinidae | Tenthredininae | Tenthredopsini | Tenthredopsis,ignobilis Cameron,,THRC8,11256233,THR8R,4490397
B203:1:355,Tenthredopsis nigricollis Cameron,Cameron,Tenthredopsis,,nigricollis,,species,,B203:1,synonym,B203:1:353,Tenthredopsis coquebertii (Klug),,,,,,,Tenthredinidae,Tenthredininae,Tenthredopsis,,Tenthredinidae | Tenthredininae | Tenthredopsini | Tenthredopsis,nigricollis Cameron,,THRGC,4490395,THR8R,4490395
B203:1:356,Tenthredopsis nassata L.,L.,Tenthredopsis,,nassata,,species,,B203:1,accepted,,,B203:1:342,Tenthredopsis A. Costa,,,,,Tenthredinidae,Tenthredininae,Tenthredopsis,,Tenthredinidae | Tenthredininae | Tenthredopsini | Tenthredopsis,nassata L.,,THRFC,9250487,THRFC,4490395
B203:1:357,Tenthredopsis albomaculata Cameron,Cameron,Tenthredopsis,,albomaculata,,species,,B203:1,synonym,B203:1:356,Tenthredopsis nassata L.,,,,,,,Tenthredinidae,Tenthredininae,Tenthredopsis,,Tenthredinidae | Tenthredininae | Tenthredopsini | Tenthredopsis,albomaculata Cameron,,THR69,4490393,THRFC,9782219
B203:1:358,Tenthredopsis austriaca Konow,Konow,Tenthredopsis,,austriaca,,species,,B203:1,synonym,B203:1:356,Tenthredopsis nassata L.,,,,,,,Tenthredinidae,Tenthredininae,Tenthredopsis,,Tenthredinidae | Tenthredininae | Tenthredopsini | Tenthredopsis,austriaca Konow,,THR7J,4490389,THRL2,9782219
B203:1:359,Tenthredopsis campestris L. Konow,L. Konow,Tenthredopsis,,campestris,,species,nec L.,B203:1,synonym,B203:1:356,Tenthredopsis nassata L.,,,,,,,Tenthredinidae,Tenthredininae,Tenthredopsis,,Tenthredinidae | Tenthredininae | Tenthredopsini | Tenthredopsis,campestris L. Konow nec L.,,THR85,,THRL2,
B203:1:360,Tenthredopsis dorsalis Lepeletier,Lepeletier,Tenthredopsis,,dorsalis,,species,,B203:1,synonym,B203:1:356,Tenthredopsis nassata L.,,,,,,,Tenthredinidae,Tenthredininae,Tenthredopsis,,Tenthredinidae | Tenthredininae | Tenthredopsini | Tenthredopsis,dorsalis Lepeletier,,,9401642,,4490395
B203:1:361,Tenthredopsis dorsivittata Cameron,Cameron,Tenthredopsis,,dorsivittata,,species,,B203:1,synonym,B203:1:356,Tenthredopsis nassata L.,,,,,,,Tenthredinidae,Tenthredininae,Tenthredopsis,,Tenthredinidae | Tenthredininae | Tenthredopsini | Tenthredopsis,dorsivittata Cameron,,THR9L,,THRFC,
B203:1:362,Tenthredopsis elegans Konow,Konow,Tenthredopsis,,elegans,,species,,B203:1,synonym,B203:1:356,Tenthredopsis nassata L.,,,,,,,Tenthredinidae,Tenthredininae,Tenthredopsis,,Tenthredinidae | Tenthredininae | Tenthredopsini | Tenthredopsis,elegans Konow,,,9365338,,4490395
B203:1:363,Tenthredopsis fenestrata Konow,Konow,Tenthredopsis,,fenestrata,,species,,B203:1,synonym,B203:1:356,Tenthredopsis nassata L.,,,,,,,Tenthredinidae,Tenthredininae,Tenthredopsis,,Tenthredinidae | Tenthredininae | Tenthredopsini | Tenthredopsis,fenestrata Konow,,THRB4,9427297,THRFC,9782219
B203:1:364,Tenthredopsis flavomaculata Cameron,Cameron,Tenthredopsis,,flavomaculata,,species,,B203:1,synonym,B203:1:356,Tenthredopsis nassata L.,,,,,,,Tenthredinidae,Tenthredininae,Tenthredopsis,,Tenthredinidae | Tenthredininae | Tenthredopsini | Tenthredopsis,flavomaculata Cameron,,THRB5,,THRL2,
B203:1:365,Tenthredopsis fulviceps Stephens,Stephens,Tenthredopsis,,fulviceps,,species,,B203:1,synonym,B203:1:356,Tenthredopsis nassata L.,,,,,,,Tenthredinidae,Tenthredininae,Tenthredopsis,,Tenthredinidae | Tenthredininae | Tenthredopsini | Tenthredopsis,fulviceps Stephens,,,11280012,,4490395
B203:1:366,Tenthredopsis gibberosa Konow,Konow,Tenthredopsis,,gibberosa,,species,,B203:1,synonym,B203:1:356,Tenthredopsis nassata L.,,,,,,,Tenthredinidae,Tenthredininae,Tenthredopsis,,Tenthredinidae | Tenthredininae | Tenthredopsini | Tenthredopsis,gibberosa Konow,,THRBR,4490410,THRFC,4490395
B203:1:367,Tenthredopsis inornata Cameron,Cameron,Tenthredopsis,,inornata,,species,,B203:1,synonym,B203:1:356,Tenthredopsis nassata L.,,,,,,,Tenthredinidae,Tenthredininae,Tenthredopsis,,Tenthredinidae | Tenthredininae | Tenthredopsini | Tenthredopsis,inornata Cameron,,THRCB,11246434,THRFC,4490395
B203:1:368,Tenthredopsis lividiventris Cameron,Cameron,Tenthredopsis,,lividiventris,,species,,B203:1,synonym,B203:1:356,Tenthredopsis nassata L.,,,,,,,Tenthredinidae,Tenthredininae,Tenthredopsis,,Tenthredinidae | Tenthredininae | Tenthredopsini | Tenthredopsis,lividiventris Cameron,,THRDZ,,THRFC,
B203:1:369,Tenthredopsis palmata Geoffroy,Geoffroy,Tenthredopsis,,palmata,,species,,B203:1,synonym,B203:1:356,Tenthredopsis nassata L.,,,,,,,Tenthredinidae,Tenthredininae,Tenthredopsis,,Tenthredinidae | Tenthredininae | Tenthredopsini | Tenthredopsis,palmata Geoffroy,,,4490396,,9782219
B203:1:370,Tenthredopsis picticeps Cameron,Cameron,Tenthredopsis,,picticeps,,species,,B203:1,synonym,B203:1:356,Tenthredopsis nassata L.,,,,,,,Tenthredinidae,Tenthredininae,Tenthredopsis,,Tenthredinidae | Tenthredininae | Tenthredopsini | Tenthredopsis,picticeps Cameron,,THRHX,11323216,THRL2,4490395
B203:1:371,Tenthredopsis saundersi Cameron,Cameron,Tenthredopsis,,saundersi,,species,,B203:1,synonym,B203:1:356,Tenthredopsis nassata L.,,,,,,,Tenthredinidae,Tenthredininae,Tenthredopsis,,Tenthredinidae | Tenthredininae | Tenthredopsini | Tenthredopsis,saundersi Cameron,,THRKW,9782219,THRFC,9782219
B203:1:372,Tenthredopsis scutellaris Fabricius,Fabricius,Tenthredopsis,,scutellaris,,species,,B203:1,synonym,B203:1:356,Tenthredopsis nassata L.,,,,,,,Tenthredinidae,Tenthredininae,Tenthredopsis,,Tenthredinidae | Tenthredininae | Tenthredopsini | Tenthredopsis,scutellaris Fabricius,,THRL2,4490421,THRL2,4490421
B203:1:373,Tenthredopsis sordida Klug in Cameron,Klug in Cameron,Tenthredopsis,,sordida,,species,nec Klug,B203:1,synonym,B203:1:356,Tenthredopsis nassata L.,,,,,,,Tenthredinidae,Tenthredininae,Tenthredopsis,,Tenthredinidae | Tenthredininae | Tenthredopsini | Tenthredopsis,sordida Klug in Cameron nec Klug,,THRLF,,THRFC,
B203:1:374,Tenthredopsis spreta Lepeletier,Lepeletier,Tenthredopsis,,spreta,,species,,B203:1,synonym,B203:1:356,Tenthredopsis nassata L.,,,,,,,Tenthredinidae,Tenthredininae,Tenthredopsis,,Tenthredinidae | Tenthredininae | Tenthredopsini | Tenthredopsis,spreta Lepeletier,,,4490391,,9782219
B203:1:375,Tenthredopsis thornleyi Konow,Konow,Tenthredopsis,,thornleyi,,species,,B203:1,synonym,B203:1:356,Tenthredopsis nassata L.,,,,,,,Tenthredinidae,Tenthredininae,Tenthredopsis,,Tenthredinidae | Tenthredininae | Tenthredopsini | Tenthredopsis,thornleyi Konow,,THRNS,,THRL2,
B203:1:376,Tenthredopsis tristis Stephens,Stephens,Tenthredopsis,,tristis,,species,,B203:1,synonym,B203:1:356,Tenthredopsis nassata L.,,,,,,,Tenthredinidae,Tenthredininae,Tenthredopsis,,Tenthredinidae | Tenthredininae | Tenthredopsini | Tenthredopsis,tristis Stephens,,,11230581,,4490395
B203:1:377,Tenthredopsis tristior Morice,Morice,Tenthredopsis,,tristior,,species,,B203:1,synonym,B203:1:356,Tenthredopsis nassata L.,,,,,,,Tenthredinidae,Tenthredininae,Tenthredopsis,,Tenthredinidae | Tenthredininae | Tenthredopsini | Tenthredopsis,tristior Morice,,THRP2,4490441,THRFC,4490441
B203:1:378,Tenthredopsis friesei Konow,Konow,Tenthredopsis,,friesei,,species,,B203:1,accepted,,,B203:1:342,Tenthredopsis A. Costa,,,,,Tenthredinidae,Tenthredininae,Tenthredopsis,,Tenthredinidae | Tenthredininae | Tenthredopsini | Tenthredopsis,friesei Konow,,THRBJ,4490395,THRBJ,4490395
B203:1:379,Tenthredopsis nassata L.,L.,Tenthredopsis,,nassata,,species,in part,B203:1,proparte synonym,B203:1:378,Tenthredopsis friesei Konow,,,,,,,Tenthredinidae,Tenthredininae,Tenthredopsis,,Tenthredinidae | Tenthredininae | Tenthredopsini | Tenthredopsis,nassata L. in part,,THRFC,,THRFC,
B203:1:380,Sciapterygini,,,,,,tribe,,B203:1,accepted,,,B203:1:328,Tenthredininae,,,,,Tenthredinidae,Tenthredininae,,,Tenthredinidae | Tenthredininae,Sciapterygini,,,4404894,,4404894
B203:1:381,Sciapteryx Stephens,Stephens,,,,,genus,,B203:1,accepted,,,B203:1:380,Sciapterygini,,,,,Tenthredinidae,Tenthredininae,Sciapteryx,,Tenthredinidae | Tenthredininae | Sciapterygini,Sciapteryx Stephens,,SQT3M,4490692,SQT3M,4490692
B203:1:382,Sciapteryx consobrina (Klug),(Klug),Sciapteryx,,consobrina,,species,,B203:1,accepted,,,B203:1:381,Sciapteryx Stephens,,,,,Tenthredinidae,Tenthredininae,Sciapteryx,,Tenthredinidae | Tenthredininae | Sciapterygini | Sciapteryx,consobrina (Klug),,SQT4G,11188391,SQT4G,11188391
B203:1:383,Sciapteryx soror Konow,Konow,Sciapteryx,,soror,,species,,B203:1,accepted,,,B203:1:381,Sciapteryx Stephens,,,,,Tenthredinidae,Tenthredininae,Sciapteryx,,Tenthredinidae | Tenthredininae | Sciapterygini | Sciapteryx,soror Konow,,SQT5P,4490687,SQT5P,4490687
B203:1:384,Sciapteryx costalis F.,F.,Sciapteryx,,costalis,,species,in part,B203:1,proparte synonym,B203:1:383,Sciapteryx soror Konow,,,,,,,Tenthredinidae,Tenthredininae,Sciapteryx,,Tenthredinidae | Tenthredininae | Sciapterygini | Sciapteryx,costalis F. in part,,SQT4V,4681505,SQT5P,4681505
B203:1:385,Elinora Benson,Benson,,,,,genus,,B203:1,accepted,,,B203:1:380,Sciapterygini,,,,,Tenthredinidae,Tenthredininae,Elinora,,Tenthredinidae | Tenthredininae | Sciapterygini,Elinora Benson,,NP78B,1249679,NP78B,1249679
B203:1:386,Allantus,,,,,,genus,auctt. nec Panzer in part,B203:1,misapplied,B203:1:385,Elinora Benson,,,,,,,Tenthredinidae,Tenthredininae,Allantus,,Tenthredinidae | Tenthredininae | Sciapterygini,Allantus auctt. nec Panzer in part,,LBKHP,7567423,LBKHP,7567423
B203:1:387,Tenthredo L.,L.,,,,,genus,in part,B203:1,proparte synonym,B203:1:385,Elinora Benson,,,,,,,Tenthredinidae,Tenthredininae,Tenthredo,,Tenthredinidae | Tenthredininae | Sciapterygini,Tenthredo L. in part,,CC858,6097057,CC858,6097057
B203:1:388,Elinora flaveola,,Elinora,,flaveola,,species,,B203:1,accepted,,,B203:1:385,Elinora Benson,,,,,Tenthredinidae,Tenthredininae,Elinora,,Tenthredinidae | Tenthredininae | Sciapterygini | Elinora,flaveola,,NP7BB,,THLXH,
B203:1:389,Elinora flaveola subsp. dominiquei (Konow),(Konow),Elinora,,flaveola,dominiquei,subspecies,,B203:1,accepted,,,B203:1:388,Elinora flaveola,,,,,Tenthredinidae,Tenthredininae,Elinora,,Tenthredinidae | Tenthredininae | Sciapterygini | Elinora | Elinora flaveola,flaveola dominiquei (Konow),,,,,
B203:1:390,Elinora flavipes Geoffroy,Geoffroy,Elinora,,flavipes,,species,,B203:1,synonym,B203:1:389,Elinora flaveola subsp. dominiquei (Konow),,,,,,,Tenthredinidae,Tenthredininae,Elinora,,Tenthredinidae | Tenthredininae | Sciapterygini | Elinora | Elinora flaveola,flavipes Geoffroy,,,6097057,,6097057
B203:1:391,Elinora flaveola L.,L.,Elinora,,flaveola,,species,,B203:1,synonym,B203:1:389,Elinora flaveola subsp. dominiquei (Konow),,,,,,,Tenthredinidae,Tenthredininae,Elinora,,Tenthredinidae | Tenthredininae | Sciapterygini | Elinora | Elinora flaveola,flaveola L.,,NP7BB,,THLXH,
B203:1:392,Tenthredinini,,,,,,tribe,,B203:1,accepted,,,B203:1:328,Tenthredininae,,,,,Tenthredinidae,Tenthredininae,,,Tenthredinidae | Tenthredininae,Tenthredinini,,,4406669,,4406669
B203:1:393,Rhogogaster Konow,Konow,,,,,genus,,B203:1,accepted,,,B203:1:392,Tenthredinini,,,,,Tenthredinidae,Tenthredininae,Rhogogaster,,Tenthredinidae | Tenthredininae | Tenthredinini,Rhogogaster Konow,,SKWSX,7567423,SKWSX,7567423
B203:1:394,Tenthredo L.,L.,,,,,genus,in part,B203:1,proparte synonym,B203:1:393,Rhogogaster Konow,,,,,,,Tenthredinidae,Tenthredininae,Tenthredo,,Tenthredinidae | Tenthredininae | Tenthredinini,Tenthredo L. in part,,CC858,,CC858,
B203:1:395,Rhogogaster picta-group,,Rhogogaster,,,,group,,B203:1,accepted,,,B203:1:393,Rhogogaster Konow,,,,,Tenthredinidae,Tenthredininae,Rhogogaster,,Tenthredinidae | Tenthredininae | Tenthredinini | Rhogogaster,picta,,,4490377,,4490377
B203:1:396,Rhogogaster chambersi Benson,Benson,Rhogogaster,,chambersi,,species,,B203:1,accepted,,,B203:1:395,Rhogogaster picta-group,,,,,Tenthredinidae,Tenthredininae,Rhogogaster,,Tenthredinidae | Tenthredininae | Tenthredinini | Rhogogaster | Rhogogaster picta-group,chambersi Benson,,SKWT4,4490376,SKWT4,4490376
B203:1:397,Rhogogaster genistae Benson,Benson,Rhogogaster,,genistae,,species,,B203:1,accepted,,,B203:1:395,Rhogogaster picta-group,,,,,Tenthredinidae,Tenthredininae,Rhogogaster,,Tenthredinidae | Tenthredininae | Tenthredinini | Rhogogaster | Rhogogaster picta-group,genistae Benson,,SKWTN,4490374,SKWTN,4490374
B203:1:398,Rhogogaster picta (Klug),(Klug),Rhogogaster,,picta,,species,,B203:1,accepted,,,B203:1:395,Rhogogaster picta-group,,,,,Tenthredinidae,Tenthredininae,Rhogogaster,,Tenthredinidae | Tenthredininae | Tenthredinini | Rhogogaster | Rhogogaster picta-group,picta (Klug),,SKWTP,,SKWTP,
B203:1:399,Rhogogaster viridis-group,,Rhogogaster,,,,group,,B203:1,accepted,,,B203:1:393,Rhogogaster Konow,,,,,Tenthredinidae,Tenthredininae,Rhogogaster,,Tenthredinidae | Tenthredininae | Tenthredinini | Rhogogaster,viridis,,,4490358,,4490358
B203:1:400,Rhogogaster punctulata (Klug),(Klug),Rhogogaster,,punctulata,,species,,B203:1,accepted,,,B203:1:399,Rhogogaster viridis-group,,,,,Tenthredinidae,Tenthredininae,Rhogogaster,,Tenthredinidae | Tenthredininae | Tenthredinini | Rhogogaster | Rhogogaster viridis-group,punctulata (Klug),,SKWV3,4490368,SKWV3,4490368
B203:1:401,Rhogogaster drya (Benson),(Benson),Rhogogaster,,drya,,species,,B203:1,accepted,,,B203:1:399,Rhogogaster viridis-group,,,,,Tenthredinidae,Tenthredininae,Rhogogaster,,Tenthredinidae | Tenthredininae | Tenthredinini | Rhogogaster | Rhogogaster viridis-group,drya (Benson),,SKWTX,4490360,V7R5T,4490360
B203:1:402,Rhogogaster chlorosoma (Benson),(Benson),Rhogogaster,,chlorosoma,,species,,B203:1,accepted,,,B203:1:399,Rhogogaster viridis-group,,,,,Tenthredinidae,Tenthredininae,Rhogogaster,,Tenthredinidae | Tenthredininae | Tenthredinini | Rhogogaster | Rhogogaster viridis-group,chlorosoma (Benson),,SKWTT,4490362,SKWTT,4490362
B203:1:403,Rhogogaster scalaris Klug in Thoms.,Klug in Thoms.,Rhogogaster,,scalaris,,species,nec Klug,B203:1,synonym,B203:1:402,Rhogogaster chlorosoma (Benson),,,,,,,Tenthredinidae,Tenthredininae,Rhogogaster,,Tenthredinidae | Tenthredininae | Tenthredinini | Rhogogaster | Rhogogaster viridis-group,scalaris Klug in Thoms. nec Klug,,SKWYK,4490366,SKWYK,4490366
B203:1:404,Rhogogaster viridis (L.),(L.),Rhogogaster,,viridis,,species,,B203:1,accepted,,,B203:1:399,Rhogogaster viridis-group,,,,,Tenthredinidae,Tenthredininae,Rhogogaster,,Tenthredinidae | Tenthredininae | Tenthredinini | Rhogogaster | Rhogogaster viridis-group,viridis (L.),,V7R5T,7567423,V7R5T,7567423
B203:1:405,Tenthredo L.,L.,,,,,genus,,B203:1,accepted,,,B203:1:392,Tenthredinini,,,,,Tenthredinidae,Tenthredininae,Tenthredo,,Tenthredinidae | Tenthredininae | Tenthredinini,Tenthredo L.,,CC858,1249679,CC858,1249679
B203:1:406,Allantus Jurine,Jurine,,,,,genus,nec Panzer,B203:1,synonym,B203:1:405,Tenthredo L.,,,,,,,Tenthredinidae,Tenthredininae,Allantus,,Tenthredinidae | Tenthredininae | Tenthredinini,Allantus Jurine nec Panzer,,LBKHP,4681570,LBKHP,4681570
B203:1:407,Tenthredella Rohwer,Rohwer,,,,,genus,,B203:1,synonym,B203:1:405,Tenthredo L.,,,,,,,Tenthredinidae,Tenthredininae,Tenthredella,,Tenthredinidae | Tenthredininae | Tenthredinini,Tenthredella Rohwer,,,4490626,,4490626
B203:1:408,Tenthredo maculata Geoffroy,Geoffroy,Tenthredo,,maculata,,species,,B203:1,accepted,,,B203:1:405,Tenthredo L.,,,,,Tenthredinidae,Tenthredininae,Tenthredo,,Tenthredinidae | Tenthredininae | Tenthredinini | Tenthredo,maculata Geoffroy,,THM2G,4490515,THM2G,4490515
B203:1:409,Tenthredo temula Scopoli,Scopoli,Tenthredo,,temula,,species,,B203:1,accepted,,,B203:1:405,Tenthredo L.,,,,,Tenthredinidae,Tenthredininae,Tenthredo,,Tenthredinidae | Tenthredininae | Tenthredinini | Tenthredo,temula Scopoli,,THM4B,11275953,THM4B,4490515
B203:1:410,Tenthredo bicincta L.,L.,Tenthredo,,bicincta,,species,auctt. nec L.,B203:1,misapplied,B203:1:409,Tenthredo temula Scopoli,,,,,,,Tenthredinidae,Tenthredininae,Tenthredo,,Tenthredinidae | Tenthredininae | Tenthredinini | Tenthredo,bicincta L. auctt. nec L.,,THMSN,4490587,THM4B,4490587
B203:1:411,Tenthredo mandibularis Fabricius,Fabricius,Tenthredo,,mandibularis,,species,,B203:1,accepted,,,B203:1:405,Tenthredo L.,,,,,Tenthredinidae,Tenthredininae,Tenthredo,,Tenthredinidae | Tenthredininae | Tenthredinini | Tenthredo,mandibularis Fabricius,,THM5R,4490577,THM5R,4490577
B203:1:412,Tenthredo moniliata Klug,Klug,Tenthredo,,moniliata,,species,,B203:1,accepted,,,B203:1:405,Tenthredo L.,,,,,Tenthredinidae,Tenthredininae,Tenthredo,,Tenthredinidae | Tenthredininae | Tenthredinini | Tenthredo,moniliata Klug,,THM5V,8442531,THM5V,8442531
B203:1:413,Tenthredo lachlaniana Cameron,Cameron,Tenthredo,,lachlaniana,,species,,B203:1,synonym,B203:1:412,Tenthredo moniliata Klug,,,,,,,Tenthredinidae,Tenthredininae,Tenthredo,,Tenthredinidae | Tenthredininae | Tenthredinini | Tenthredo,lachlaniana Cameron,,THP2X,4490571,THM5V,4490571
B203:1:414,Tenthredo atra L.,L.,Tenthredo,,atra,,species,,B203:1,accepted,,,B203:1:405,Tenthredo L.,,,,,Tenthredinidae,Tenthredininae,Tenthredo,,Tenthredinidae | Tenthredininae | Tenthredinini | Tenthredo,atra L.,,THM4V,8443562,THM4V,8443562
B203:1:415,Tenthredo dispar Klug,Klug,Tenthredo,,dispar,,species,,B203:1,synonym,B203:1:414,Tenthredo atra L.,,,,,,,Tenthredinidae,Tenthredininae,Tenthredo,,Tenthredinidae | Tenthredininae | Tenthredinini | Tenthredo,dispar Klug,,THNDT,8505087,THM4V,8505087
B203:1:416,Tenthredo scotica Cameron,Cameron,Tenthredo,,scotica,,species,,B203:1,synonym,B203:1:414,Tenthredo atra L.,,,,,,,Tenthredinidae,Tenthredininae,Tenthredo,,Tenthredinidae | Tenthredininae | Tenthredinini | Tenthredo,scotica Cameron,,THQ73,4490576,THM4V,4490576
B203:1:417,Tenthredo livida L.,L.,Tenthredo,,livida,,species,,B203:1,accepted,,,B203:1:405,Tenthredo L.,,,,,Tenthredinidae,Tenthredininae,Tenthredo,,Tenthredinidae | Tenthredininae | Tenthredinini | Tenthredo,livida L.,,THM5M,4490563,THM5M,4490563
B203:1:418,Tenthredo ferruginea Schrank,Schrank,Tenthredo,,ferruginea,,species,,B203:1,accepted,,,B203:1:405,Tenthredo L.,,,,,Tenthredinidae,Tenthredininae,Tenthredo,,Tenthredinidae | Tenthredininae | Tenthredinini | Tenthredo,ferruginea Schrank,,THM5J,8677928,THM5J,8677928
B203:1:419,Tenthredo rufiventris F.,F.,Tenthredo,,rufiventris,,species,,B203:1,synonym,B203:1:418,Tenthredo ferruginea Schrank,,,,,,,Tenthredinidae,Tenthredininae,Tenthredo,,Tenthredinidae | Tenthredininae | Tenthredinini | Tenthredo,rufiventris F.,,THQ4C,4490559,THM5J,4490559
B203:1:420,Tenthredo balteata Klug,Klug,Tenthredo,,balteata,,species,,B203:1,accepted,,,B203:1:405,Tenthredo L.,,,,,Tenthredinidae,Tenthredininae,Tenthredo,,Tenthredinidae | Tenthredininae | Tenthredinini | Tenthredo,balteata Klug,,THM4W,4490581,THM4W,4490581
B203:1:421,Tenthredo velox Fabricius,Fabricius,Tenthredo,,velox,,species,,B203:1,accepted,,,B203:1:405,Tenthredo L.,,,,,Tenthredinidae,Tenthredininae,Tenthredo,,Tenthredinidae | Tenthredininae | Tenthredinini | Tenthredo,velox Fabricius,,THM73,4490560,THM73,4490560
B203:1:422,Tenthredo colon Klug,Klug,Tenthredo,,colon,,species,,B203:1,accepted,,,B203:1:405,Tenthredo L.,,,,,Tenthredinidae,Tenthredininae,Tenthredo,,Tenthredinidae | Tenthredininae | Tenthredinini | Tenthredo,colon Klug,,THM52,4490575,THM52,4490575
B203:1:423,Tenthredo fagi Panzer,Panzer,Tenthredo,,fagi,,species,,B203:1,accepted,,,B203:1:405,Tenthredo L.,,,,,Tenthredinidae,Tenthredininae,Tenthredo,,Tenthredinidae | Tenthredininae | Tenthredinini | Tenthredo,fagi Panzer,,THM5F,4490558,THM5F,4490558
B203:1:424,Tenthredo solitaria Scopoli in Cameron,Scopoli in Cameron,Tenthredo,,solitaria,,species,nec Scopoli,B203:1,synonym,B203:1:423,Tenthredo fagi Panzer,,,,,,,Tenthredinidae,Tenthredininae,Tenthredo,,Tenthredinidae | Tenthredininae | Tenthredinini | Tenthredo,solitaria Scopoli in Cameron nec Scopoli,,THM6S,4490556,THM5F,4490556
B203:1:425,Tenthredo olivacea Klug,Klug,Tenthredo,,olivacea,,species,,B203:1,accepted,,,B203:1:405,Tenthredo L.,,,,,Tenthredinidae,Tenthredininae,Tenthredo,,Tenthredinidae | Tenthredininae | Tenthredinini | Tenthredo,olivacea Klug,,THM3F,4490548,THM3F,4490548
B203:1:426,Tenthredo miocera (Enslin),(Enslin),Tenthredo,,miocera,,species,,B203:1,accepted,,,B203:1:405,Tenthredo L.,,,,,Tenthredinidae,Tenthredininae,Tenthredo,,Tenthredinidae | Tenthredininae | Tenthredinini | Tenthredo,miocera (Enslin),,THLZN,4490552,THLZN,4490552
B203:1:427,Tenthredo obsoleta Klug,Klug,Tenthredo,,obsoleta,,species,,B203:1,accepted,,,B203:1:405,Tenthredo L.,,,,,Tenthredinidae,Tenthredininae,Tenthredo,,Tenthredinidae | Tenthredininae | Tenthredinini | Tenthredo,obsoleta Klug,,THLZR,4490554,THLZR,4490553
B203:1:428,Tenthredo mesomelas L.,L.,Tenthredo,,mesomelas,,species,,B203:1,accepted,,,B203:1:405,Tenthredo L.,,,,,Tenthredinidae,Tenthredininae,Tenthredo,,Tenthredinidae | Tenthredininae | Tenthredinini | Tenthredo,mesomelas L.,,THLZF,6097062,THLZF,6097062
B203:1:429,Tenthredo rossii Panzer,Panzer,Tenthredo,,rossii,,species,,B203:1,accepted,,,B203:1:405,Tenthredo L.,,,,,Tenthredinidae,Tenthredininae,Tenthredo,,Tenthredinidae | Tenthredininae | Tenthredinini | Tenthredo,rossii Panzer,,THQ2P,4490523,THLVX,4490523
B203:1:430,Tenthredo distinguenda (R. v. Stein),(R. v. Stein),Tenthredo,,distinguenda,,species,,B203:1,accepted,,,B203:1:405,Tenthredo L.,,,,,Tenthredinidae,Tenthredininae,Tenthredo,,Tenthredinidae | Tenthredininae | Tenthredinini | Tenthredo,distinguenda (R. v. Stein),,THMCP,4490521,THMCP,4490521
B203:1:431,Tenthredo amoena Gravenhorst,Gravenhorst,Tenthredo,,amoena,,species,,B203:1,accepted,,,B203:1:405,Tenthredo L.,,,,,Tenthredinidae,Tenthredininae,Tenthredo,,Tenthredinidae | Tenthredininae | Tenthredinini | Tenthredo,amoena Gravenhorst,,THMCJ,9950871,THMCJ,4490521
B203:1:432,Tenthredo cingulum Klug,Klug,Tenthredo,,cingulum,,species,,B203:1,synonym,B203:1:431,Tenthredo amoena Gravenhorst,,,,,,,Tenthredinidae,Tenthredininae,Tenthredo,,Tenthredinidae | Tenthredininae | Tenthredinini | Tenthredo,cingulum Klug,,THN5T,4490668,THMCJ,4490668
B203:1:433,Tenthredo scrophulariae L.,L.,Tenthredo,,scrophulariae,,species,,B203:1,accepted,,,B203:1:405,Tenthredo L.,,,,,Tenthredinidae,Tenthredininae,Tenthredo,,Tenthredinidae | Tenthredininae | Tenthredinini | Tenthredo,scrophulariae L.,,THMB6,4490670,THMB6,4490670
B203:1:434,Tenthredo zona Klug,Klug,Tenthredo,,zona,,species,,B203:1,accepted,,,B203:1:405,Tenthredo L.,,,,,Tenthredinidae,Tenthredininae,Tenthredo,,Tenthredinidae | Tenthredininae | Tenthredinini | Tenthredo,zona Klug,,THMC5,11409791,THMC5,4490654
B203:1:435,Tenthredo quadricinctus,,Tenthredo,,quadricinctus,,species,auctt. nec Uddmann,B203:1,misapplied,B203:1:434,Tenthredo zona Klug,,,,,,,Tenthredinidae,Tenthredininae,Tenthredo,,Tenthredinidae | Tenthredininae | Tenthredinini | Tenthredo,quadricinctus auctt. nec Uddmann,,THPZ8,4490654,N92NF,4490654
B203:1:436,Tenthredo vespa Retzius,Retzius,Tenthredo,,vespa,,species,,B203:1,accepted,,,B203:1:405,Tenthredo L.,,,,,Tenthredinidae,Tenthredininae,Tenthredo,,Tenthredinidae | Tenthredininae | Tenthredinini | Tenthredo,vespa Retzius,,THMBQ,11250136,THMBQ,4490654
B203:1:437,Tenthredo tricinctus Fabricius,Fabricius,Tenthredo,,tricinctus,,species,,B203:1,synonym,B203:1:436,Tenthredo vespa Retzius,,,,,,,Tenthredinidae,Tenthredininae,Tenthredo,,Tenthredinidae | Tenthredininae | Tenthredinini | Tenthredo,tricinctus Fabricius,,THQRD,4490678,THMBQ,4490678
B203:1:438,Tenthredo marginella Fabricius,Fabricius,Tenthredo,,marginella,,species,,B203:1,accepted,,,B203:1:405,Tenthredo L.,,,,,Tenthredinidae,Tenthredininae,Tenthredo,,Tenthredinidae | Tenthredininae | Tenthredinini | Tenthredo,marginella Fabricius,,THM8Z,4490680,THM9K,4490680
B203:1:439,Tenthredo omissus Först in Morice,Först in Morice,Tenthredo,,omissus,,species,in part,B203:1,proparte synonym,B203:1:438,Tenthredo marginella Fabricius,,,,,,,Tenthredinidae,Tenthredininae,Tenthredo,,Tenthredinidae | Tenthredininae | Tenthredinini | Tenthredo,omissus Först in Morice in part,,THM9K,4490680,THM9K,4490680
B203:1:440,Tenthredo omissa (Förster),(Förster),Tenthredo,,omissa,,species,,B203:1,accepted,,,B203:1:405,Tenthredo L.,,,,,Tenthredinidae,Tenthredininae,Tenthredo,,Tenthredinidae | Tenthredininae | Tenthredinini | Tenthredo,omissa (Förster),,THM9K,10193880,THM9K,4490680
B203:1:441,Tenthredo marginellus F. in Cameron,F. in Cameron,Tenthredo,,marginellus,,species,in part,B203:1,proparte synonym,B203:1:440,Tenthredo omissa (Förster),,,,,,,Tenthredinidae,Tenthredininae,Tenthredo,,Tenthredinidae | Tenthredininae | Tenthredinini | Tenthredo,marginellus F. in Cameron in part,,THM93,4490644,THM9K,4490644
B203:1:442,Tenthredo arcuata Forster,Forster,Tenthredo,,arcuata,,species,,B203:1,accepted,,,B203:1:405,Tenthredo L.,,,,,Tenthredinidae,Tenthredininae,Tenthredo,,Tenthredinidae | Tenthredininae | Tenthredinini | Tenthredo,arcuata Forster,,THM7V,4490674,THM7V,4490672
B203:1:443,Tenthredo acerrima,,Tenthredo,,acerrima,,species,sp. n.,B203:1,accepted,,,B203:1:405,Tenthredo L.,,,,,Tenthredinidae,Tenthredininae,Tenthredo,,Tenthredinidae | Tenthredininae | Tenthredinini | Tenthredo,acerrima sp. n.,,THMF3,4490644,THM7Z,4490644
B203:1:444,Tenthredo arcuata Forster,Forster,Tenthredo,,arcuata,,species,in part,B203:1,proparte synonym,B203:1:443,Tenthredo acerrima,,,,,,,Tenthredinidae,Tenthredininae,Tenthredo,,Tenthredinidae | Tenthredininae | Tenthredinini | Tenthredo,arcuata Forster in part,,THM7V,4490651,THM7V,4490651
B203:1:445,"Tenthredo sulphuripes Kriechbaumer in Benson, 1940","Kriechbaumer in Benson, 1940",Tenthredo,,sulphuripes,,species,nec Kriechb.,B203:1,synonym,B203:1:443,Tenthredo acerrima,,,,,,,Tenthredinidae,Tenthredininae,Tenthredo,,Tenthredinidae | Tenthredininae | Tenthredinini | Tenthredo,"sulphuripes Kriechbaumer in Benson, 1940 nec Kriechb.",,THMBC,10983678,THM7Z,4490648
B203:1:446,Tenthredo perkinsi (Morice),(Morice),Tenthredo,,perkinsi,,species,,B203:1,accepted,,,B203:1:405,Tenthredo L.,,,,,Tenthredinidae,Tenthredininae,Tenthredo,,Tenthredinidae | Tenthredininae | Tenthredinini | Tenthredo,perkinsi (Morice),,THPV4,4490644,THM9C,4490644
B203:1:447,Tenthredo arcuata Forster,Forster,Tenthredo,,arcuata,,species,in part,B203:1,proparte synonym,B203:1:446,Tenthredo perkinsi (Morice),,,,,,,Tenthredinidae,Tenthredininae,Tenthredo,,Tenthredinidae | Tenthredininae | Tenthredinini | Tenthredo,arcuata Forster in part,,THM7V,4490682,THM7V,4490682
B203:1:448,Tenthredo schaefferi Klug,Klug,Tenthredo,,schaefferi,,species,,B203:1,accepted,,,B203:1:405,Tenthredo L.,,,,,Tenthredinidae,Tenthredininae,Tenthredo,,Tenthredinidae | Tenthredininae | Tenthredinini | Tenthredo,schaefferi Klug,,THM9Z,,THM9Z,
B203:1:449,Macrophyini,,,,,,tribe,,B203:1,accepted,,,B203:1:328,Tenthredininae,,,,,Tenthredinidae,Tenthredininae,,,Tenthredinidae | Tenthredininae,Macrophyini,,,4406964,,4406964
B203:1:450,Pachyprotasis Hartig,Hartig,,,,,genus,,B203:1,accepted,,,B203:1:449,Macrophyini,,,,,Tenthredinidae,Tenthredininae,Pachyprotasis,,Tenthredinidae | Tenthredininae | Macrophyini,Pachyprotasis Hartig,,RGRM9,4490727,RGRM9,4490727
B203:1:451,Pachyprotasis nigronotata Kriechbaumer,Kriechbaumer,Pachyprotasis,,nigronotata,,species,,B203:1,accepted,,,B203:1:450,Pachyprotasis Hartig,,,,,Tenthredinidae,Tenthredininae,Pachyprotasis,,Tenthredinidae | Tenthredininae | Macrophyini | Pachyprotasis,nigronotata Kriechbaumer,,RGRWV,4490721,RGRWV,4490721
B203:1:452,Pachyprotasis antennata (Lepeletier),(Lepeletier),Pachyprotasis,,antennata,,species,,B203:1,accepted,,,B203:1:450,Pachyprotasis Hartig,,,,,Tenthredinidae,Tenthredininae,Pachyprotasis,,Tenthredinidae | Tenthredininae | Macrophyini | Pachyprotasis,antennata (Lepeletier),,RGRN9,4490723,RGRN9,4490723
B203:1:453,Pachyprotasis rapae (L.),(L.),Pachyprotasis,,rapae,,species,,B203:1,accepted,,,B203:1:450,Pachyprotasis Hartig,,,,,Tenthredinidae,Tenthredininae,Pachyprotasis,,Tenthredinidae | Tenthredininae | Macrophyini | Pachyprotasis,rapae (L.),,RGRYT,4490719,RGRYT,4490719
B203:1:454,Pachyprotasis simulans (Klug),(Klug),Pachyprotasis,,simulans,,species,,B203:1,accepted,,,B203:1:450,Pachyprotasis Hartig,,,,,Tenthredinidae,Tenthredininae,Pachyprotasis,,Tenthredinidae | Tenthredininae | Macrophyini | Pachyprotasis,simulans (Klug),,RGS2M,4490725,RGS2M,4490725
B203:1:455,Pachyprotasis variegata (Fallén),(Fallén),Pachyprotasis,,variegata,,species,,B203:1,accepted,,,B203:1:450,Pachyprotasis Hartig,,,,,Tenthredinidae,Tenthredininae,Pachyprotasis,,Tenthredinidae | Tenthredininae | Macrophyini | Pachyprotasis,variegata (Fallén),,RGS46,8605818,RGS46,8605818
B203:1:456,Macrophya Dahlbom,Dahlbom,,,,,genus,,B203:1,accepted,,,B203:1:449,Macrophyini,,,,,Tenthredinidae,Tenthredininae,Macrophya,,Tenthredinidae | Tenthredininae | Macrophyini,Macrophya Dahlbom,,Q94MB,4490449,Q94MB,4490449
B203:1:457,Macrophya punctum-album (L.),(L.),Macrophya,,punctum-album,,species,,B203:1,accepted,,,B203:1:456,Macrophya Dahlbom,,,,,Tenthredinidae,Tenthredininae,Macrophya,,Tenthredinidae | Tenthredininae | Macrophyini | Macrophya,punctum-album (L.),,Q94SH,4490487,Q94SH,4490487
B203:1:458,Macrophya rufipes (L.),(L.),Macrophya,,rufipes,,species,,B203:1,accepted,,,B203:1:456,Macrophya Dahlbom,,,,,Tenthredinidae,Tenthredininae,Macrophya,,Tenthredinidae | Tenthredininae | Macrophyini | Macrophya,rufipes (L.),,Q94R8,11279864,Q94R8,4490487
B203:1:459,Macrophya haematopus Panzer in Cameron,Panzer in Cameron,Macrophya,,haematopus,,species,nec Panzer,B203:1,synonym,B203:1:458,Macrophya rufipes (L.),,,,,,,Tenthredinidae,Tenthredininae,Macrophya,,Tenthredinidae | Tenthredininae | Macrophyini | Macrophya,haematopus Panzer in Cameron nec Panzer,,Q9569,4490468,Q94R8,4490468
B203:1:460,Macrophya montana (Scopoli),(Scopoli),Macrophya,,montana,,species,,B203:1,accepted,,,B203:1:456,Macrophya Dahlbom,,,,,Tenthredinidae,Tenthredininae,Macrophya,,Tenthredinidae | Tenthredininae | Macrophyini | Macrophya,montana (Scopoli),,Q94Q5,4490470,Q94Q5,4490468
B203:1:461,Macrophya rustica L.,L.,Macrophya,,rustica,,species,auctt. nec L.,B203:1,misapplied,B203:1:460,Macrophya montana (Scopoli),,,,,,,Tenthredinidae,Tenthredininae,Macrophya,,Tenthredinidae | Tenthredininae | Macrophyini | Macrophya,rustica L. auctt. nec L.,,Q95GH,7604230,Q94Q5,7604230
B203:1:462,Macrophya albipuncta (Fallén),(Fallén),Macrophya,,albipuncta,,species,,B203:1,accepted,,,B203:1:456,Macrophya Dahlbom,,,,,Tenthredinidae,Tenthredininae,Macrophya,,Tenthredinidae | Tenthredininae | Macrophyini | Macrophya,albipuncta (Fallén),,Q94MW,4490450,Q94MW,4490450
B203:1:463,Macrophya ribis (Schrank),(Schrank),Macrophya,,ribis,,species,,B203:1,accepted,,,B203:1:456,Macrophya Dahlbom,,,,,Tenthredinidae,Tenthredininae,Macrophya,,Tenthredinidae | Tenthredininae | Macrophyini | Macrophya,ribis (Schrank),,Q94R4,4490489,Q94R4,4490489
B203:1:464,Macrophya albicincta (Schrank),(Schrank),Macrophya,,albicincta,,species,,B203:1,accepted,,,B203:1:456,Macrophya Dahlbom,,,,,Tenthredinidae,Tenthredininae,Macrophya,,Tenthredinidae | Tenthredininae | Macrophyini | Macrophya,albicincta (Schrank),,Q94MT,4490464,Q94MT,4490464
B203:1:465,Macrophya duodecim-punctata (L.),(L.),Macrophya,,duodecim-punctata,,species,,B203:1,accepted,,,B203:1:456,Macrophya Dahlbom,,,,,Tenthredinidae,Tenthredininae,Macrophya,,Tenthredinidae | Tenthredininae | Macrophyini | Macrophya,duodecim-punctata (L.),,Q94NR,4490496,Q94NR,4490496
B203:1:466,Macrophya blanda (Fabricius),(Fabricius),Macrophya,,blanda,,species,,B203:1,accepted,,,B203:1:456,Macrophya Dahlbom,,,,,Tenthredinidae,Tenthredininae,Macrophya,,Tenthredinidae | Tenthredininae | Macrophyini | Macrophya,blanda (Fabricius),,Q94NB,4490492,Q94NB,4490492
B203:1:467,Macrophya annulata (Geoffroy),(Geoffroy),Macrophya,,annulata,,species,,B203:1,accepted,,,B203:1:456,Macrophya Dahlbom,,,,,Tenthredinidae,Tenthredininae,Macrophya,,Tenthredinidae | Tenthredininae | Macrophyini | Macrophya,annulata (Geoffroy),,Q94N3,6097036,Q94N3,4490492
B203:1:468,Macrophya neglecta Klug,Klug,Macrophya,,neglecta,,species,,B203:1,synonym,B203:1:467,Macrophya annulata (Geoffroy),,,,,,,Tenthredinidae,Tenthredininae,Macrophya,,Tenthredinidae | Tenthredininae | Macrophyini | Macrophya,neglecta Klug,,Q95BC,,Q94N3,
B203:1:470,Nematinae,,,,,,subfamily,,B203:1,accepted,,,B203:1:1,Tenthredinidae,,,,,Tenthredinidae,Nematinae,,,Tenthredinidae,Nematinae,,,,,