scientificNameID,scientificName,scientificNameAuthorship,genericName,infragenericEpithet,specificEpithet,infraspecificEpithet,taxonRank,taxonRemarks,collectionCode,taxonomicStatus,acceptedNameUsageID,acceptedNameUsage,parentNameUsageID,parentNameUsage,kingdom,phylum,class,order,family,subfamily,genus,subgenus,higherClassification,verbatimIdentification,dynamicProperties,colTaxonID,gbifTaxonID,colAcceptedTaxonID,gbifAcceptedTaxonID
B2208:1:1,Tingitidae,,,,,,family,,B2208:1,accepted,,,,,,,,,Tingitidae,,,,,Tingitidae,,DBCF8,4289966,H9W,7899
B2208:1:2,Piesminae,,,,,,subfamily,,B2208:1,accepted,,,B2208:1:1,Tingitidae,,,,,Tingitidae,Piesminae,,,Tingitidae,Piesminae,,,,,
B2208:1:3,Piesma Lep. & Serv. 1825,Lep. & Serv. 1825,,,,,genus,,B2208:1,accepted,,,B2208:1:2,Piesminae,,,,,Tingitidae,Piesminae,Piesma,,Tingitidae | Piesminae,Piesma Lep. & Serv. 1825,,8NWWC,2008264,8NWWC,2008264
B2208:1:4,Zosmenus Lap. 1832,Lap. 1832,,,,,genus,,B2208:1,synonym,B2208:1:3,Piesma Lep. & Serv. 1825,,,,,,,Tingitidae,Piesminae,Zosmenus,,Tingitidae | Piesminae,Zosmenus Lap. 1832,,8P345,4290014,8NWWC,2008264
B2208:1:5,Aspidotoma Curt. 1833,Curt. 1833,,,,,genus,,B2208:1,synonym,B2208:1:3,Piesma Lep. & Serv. 1825,,,,,,,Tingitidae,Piesminae,Aspidotoma,,Tingitidae | Piesminae,Aspidotoma Curt. 1833,,,4781594,,4781594
B2208:1:6,Zosmerus Burm. 1835,Burm. 1835,,,,,genus,,B2208:1,synonym,B2208:1:3,Piesma Lep. & Serv. 1825,,,,,,,Tingitidae,Piesminae,Zosmerus,,Tingitidae | Piesminae,Zosmerus Burm. 1835,,,,,
B2208:1:7,Piesma capitata (Wolff 1804),(Wolff 1804),Piesma,,capitata,,species,,B2208:1,accepted,,,B2208:1:3,Piesma Lep. & Serv. 1825,,,,,Tingitidae,Piesminae,Piesma,,Tingitidae | Piesminae | Piesma,capitata (Wolff 1804),,8PBY7,2008269,8PBY7,2008269
B2208:1:8,Acanthia capitata Wolff 1804,Wolff 1804,Acanthia,,capitata,,species,,B2208:1,synonym,B2208:1:7,Piesma capitata (Wolff 1804),,,,,,,Tingitidae,Piesminae,Piesma,,Tingitidae | Piesminae | Piesma,Acanthia capitata Wolff 1804,,8Q6P6,8816917,8PBY7,2008269
B2208:1:9,Tingis collaris Zett. 1840,Zett. 1840,Tingis,,collaris,,species,,B2208:1,synonym,B2208:1:7,Piesma capitata (Wolff 1804),,,,,,,Tingitidae,Piesminae,Piesma,,Tingitidae | Piesminae | Piesma,Tingis collaris Zett. 1840,,,,,
B2208:1:10,Tingis pedicularis H.-Sch. 1830,H.-Sch. 1830,Tingis,,pedicularis,,species,,B2208:1,synonym,B2208:1:7,Piesma capitata (Wolff 1804),,,,,,,Tingitidae,Piesminae,Piesma,,Tingitidae | Piesminae | Piesma,Tingis pedicularis H.-Sch. 1830,,,,,
B2208:1:11,Piesma maculatum Costa 1843,Costa 1843,Piesma,,maculatum,,species,,B2208:1,synonym,B2208:1:7,Piesma capitata (Wolff 1804),,,,,,,Tingitidae,Piesminae,Piesma,,Tingitidae | Piesminae | Piesma,Piesma maculatum Costa 1843,,8PHNL,4485667,8PHNL,4485667
B2208:1:12,Zosmenus stephensii Fieb. 1844,Fieb. 1844,Zosmenus,,stephensii,,species,,B2208:1,synonym,B2208:1:7,Piesma capitata (Wolff 1804),,,,,,,Tingitidae,Piesminae,Piesma,,Tingitidae | Piesminae | Piesma,Zosmenus Stephensii Fieb. 1844,,,,,
B2208:1:13,Piesma capitata var. declivis Rey 1893,Rey 1893,Piesma,,capitata,declivis,variety,,B2208:1,synonym,B2208:1:7,Piesma capitata (Wolff 1804),,,,,,,Tingitidae,Piesminae,Piesma,,Tingitidae | Piesminae | Piesma,Piesma capitata var. declivis Rey 1893,,,,,
B2208:1:14,Piesma capitata var. divergens Rey 1893,Rey 1893,Piesma,,capitata,divergens,variety,,B2208:1,synonym,B2208:1:7,Piesma capitata (Wolff 1804),,,,,,,Tingitidae,Piesminae,Piesma,,Tingitidae | Piesminae | Piesma,Piesma capitata var. divergens Rey 1893,,,,,
B2208:1:15,Piesma maculata (Lap. 1832),(Lap. 1832),Piesma,,maculata,,species,,B2208:1,accepted,,,B2208:1:3,Piesma Lep. & Serv. 1825,,,,,Tingitidae,Piesminae,Piesma,,Tingitidae | Piesminae | Piesma,maculata (Lap. 1832),,8PHNL,4485667,8PHNL,4485667
B2208:1:16,Zosmenus maculatus Lap. 1832,Lap. 1832,Zosmenus,,maculatus,,species,,B2208:1,synonym,B2208:1:15,Piesma maculata (Lap. 1832),,,,,,,Tingitidae,Piesminae,Piesma,,Tingitidae | Piesminae | Piesma,Zosmenus maculatus Lap. 1832,,8Q7GB,11393848,8PHNL,4485685
B2208:1:17,Zosmenus laportei Fieb. 1844,Fieb. 1844,Zosmenus,,laportei,,species,,B2208:1,synonym,B2208:1:15,Piesma maculata (Lap. 1832),,,,,,,Tingitidae,Piesminae,Piesma,,Tingitidae | Piesminae | Piesma,Zosmenus Laportei Fieb. 1844,,,,,
B2208:1:18,Zosmenus anticus Fieb. 1844,Fieb. 1844,Zosmenus,,anticus,,species,,B2208:1,synonym,B2208:1:15,Piesma maculata (Lap. 1832),,,,,,,Tingitidae,Piesminae,Piesma,,Tingitidae | Piesminae | Piesma,Zosmenus anticus Fieb. 1844,,,,,
B2208:1:19,Piesma maculata var. viridis (Jak. 1871),(Jak. 1871),Piesma,,maculata,viridis,variety,,B2208:1,accepted,,,B2208:1:15,Piesma maculata (Lap. 1832),,,,,Tingitidae,Piesminae,Piesma,,Tingitidae | Piesminae | Piesma | Piesma maculata,var. viridis (Jak. 1871),,,,,
B2208:1:20,Zosmenus viridis Jak. 1871,Jak. 1871,Zosmenus,,viridis,,species,,B2208:1,synonym,B2208:1:19,Piesma maculata var. viridis (Jak. 1871),,,,,,,Tingitidae,Piesminae,Piesma,,Tingitidae | Piesminae | Piesma | Piesma maculata,Zosmenus viridis Jak. 1871,,,,,
B2208:1:21,Piesma quadrata (Fieb. 1844),(Fieb. 1844),Piesma,,quadrata,,species,,B2208:1,accepted,,,B2208:1:3,Piesma Lep. & Serv. 1825,,,,,Tingitidae,Piesminae,Piesma,,Tingitidae | Piesminae | Piesma,quadrata (Fieb. 1844),,8PRMM,4309161,8PGND,4485681
B2208:1:22,Acanthia clavicornis Fabr. 1781,Fabr. 1781,Acanthia,,clavicornis,,species,,B2208:1,synonym,B2208:1:21,Piesma quadrata (Fieb. 1844),,,,,,,Tingitidae,Piesminae,Piesma,,Tingitidae | Piesminae | Piesma,Acanthia clavicornis Fabr. 1781,"{""synonymUncertain"":true}",8QMY7,11390678,8PGND,4485681
B2208:1:23,Zosmenus quadratus Fieb. 1844,Fieb. 1844,Zosmenus,,quadratus,,species,,B2208:1,synonym,B2208:1:21,Piesma quadrata (Fieb. 1844),,,,,,,Tingitidae,Piesminae,Piesma,,Tingitidae | Piesminae | Piesma,Zosmenus quadratus Fieb. 1844,,8Q7GC,4485682,8PGND,4485681
B2208:1:24,Piesma quadrata var. rotundicollis Rey 1888,Rey 1888,Piesma,,quadrata,rotundicollis,variety,,B2208:1,synonym,B2208:1:21,Piesma quadrata (Fieb. 1844),,,,,,,Tingitidae,Piesminae,Piesma,,Tingitidae | Piesminae | Piesma,Piesma quadrata var. rotundicollis Rey 1888,,,,,
B2208:1:25,Piesma quadrata var. dilatata (Jak. 1874),(Jak. 1874),Piesma,,quadrata,dilatata,variety,,B2208:1,accepted,,,B2208:1:21,Piesma quadrata (Fieb. 1844),,,,,Tingitidae,Piesminae,Piesma,,Tingitidae | Piesminae | Piesma | Piesma quadrata,var. dilatata (Jak. 1874),,RGT75,11935800,8PGND,4485681
B2208:1:26,Zosmenus dilatata Jak. 1874,Jak. 1874,Zosmenus,,dilatata,,species,,B2208:1,synonym,B2208:1:25,Piesma quadrata var. dilatata (Jak. 1874),,,,,,,Tingitidae,Piesminae,Piesma,,Tingitidae | Piesminae | Piesma | Piesma quadrata,Zosmenus dilatata Jak. 1874,,8QNFS,11399335,8PGND,4485681
B2208:1:27,Piesma variabilis (Fieb. 1853),(Fieb. 1853),Piesma,,variabilis,,species,,B2208:1,accepted,,,B2208:1:3,Piesma Lep. & Serv. 1825,,,,,Tingitidae,Piesminae,Piesma,,Tingitidae | Piesminae | Piesma,variabilis (Fieb. 1853),,8Q97R,8990181,8PGNF,4485685
B2208:1:28,Zosmenus variabilis Fieb. 1853,Fieb. 1853,Zosmenus,,variabilis,,species,,B2208:1,synonym,B2208:1:27,Piesma variabilis (Fieb. 1853),,,,,,,Tingitidae,Piesminae,Piesma,,Tingitidae | Piesminae | Piesma,Zosmenus variabilis Fieb. 1853,,8Q7GG,4485686,8Q76G,4485685
B2208:1:29,Piesma variabilis var. brevicornis Rey 1888,Rey 1888,Piesma,,variabilis,brevicornis,variety,,B2208:1,synonym,B2208:1:27,Piesma variabilis (Fieb. 1853),,,,,,,Tingitidae,Piesminae,Piesma,,Tingitidae | Piesminae | Piesma,Piesma variabilis var. brevicornis Rey 1888,,,,,
B2208:1:30,Piesma salsolae (Becker 1867),(Becker 1867),Piesma,,salsolae,,species,,B2208:1,accepted,,,B2208:1:3,Piesma Lep. & Serv. 1825,,,,,Tingitidae,Piesminae,Piesma,,Tingitidae | Piesminae | Piesma,Salsolae (Becker 1867),,8QMFH,10220291,8PGNF,4485687
B2208:1:31,Zosmenus salsolae Becker 1867,Becker 1867,Zosmenus,,salsolae,,species,,B2208:1,synonym,B2208:1:30,Piesma salsolae (Becker 1867),,,,,,,Tingitidae,Piesminae,Piesma,,Tingitidae | Piesminae | Piesma,Zosmenus Salsolae Becker 1867,,8Q7GD,4485688,8PGNF,4485687
B2208:1:32,Piesma silenes (Horv. 1888),(Horv. 1888),Piesma,,silenes,,species,,B2208:1,accepted,,,B2208:1:3,Piesma Lep. & Serv. 1825,,,,,Tingitidae,Piesminae,Piesma,,Tingitidae | Piesminae | Piesma,Silenes (Horv. 1888),,8QMM4,11383042,8Q76F,4485679
B2208:1:33,Zosmenus silenes Horv. 1888,Horv. 1888,Zosmenus,,silenes,,species,,B2208:1,synonym,B2208:1:32,Piesma silenes (Horv. 1888),,,,,,,Tingitidae,Piesminae,Piesma,,Tingitidae | Piesminae | Piesma,Zosmenus Silenes Horv. 1888,,8Q7GF,4485680,8Q76F,4485679
B2208:1:34,Piesma convexicollis (Jak. 1874),(Jak. 1874),Piesma,,convexicollis,,species,,B2208:1,accepted,,,B2208:1:3,Piesma Lep. & Serv. 1825,,,,,Tingitidae,Piesminae,Piesma,,Tingitidae | Piesminae | Piesma,convexicollis (Jak. 1874),,,,,
B2208:1:35,Zosmenus convexicollis Jak. 1874,Jak. 1874,Zosmenus,,convexicollis,,species,,B2208:1,synonym,B2208:1:34,Piesma convexicollis (Jak. 1874),,,,,,,Tingitidae,Piesminae,Piesma,,Tingitidae | Piesminae | Piesma,Zosmenus convexicollis Jak. 1874,,8QNTG,11389434,8PGND,4485681
B2208:1:36,Piesma pupula Put. 1879,Put. 1879,Piesma,,pupula,,species,,B2208:1,accepted,,,B2208:1:3,Piesma Lep. & Serv. 1825,,,,,Tingitidae,Piesminae,Piesma,,Tingitidae | Piesminae | Piesma,pupula Put. 1879,,8QN7L,4485672,8Q76C,4485671
B2208:1:37,Piesma tenella,,Piesma,,tenella,,species,n. sp.,B2208:1,accepted,,,B2208:1:3,Piesma Lep. & Serv. 1825,,,,,Tingitidae,Piesminae,Piesma,,Tingitidae | Piesminae | Piesma,tenella n. sp.,,8QNW8,11395387,8QNDD,11371975
B2208:1:38,Piesma kolenatii Fieb. 1861,Fieb. 1861,Piesma,,kolenatii,,species,,B2208:1,accepted,,,B2208:1:3,Piesma Lep. & Serv. 1825,,,,,Tingitidae,Piesminae,Piesma,,Tingitidae | Piesminae | Piesma,Kolenatii Fieb. 1861,,8QN9Z,11386285,8PGNC,8497149
B2208:1:39,Tingis laportei Kol. 1856,Kol. 1856,Tingis,,laportei,,species,,B2208:1,synonym,B2208:1:38,Piesma kolenatii Fieb. 1861,,,,,,,Tingitidae,Piesminae,Piesma,,Tingitidae | Piesminae | Piesma,Tingis Laportei Kol. 1856,,8QLXT,11400080,8PGNC,8497149
B2208:1:40,Zosmenus atriplicis Frey-Gessner 1863,Frey-Gessner 1863,Zosmenus,,atriplicis,,species,,B2208:1,synonym,B2208:1:38,Piesma kolenatii Fieb. 1861,,,,,,,Tingitidae,Piesminae,Piesma,,Tingitidae | Piesminae | Piesma,Zosmenus atriplicis Frey-Gessner 1863,,8Q7G7,4485684,8Q76B,4485683
B2208:1:41,Zosmenus viridulus Jak. 1871,Jak. 1871,Zosmenus,,viridulus,,species,,B2208:1,synonym,B2208:1:38,Piesma kolenatii Fieb. 1861,,,,,,,Tingitidae,Piesminae,Piesma,,Tingitidae | Piesminae | Piesma,Zosmenus viridulus Jak. 1871,,8QMNW,11396601,8Q76B,4485683
B2208:1:42,Zosmenus minutus Jak. 1871,Jak. 1871,Zosmenus,,minutus,,species,,B2208:1,synonym,B2208:1:38,Piesma kolenatii Fieb. 1861,,,,,,,Tingitidae,Piesminae,Piesma,,Tingitidae | Piesminae | Piesma,Zosmenus minutus Jak. 1871,,8QPK7,11397177,8Q76B,4485683
B2208:1:43,Zosmenus chenopodii Jak. 1874,Jak. 1874,Zosmenus,,chenopodii,,species,,B2208:1,synonym,B2208:1:38,Piesma kolenatii Fieb. 1861,,,,,,,Tingitidae,Piesminae,Piesma,,Tingitidae | Piesminae | Piesma,Zosmenus Chenopodii Jak. 1874,,8QMKM,11405924,8Q76B,4485683
B2208:1:44,Piesma rotundata,,Piesma,,rotundata,,species,n. sp.,B2208:1,accepted,,,B2208:1:3,Piesma Lep. & Serv. 1825,,,,,Tingitidae,Piesminae,Piesma,,Tingitidae | Piesminae | Piesma,rotundata n. sp.,,8Q794,4485676,8Q76B,4485683
B2208:1:45,Piesma rotundata var. pygmae,,Piesma,,rotundata,pygmae,variety,n.,B2208:1,accepted,,,B2208:1:44,Piesma rotundata,,,,,Tingitidae,Piesminae,Piesma,,Tingitidae | Piesminae | Piesma | Piesma rotundata,var. pygmae n.,,,,,
B2208:1:46,Piesma kochiae Becker 1867,Becker 1867,Piesma,,kochiae,,species,,B2208:1,accepted,,,B2208:1:3,Piesma Lep. & Serv. 1825,,,,,Tingitidae,Piesminae,Piesma,,Tingitidae | Piesminae | Piesma,Kochiæ (Becker 1867),,8QPJ5,11387037,8PGNB,4485677
B2208:1:47,Zosmenus kochiae Becker 1867,Becker 1867,Zosmenus,,kochiae,,species,,B2208:1,synonym,B2208:1:46,Piesma kochiae Becker 1867,,,,,,,Tingitidae,Piesminae,Piesma,,Tingitidae | Piesminae | Piesma,Zosmenus Kochiæ Becker 1867,,8Q7G8,4485678,8PGNB,4485677
B2208:1:48,Zosmenus porcatus Horv. 1874,Horv. 1874,Zosmenus,,porcatus,,species,,B2208:1,synonym,B2208:1:46,Piesma kochiae Becker 1867,,,,,,,Tingitidae,Piesminae,Piesma,,Tingitidae | Piesminae | Piesma,Zosmenus porcatus Horv. 1874,,8QMHX,11402108,8PGNB,4485677
B2208:1:49,Piesma osmenus subsp. fieberi Jak. 1874,Jak. 1874,Piesma,,osmenus,fieberi,subspecies,,B2208:1,synonym,B2208:1:46,Piesma kochiae Becker 1867,,,,,,,Tingitidae,Piesminae,Piesma,,Tingitidae | Piesminae | Piesma,Zosmenus Fieberi Jak. 1874,,,,,
B2208:1:50,Tingitinae,,,,,,subfamily,,B2208:1,accepted,,,B2208:1:1,Tingitidae,,,,,Tingitidae,Tingitinae,,,Tingitidae,Tingitinae,,,,,
B2208:1:51,Cantacaderaria,,,,,,tribe,,B2208:1,accepted,,,B2208:1:50,Tingitinae,,,,,Tingitidae,Tingitinae,,,Tingitidae | Tingitinae,Cantacaderaria,,,,,
B2208:1:52,Cantacader Am. & Serv. 1843,Am. & Serv. 1843,,,,,genus,,B2208:1,accepted,,,B2208:1:51,Cantacaderaria,,,,,Tingitidae,Tingitinae,Cantacader,,Tingitidae | Tingitinae | Cantacaderaria,Cantacader Am. & Serv. 1843,,3GV3,3265774,3GV3,3265774
B2208:1:53,Taphrostethus Fieb. 1844,Fieb. 1844,,,,,genus,,B2208:1,synonym,B2208:1:52,Cantacader Am. & Serv. 1843,,,,,,,Tingitidae,Tingitinae,Taphrostethus,,Tingitidae | Tingitinae | Cantacaderaria,Taphrostethus Fieb. 1844,,T9VJ6,3262328,3GV3,4741382
B2208:1:54,Cantacader laticollis,,Cantacader,,laticollis,,species,n. sp.,B2208:1,accepted,,,B2208:1:52,Cantacader Am. & Serv. 1843,,,,,Tingitidae,Tingitinae,Cantacader,,Tingitidae | Tingitinae | Cantacaderaria | Cantacader,laticollis n. sp.,,QMGV,4488852,QMGV,4488852
B2208:1:55,Cantacader quadricornis (Lep. & Serv. 1825),(Lep. & Serv. 1825),Cantacader,,quadricornis,,species,,B2208:1,accepted,,,B2208:1:52,Cantacader Am. & Serv. 1843,,,,,Tingitidae,Tingitinae,Cantacader,,Tingitidae | Tingitinae | Cantacaderaria | Cantacader,quadricornis (Lep. & Serv. 1825),,QMH3,4488850,QMH3,4488850
B2208:1:56,Piesma quadricornis Lep. & Serv. 1825,Lep. & Serv. 1825,Piesma,,quadricornis,,species,,B2208:1,synonym,B2208:1:55,Cantacader quadricornis (Lep. & Serv. 1825),,,,,,,Tingitidae,Tingitinae,Cantacader,,Tingitidae | Tingitinae | Cantacaderaria | Cantacader,Piesma quadricornis Lep. & Serv. 1825,,RGT7S,4488851,QMH3,4488850
B2208:1:57,Taphrostethus staudingeri Baer. 1858,Baer. 1858,Taphrostethus,,staudingeri,,species,,B2208:1,synonym,B2208:1:55,Cantacader quadricornis (Lep. & Serv. 1825),,,,,,,Tingitidae,Tingitinae,Cantacader,,Tingitidae | Tingitinae | Cantacaderaria | Cantacader,Taphrostethus Staudingeri Baer. 1858,,,,,
B2208:1:58,Cantacader staudingeri var. doriae Ferr. 1874,Ferr. 1874,Cantacader,,staudingeri,doriae,variety,,B2208:1,synonym,B2208:1:55,Cantacader quadricornis (Lep. & Serv. 1825),,,,,,,Tingitidae,Tingitinae,Cantacader,,Tingitidae | Tingitinae | Cantacaderaria | Cantacader,Cantacader Staudingeri var. Doriae Ferr. 1874,,,,,
B2208:1:59,Cantacader quadricornis var. nubilus,,Cantacader,,quadricornis,nubilus,variety,n.,B2208:1,accepted,,,B2208:1:55,Cantacader quadricornis (Lep. & Serv. 1825),,,,,Tingitidae,Tingitinae,Cantacader,,Tingitidae | Tingitinae | Cantacaderaria | Cantacader | Cantacader quadricornis,var. nubilus n.,,CJXCF,,CJXCF,
B2208:1:60,Cantacader angulipennis,,Cantacader,,angulipennis,,species,n. sp.,B2208:1,accepted,,,B2208:1:52,Cantacader Am. & Serv. 1843,,,,,Tingitidae,Tingitinae,Cantacader,,Tingitidae | Tingitinae | Cantacaderaria | Cantacader,angulipennis n. sp.,,QMGB,7587092,QMGB,7587092
B2208:1:61,Tingitaria,,,,,,tribe,,B2208:1,accepted,,,B2208:1:50,Tingitinae,,,,,Tingitidae,Tingitinae,,,Tingitidae | Tingitinae,Tingitaria,,,,,
B2208:1:62,Campylosteira Fieb. 1844,Fieb. 1844,,,,,genus,,B2208:1,accepted,,,B2208:1:61,Tingitaria,,,,,Tingitidae,Tingitinae,Campylosteira,,Tingitidae | Tingitinae | Tingitaria,Campylosteira Fieb. 1844,,3GN7,4405993,3GN7,4405993
B2208:1:63,Campylostira Fieb. 1844,Fieb. 1844,,,,,genus,,B2208:1,synonym,B2208:1:62,Campylosteira Fieb. 1844,,,,,,,Tingitidae,Tingitinae,Campylostira,,Tingitidae | Tingitinae | Tingitaria,Campylostira Fieb. 1844,,,,,
B2208:1:64,Campylosteira bosnica Horv. 1892,Horv. 1892,Campylosteira,,bosnica,,species,,B2208:1,accepted,,,B2208:1:62,Campylosteira Fieb. 1844,,,,,Tingitidae,Tingitinae,Campylosteira,,Tingitidae | Tingitinae | Tingitaria | Campylosteira,bosnica Horv. 1892,,QHWF,4489044,QHWF,4489044
B2208:1:65,Campylosteira bosnica var. diluta Horv. 1892,Horv. 1892,Campylosteira,,bosnica,diluta,variety,,B2208:1,accepted,,,B2208:1:64,Campylosteira bosnica Horv. 1892,,,,,Tingitidae,Tingitinae,Campylosteira,,Tingitidae | Tingitinae | Tingitaria | Campylosteira | Campylosteira bosnica,var. diluta Horv. 1892,,CJWZ4,,CJWZ4,
B2208:1:66,Campylosteira pilicornis,,Campylosteira,,pilicornis,,species,n. sp.,B2208:1,accepted,,,B2208:1:62,Campylosteira Fieb. 1844,,,,,Tingitidae,Tingitinae,Campylosteira,,Tingitidae | Tingitinae | Tingitaria | Campylosteira,pilicornis n. sp.,,699QR,8168283,699QR,8168283
B2208:1:67,Campylosteira maroccana Put. 1887,Put. 1887,Campylosteira,,maroccana,,species,,B2208:1,accepted,,,B2208:1:62,Campylosteira Fieb. 1844,,,,,Tingitidae,Tingitinae,Campylosteira,,Tingitidae | Tingitinae | Tingitaria | Campylosteira,maroccana Put. 1887,,M4QGL,9565982,QHWQ,9565982
B2208:1:68,Campylosteira falleni Fieb. 1844,Fieb. 1844,Campylosteira,,falleni,,species,,B2208:1,accepted,,,B2208:1:62,Campylosteira Fieb. 1844,,,,,Tingitidae,Tingitinae,Campylosteira,,Tingitidae | Tingitinae | Tingitaria | Campylosteira,Falléni Fieb. 1844,,QHWK,7843053,QHWK,7843053
B2208:1:69,Campylosteira orientalis Horv. 1881,Horv. 1881,Campylosteira,,orientalis,,species,,B2208:1,accepted,,,B2208:1:62,Campylosteira Fieb. 1844,,,,,Tingitidae,Tingitinae,Campylosteira,,Tingitidae | Tingitinae | Tingitaria | Campylosteira,orientalis Horv. 1881,,QHWR,4489043,QHWR,4489043
B2208:1:70,Campylostira falleni var. orientalis Horv. 1881,Horv. 1881,Campylostira,,falleni,orientalis,variety,,B2208:1,synonym,B2208:1:69,Campylosteira orientalis Horv. 1881,,,,,,,Tingitidae,Tingitinae,Campylosteira,,Tingitidae | Tingitinae | Tingitaria | Campylosteira,Campylostira Falléni var. orientalis Horv. 1881,,,,,
B2208:1:71,Campylosteira orientalis var. miridita Horv. 1905,Horv. 1905,Campylosteira,,orientalis,miridita,variety,,B2208:1,accepted,,,B2208:1:69,Campylosteira orientalis Horv. 1881,,,,,Tingitidae,Tingitinae,Campylosteira,,Tingitidae | Tingitinae | Tingitaria | Campylosteira | Campylosteira orientalis,var. miridita Horv. 1905,,CJWZ5,,CJWZ5,
B2208:1:72,Campylostira falleni var. miridata Horv. 1905,Horv. 1905,Campylostira,,falleni,miridata,variety,,B2208:1,synonym,B2208:1:71,Campylosteira orientalis var. miridita Horv. 1905,,,,,,,Tingitidae,Tingitinae,Campylosteira,,Tingitidae | Tingitinae | Tingitaria | Campylosteira | Campylosteira orientalis,Campylostira Falléni var. miridata Horv. 1905,,,,,
B2208:1:73,Campylosteira orientalis var. suspecta Horv. 1892,Horv. 1892,Campylosteira,,orientalis,suspecta,variety,,B2208:1,accepted,,,B2208:1:69,Campylosteira orientalis Horv. 1881,,,,,Tingitidae,Tingitinae,Campylosteira,,Tingitidae | Tingitinae | Tingitaria | Campylosteira | Campylosteira orientalis,var. suspecta Horv. 1892,,CJWZ6,,CJWZ6,
B2208:1:74,Campylostira falleni var. suspecta Horv. 1892,Horv. 1892,Campylostira,,falleni,suspecta,variety,,B2208:1,synonym,B2208:1:73,Campylosteira orientalis var. suspecta Horv. 1892,,,,,,,Tingitidae,Tingitinae,Campylosteira,,Tingitidae | Tingitinae | Tingitaria | Campylosteira | Campylosteira orientalis,Campylostira Falléni var. suspecta Horv. 1892,,,,,
B2208:1:75,Campylosteira libanotica,,Campylosteira,,libanotica,,species,n. sp.,B2208:1,accepted,,,B2208:1:62,Campylosteira Fieb. 1844,,,,,Tingitidae,Tingitinae,Campylosteira,,Tingitidae | Tingitinae | Tingitaria | Campylosteira,libanotica n. sp.,,QHWP,7532860,QHWP,7532860
B2208:1:76,Campylosteira verna (Fall. 1829),(Fall. 1829),Campylosteira,,verna,,species,,B2208:1,accepted,,,B2208:1:62,Campylosteira Fieb. 1844,,,,,Tingitidae,Tingitinae,Campylosteira,,Tingitidae | Tingitinae | Tingitaria | Campylosteira,verna (Fall. 1829),,QHX2,4489041,QHX2,4489041
B2208:1:77,Tingis verna Fall. 1829,Fall. 1829,Tingis,,verna,,species,,B2208:1,synonym,B2208:1:76,Campylosteira verna (Fall. 1829),,,,,,,Tingitidae,Tingitinae,Campylosteira,,Tingitidae | Tingitinae | Tingitaria | Campylosteira,Tingis verna Fall. 1829,,T7T5T,4489042,QHX2,4489041
B2208:1:78,Campylosteira brachycera Fieb. 1853,Fieb. 1853,Campylosteira,,brachycera,,species,,B2208:1,synonym,B2208:1:76,Campylosteira verna (Fall. 1829),,,,,,,Tingitidae,Tingitinae,Campylosteira,,Tingitidae | Tingitinae | Tingitaria | Campylosteira,Campylosteira brachycera Fieb. 1853,,,,,
B2208:1:79,Campylosteira verna var. latipennis Horv. 1892,Horv. 1892,Campylosteira,,verna,latipennis,variety,,B2208:1,accepted,,,B2208:1:76,Campylosteira verna (Fall. 1829),,,,,Tingitidae,Tingitinae,Campylosteira,,Tingitidae | Tingitinae | Tingitaria | Campylosteira | Campylosteira verna,var. latipennis Horv. 1892,,CJWZC,,CJWZC,
B2208:1:80,Campylosteira sinuata Fieb. 1892,Fieb. 1892,Campylosteira,,sinuata,,species,,B2208:1,accepted,,,B2208:1:62,Campylosteira Fieb. 1844,,,,,Tingitidae,Tingitinae,Campylosteira,,Tingitidae | Tingitinae | Tingitaria | Campylosteira,sinuata Fieb. 1892,,QHWY,8115176,QHWY,8115176
B2208:1:81,Campylosteira eximia Horv. 1892,Horv. 1892,Campylosteira,,eximia,,species,,B2208:1,accepted,,,B2208:1:62,Campylosteira Fieb. 1844,,,,,Tingitidae,Tingitinae,Campylosteira,,Tingitidae | Tingitinae | Tingitaria | Campylosteira,eximia Horv. 1892,,QHWJ,7538549,QHWJ,7538549
B2208:1:82,Campylosteira serena Horv. 1902,Horv. 1902,Campylosteira,,serena,,species,,B2208:1,accepted,,,B2208:1:62,Campylosteira Fieb. 1844,,,,,Tingitidae,Tingitinae,Campylosteira,,Tingitidae | Tingitinae | Tingitaria | Campylosteira,serena Horv. 1902,,QHWX,4489037,QHWX,4489037
B2208:1:83,Campylosteira dispar Horv. 1905,Horv. 1905,Campylosteira,,dispar,,species,,B2208:1,accepted,,,B2208:1:62,Campylosteira Fieb. 1844,,,,,Tingitidae,Tingitinae,Campylosteira,,Tingitidae | Tingitinae | Tingitaria | Campylosteira,dispar Horv. 1905,,QHWH,8292429,QHWH,8292429
B2208:1:84,Campylosteira perithrix Put. 1887,Put. 1887,Campylosteira,,perithrix,,species,,B2208:1,accepted,,,B2208:1:62,Campylosteira Fieb. 1844,,,,,Tingitidae,Tingitinae,Campylosteira,,Tingitidae | Tingitinae | Tingitaria | Campylosteira,perithrix Put. 1887,,QHWT,7466625,QHWT,7466625
B2208:1:85,Campylosteira perithrix var. cognata Horv. 1905,Horv. 1905,Campylosteira,,perithrix,cognata,variety,,B2208:1,accepted,,,B2208:1:84,Campylosteira perithrix Put. 1887,,,,,Tingitidae,Tingitinae,Campylosteira,,Tingitidae | Tingitinae | Tingitaria | Campylosteira | Campylosteira perithrix,var. cognata Horv. 1905,,CJWZ7,,CJWZ7,
B2208:1:86,Campylosteira cognata Horv. 1905,Horv. 1905,Campylosteira,,cognata,,species,,B2208:1,synonym,B2208:1:85,Campylosteira perithrix var. cognata Horv. 1905,,,,,,,Tingitidae,Tingitinae,Campylosteira,,Tingitidae | Tingitinae | Tingitaria | Campylosteira | Campylosteira perithrix,Campylosteira cognata Horv. 1905,,,,,
B2208:1:87,Campylosteira sororcula Horv. 1905,Horv. 1905,Campylosteira,,sororcula,,species,,B2208:1,accepted,,,B2208:1:62,Campylosteira Fieb. 1844,,,,,Tingitidae,Tingitinae,Campylosteira,,Tingitidae | Tingitinae | Tingitaria | Campylosteira,sororcula Horv. 1905,,QHWZ,7970000,QHWZ,7970000
B2208:1:88,Campylosteira pilifera Reut. 1880,Reut. 1880,Campylosteira,,pilifera,,species,,B2208:1,accepted,,,B2208:1:62,Campylosteira Fieb. 1844,,,,,Tingitidae,Tingitinae,Campylosteira,,Tingitidae | Tingitinae | Tingitaria | Campylosteira,pilifera Reut. 1880,,QHWV,8039297,QHWV,8039297
B2208:1:89,Campylosteira pilifera var. humilis Horv. 1905,Horv. 1905,Campylosteira,,pilifera,humilis,variety,,B2208:1,accepted,,,B2208:1:88,Campylosteira pilifera Reut. 1880,,,,,Tingitidae,Tingitinae,Campylosteira,,Tingitidae | Tingitinae | Tingitaria | Campylosteira | Campylosteira pilifera,var. humilis Horv. 1905,,CJWZB,,CJWZB,
B2208:1:90,Campylosteira pilifera var. diminuta Horv. 1905,Horv. 1905,Campylosteira,,pilifera,diminuta,variety,,B2208:1,accepted,,,B2208:1:88,Campylosteira pilifera Reut. 1880,,,,,Tingitidae,Tingitinae,Campylosteira,,Tingitidae | Tingitinae | Tingitaria | Campylosteira | Campylosteira pilifera,var. diminuta Horv. 1905,,CJWZ9,,CJWZ9,
B2208:1:91,Campylosteira ciliata Fieb. 1853,Fieb. 1853,Campylosteira,,ciliata,,species,,B2208:1,accepted,,,B2208:1:62,Campylosteira Fieb. 1844,,,,,Tingitidae,Tingitinae,Campylosteira,,Tingitidae | Tingitinae | Tingitaria | Campylosteira,ciliata Fieb. 1853,,QHWG,4489040,QHWG,4489040
B2208:1:92,Campylosteira parvula Ferr. 1892,Ferr. 1892,Campylosteira,,parvula,,species,,B2208:1,accepted,,,B2208:1:62,Campylosteira Fieb. 1844,,,,,Tingitidae,Tingitinae,Campylosteira,,Tingitidae | Tingitinae | Tingitaria | Campylosteira,parvula Ferr. 1892,,QHWS,4489039,QHWS,4489039
B2208:1:93,Acalypta Westw. 1840,Westw. 1840,,,,,genus,,B2208:1,accepted,,,B2208:1:61,Tingitaria,,,,,Tingitidae,Tingitinae,Acalypta,,Tingitidae | Tingitinae | Tingitaria,Acalypta Westw. 1840,,LX4,2020735,LX4,2020735
B2208:1:94,Orthosteira Fieb. 1844,Fieb. 1844,,,,,genus,,B2208:1,synonym,B2208:1:93,Acalypta Westw. 1840,,,,,,,Tingitidae,Tingitinae,Orthosteira,,Tingitidae | Tingitinae | Tingitaria,Orthosteira Fieb. 1844,,,4784378,,4784378
B2208:1:95,Orthostira Fieb. 1861,Fieb. 1861,,,,,genus,,B2208:1,synonym,B2208:1:93,Acalypta Westw. 1840,,,,,,,Tingitidae,Tingitinae,Orthostira,,Tingitidae | Tingitinae | Tingitaria,Orthostira Fieb. 1861,,,,,
B2208:1:96,Acalypta samara (Put. 1887),(Put. 1887),Acalypta,,samara,,species,,B2208:1,accepted,,,B2208:1:93,Acalypta Westw. 1840,,,,,Tingitidae,Tingitinae,Acalypta,,Tingitidae | Tingitinae | Tingitaria | Acalypta,samara (Put. 1887),,8SKN,7749065,8SKN,7749065
B2208:1:97,Orthostira samara Put. 1887,Put. 1887,Orthostira,,samara,,species,,B2208:1,synonym,B2208:1:96,Acalypta samara (Put. 1887),,,,,,,Tingitidae,Tingitinae,Acalypta,,Tingitidae | Tingitinae | Tingitaria | Acalypta,Orthostira samara Put. 1887,,,,,
B2208:1:98,Acalypta musci (Schrank 1781),(Schrank 1781),Acalypta,,musci,,species,,B2208:1,accepted,,,B2208:1:93,Acalypta Westw. 1840,,,,,Tingitidae,Tingitinae,Acalypta,,Tingitidae | Tingitinae | Tingitaria | Acalypta,Musci (Schrank 1781),,64BC6,4488988,64BC6,4488988
B2208:1:99,Cimex musci Schrank 1781,Schrank 1781,Cimex,,musci,,species,,B2208:1,synonym,B2208:1:98,Acalypta musci (Schrank 1781),,,,,,,Tingitidae,Tingitinae,Acalypta,,Tingitidae | Tingitinae | Tingitaria | Acalypta,Cimex Musci Schrank 1781,,MZ5CB,4488989,64BC6,4488988
B2208:1:100,Orthosteira cassidea Fieb. 1844,Fieb. 1844,Orthosteira,,cassidea,,species,,B2208:1,synonym,B2208:1:98,Acalypta musci (Schrank 1781),,,,,,,Tingitidae,Tingitinae,Acalypta,,Tingitidae | Tingitinae | Tingitaria | Acalypta,Orthosteira cassidea Fieb. 1844,,,,,
B2208:1:101,Acalypta musci var. ditata (Put. 1879),(Put. 1879),Acalypta,,musci,ditata,variety,,B2208:1,accepted,,,B2208:1:98,Acalypta musci (Schrank 1781),,,,,Tingitidae,Tingitinae,Acalypta,,Tingitidae | Tingitinae | Tingitaria | Acalypta | Acalypta musci,var. ditata (Put. 1879),,CJVQT,,CJVQT,
B2208:1:102,Orthostira musci var. ditata Put. 1879,Put. 1879,Orthostira,,musci,ditata,variety,,B2208:1,synonym,B2208:1:101,Acalypta musci var. ditata (Put. 1879),,,,,,,Tingitidae,Tingitinae,Acalypta,,Tingitidae | Tingitinae | Tingitaria | Acalypta | Acalypta musci,Orthostira musci var. ditata Put. 1879,,RLRXC,12079655,CJVQT,8750033
B2208:1:103,Acalypta uniseriata (Put. 1879),(Put. 1879),Acalypta,,uniseriata,,species,,B2208:1,accepted,,,B2208:1:93,Acalypta Westw. 1840,,,,,Tingitidae,Tingitinae,Acalypta,,Tingitidae | Tingitinae | Tingitaria | Acalypta,uniseriata (Put. 1879),,8SL3,4489003,8SL3,4489003
B2208:1:104,Orthostira uniseriata Put. 1879,Put. 1879,Orthostira,,uniseriata,,species,,B2208:1,synonym,B2208:1:103,Acalypta uniseriata (Put. 1879),,,,,,,Tingitidae,Tingitinae,Acalypta,,Tingitidae | Tingitinae | Tingitaria | Acalypta,Orthostira uniseriata Put. 1879,,,4489004,,4489003
B2208:1:105,Acalypta nigrinervis Stål 1874,Stål 1874,Acalypta,,nigrinervis,,species,,B2208:1,accepted,,,B2208:1:93,Acalypta Westw. 1840,,,,,Tingitidae,Tingitinae,Acalypta,,Tingitidae | Tingitinae | Tingitaria | Acalypta,nigrinervis Stål 1874,,8SKG,4489009,8SKG,4489009
B2208:1:106,Acalypta brunnea (Germ. 1836),(Germ. 1836),Acalypta,,brunnea,,species,,B2208:1,accepted,,,B2208:1:93,Acalypta Westw. 1840,,,,,Tingitidae,Tingitinae,Acalypta,,Tingitidae | Tingitinae | Tingitaria | Acalypta,brunnea (Germ. 1836),,8SJQ,4488983,8SJQ,4488983
B2208:1:107,Tingis brunnea Germ. 1836,Germ. 1836,Tingis,,brunnea,,species,,B2208:1,synonym,B2208:1:106,Acalypta brunnea (Germ. 1836),,,,,,,Tingitidae,Tingitinae,Acalypta,,Tingitidae | Tingitinae | Tingitaria | Acalypta,Tingis brunnea Germ. 1836,,T7SP3,4488984,8SJQ,4488983
B2208:1:108,Orthostira concinna Dougl. & Scott 1863,Dougl. & Scott 1863,Orthostira,,concinna,,species,,B2208:1,synonym,B2208:1:106,Acalypta brunnea (Germ. 1836),,,,,,,Tingitidae,Tingitinae,Acalypta,,Tingitidae | Tingitinae | Tingitaria | Acalypta,Orthostira concinna Dougl. & Scott 1863,,,,,
B2208:1:109,Acalypta suturalis (Put. 1879),(Put. 1879),Acalypta,,suturalis,,species,,B2208:1,accepted,,,B2208:1:93,Acalypta Westw. 1840,,,,,Tingitidae,Tingitinae,Acalypta,,Tingitidae | Tingitinae | Tingitaria | Acalypta,suturalis (Put. 1879),,8SKW,4488991,8SKW,4488991
B2208:1:110,Orthostira suturalis Put. 1879,Put. 1879,Orthostira,,suturalis,,species,,B2208:1,synonym,B2208:1:109,Acalypta suturalis (Put. 1879),,,,,,,Tingitidae,Tingitinae,Acalypta,,Tingitidae | Tingitinae | Tingitaria | Acalypta,Orthostira suturalis Put. 1879,,RLRYF,4488992,8SKW,4488991
B2208:1:111,Acalypta finitima (Put. 1884),(Put. 1884),Acalypta,,finitima,,species,,B2208:1,accepted,,,B2208:1:93,Acalypta Westw. 1840,,,,,Tingitidae,Tingitinae,Acalypta,,Tingitidae | Tingitinae | Tingitaria | Acalypta,finitima (Put. 1884),,8SJZ,4488985,8SJZ,4488985
B2208:1:112,Orthostira finitima Put. 1884,Put. 1884,Orthostira,,finitima,,species,,B2208:1,synonym,B2208:1:111,Acalypta finitima (Put. 1884),,,,,,,Tingitidae,Tingitinae,Acalypta,,Tingitidae | Tingitinae | Tingitaria | Acalypta,Orthostira finitima Put. 1884,,,4488986,,4488985
B2208:1:113,Acalypta carinata (Panz. 1844),(Panz. 1844),Acalypta,,carinata,,species,,B2208:1,accepted,,,B2208:1:93,Acalypta Westw. 1840,,,,,Tingitidae,Tingitinae,Acalypta,,Tingitidae | Tingitinae | Tingitaria | Acalypta,carinata (Panz. 1844),,8SJR,2020737,8SJR,2020737
B2208:1:114,Tingis carinata Panz. 1844,Panz. 1844,Tingis,,carinata,,species,,B2208:1,synonym,B2208:1:113,Acalypta carinata (Panz. 1844),,,,,,,Tingitidae,Tingitinae,Acalypta,,Tingitidae | Tingitinae | Tingitaria | Acalypta,Tingis carinata Panz. 1844,,T7SQ3,2020738,8SJR,2020737
B2208:1:115,Tingis cassidea Fall. 1807,Fall. 1807,Tingis,,cassidea,,species,,B2208:1,synonym,B2208:1:113,Acalypta carinata (Panz. 1844),,,,,,,Tingitidae,Tingitinae,Acalypta,,Tingitidae | Tingitinae | Tingitaria | Acalypta,Tingis cassidea Fall. 1807,,,,,
B2208:1:116,Tingis cervina Germ. 1836,Germ. 1836,Tingis,,cervina,,species,,B2208:1,synonym,B2208:1:113,Acalypta carinata (Panz. 1844),,,,,,,Tingitidae,Tingitinae,Acalypta,,Tingitidae | Tingitinae | Tingitaria | Acalypta,Tingis cervina Germ. 1836,,,,,
B2208:1:117,Monanthia fracta H.-Sch. 1839,H.-Sch. 1839,Monanthia,,fracta,,species,,B2208:1,synonym,B2208:1:113,Acalypta carinata (Panz. 1844),,,,,,,Tingitidae,Tingitinae,Acalypta,,Tingitidae | Tingitinae | Tingitaria | Acalypta,Monanthia fracta H.-Sch. 1839,"{""synonymUncertain"":true}",,,,
B2208:1:118,Monanthia acuminata H.-Sch. 1839,H.-Sch. 1839,Monanthia,,acuminata,,species,,B2208:1,synonym,B2208:1:113,Acalypta carinata (Panz. 1844),,,,,,,Tingitidae,Tingitinae,Acalypta,,Tingitidae | Tingitinae | Tingitaria | Acalypta,Monanthia acuminata H.-Sch. 1839,"{""synonymUncertain"":true}",,,,
B2208:1:119,Acalypta carinata var. angustula Horv. 1898,Horv. 1898,Acalypta,,carinata,angustula,variety,,B2208:1,accepted,,,B2208:1:113,Acalypta carinata (Panz. 1844),,,,,Tingitidae,Tingitinae,Acalypta,,Tingitidae | Tingitinae | Tingitaria | Acalypta | Acalypta carinata,var. angustula Horv. 1898,,LV4LX,,LV4LX,
B2208:1:120,Acalypta cervina var. angustula Horv. 1898,Horv. 1898,Acalypta,,cervina,angustula,variety,,B2208:1,synonym,B2208:1:119,Acalypta carinata var. angustula Horv. 1898,,,,,,,Tingitidae,Tingitinae,Acalypta,,Tingitidae | Tingitinae | Tingitaria | Acalypta | Acalypta carinata,Acalypta cervina var. angustula Horv. 1898,,,,,
B2208:1:121,Acalypta carpathica Horv. 1905,Horv. 1905,Acalypta,,carpathica,,species,,B2208:1,accepted,,,B2208:1:93,Acalypta Westw. 1840,,,,,Tingitidae,Tingitinae,Acalypta,,Tingitidae | Tingitinae | Tingitaria | Acalypta,carpathica Horv. 1905,,8SJS,7972608,8SJS,7972608
B2208:1:122,Acalypta sordida Jak. 1893,Jak. 1893,Acalypta,,sordida,,species,,B2208:1,accepted,,,B2208:1:93,Acalypta Westw. 1840,,,,,Tingitidae,Tingitinae,Acalypta,,Tingitidae | Tingitinae | Tingitaria | Acalypta,sordida Jak. 1893,,8SKS,8265594,8SKS,8265594
B2208:1:123,Acalypta sibirica Jak. 1903,Jak. 1903,Acalypta,,sibirica,,species,,B2208:1,accepted,,,B2208:1:93,Acalypta Westw. 1840,,,,,Tingitidae,Tingitinae,Acalypta,,Tingitidae | Tingitinae | Tingitaria | Acalypta,sibirica Jak. 1903,,LV4TL,9293339,LV4TL,9293339
B2208:1:124,Acalypta platycheila (Fieb. 1844),(Fieb. 1844),Acalypta,,platycheila,,species,,B2208:1,accepted,,,B2208:1:93,Acalypta Westw. 1840,,,,,Tingitidae,Tingitinae,Acalypta,,Tingitidae | Tingitinae | Tingitaria | Acalypta,platycheila (Fieb. 1844),,8SKK,4489001,8SKK,4489001
B2208:1:125,Orthosteira platycheila Fieb. 1844,Fieb. 1844,Orthosteira,,platycheila,,species,,B2208:1,synonym,B2208:1:124,Acalypta platycheila (Fieb. 1844),,,,,,,Tingitidae,Tingitinae,Acalypta,,Tingitidae | Tingitinae | Tingitaria | Acalypta,Orthosteira platycheila Fieb. 1844,,,4489002,,4489001
B2208:1:126,Monanthia intermedia Flor 1860,Flor 1860,Monanthia,Orthosteira,intermedia,,species,,B2208:1,synonym,B2208:1:124,Acalypta platycheila (Fieb. 1844),,,,,,,Tingitidae,Tingitinae,Acalypta,Orthosteira,Tingitidae | Tingitinae | Tingitaria | Acalypta,Monanthia (Orthosteira) intermedia Flor 1860,,,,,
B2208:1:127,Monanthia nigrina Voll. 1878,Voll. 1878,Monanthia,,nigrina,,species,,B2208:1,synonym,B2208:1:124,Acalypta platycheila (Fieb. 1844),,,,,,,Tingitidae,Tingitinae,Acalypta,,Tingitidae | Tingitinae | Tingitaria | Acalypta,Monanthia nigrina Voll. 1878,,,,,
B2208:1:128,Acalypta sejuncta Horv. 1905,Horv. 1905,Acalypta,,sejuncta,,species,,B2208:1,accepted,,,B2208:1:93,Acalypta Westw. 1840,,,,,Tingitidae,Tingitinae,Acalypta,,Tingitidae | Tingitinae | Tingitaria | Acalypta,sejuncta Horv. 1905,,8SKR,7485968,8SKR,7485968
B2208:1:129,Acalypta acutangula (Jak. 1880),(Jak. 1880),Acalypta,,acutangula,,species,,B2208:1,accepted,,,B2208:1:93,Acalypta Westw. 1840,,,,,Tingitidae,Tingitinae,Acalypta,,Tingitidae | Tingitinae | Tingitaria | Acalypta,acutangula (Jak. 1880),,8SJN,4489005,8SJN,4489005
B2208:1:130,Orthostira acutangula Jak. 1880,Jak. 1880,Orthostira,,acutangula,,species,,B2208:1,synonym,B2208:1:129,Acalypta acutangula (Jak. 1880),,,,,,,Tingitidae,Tingitinae,Acalypta,,Tingitidae | Tingitinae | Tingitaria | Acalypta,Orthostira acutangula Jak. 1880,,,4489006,,4489005
B2208:1:131,Acalypta elinoides (Jak. 1893),(Jak. 1893),Acalypta,,elinoides,,species,,B2208:1,accepted,,,B2208:1:93,Acalypta Westw. 1840,,,,,Tingitidae,Tingitinae,Acalypta,,Tingitidae | Tingitinae | Tingitaria | Acalypta,elinoides (Jak. 1893),,8SJY,7397319,8SJY,7397319
B2208:1:132,Orthostira elinoides Jak. 1893,Jak. 1893,Orthostira,,elinoides,,species,,B2208:1,synonym,B2208:1:131,Acalypta elinoides (Jak. 1893),,,,,,,Tingitidae,Tingitinae,Acalypta,,Tingitidae | Tingitinae | Tingitaria | Acalypta,Orthostira elinoides Jak. 1893,,,,,
B2208:1:133,Acalypta nigrina (Fall. 1807),(Fall. 1807),Acalypta,,nigrina,,species,,B2208:1,accepted,,,B2208:1:93,Acalypta Westw. 1840,,,,,Tingitidae,Tingitinae,Acalypta,,Tingitidae | Tingitinae | Tingitaria | Acalypta,nigrina (Fall. 1807),,8SKF,4488999,8SKF,4488999
B2208:1:134,Tingis nigrina Fall. 1807,Fall. 1807,Tingis,,nigrina,,species,,B2208:1,synonym,B2208:1:133,Acalypta nigrina (Fall. 1807),,,,,,,Tingitidae,Tingitinae,Acalypta,,Tingitidae | Tingitinae | Tingitaria | Acalypta,Tingis nigrina Fall. 1807,,T7SYN,4489000,8SKF,4488999
B2208:1:135,Tingis pusilla Fall. 1807,Fall. 1807,Tingis,,pusilla,,species,,B2208:1,synonym,B2208:1:133,Acalypta nigrina (Fall. 1807),,,,,,,Tingitidae,Tingitinae,Acalypta,,Tingitidae | Tingitinae | Tingitaria | Acalypta,Tingis pusilla Fall. 1807,,5734H,4489077,5734H,4489077
B2208:1:136,Orthosteira cinerea Fieb. 1844,Fieb. 1844,Orthosteira,,cinerea,,species,,B2208:1,synonym,B2208:1:133,Acalypta nigrina (Fall. 1807),,,,,,,Tingitidae,Tingitinae,Acalypta,,Tingitidae | Tingitinae | Tingitaria | Acalypta,Orthosteira cinerea Fieb. 1844,,,,,
B2208:1:137,Acalypta marginata (Wolff 1804),(Wolff 1804),Acalypta,,marginata,,species,,B2208:1,accepted,,,B2208:1:93,Acalypta Westw. 1840,,,,,Tingitidae,Tingitinae,Acalypta,,Tingitidae | Tingitinae | Tingitaria | Acalypta,marginata (Wolff 1804),,64BC3,4489008,64BC3,4489008
B2208:1:138,Acanthia marginata Wolff 1804,Wolff 1804,Acanthia,,marginata,,species,,B2208:1,synonym,B2208:1:137,Acalypta marginata (Wolff 1804),,,,,,,Tingitidae,Tingitinae,Acalypta,,Tingitidae | Tingitinae | Tingitaria | Acalypta,Acanthia marginata Wolff 1804,,LVMCR,11020953,64BC3,4489008
B2208:1:139,Orthosteira macrophthalma Fieb. 1844,Fieb. 1844,Orthosteira,,macrophthalma,,species,,B2208:1,synonym,B2208:1:137,Acalypta marginata (Wolff 1804),,,,,,,Tingitidae,Tingitinae,Acalypta,,Tingitidae | Tingitinae | Tingitaria | Acalypta,Orthosteira macrophthalma Fieb. 1844,,RLQB6,12381052,64BC3,4489008
B2208:1:140,Orthostira cylindricornis Thoms. 1871,Thoms. 1871,Orthostira,,cylindricornis,,species,,B2208:1,synonym,B2208:1:137,Acalypta marginata (Wolff 1804),,,,,,,Tingitidae,Tingitinae,Acalypta,,Tingitidae | Tingitinae | Tingitaria | Acalypta,Orthostira cylindricornis Thoms. 1871,,,,,
B2208:1:141,Orthostira acutispinis Reut. 1886,Reut. 1886,Orthostira,,acutispinis,,species,,B2208:1,synonym,B2208:1:137,Acalypta marginata (Wolff 1804),,,,,,,Tingitidae,Tingitinae,Acalypta,,Tingitidae | Tingitinae | Tingitaria | Acalypta,Orthostira acutispinis Reut. 1886,,,,,
B2208:1:142,Acalypta elegans,,Acalypta,,elegans,,species,n. sp.,B2208:1,accepted,,,B2208:1:93,Acalypta Westw. 1840,,,,,Tingitidae,Tingitinae,Acalypta,,Tingitidae | Tingitinae | Tingitaria | Acalypta,elegans n. sp.,,8SJX,2020736,8SJX,2020736
B2208:1:143,Acalypta gracilis (Fieb. 1844),(Fieb. 1844),Acalypta,,gracilis,,species,,B2208:1,accepted,,,B2208:1:93,Acalypta Westw. 1840,,,,,Tingitidae,Tingitinae,Acalypta,,Tingitidae | Tingitinae | Tingitaria | Acalypta,gracilis (Fieb. 1844),,8SK3,4488996,8SK3,4488996
B2208:1:144,Orthosteira gracilis Fieb. 1844,Fieb. 1844,Orthosteira,,gracilis,,species,,B2208:1,synonym,B2208:1:143,Acalypta gracilis (Fieb. 1844),,,,,,,Tingitidae,Tingitinae,Acalypta,,Tingitidae | Tingitinae | Tingitaria | Acalypta,Orthosteira gracilis Fieb. 1844,,,4488997,,4488996
B2208:1:145,Monanthia parvula Flor 1860,Flor 1860,Monanthia,Orthosteira,parvula,,species,,B2208:1,synonym,B2208:1:143,Acalypta gracilis (Fieb. 1844),,,,,,,Tingitidae,Tingitinae,Acalypta,Orthosteira,Tingitidae | Tingitinae | Tingitaria | Acalypta,Monanthia (Orthosteira) parvula Flor 1860,,R6CTS,4489012,8SKJ,4489011
B2208:1:146,Orthostira biseriata Thoms. 1871,Thoms. 1871,Orthostira,,biseriata,,species,,B2208:1,synonym,B2208:1:143,Acalypta gracilis (Fieb. 1844),,,,,,,Tingitidae,Tingitinae,Acalypta,,Tingitidae | Tingitinae | Tingitaria | Acalypta,Orthostira biseriata Thoms. 1871,,,,,
B2208:1:147,Orthostira recticosta Thoms. 1871,Thoms. 1871,Orthostira,,recticosta,,species,,B2208:1,synonym,B2208:1:143,Acalypta gracilis (Fieb. 1844),,,,,,,Tingitidae,Tingitinae,Acalypta,,Tingitidae | Tingitinae | Tingitaria | Acalypta,Orthostira recticosta Thoms. 1871,,,,,
B2208:1:148,Orthostira propinqua Ferr. 1874,Ferr. 1874,Orthostira,,propinqua,,species,,B2208:1,synonym,B2208:1:143,Acalypta gracilis (Fieb. 1844),,,,,,,Tingitidae,Tingitinae,Acalypta,,Tingitidae | Tingitinae | Tingitaria | Acalypta,Orthostira propinqua Ferr. 1874,,,,,
B2208:1:149,Acalypta hellenica Reut. 1888,Reut. 1888,Acalypta,,hellenica,,species,,B2208:1,accepted,,,B2208:1:93,Acalypta Westw. 1840,,,,,Tingitidae,Tingitinae,Acalypta,,Tingitidae | Tingitinae | Tingitaria | Acalypta,hellenica Reut. 1888,,8SK4,4489007,8SK4,4489007
B2208:1:150,Acalypta parvula (Fall. 1807),(Fall. 1807),Acalypta,,parvula,,species,,B2208:1,accepted,,,B2208:1:93,Acalypta Westw. 1840,,,,,Tingitidae,Tingitinae,Acalypta,,Tingitidae | Tingitinae | Tingitaria | Acalypta,parvula (Fall. 1807),,8SKJ,2020740,8SKJ,2020740
B2208:1:151,Tingis parvula Fall. 1807,Fall. 1807,Tingis,,parvula,,species,,B2208:1,synonym,B2208:1:150,Acalypta parvula (Fall. 1807),,,,,,,Tingitidae,Tingitinae,Acalypta,,Tingitidae | Tingitinae | Tingitaria | Acalypta,Tingis parvula Fall. 1807,,T7SZ9,4488990,8SKJ,2020740
B2208:1:152,Monanthia obscura H.-Sch. 1839,H.-Sch. 1839,Monanthia,,obscura,,species,,B2208:1,synonym,B2208:1:150,Acalypta parvula (Fall. 1807),,,,,,,Tingitidae,Tingitinae,Acalypta,,Tingitidae | Tingitinae | Tingitaria | Acalypta,Monanthia obscura H.-Sch. 1839,,,,,
B2208:1:153,Orthostira parvula var. macroptera Ferr. 1878,Ferr. 1878,Orthostira,,parvula,macroptera,variety,,B2208:1,synonym,B2208:1:150,Acalypta parvula (Fall. 1807),,,,,,,Tingitidae,Tingitinae,Acalypta,,Tingitidae | Tingitinae | Tingitaria | Acalypta,Orthostira parvula var. macroptera Ferr. 1878,,,,,
B2208:1:154,Orthostira parvula var. pallescens Ferr. 1878,Ferr. 1878,Orthostira,,parvula,pallescens,variety,,B2208:1,synonym,B2208:1:150,Acalypta parvula (Fall. 1807),,,,,,,Tingitidae,Tingitinae,Acalypta,,Tingitidae | Tingitinae | Tingitaria | Acalypta,Orthostira parvula var. pallescens Ferr. 1878,,,,,
B2208:1:155,Orthostira parvula var. major Ferr. 1878,Ferr. 1878,Orthostira,,parvula,major,variety,,B2208:1,synonym,B2208:1:150,Acalypta parvula (Fall. 1807),,,,,,,Tingitidae,Tingitinae,Acalypta,,Tingitidae | Tingitinae | Tingitaria | Acalypta,Orthostira parvula var. major Ferr. 1878,,,,,
B2208:1:156,Orthostira parvula var. minor Ferr. 1878,Ferr. 1878,Orthostira,,parvula,minor,variety,,B2208:1,synonym,B2208:1:150,Acalypta parvula (Fall. 1807),,,,,,,Tingitidae,Tingitinae,Acalypta,,Tingitidae | Tingitinae | Tingitaria | Acalypta,Orthostira parvula var. minor Ferr. 1878,,RLRXZ,12324145,8SKJ,2020740
B2208:1:157,Campylostira parvula var. fuscicornis Rey 1893,Rey 1893,Campylostira,,parvula,fuscicornis,variety,,B2208:1,synonym,B2208:1:150,Acalypta parvula (Fall. 1807),,,,,,,Tingitidae,Tingitinae,Acalypta,,Tingitidae | Tingitinae | Tingitaria | Acalypta,Campylostira parvula var. fuscicornis Rey 1893,,,,,
B2208:1:158,Acalypta subtilis (Reut. 1882),(Reut. 1882),Acalypta,,subtilis,,species,,B2208:1,accepted,,,B2208:1:93,Acalypta Westw. 1840,,,,,Tingitidae,Tingitinae,Acalypta,,Tingitidae | Tingitinae | Tingitaria | Acalypta,subtilis (Reut. 1882),,64BBT,7424779,64BBT,7424779
B2208:1:159,Orthosteira subtilis Reut. 1882,Reut. 1882,Orthosteira,,subtilis,,species,,B2208:1,synonym,B2208:1:158,Acalypta subtilis (Reut. 1882),,,,,,,Tingitidae,Tingitinae,Acalypta,,Tingitidae | Tingitinae | Tingitaria | Acalypta,Orthosteira subtilis Reut. 1882,,,,,
B2208:1:160,Acalypta paradoxa (Jak. 1880),(Jak. 1880),Acalypta,,paradoxa,,species,,B2208:1,accepted,,,B2208:1:93,Acalypta Westw. 1840,,,,,Tingitidae,Tingitinae,Acalypta,,Tingitidae | Tingitinae | Tingitaria | Acalypta,paradoxa (Jak. 1880),,,,,
B2208:1:161,Orthostira paradoxa Jak. 1880,Jak. 1880,Orthostira,,paradoxa,,species,,B2208:1,synonym,B2208:1:160,Acalypta paradoxa (Jak. 1880),,,,,,,Tingitidae,Tingitinae,Acalypta,,Tingitidae | Tingitinae | Tingitaria | Acalypta,Orthostira paradoxa Jak. 1880,,,4489132,,4489131
B2208:1:162,Biskria Put. 1874,Put. 1874,,,,,genus,,B2208:1,accepted,,,B2208:1:61,Tingitaria,,,,,Tingitidae,Tingitinae,Biskria,,Tingitidae | Tingitinae | Tingitaria,Biskria Put. 1874,,62FNV,9570331,62FNV,9570331
B2208:1:163,Biskria gracilicornis (Put. 1874),(Put. 1874),Biskria,,gracilicornis,,species,,B2208:1,accepted,,,B2208:1:162,Biskria Put. 1874,,,,,Tingitidae,Tingitinae,Biskria,,Tingitidae | Tingitinae | Tingitaria | Biskria,gracilicornis (Put. 1874),,68KTJ,8238922,68KTJ,8238922
B2208:1:164,Dictyonota gracilicornis Put. 1874,Put. 1874,Dictyonota,Biskria,gracilicornis,,species,,B2208:1,synonym,B2208:1:163,Biskria gracilicornis (Put. 1874),,,,,,,Tingitidae,Tingitinae,Biskria,Biskria,Tingitidae | Tingitinae | Tingitaria | Biskria,Dictyonota (Biskria) gracilicornis Put. 1874,,N7LNG,9537317,68KTJ,8238922
B2208:1:165,Biskria sareptana (Jak. 1875),(Jak. 1875),Biskria,,sareptana,,species,,B2208:1,accepted,,,B2208:1:162,Biskria Put. 1874,,,,,Tingitidae,Tingitinae,Biskria,,Tingitidae | Tingitinae | Tingitaria | Biskria,sareptana (Jak. 1875),,68L5H,7774753,68L5H,7774753
B2208:1:166,Dictyonota sareptana Jak. 1875,Jak. 1875,Dictyonota,,sareptana,,species,,B2208:1,synonym,B2208:1:165,Biskria sareptana (Jak. 1875),,,,,,,Tingitidae,Tingitinae,Biskria,,Tingitidae | Tingitinae | Tingitaria | Biskria,Dictyonota sareptana Jak. 1875,,N7LTL,4488919,68L5H,7774753
B2208:1:167,Biskria sareptana var. adelpha Horv. 1905,Horv. 1905,Biskria,,sareptana,adelpha,variety,,B2208:1,accepted,,,B2208:1:165,Biskria sareptana (Jak. 1875),,,,,Tingitidae,Tingitinae,Biskria,,Tingitidae | Tingitinae | Tingitaria | Biskria | Biskria sareptana,var. adelpha Horv. 1905,,CJWPG,,CJWPG,
B2208:1:168,Biskria lepida Horv. 1905,Horv. 1905,Biskria,,lepida,,species,,B2208:1,accepted,,,B2208:1:162,Biskria Put. 1874,,,,,Tingitidae,Tingitinae,Biskria,,Tingitidae | Tingitinae | Tingitaria | Biskria,lepida Horv. 1905,,5WL5H,7701138,5WL5H,7701138
B2208:1:169,Dictyonota Curt. 1827,Curt. 1827,,,,,genus,,B2208:1,accepted,,,B2208:1:61,Tingitaria,,,,,Tingitidae,Tingitinae,Dictyonota,,Tingitidae | Tingitinae | Tingitaria,Dictyonota Curt. 1827,,62RB8,2020731,62RB8,2020731
B2208:1:170,Dictyonota Curt. 1827,Curt. 1827,Dictyonota,,,,subgenus,s. str.,B2208:1,accepted,,,B2208:1:169,Dictyonota Curt. 1827,,,,,Tingitidae,Tingitinae,Dictyonota,Dictyonota,Tingitidae | Tingitinae | Tingitaria | Dictyonota,Dictyonota Curt. 1827 s. str.,,62RB8,,62RB8,
B2208:1:171,Scraulia Stål 1874,Stål 1874,Dictyonota,Dictyonota,,,subgenus,,B2208:1,synonym,B2208:1:170,Dictyonota Curt. 1827,,,,,,,Tingitidae,Tingitinae,Dictyonota,Scraulia,Tingitidae | Tingitinae | Tingitaria | Dictyonota,Scraulia Stål 1874,,SW6CK,,62RB8,
B2208:1:172,Dictyonota albipennis Baer. 1861,Baer. 1861,Dictyonota,Dictyonota,albipennis,,species,,B2208:1,accepted,,,B2208:1:170,Dictyonota Curt. 1827,,,,,Tingitidae,Tingitinae,Dictyonota,Dictyonota,Tingitidae | Tingitinae | Tingitaria | Dictyonota | Dictyonota,albipennis Baer. 1861,,35V3V,4488924,35V3V,4488924
B2208:1:173,Dictyonota pulchella Costa 1860,Costa 1860,Dictyonota,Dictyonota,pulchella,,species,,B2208:1,accepted,,,B2208:1:170,Dictyonota Curt. 1827,,,,,Tingitidae,Tingitinae,Dictyonota,Dictyonota,Tingitidae | Tingitinae | Tingitaria | Dictyonota | Dictyonota,pulchella Costa 1860,,35V48,8193102,35V48,8193102
B2208:1:174,Dictyonota aubei Sign. 1865,Sign. 1865,Dictyonota,,aubei,,species,,B2208:1,synonym,B2208:1:173,Dictyonota pulchella Costa 1860,,,,,,,Tingitidae,Tingitinae,Dictyonota,Dictyonota,Tingitidae | Tingitinae | Tingitaria | Dictyonota | Dictyonota,Dictyonota Aubei Sign. 1865,,,,,
B2208:1:175,Dictyonota marmorea Baer. 1858,Baer. 1858,Dictyonota,Dictyonota,marmorea,,species,,B2208:1,accepted,,,B2208:1:170,Dictyonota Curt. 1827,,,,,Tingitidae,Tingitinae,Dictyonota,Dictyonota,Tingitidae | Tingitinae | Tingitaria | Dictyonota | Dictyonota,marmorea Baer. 1858,,35V45,4488927,35V45,4488927
B2208:1:176,Dictyonota strichnocera Fieb. 1844,Fieb. 1844,Dictyonota,Dictyonota,strichnocera,,species,,B2208:1,accepted,,,B2208:1:170,Dictyonota Curt. 1827,,,,,Tingitidae,Tingitinae,Dictyonota,Dictyonota,Tingitidae | Tingitinae | Tingitaria | Dictyonota | Dictyonota,strichnocera Fieb. 1844,,6D565,2020734,6D565,2020734
B2208:1:177,Dictyonota eryngii Curt. 1827,Curt. 1827,Dictyonota,,eryngii,,species,,B2208:1,synonym,B2208:1:176,Dictyonota strichnocera Fieb. 1844,,,,,,,Tingitidae,Tingitinae,Dictyonota,Dictyonota,Tingitidae | Tingitinae | Tingitaria | Dictyonota | Dictyonota,Dictyonota Eryngii Curt. 1827,,N7LMS,11243884,6D565,2020734
B2208:1:178,Tingis crassicornis H.-Sch. 1835,H.-Sch. 1835,Tingis,,crassicornis,,species,,B2208:1,synonym,B2208:1:176,Dictyonota strichnocera Fieb. 1844,,,,,,,Tingitidae,Tingitinae,Dictyonota,Dictyonota,Tingitidae | Tingitinae | Tingitaria | Dictyonota | Dictyonota,Tingis crassicornis H.-Sch. 1835,,T7SRN,10589374,6D55T,2020732
B2208:1:179,Dictyonota idonea Jak. 1903,Jak. 1903,Dictyonota,,idonea,,species,,B2208:1,synonym,B2208:1:176,Dictyonota strichnocera Fieb. 1844,,,,,,,Tingitidae,Tingitinae,Dictyonota,Dictyonota,Tingitidae | Tingitinae | Tingitaria | Dictyonota | Dictyonota,Dictyonota idonea Jak. 1903,,,,,
B2208:1:180,Dictyonota fuliginosa Costa 1852,Costa 1852,Dictyonota,Dictyonota,fuliginosa,,species,,B2208:1,accepted,,,B2208:1:170,Dictyonota Curt. 1827,,,,,Tingitidae,Tingitinae,Dictyonota,Dictyonota,Tingitidae | Tingitinae | Tingitaria | Dictyonota | Dictyonota,fuliginosa Costa 1852,,35V3Z,2020733,35V3Z,2020733
B2208:1:181,Dictyonota fieberi Fieb. 1861,Fieb. 1861,Dictyonota,,fieberi,,species,,B2208:1,synonym,B2208:1:180,Dictyonota fuliginosa Costa 1852,,,,,,,Tingitidae,Tingitinae,Dictyonota,Dictyonota,Tingitidae | Tingitinae | Tingitaria | Dictyonota | Dictyonota,Dictyonota Fieberi Fieb. 1861,,,,,
B2208:1:182,Alcletha Kirk. 1900,Kirk. 1900,Dictyonota,,,,subgenus,,B2208:1,accepted,,,B2208:1:169,Dictyonota Curt. 1827,,,,,Tingitidae,Tingitinae,Dictyonota,Alcletha,Tingitidae | Tingitinae | Tingitaria | Dictyonota,Alcletha Kirk. 1900,,8BML,,8BML,
B2208:1:183,Dictyonota lubugris Fieb. 1861,Fieb. 1861,Dictyonota,Alcletha,lubugris,,species,,B2208:1,accepted,,,B2208:1:182,Alcletha Kirk. 1900,,,,,Tingitidae,Tingitinae,Dictyonota,Alcletha,Tingitidae | Tingitinae | Tingitaria | Dictyonota | Alcletha,lubugris Fieb. 1861,,,,,
B2208:1:184,Dictyonota aethiops Horv. 1905,Horv. 1905,Dictyonota,Alcletha,aethiops,,species,,B2208:1,accepted,,,B2208:1:182,Alcletha Kirk. 1900,,,,,Tingitidae,Tingitinae,Dictyonota,Alcletha,Tingitidae | Tingitinae | Tingitaria | Dictyonota | Alcletha,aethiops Horv. 1905,,35V3Q,4489064,35V3Q,4489064
B2208:1:185,Dictyonota truncaticollis Put. 1879,Put. 1879,Dictyonota,,truncaticollis,,species,,B2208:1,synonym,B2208:1:184,Dictyonota aethiops Horv. 1905,,,,,,,Tingitidae,Tingitinae,Dictyonota,Alcletha,Tingitidae | Tingitinae | Tingitaria | Dictyonota | Alcletha,Dictyonota truncaticollis Put. 1879,,,,,
B2208:1:186,Dictyonota tricornis (Schrank 1801),(Schrank 1801),Dictyonota,Alcletha,tricornis,,species,,B2208:1,accepted,,,B2208:1:182,Alcletha Kirk. 1900,,,,,Tingitidae,Tingitinae,Dictyonota,Alcletha,Tingitidae | Tingitinae | Tingitaria | Dictyonota | Alcletha,tricornis (Schrank 1801),,6D55T,2020732,6D55T,2020732
B2208:1:187,Acanthia tricornis Schrank 1801,Schrank 1801,Acanthia,,tricornis,,species,,B2208:1,synonym,B2208:1:186,Dictyonota tricornis (Schrank 1801),,,,,,,Tingitidae,Tingitinae,Dictyonota,Alcletha,Tingitidae | Tingitinae | Tingitaria | Dictyonota | Alcletha,Acanthia tricornis Schrank 1801,,LVMH5,8993164,6D55T,2020732
B2208:1:188,Tingis erythrophthalma Germ. 1817,Germ. 1817,Tingis,,erythrophthalma,,species,,B2208:1,synonym,B2208:1:186,Dictyonota tricornis (Schrank 1801),,,,,,,Tingitidae,Tingitinae,Dictyonota,Alcletha,Tingitidae | Tingitinae | Tingitaria | Dictyonota | Alcletha,Tingis erythrophthalma Germ. 1817,,,,,
B2208:1:189,Tingis pilicornis H.-Sch. 1830,H.-Sch. 1830,Tingis,,pilicornis,,species,,B2208:1,synonym,B2208:1:186,Dictyonota tricornis (Schrank 1801),,,,,,,Tingitidae,Tingitinae,Dictyonota,Alcletha,Tingitidae | Tingitinae | Tingitaria | Dictyonota | Alcletha,Tingis pilicornis H.-Sch. 1830,,,,,
B2208:1:190,Monanthia lurida Garb. 1869,Garb. 1869,Monanthia,,lurida,,species,,B2208:1,synonym,B2208:1:186,Dictyonota tricornis (Schrank 1801),,,,,,,Tingitidae,Tingitinae,Dictyonota,Alcletha,Tingitidae | Tingitinae | Tingitaria | Dictyonota | Alcletha,Monanthia lurida Garb. 1869,,,,,
B2208:1:191,Dictyonota erythrocephala Garb. 1869,Garb. 1869,Dictyonota,,erythrocephala,,species,,B2208:1,synonym,B2208:1:186,Dictyonota tricornis (Schrank 1801),,,,,,,Tingitidae,Tingitinae,Dictyonota,Alcletha,Tingitidae | Tingitinae | Tingitaria | Dictyonota | Alcletha,Dictyonota erythrocephala Garb. 1869,,N7LMV,10344104,6D55T,2020732
B2208:1:192,Dictyonota tricornis var. cicur Horv. 1905,Horv. 1905,Dictyonota,Alcletha,tricornis,cicur,variety,,B2208:1,accepted,,,B2208:1:186,Dictyonota tricornis (Schrank 1801),,,,,Tingitidae,Tingitinae,Dictyonota,Alcletha,Tingitidae | Tingitinae | Tingitaria | Dictyonota | Alcletha | Dictyonota tricornis,var. cicur Horv. 1905,,CK4NH,,CK4NH,
B2208:1:193,Dictyonota aridula Jak. 1902,Jak. 1902,Dictyonota,Alcletha,aridula,,species,,B2208:1,accepted,,,B2208:1:182,Alcletha Kirk. 1900,,,,,Tingitidae,Tingitinae,Dictyonota,Alcletha,Tingitidae | Tingitinae | Tingitaria | Dictyonota | Alcletha,aridula Jak. 1902,,35V3R,7656852,35V3R,7656852
B2208:1:194,Kalama Put. 1876,Put. 1876,Dictyonota,,,,subgenus,,B2208:1,accepted,,,B2208:1:169,Dictyonota Curt. 1827,,,,,Tingitidae,Tingitinae,Dictyonota,Kalama,Tingitidae | Tingitinae | Tingitaria | Dictyonota,Kalama Put. 1876,,Q82DL,,Q82DL,
B2208:1:195,Dictyonota reuteri,,Dictyonota,Kalama,reuteri,,species,n. sp.,B2208:1,accepted,,,B2208:1:194,Kalama Put. 1876,,,,,Tingitidae,Tingitinae,Dictyonota,Kalama,Tingitidae | Tingitinae | Tingitaria | Dictyonota | Kalama,Reuteri n. sp.,,6CT7H,8240527,6CT7H,8240527
B2208:1:196,Dictyonota theryi (Montand. 1897),(Montand. 1897),Dictyonota,Kalama,theryi,,species,,B2208:1,accepted,,,B2208:1:194,Kalama Put. 1876,,,,,Tingitidae,Tingitinae,Dictyonota,Kalama,Tingitidae | Tingitinae | Tingitaria | Dictyonota | Kalama,Théryi (Montand. 1897),,35V52,7849844,35V52,7849844
B2208:1:197,Dictyonota theryi Montand. 1897,Montand. 1897,Dictyonota,,theryi,,species,,B2208:1,synonym,B2208:1:196,Dictyonota theryi (Montand. 1897),,,,,,,Tingitidae,Tingitinae,Dictyonota,Kalama,Tingitidae | Tingitinae | Tingitaria | Dictyonota | Kalama,Dictyonota Theryi Montand. 1897,,35V52,7849844,35V52,7849844
B2208:1:198,Dictyonota putonii Stål 1874,Stål 1874,Dictyonota,Kalama,putonii,,species,,B2208:1,accepted,,,B2208:1:194,Kalama Put. 1876,,,,,Tingitidae,Tingitinae,Dictyonota,Kalama,Tingitidae | Tingitinae | Tingitaria | Dictyonota | Kalama,Putonii Stål 1874,,35V4X,8090376,35V4X,8090376
B2208:1:199,Dictyonota putoni Stål 1874,Stål 1874,Dictyonota,,putoni,,species,,B2208:1,synonym,B2208:1:198,Dictyonota putonii Stål 1874,,,,,,,Tingitidae,Tingitinae,Dictyonota,Kalama,Tingitidae | Tingitinae | Tingitaria | Dictyonota | Kalama,Dictyonota Putoni Stål 1874,,35V4X,8090376,35V4X,8090376
B2208:1:200,Dictyonota brevicornis Ferr. 1884,Ferr. 1884,Dictyonota,Kalama,brevicornis,,species,,B2208:1,accepted,,,B2208:1:194,Kalama Put. 1876,,,,,Tingitidae,Tingitinae,Dictyonota,Kalama,Tingitidae | Tingitinae | Tingitaria | Dictyonota | Kalama,brevicornis Ferr. 1884,,35V4L,7924532,35V4L,7924532
B2208:1:201,Dictyonota putonii var. brevicornis Ferr. 1884,Ferr. 1884,Dictyonota,Kalama,putonii,brevicornis,variety,,B2208:1,synonym,B2208:1:200,Dictyonota brevicornis Ferr. 1884,,,,,,,Tingitidae,Tingitinae,Dictyonota,Kalama,Tingitidae | Tingitinae | Tingitaria | Dictyonota | Kalama,Dictyonota (Kalama) Putonii var. brevicornis Ferr. 1884,,,,,
B2208:1:202,Dictyonota coquereli (Put. 1876),(Put. 1876),Dictyonota,Kalama,coquereli,,species,,B2208:1,accepted,,,B2208:1:194,Kalama Put. 1876,,,,,Tingitidae,Tingitinae,Dictyonota,Kalama,Tingitidae | Tingitinae | Tingitaria | Dictyonota | Kalama,Coquereli (Put. 1876),,35V4M,8213844,35V4M,8213844
B2208:1:203,Kalama coquereli Put. 1876,Put. 1876,Kalama,,coquereli,,species,,B2208:1,synonym,B2208:1:202,Dictyonota coquereli (Put. 1876),,,,,,,Tingitidae,Tingitinae,Dictyonota,Kalama,Tingitidae | Tingitinae | Tingitaria | Dictyonota | Kalama,Kalama Coquereli Put. 1876,,Q82F8,4489054,35V4M,4489054
B2208:1:204,Eline Ferr.1878,Ferr.1878,Dictyonota,,,,subgenus,,B2208:1,accepted,,,B2208:1:169,Dictyonota Curt. 1827,,,,,Tingitidae,Tingitinae,Dictyonota,Eline,Tingitidae | Tingitinae | Tingitaria | Dictyonota,Eline Ferr.1878,,,,,
B2208:1:205,Dictyonota iberica Horv. 1905,Horv. 1905,Dictyonota,Eline,iberica,,species,,B2208:1,accepted,,,B2208:1:204,Eline Ferr.1878,,,,,Tingitidae,Tingitinae,Dictyonota,Eline,Tingitidae | Tingitinae | Tingitaria | Dictyonota | Eline,iberica Horv. 1905,,6CT66,4489050,6CT66,4489050
B2208:1:206,Dictyonota sicardi Put. 1894,Put. 1894,Dictyonota,Eline,sicardi,,species,,B2208:1,accepted,,,B2208:1:204,Eline Ferr.1878,,,,,Tingitidae,Tingitinae,Dictyonota,Eline,Tingitidae | Tingitinae | Tingitaria | Dictyonota | Eline,Sicardi Put. 1894,,35V4Z,8411042,35V4Z,8411042
B2208:1:207,Dictyonota fuentei Put. 1895,Put. 1895,Dictyonota,Eline,fuentei,,species,,B2208:1,accepted,,,B2208:1:204,Eline Ferr.1878,,,,,Tingitidae,Tingitinae,Dictyonota,Eline,Tingitidae | Tingitinae | Tingitaria | Dictyonota | Eline,Fuentei Put. 1895,,35V4C,4489056,35V4C,4489056
B2208:1:208,Dictyonota henschi Put. 1892,Put. 1892,Dictyonota,Eline,henschi,,species,,B2208:1,accepted,,,B2208:1:204,Eline Ferr.1878,,,,,Tingitidae,Tingitinae,Dictyonota,Eline,Tingitidae | Tingitinae | Tingitaria | Dictyonota | Eline,Henschi Put. 1892,,35V4D,4489068,35V4D,4489068
B2208:1:209,Dictyonota eupatoriae Jak. 1902,Jak. 1902,Dictyonota,Elina,eupatoriae,,species,,B2208:1,synonym,B2208:1:208,Dictyonota henschi Put. 1892,,,,,,,Tingitidae,Tingitinae,Dictyonota,Eline,Tingitidae | Tingitinae | Tingitaria | Dictyonota | Eline,Dictyonota (Elina) eupatoriae Jak. 1902,,,,,
B2208:1:210,Dictyonota beckeri Jak. 1871,Jak. 1871,Dictyonota,Eline,beckeri,,species,,B2208:1,accepted,,,B2208:1:204,Eline Ferr.1878,,,,,Tingitidae,Tingitinae,Dictyonota,Eline,Tingitidae | Tingitinae | Tingitaria | Dictyonota | Eline,Beckeri Jak. 1871,,35V4K,4489046,35V4K,4489046
B2208:1:211,Dictyonota marqueti Put. 1879,Put. 1879,Dictyonota,Eline,marqueti,,species,,B2208:1,accepted,,,B2208:1:204,Eline Ferr.1878,,,,,Tingitidae,Tingitinae,Dictyonota,Eline,Tingitidae | Tingitinae | Tingitaria | Dictyonota | Eline,Marqueti Put. 1879,,35V4F,4489070,35V4F,4489070
B2208:1:212,Derephysia Spin. 1837,Spin. 1837,,,,,genus,,B2208:1,accepted,,,B2208:1:61,Tingitaria,,,,,Tingitidae,Tingitinae,Derephysia,,Tingitidae | Tingitinae | Tingitaria,Derephysia Spin. 1837,,43DH,4489025,43DH,4489025
B2208:1:213,Derephysia sinuatocollis Put. 1879,Put. 1879,Derephysia,,sinuatocollis,,species,,B2208:1,accepted,,,B2208:1:212,Derephysia Spin. 1837,,,,,Tingitidae,Tingitinae,Derephysia,,Tingitidae | Tingitinae | Tingitaria | Derephysia,sinuatocollis Put. 1879,,NCZZS,4489035,34WCC,4489035
B2208:1:214,Derephysia foliacea var. sinuatocollis Put. 1879,Put. 1879,Derephysia,,foliacea,sinuatocollis,variety,,B2208:1,synonym,B2208:1:213,Derephysia sinuatocollis Put. 1879,,,,,,,Tingitidae,Tingitinae,Derephysia,,Tingitidae | Tingitinae | Tingitaria | Derephysia,Derephysia Foliacea var. Sinuatocollis Put. 1879,,ND23Q,,34WCC,
B2208:1:215,Derephysia brevicornis Reut. 1888,Reut. 1888,Derephysia,,brevicornis,,species,,B2208:1,accepted,,,B2208:1:212,Derephysia Spin. 1837,,,,,Tingitidae,Tingitinae,Derephysia,,Tingitidae | Tingitinae | Tingitaria | Derephysia,brevicornis Reut. 1888,,34WBY,7594791,34WBY,7594791
B2208:1:216,Derephysia foliacea (Fall. 1807),(Fall. 1807),Derephysia,,foliacea,,species,,B2208:1,accepted,,,B2208:1:212,Derephysia Spin. 1837,,,,,Tingitidae,Tingitinae,Derephysia,,Tingitidae | Tingitinae | Tingitaria | Derephysia,foliacea (Fall. 1807),,34WC3,4489029,34WC3,4489029
B2208:1:217,Tingis foliacea Fall. 1807,Fall. 1807,Tingis,,foliacea,,species,,B2208:1,synonym,B2208:1:216,Derephysia foliacea (Fall. 1807),,,,,,,Tingitidae,Tingitinae,Derephysia,,Tingitidae | Tingitinae | Tingitaria | Derephysia,Tingis foliacea Fall. 1807,,T7STK,6547380,34WC3,4489029
B2208:1:218,Derephysia foliacea var. biroi Horv. 1896,Horv. 1896,Derephysia,,foliacea,biroi,variety,,B2208:1,accepted,,,B2208:1:216,Derephysia foliacea (Fall. 1807),,,,,Tingitidae,Tingitinae,Derephysia,,Tingitidae | Tingitinae | Tingitaria | Derephysia | Derephysia foliacea,var. Birói Horv. 1896,,CK5C3,,CK5C3,
B2208:1:219,Derephysia lugens Horv. 1902,Horv. 1902,Derephysia,,lugens,,species,,B2208:1,accepted,,,B2208:1:212,Derephysia Spin. 1837,,,,,Tingitidae,Tingitinae,Derephysia,,Tingitidae | Tingitinae | Tingitaria | Derephysia,lugens Horv. 1902,,34WC8,7406307,34WC8,7406307
B2208:1:220,Derephysia rectinervis Put. 1887,Put. 1887,Derephysia,,rectinervis,,species,,B2208:1,accepted,,,B2208:1:212,Derephysia Spin. 1837,,,,,Tingitidae,Tingitinae,Derephysia,,Tingitidae | Tingitinae | Tingitaria | Derephysia,rectinervis Put. 1887,,34WCB,4489033,34WCB,4489033
B2208:1:221,Derephysia nigricosta Horv. 1905,Horv. 1905,Derephysia,,nigricosta,,species,,B2208:1,accepted,,,B2208:1:212,Derephysia Spin. 1837,,,,,Tingitidae,Tingitinae,Derephysia,,Tingitidae | Tingitinae | Tingitaria | Derephysia,nigricosta Horv. 1905,,6CNG8,4489036,6CNG8,4489036
B2208:1:222,Derephysia cristata (Panz. 1806),(Panz. 1806),Derephysia,,cristata,,species,,B2208:1,accepted,,,B2208:1:212,Derephysia Spin. 1837,,,,,Tingitidae,Tingitinae,Derephysia,,Tingitidae | Tingitinae | Tingitaria | Derephysia,cristata (Panz. 1806),,34WBW,4489027,34WBW,4489027
B2208:1:223,Tingis cristata Panz. 1806,Panz. 1806,Tingis,,cristata,,species,,B2208:1,synonym,B2208:1:222,Derephysia cristata (Panz. 1806),,,,,,,Tingitidae,Tingitinae,Derephysia,,Tingitidae | Tingitinae | Tingitaria | Derephysia,Tingis cristata Panz. 1806,,T7SRY,4489028,34WBW,4489027
B2208:1:224,Hyalochiton Horv. 1905,Horv. 1905,,,,,genus,,B2208:1,accepted,,,B2208:1:61,Tingitaria,,,,,Tingitidae,Tingitinae,Hyalochiton,,Tingitidae | Tingitinae | Tingitaria,Hyalochiton Horv. 1905,,636JT,4407336,636JT,4407336
B2208:1:225,Hyalochiton komaroffi (Jak. 1880),(Jak. 1880),Hyalochiton,,komaroffi,,species,,B2208:1,accepted,,,B2208:1:224,Hyalochiton Horv. 1905,,,,,Tingitidae,Tingitinae,Hyalochiton,,Tingitidae | Tingitinae | Tingitaria | Hyalochiton,Komaroffi (Jak. 1880),,3MW7T,4488853,3MW7T,4488853
B2208:1:226,Galeatus komaroffi Jak. 1880,Jak. 1880,Galeatus,,komaroffi,,species,,B2208:1,synonym,B2208:1:225,Hyalochiton komaroffi (Jak. 1880),,,,,,,Tingitidae,Tingitinae,Hyalochiton,,Tingitidae | Tingitinae | Tingitaria | Hyalochiton,Galeatus Komaroffi Jak. 1880,,NTPGX,4488854,3MW7T,4488853
B2208:1:227,Galeatus debilis Montand. 1887,Montand. 1887,Galeatus,,debilis,,species,,B2208:1,synonym,B2208:1:225,Hyalochiton komaroffi (Jak. 1880),,,,,,,Tingitidae,Tingitinae,Hyalochiton,,Tingitidae | Tingitinae | Tingitaria | Hyalochiton,Galeatus debilis Montand. 1887,,,,,
B2208:1:228,Hyalochiton syrmiensis (Horv. 1897),(Horv. 1897),Hyalochiton,,syrmiensis,,species,,B2208:1,accepted,,,B2208:1:224,Hyalochiton Horv. 1905,,,,,Tingitidae,Tingitinae,Hyalochiton,,Tingitidae | Tingitinae | Tingitaria | Hyalochiton,syrmiensis (Horv. 1897),,3MW7W,4488855,3MW7W,4488855
B2208:1:229,Galeatus syrmiensis Horv. 1897,Horv. 1897,Galeatus,,syrmiensis,,species,,B2208:1,synonym,B2208:1:228,Hyalochiton syrmiensis (Horv. 1897),,,,,,,Tingitidae,Tingitinae,Hyalochiton,,Tingitidae | Tingitinae | Tingitaria | Hyalochiton,Galeatus syrmiensis Horv. 1897,,NTPKN,4488856,3MW7W,4488855
B2208:1:230,Hyalochiton colpochilus (Horv. 1897),(Horv. 1897),Hyalochiton,,colpochilus,,species,,B2208:1,accepted,,,B2208:1:224,Hyalochiton Horv. 1905,,,,,Tingitidae,Tingitinae,Hyalochiton,,Tingitidae | Tingitinae | Tingitaria | Hyalochiton,colpochilus (Horv. 1897),,3MW7S,4488857,3MW7S,4488857
B2208:1:231,Galeatus colpochilus Horv. 1897,Horv. 1897,Galeatus,,colpochilus,,species,,B2208:1,synonym,B2208:1:230,Hyalochiton colpochilus (Horv. 1897),,,,,,,Tingitidae,Tingitinae,Hyalochiton,,Tingitidae | Tingitinae | Tingitaria | Hyalochiton,Galeatus colpochilus Horv. 1897,,NTPG5,4488858,3MW7S,4488857
B2208:1:232,Hyalochiton colpochilus var. consimilis (Horv. 1905),(Horv. 1905),Hyalochiton,,colpochilus,consimilis,variety,,B2208:1,accepted,,,B2208:1:230,Hyalochiton colpochilus (Horv. 1897),,,,,Tingitidae,Tingitinae,Hyalochiton,,Tingitidae | Tingitinae | Tingitaria | Hyalochiton | Hyalochiton colpochilus,var. consimilis (Horv. 1905),,CKDKV,,CKDKV,
B2208:1:233,Galeatus consimilis Horv. 1905,Horv. 1905,Galeatus,,consimilis,,species,,B2208:1,synonym,B2208:1:232,Hyalochiton colpochilus var. consimilis (Horv. 1905),,,,,,,Tingitidae,Tingitinae,Hyalochiton,,Tingitidae | Tingitinae | Tingitaria | Hyalochiton | Hyalochiton colpochilus,Galeatus consimilis Horv. 1905,,,,,
B2208:1:234,Hyalochiton multiseriatus (Reut. 1888),(Reut. 1888),Hyalochiton,,multiseriatus,,species,,B2208:1,accepted,,,B2208:1:224,Hyalochiton Horv. 1905,,,,,Tingitidae,Tingitinae,Hyalochiton,,Tingitidae | Tingitinae | Tingitaria | Hyalochiton,multiseriatus (Reut. 1888),,6MGVB,4488859,6MGVB,4488859
B2208:1:235,Galeatus multiseriatus Reut. 1888,Reut. 1888,Galeatus,,multiseriatus,,species,,B2208:1,synonym,B2208:1:234,Hyalochiton multiseriatus (Reut. 1888),,,,,,,Tingitidae,Tingitinae,Hyalochiton,,Tingitidae | Tingitinae | Tingitaria | Hyalochiton,Galeatus multiseriatus Reut. 1888,,,4488860,,4488859
B2208:1:236,Hyalochiton strumosus (Horv. 1902),(Horv. 1902),Hyalochiton,,strumosus,,species,,B2208:1,accepted,,,B2208:1:224,Hyalochiton Horv. 1905,,,,,Tingitidae,Tingitinae,Hyalochiton,,Tingitidae | Tingitinae | Tingitaria | Hyalochiton,strumosus (Horv. 1902),,3MW7V,7391791,3MW7V,7391791
B2208:1:237,Galeatus strumosus Horv. 1902,Horv. 1902,Galeatus,,strumosus,,species,,B2208:1,synonym,B2208:1:236,Hyalochiton strumosus (Horv. 1902),,,,,,,Tingitidae,Tingitinae,Hyalochiton,,Tingitidae | Tingitinae | Tingitaria | Hyalochiton,Galeatus strumosus Horv. 1902,,,,,
B2208:1:238,Galeatus Curt. 1833,Curt. 1833,,,,,genus,,B2208:1,accepted,,,B2208:1:61,Tingitaria,,,,,Tingitidae,Tingitinae,Galeatus,,Tingitidae | Tingitinae | Tingitaria,Galeatus Curt. 1833,,4LTM,2020771,4LTM,2020771
B2208:1:239,Galeatus inermis (Jak. 1875),(Jak. 1875),Galeatus,,inermis,,species,,B2208:1,accepted,,,B2208:1:238,Galeatus Curt. 1833,,,,,Tingitidae,Tingitinae,Galeatus,,Tingitidae | Tingitinae | Tingitaria | Galeatus,inermis (Jak. 1875),,3F3C2,4489020,3F3C2,4489020
B2208:1:240,Tingis inermis Jak. 1875,Jak. 1875,Tingis,,inermis,,species,,B2208:1,synonym,B2208:1:239,Galeatus inermis (Jak. 1875),,,,,,,Tingitidae,Tingitinae,Galeatus,,Tingitidae | Tingitinae | Tingitaria | Galeatus,Tingis inermis Jak. 1875,,,4489021,,4489020
B2208:1:241,Galeatus brevispinus Jak. 1880,Jak. 1880,Galeatus,,brevispinus,,species,,B2208:1,accepted,,,B2208:1:238,Galeatus Curt. 1833,,,,,Tingitidae,Tingitinae,Galeatus,,Tingitidae | Tingitinae | Tingitaria | Galeatus,brevispinus Jak. 1880,,,,,
B2208:1:242,Galeatus sinuatus (H.-Sch. 1839),(H.-Sch. 1839),Galeatus,,sinuatus,,species,,B2208:1,accepted,,,B2208:1:238,Galeatus Curt. 1833,,,,,Tingitidae,Tingitinae,Galeatus,,Tingitidae | Tingitinae | Tingitaria | Galeatus,sinuatus (H.-Sch. 1839),,3F3C9,4489013,3F3C9,4489013
B2208:1:243,Tingis sinuata H.-Sch. 1839,H.-Sch. 1839,Tingis,,sinuata,,species,,B2208:1,synonym,B2208:1:242,Galeatus sinuatus (H.-Sch. 1839),,,,,,,Tingitidae,Tingitinae,Galeatus,,Tingitidae | Tingitinae | Tingitaria | Galeatus,Tingis sinuata H.-Sch. 1839,,,4489014,,4489013
B2208:1:244,Tingis perspicuus Jak. 1875,Jak. 1875,Tingis,,perspicuus,,species,,B2208:1,synonym,B2208:1:242,Galeatus sinuatus (H.-Sch. 1839),,,,,,,Tingitidae,Tingitinae,Galeatus,,Tingitidae | Tingitinae | Tingitaria | Galeatus,Tingis perspicuus Jak. 1875,,,,,
B2208:1:245,Galeatus scrophicus Saund. 1872,Saund. 1872,Galeatus,,scrophicus,,species,,B2208:1,accepted,,,B2208:1:238,Galeatus Curt. 1833,,,,,Tingitidae,Tingitinae,Galeatus,,Tingitidae | Tingitinae | Tingitaria | Galeatus,scrophicus Saund. 1872,,3F3C8,10900913,3F3C8,10900913
B2208:1:246,Galeatus semilucidus Jak. 1884,Jak. 1884,Galeatus,,semilucidus,,species,,B2208:1,synonym,B2208:1:245,Galeatus scrophicus Saund. 1872,,,,,,,Tingitidae,Tingitinae,Galeatus,,Tingitidae | Tingitinae | Tingitaria | Galeatus,Galeatus semilucidus Jak. 1884,,,,,
B2208:1:247,Galeatus cellularis Jak. 1884,Jak. 1884,Galeatus,,cellularis,,species,,B2208:1,accepted,,,B2208:1:238,Galeatus Curt. 1833,,,,,Tingitidae,Tingitinae,Galeatus,,Tingitidae | Tingitinae | Tingitaria | Galeatus,cellularis Jak. 1884,,3F3BW,4489017,3F3BW,4489017
B2208:1:248,Galeatus angusticollis Reut. 1874,Reut. 1874,Galeatus,,angusticollis,,species,,B2208:1,accepted,,,B2208:1:238,Galeatus Curt. 1833,,,,,Tingitidae,Tingitinae,Galeatus,,Tingitidae | Tingitinae | Tingitaria | Galeatus,angusticollis Reut. 1874,,,,,
B2208:1:249,Galeatus spinifrons (Fall. 1807),(Fall. 1807),Galeatus,,spinifrons,,species,,B2208:1,accepted,,,B2208:1:238,Galeatus Curt. 1833,,,,,Tingitidae,Tingitinae,Galeatus,,Tingitidae | Tingitinae | Tingitaria | Galeatus,spinifrons (Fall. 1807),,6JW4Z,2020772,6JW4Z,2020772
B2208:1:250,Tingis spinifrons Fall. 1807,Fall. 1807,Tingis,,spinifrons,,species,,B2208:1,synonym,B2208:1:249,Galeatus spinifrons (Fall. 1807),,,,,,,Tingitidae,Tingitinae,Galeatus,,Tingitidae | Tingitinae | Tingitaria | Galeatus,Tingis spinifrons Fall. 1807,,T7T45,2020773,6JW4Z,2020772
B2208:1:251,Tingis affinis H.-Sch. 1835,H.-Sch. 1835,Tingis,,affinis,,species,,B2208:1,synonym,B2208:1:249,Galeatus spinifrons (Fall. 1807),,,,,,,Tingitidae,Tingitinae,Galeatus,,Tingitidae | Tingitinae | Tingitaria | Galeatus,Tingis affinis H.-Sch. 1835,,T7SM4,4489022,NTPF2,2020774
B2208:1:252,Galeatus maculatus (H.-Sch. 1839),(H.-Sch. 1839),Galeatus,,maculatus,,species,,B2208:1,accepted,,,B2208:1:238,Galeatus Curt. 1833,,,,,Tingitidae,Tingitinae,Galeatus,,Tingitidae | Tingitinae | Tingitaria | Galeatus,maculatus (H.-Sch. 1839),,3F3C3,4489015,3F3C3,4489015
B2208:1:253,Tingis pyri H.-Sch. 1835,H.-Sch. 1835,Tingis,,pyri,,species,,B2208:1,synonym,B2208:1:252,Galeatus maculatus (H.-Sch. 1839),,,,,,,Tingitidae,Tingitinae,Galeatus,,Tingitidae | Tingitinae | Tingitaria | Galeatus,Tingis pyri H.-Sch. 1835,,,,,
B2208:1:254,Tingis cristata Schill. 1838,Schill. 1838,Tingis,,cristata,,species,,B2208:1,synonym,B2208:1:252,Galeatus maculatus (H.-Sch. 1839),,,,,,,Tingitidae,Tingitinae,Galeatus,,Tingitidae | Tingitinae | Tingitaria | Galeatus,Tingis cristata Schill. 1838,,T7SRY,4489028,34WBW,4489027
B2208:1:255,Tingis maculata H.-Sch. 1839,H.-Sch. 1839,Tingis,,maculata,,species,,B2208:1,synonym,B2208:1:252,Galeatus maculatus (H.-Sch. 1839),,,,,,,Tingitidae,Tingitinae,Galeatus,,Tingitidae | Tingitinae | Tingitaria | Galeatus,Tingis maculata H.-Sch. 1839,,T7SJ6,4489118,3F3C3,4489015
B2208:1:256,Tingis subglobosa H.-Sch. 1839,H.-Sch. 1839,Tingis,,subglobosa,,species,,B2208:1,synonym,B2208:1:252,Galeatus maculatus (H.-Sch. 1839),,,,,,,Tingitidae,Tingitinae,Galeatus,,Tingitidae | Tingitinae | Tingitaria | Galeatus,Tingis subglobosa H.-Sch. 1839,,T7T4S,12105739,3F3C3,4489015
B2208:1:257,Galeatus major Put. 1886,Put. 1886,Galeatus,,major,,species,,B2208:1,accepted,,,B2208:1:238,Galeatus Curt. 1833,,,,,Tingitidae,Tingitinae,Galeatus,,Tingitidae | Tingitinae | Tingitaria | Galeatus,major Put. 1886,,3F3C4,4489023,3F3C4,4489023
B2208:1:258,Galeatus maculatus var. major Put. 1886,Put. 1886,Galeatus,,maculatus,major,variety,,B2208:1,synonym,B2208:1:257,Galeatus major Put. 1886,,,,,,,Tingitidae,Tingitinae,Galeatus,,Tingitidae | Tingitinae | Tingitaria | Galeatus,Galeatus maculatus var. major Put. 1886,,,,,
B2208:1:259,Galeatus decorus Jak. 1880,Jak. 1880,Galeatus,,decorus,,species,,B2208:1,accepted,,,B2208:1:238,Galeatus Curt. 1833,,,,,Tingitidae,Tingitinae,Galeatus,,Tingitidae | Tingitinae | Tingitaria | Galeatus,decorus Jak. 1880,,3F3BY,4489024,3F3BY,4489024
B2208:1:260,Aconchus Horv. 1905,Horv. 1905,,,,,genus,,B2208:1,accepted,,,B2208:1:61,Tingitaria,,,,,Tingitidae,Tingitinae,Aconchus,,Tingitidae | Tingitinae | Tingitaria,Aconchus Horv. 1905,,N5D,4773737,N5D,4773737
B2208:1:261,Aconchus urbanus (Horv. 1905),(Horv. 1905),Aconchus,,urbanus,,species,,B2208:1,accepted,,,B2208:1:260,Aconchus Horv. 1905,,,,,Tingitidae,Tingitinae,Aconchus,,Tingitidae | Tingitinae | Tingitaria | Aconchus,urbanus (Horv. 1905),,9FZT,8310059,9FZT,8310059
B2208:1:262,Galeatus urbanus Horv. 1905,Horv. 1905,Galeatus,Aconchus,urbanus,,species,,B2208:1,synonym,B2208:1:261,Aconchus urbanus (Horv. 1905),,,,,,,Tingitidae,Tingitinae,Aconchus,Aconchus,Tingitidae | Tingitinae | Tingitaria | Aconchus,Galeatus (Aconchus) urbanus Horv. 1905,,VBD7V,,9FZT,
B2208:1:263,Stephanitis Stål 1873,Stål 1873,,,,,genus,,B2208:1,accepted,,,B2208:1:61,Tingitaria,,,,,Tingitidae,Tingitinae,Stephanitis,,Tingitidae | Tingitinae | Tingitaria,Stephanitis Stål 1873,,7N23,2020685,7N23,2020685
B2208:1:264,Cadamustus Dist. 1903,Dist. 1903,,,,,genus,,B2208:1,synonym,B2208:1:263,Stephanitis Stål 1873,,,,,,,Tingitidae,Tingitinae,Cadamustus,,Tingitidae | Tingitinae | Tingitaria,Cadamustus Dist. 1903,,M3SCN,4784481,7N23,2020685
B2208:1:265,Maecenas Kirk. 1904,Kirk. 1904,,,,,genus,,B2208:1,synonym,B2208:1:263,Stephanitis Stål 1873,,,,,,,Tingitidae,Tingitinae,Maecenas,,Tingitidae | Tingitinae | Tingitaria,Maecenas Kirk. 1904,,QDC5Z,,7N23,
B2208:1:266,Stephanitis rhododendri Horv. 1905,Horv. 1905,Stephanitis,,rhododendri,,species,,B2208:1,accepted,,,B2208:1:263,Stephanitis Stål 1873,,,,,Tingitidae,Tingitinae,Stephanitis,,Tingitidae | Tingitinae | Tingitaria | Stephanitis,Rhododendri Horv. 1905,,52BVT,2020688,52BVT,2020688
B2208:1:267,Stephanitis pyri (Fabr. 1775),(Fabr. 1775),Stephanitis,,pyri,,species,,B2208:1,accepted,,,B2208:1:263,Stephanitis Stål 1873,,,,,Tingitidae,Tingitinae,Stephanitis,,Tingitidae | Tingitinae | Tingitaria | Stephanitis,Pyri (Fabr. 1775),,52BVP,2020690,52BVP,2020690
B2208:1:268,Acanthia pyri Fabr. 1775,Fabr. 1775,Acanthia,,pyri,,species,,B2208:1,synonym,B2208:1:267,Stephanitis pyri (Fabr. 1775),,,,,,,Tingitidae,Tingitinae,Stephanitis,,Tingitidae | Tingitinae | Tingitaria | Stephanitis,Acanthia Pyri Fabr. 1775,,LVMFL,2020691,52BVP,2020690
B2208:1:269,Cimex appendiceus Fourcr. 1785,Fourcr. 1785,Cimex,,appendiceus,,species,,B2208:1,synonym,B2208:1:267,Stephanitis pyri (Fabr. 1775),,,,,,,Tingitidae,Tingitinae,Stephanitis,,Tingitidae | Tingitinae | Tingitaria | Stephanitis,Cimex appendiceus Fourcr. 1785,,,,,
B2208:1:270,Tingis marginata Lamarck 1816,Lamarck 1816,Tingis,,marginata,,species,,B2208:1,synonym,B2208:1:267,Stephanitis pyri (Fabr. 1775),,,,,,,Tingitidae,Tingitinae,Stephanitis,,Tingitidae | Tingitinae | Tingitaria | Stephanitis,Tingis marginata Lamarck 1816,,T7SXS,12300639,64BC3,4489008
B2208:1:271,Stephanitis azaleae Horv. 1905,Horv. 1905,Stephanitis,,azaleae,,species,,B2208:1,accepted,,,B2208:1:263,Stephanitis Stål 1873,,,,,Tingitidae,Tingitinae,Stephanitis,,Tingitidae | Tingitinae | Tingitaria | Stephanitis,Azaleae Horv. 1905,,,,,
B2208:1:272,Tingis pyrioides Scott 1874,Scott 1874,Tingis,,pyrioides,,species,,B2208:1,synonym,B2208:1:271,Stephanitis azaleae Horv. 1905,,,,,,,Tingitidae,Tingitinae,Stephanitis,,Tingitidae | Tingitinae | Tingitaria | Stephanitis,Tingis pyrioides Scott 1874,,T7T29,4488935,52BVQ,2020689
B2208:1:273,Stephanitis chlorophana (Fieb. 1861),(Fieb. 1861),Stephanitis,,chlorophana,,species,,B2208:1,accepted,,,B2208:1:263,Stephanitis Stål 1873,,,,,Tingitidae,Tingitinae,Stephanitis,,Tingitidae | Tingitinae | Tingitaria | Stephanitis,chlorophana (Fieb. 1861),,52BV3,4488936,52BV3,4488936
B2208:1:274,Tingis chlorophana Fieb. 1861,Fieb. 1861,Tingis,,chlorophana,,species,,B2208:1,synonym,B2208:1:273,Stephanitis chlorophana (Fieb. 1861),,,,,,,Tingitidae,Tingitinae,Stephanitis,,Tingitidae | Tingitinae | Tingitaria | Stephanitis,Tingis chlorophana Fieb. 1861,,,4488937,,4488936
B2208:1:275,Stephanitis oberti (Kol. 1856),(Kol. 1856),Stephanitis,,oberti,,species,,B2208:1,accepted,,,B2208:1:263,Stephanitis Stål 1873,,,,,Tingitidae,Tingitinae,Stephanitis,,Tingitidae | Tingitinae | Tingitaria | Stephanitis,Oberti (Kol. 1856),,52BVJ,4488933,52BVJ,4488933
B2208:1:276,Campylosteira oberti Kol. 1856,Kol. 1856,Campylosteira,,oberti,,species,,B2208:1,synonym,B2208:1:275,Stephanitis oberti (Kol. 1856),,,,,,,Tingitidae,Tingitinae,Stephanitis,,Tingitidae | Tingitinae | Tingitaria | Stephanitis,Campylosteira Oberti Kol. 1856,,M4QGY,4488934,52BVJ,4488933
B2208:1:277,Elasmotropis Stål 1874,Stål 1874,,,,,genus,,B2208:1,accepted,,,B2208:1:61,Tingitaria,,,,,Tingitidae,Tingitinae,Elasmotropis,,Tingitidae | Tingitinae | Tingitaria,Elasmotropis Stål 1874,,632C8,4405573,632C8,4405573
B2208:1:278,Elasmotropis selecta,,Elasmotropis,,selecta,,species,)Horv. 1891(,B2208:1,accepted,,,B2208:1:277,Elasmotropis Stål 1874,,,,,Tingitidae,Tingitinae,Elasmotropis,,Tingitidae | Tingitinae | Tingitaria | Elasmotropis,selecta )Horv. 1891(,,6F2SL,7543499,6F2SL,7543499
B2208:1:279,Phyllonthocheila testacea var. selecta Horv. 1891,Horv. 1891,Phyllonthocheila,,testacea,selecta,variety,,B2208:1,synonym,B2208:1:278,Elasmotropis selecta,,,,,,,Tingitidae,Tingitinae,Elasmotropis,,Tingitidae | Tingitinae | Tingitaria | Elasmotropis,Phyllonthocheila testacea var. selecta Horv. 1891,,,,,
B2208:1:280,Elasmotropis testacea (H.-Sch. 1830),(H.-Sch. 1830),Elasmotropis,,testacea,,species,,B2208:1,accepted,,,B2208:1:277,Elasmotropis Stål 1874,,,,,Tingitidae,Tingitinae,Elasmotropis,,Tingitidae | Tingitinae | Tingitaria | Elasmotropis,testacea (H.-Sch. 1830),,394VV,4488979,394VV,4488979
B2208:1:281,Tingis testacea H.-Sch. 1830,H.-Sch. 1830,Tingis,,testacea,,species,,B2208:1,synonym,B2208:1:280,Elasmotropis testacea (H.-Sch. 1830),,,,,,,Tingitidae,Tingitinae,Elasmotropis,,Tingitidae | Tingitinae | Tingitaria | Elasmotropis,Tingis testacea H.-Sch. 1830,,,4488980,,4488979
B2208:1:282,Monanthia echinopsis Fieb. 1844,Fieb. 1844,Monanthia,,echinopsis,,species,,B2208:1,synonym,B2208:1:280,Elasmotropis testacea (H.-Sch. 1830),,,,,,,Tingitidae,Tingitinae,Elasmotropis,,Tingitidae | Tingitinae | Tingitaria | Elasmotropis,Monanthia Echinopsis Fieb. 1844,,,,,
B2208:1:283,Monanthia echinopsidis Fieb. 1861,Fieb. 1861,Monanthia,,echinopsidis,,species,,B2208:1,synonym,B2208:1:280,Elasmotropis testacea (H.-Sch. 1830),,,,,,,Tingitidae,Tingitinae,Elasmotropis,,Tingitidae | Tingitinae | Tingitaria | Elasmotropis,Monanthia echinopsidis Fieb. 1861,,,,,
B2208:1:284,Elasmotropis testacea var. vicina,,Elasmotropis,,testacea,vicina,variety,n.,B2208:1,accepted,,,B2208:1:280,Elasmotropis testacea (H.-Sch. 1830),,,,,Tingitidae,Tingitinae,Elasmotropis,,Tingitidae | Tingitinae | Tingitaria | Elasmotropis | Elasmotropis testacea,var. vicina n.,,CK6G3,,CK6G3,
B2208:1:285,Elasmotropis testacea var. platydera,,Elasmotropis,,testacea,platydera,variety,n.,B2208:1,accepted,,,B2208:1:280,Elasmotropis testacea (H.-Sch. 1830),,,,,Tingitidae,Tingitinae,Elasmotropis,,Tingitidae | Tingitinae | Tingitaria | Elasmotropis | Elasmotropis testacea,var. platydera n.,,CK6G2,,CK6G2,
B2208:1:286,Elasmotropis testacea var. egena (Put. 1879),(Put. 1879),Elasmotropis,,testacea,egena,variety,,B2208:1,accepted,,,B2208:1:280,Elasmotropis testacea (H.-Sch. 1830),,,,,Tingitidae,Tingitinae,Elasmotropis,,Tingitidae | Tingitinae | Tingitaria | Elasmotropis | Elasmotropis testacea,var. egena (Put. 1879),,CK6FZ,,CK6FZ,
B2208:1:287,Monanthia testacea var. egena Put. 1879,Put. 1879,Monanthia,,testacea,egena,variety,,B2208:1,synonym,B2208:1:286,Elasmotropis testacea var. egena (Put. 1879),,,,,,,Tingitidae,Tingitinae,Elasmotropis,,Tingitidae | Tingitinae | Tingitaria | Elasmotropis | Elasmotropis testacea,Monanthia testacea var. egena Put. 1879,,,,,
B2208:1:288,Elasmotropis distans Jak. 1873,Jak. 1873,Elasmotropis,,distans,,species,,B2208:1,accepted,,,B2208:1:277,Elasmotropis Stål 1874,,,,,Tingitidae,Tingitinae,Elasmotropis,,Tingitidae | Tingitinae | Tingitaria | Elasmotropis,distans Jak. 1873,,394VR,7645153,394VR,7645153
B2208:1:289,Lasiacantha Stål,Stål,,,,,genus,,B2208:1,accepted,,,B2208:1:61,Tingitaria,,,,,Tingitidae,Tingitinae,Lasiacantha,,Tingitidae | Tingitinae | Tingitaria,Lasiacantha Stål,,62XF2,4488861,62XF2,4488861
B2208:1:290,Lasiacantha hedenborgii (Stål 1873),(Stål 1873),Lasiacantha,,hedenborgii,,species,,B2208:1,accepted,,,B2208:1:289,Lasiacantha Stål,,,,,Tingitidae,Tingitinae,Lasiacantha,,Tingitidae | Tingitinae | Tingitaria | Lasiacantha,Hedenborgii (Stål 1873),,3SC7Q,4488863,3SC7Q,4488863
B2208:1:291,Tingis hedenborgii Stål 1873,Stål 1873,Tingis,Lasiacantha,hedenborgii,,species,,B2208:1,synonym,B2208:1:290,Lasiacantha hedenborgii (Stål 1873),,,,,,,Tingitidae,Tingitinae,Lasiacantha,Lasiacantha,Tingitidae | Tingitinae | Tingitaria | Lasiacantha,Tingis (Lasiacantha) Hedenborgii Stål 1873,,,4488864,,4488863
B2208:1:292,Lasiacantha gracilis (H.-Sch. 1830),(H.-Sch. 1830),Lasiacantha,,gracilis,,species,,B2208:1,accepted,,,B2208:1:289,Lasiacantha Stål,,,,,Tingitidae,Tingitinae,Lasiacantha,,Tingitidae | Tingitinae | Tingitaria | Lasiacantha,gracilis (H.-Sch. 1830),,3SC7N,4488872,3SC7N,4488872
B2208:1:293,Tingis gracilis H.-Sch. 1830,H.-Sch. 1830,Tingis,,gracilis,,species,,B2208:1,synonym,B2208:1:292,Lasiacantha gracilis (H.-Sch. 1830),,,,,,,Tingitidae,Tingitinae,Lasiacantha,,Tingitidae | Tingitinae | Tingitaria | Lasiacantha,Tingis gracilis H.-Sch. 1830,,,4488873,,4488872
B2208:1:294,Monanthia piligera Garb. 1869,Garb. 1869,Monanthia,,piligera,,species,,B2208:1,synonym,B2208:1:292,Lasiacantha gracilis (H.-Sch. 1830),,,,,,,Tingitidae,Tingitinae,Lasiacantha,,Tingitidae | Tingitinae | Tingitaria | Lasiacantha,Monanthia piligera Garb. 1869,,,,,
B2208:1:295,Monanthia cucullifera Put. 1888,Put. 1888,Monanthia,,cucullifera,,species,,B2208:1,synonym,B2208:1:292,Lasiacantha gracilis (H.-Sch. 1830),,,,,,,Tingitidae,Tingitinae,Lasiacantha,,Tingitidae | Tingitinae | Tingitaria | Lasiacantha,Monanthia cucullifera Put. 1888,,,,,
B2208:1:296,Lasiacantha capucina (Germ. 1836),(Germ. 1836),Lasiacantha,,capucina,,species,,B2208:1,accepted,,,B2208:1:289,Lasiacantha Stål,,,,,Tingitidae,Tingitinae,Lasiacantha,,Tingitidae | Tingitinae | Tingitaria | Lasiacantha,capucina (Germ. 1836),,6NYSX,4488865,6NYSX,4488865
B2208:1:297,Acanthia cardui Schellenb. 1800,Schellenb. 1800,Acanthia,,cardui,,species,,B2208:1,synonym,B2208:1:296,Lasiacantha capucina (Germ. 1836),,,,,,,Tingitidae,Tingitinae,Lasiacantha,,Tingitidae | Tingitinae | Tingitaria | Lasiacantha,Acanthia cardui Schellenb. 1800,,,,,
B2208:1:298,Tingis capucina Germ. 1836,Germ. 1836,Tingis,,capucina,,species,,B2208:1,synonym,B2208:1:296,Lasiacantha capucina (Germ. 1836),,,,,,,Tingitidae,Tingitinae,Lasiacantha,,Tingitidae | Tingitinae | Tingitaria | Lasiacantha,Tingis capucina Germ. 1836,,T7SPQ,4488868,6NYSX,4488865
B2208:1:299,Monanthia setulosa Fieb. 1844,Fieb. 1844,Monanthia,,setulosa,,species,,B2208:1,synonym,B2208:1:296,Lasiacantha capucina (Germ. 1836),,,,,,,Tingitidae,Tingitinae,Lasiacantha,,Tingitidae | Tingitinae | Tingitaria | Lasiacantha,Monanthia setulosa Fieb. 1844,,,,,
B2208:1:300,Lasiacantha histricula (Put. 1878),(Put. 1878),Lasiacantha,,histricula,,species,,B2208:1,accepted,,,B2208:1:289,Lasiacantha Stål,,,,,Tingitidae,Tingitinae,Lasiacantha,,Tingitidae | Tingitinae | Tingitaria | Lasiacantha,histricula (Put. 1878),,3SC7S,4488870,3SC7S,4488870
B2208:1:301,Monanthia histricula Put. 1878,Put. 1878,Monanthia,Lasiacantha,histricula,,species,,B2208:1,synonym,B2208:1:300,Lasiacantha histricula (Put. 1878),,,,,,,Tingitidae,Tingitinae,Lasiacantha,Lasiacantha,Tingitidae | Tingitinae | Tingitaria | Lasiacantha,Monanthia (Lasiacantha) histricula Put. 1878,,R6CRD,4488871,3SC7S,4488870
B2208:1:302,Tingis Fabr. 1803,Fabr. 1803,,,,,genus,,B2208:1,accepted,,,B2208:1:61,Tingitaria,,,,,Tingitidae,Tingitinae,Tingis,,Tingitidae | Tingitinae | Tingitaria,Tingis Fabr. 1803,,7X48,2008274,7X48,2008274
B2208:1:303,Lasiotropis Stål 1874,Stål 1874,Tingis,,,,subgenus,,B2208:1,accepted,,,B2208:1:302,Tingis Fabr. 1803,,,,,Tingitidae,Tingitinae,Tingis,Lasiotropis,Tingitidae | Tingitinae | Tingitaria | Tingis,Lasiotropis Stål 1874,,8DYV,,8DYV,
B2208:1:304,Tingis ragusana (Fieb. 1861),(Fieb. 1861),Tingis,Lasiotropis,ragusana,,species,,B2208:1,accepted,,,B2208:1:303,Lasiotropis Stål 1874,,,,,Tingitidae,Tingitinae,Tingis,Lasiotropis,Tingitidae | Tingitinae | Tingitaria | Tingis | Lasiotropis,ragusana (Fieb. 1861),,572ZM,4489127,572ZM,4489127
B2208:1:305,Monanthia ragusana Fieb. 1861,Fieb. 1861,Monanthia,,ragusana,,species,,B2208:1,synonym,B2208:1:304,Tingis ragusana (Fieb. 1861),,,,,,,Tingitidae,Tingitinae,Tingis,Lasiotropis,Tingitidae | Tingitinae | Tingitaria | Tingis | Lasiotropis,Monanthia ragusana Fieb. 1861,,R6CW3,4489128,572ZM,4489127
B2208:1:306,Monanthia ovatula Jak. 1877,Jak. 1877,Monanthia,,ovatula,,species,,B2208:1,synonym,B2208:1:304,Tingis ragusana (Fieb. 1861),,,,,,,Tingitidae,Tingitinae,Tingis,Lasiotropis,Tingitidae | Tingitinae | Tingitaria | Tingis | Lasiotropis,Monanthia ovatula Jak. 1877,,,,,
B2208:1:307,Tingis trichonota (Put. 1874),(Put. 1874),Tingis,Lasiotropis,trichonota,,species,,B2208:1,accepted,,,B2208:1:303,Lasiotropis Stål 1874,,,,,Tingitidae,Tingitinae,Tingis,Lasiotropis,Tingitidae | Tingitinae | Tingitaria | Tingis | Lasiotropis,trichonota (Put. 1874),,572ZR,4489109,572ZR,4489109
B2208:1:308,Monanthia clavicornis Burm. 1835,Burm. 1835,Monanthia,,clavicornis,,species,,B2208:1,synonym,B2208:1:307,Tingis trichonota (Put. 1874),,,,,,,Tingitidae,Tingitinae,Tingis,Lasiotropis,Tingitidae | Tingitinae | Tingitaria | Tingis | Lasiotropis,Monanthia clavicornis Burm. 1835,,,,,
B2208:1:309,Monanthia trichonota Put. 1874,Put. 1874,Monanthia,Platychila,trichonota,,species,,B2208:1,synonym,B2208:1:307,Tingis trichonota (Put. 1874),,,,,,,Tingitidae,Tingitinae,Tingis,Lasiotropis,Tingitidae | Tingitinae | Tingitaria | Tingis | Lasiotropis,Monanthia (Platychila) trichonota Put. 1874,,R6CWT,4489110,572ZR,4489109
B2208:1:310,Tingis hellenica (Put. 1877),(Put. 1877),Tingis,Lasiotropis,hellenica,,species,,B2208:1,accepted,,,B2208:1:303,Lasiotropis Stål 1874,,,,,Tingitidae,Tingitinae,Tingis,Lasiotropis,Tingitidae | Tingitinae | Tingitaria | Tingis | Lasiotropis,hellenica (Put. 1877),,572ZK,4489103,572ZK,4489103
B2208:1:311,Monanthia hellenica Put. 1877,Put. 1877,Monanthia,,hellenica,,species,,B2208:1,synonym,B2208:1:310,Tingis hellenica (Put. 1877),,,,,,,Tingitidae,Tingitinae,Tingis,Lasiotropis,Tingitidae | Tingitinae | Tingitaria | Tingis | Lasiotropis,Monanthia hellenica Put. 1877,,,6547381,,4489103
B2208:1:312,Monanthia corniculata Jak. 1903,Jak. 1903,Monanthia,Lasiotropis,corniculata,,species,,B2208:1,synonym,B2208:1:310,Tingis hellenica (Put. 1877),,,,,,,Tingitidae,Tingitinae,Tingis,Lasiotropis,Tingitidae | Tingitinae | Tingitaria | Tingis | Lasiotropis,Monanthia (Lasiotropis) corniculata Jak. 1903,,,,,
B2208:1:313,Tingis ajugarum (Frey-Gessner 1872),(Frey-Gessner 1872),Tingis,Lasiotropis,ajugarum,,species,,B2208:1,accepted,,,B2208:1:303,Lasiotropis Stål 1874,,,,,Tingitidae,Tingitinae,Tingis,Lasiotropis,Tingitidae | Tingitinae | Tingitaria | Tingis | Lasiotropis,Ajugarum (Frey-Gessner 1872),,572ZF,4489121,572ZF,4489121
B2208:1:314,Monanthia ajugarum Frey-Gessner 1872,Frey-Gessner 1872,Monanthia,,ajugarum,,species,,B2208:1,synonym,B2208:1:313,Tingis ajugarum (Frey-Gessner 1872),,,,,,,Tingitidae,Tingitinae,Tingis,Lasiotropis,Tingitidae | Tingitinae | Tingitaria | Tingis | Lasiotropis,Monanthia ajugarum Frey-Gessner 1872,,R6CLM,4489122,572ZF,4489121
B2208:1:315,Monanthia ragusana Put. 1879,Put. 1879,Monanthia,,ragusana,,species,,B2208:1,synonym,B2208:1:313,Tingis ajugarum (Frey-Gessner 1872),,,,,,,Tingitidae,Tingitinae,Tingis,Lasiotropis,Tingitidae | Tingitinae | Tingitaria | Tingis | Lasiotropis,Monanthia Ragusana Put. 1879,,R6CW3,4489128,572ZM,4489127
B2208:1:316,Tingis ciliaris (Put. 1879),(Put. 1879),Tingis,Lasiotropis,ciliaris,,species,,B2208:1,accepted,,,B2208:1:303,Lasiotropis Stål 1874,,,,,Tingitidae,Tingitinae,Tingis,Lasiotropis,Tingitidae | Tingitinae | Tingitaria | Tingis | Lasiotropis,ciliaris (Put. 1879),,572ZH,4489123,572ZH,4489123
B2208:1:317,Monanthia ciliaris Put. 1879,Put. 1879,Monanthia,Platychila,ciliaris,,species,,B2208:1,synonym,B2208:1:316,Tingis ciliaris (Put. 1879),,,,,,,Tingitidae,Tingitinae,Tingis,Lasiotropis,Tingitidae | Tingitinae | Tingitaria | Tingis | Lasiotropis,Monanthia (Platychila) ciliaris Put. 1879,,,4489124,,4489123
B2208:1:318,Tingis reticulata H.-Sch. 1835,H.-Sch. 1835,Tingis,Lasiotropis,reticulata,,species,,B2208:1,accepted,,,B2208:1:303,Lasiotropis Stål 1874,,,,,Tingitidae,Tingitinae,Tingis,Lasiotropis,Tingitidae | Tingitinae | Tingitaria | Tingis | Lasiotropis,reticulata H.-Sch. 1835,,572ZN,4489108,572ZN,4489108
B2208:1:319,Tingis costata Schill. 1838,Schill. 1838,Tingis,,costata,,species,,B2208:1,synonym,B2208:1:318,Tingis reticulata H.-Sch. 1835,,,,,,,Tingitidae,Tingitinae,Tingis,Lasiotropis,Tingitidae | Tingitinae | Tingitaria | Tingis | Lasiotropis,Tingis costata Schill. 1838,,,,,
B2208:1:320,Monanthia ciliata Fieb. 1844,Fieb. 1844,Monanthia,,ciliata,,species,,B2208:1,synonym,B2208:1:318,Tingis reticulata H.-Sch. 1835,,,,,,,Tingitidae,Tingitinae,Tingis,Lasiotropis,Tingitidae | Tingitinae | Tingitaria | Tingis | Lasiotropis,Monanthia ciliata Fieb. 1844,,R6CNN,12016044,QHWG,4489108
B2208:1:321,Tingis Fabr. 1803,Fabr. 1803,Tingis,,,,subgenus,s. str.,B2208:1,accepted,,,B2208:1:302,Tingis Fabr. 1803,,,,,Tingitidae,Tingitinae,Tingis,Tingis,Tingitidae | Tingitinae | Tingitaria | Tingis,Tingis Fabr. 1803 s. str.,,7X48,,7X48,
B2208:1:322,Tingis auriculata (Costa 1843),(Costa 1843),Tingis,Tingis,auriculata,,species,,B2208:1,accepted,,,B2208:1:321,Tingis Fabr. 1803,,,,,Tingitidae,Tingitinae,Tingis,Tingis,Tingitidae | Tingitinae | Tingitaria | Tingis | Tingis,auriculata (Costa 1843),,57324,2020590,57324,2020590
B2208:1:323,Catoplatus auriculatus Costa 1843,Costa 1843,Catoplatus,,auriculatus,,species,,B2208:1,synonym,B2208:1:322,Tingis auriculata (Costa 1843),,,,,,,Tingitidae,Tingitinae,Tingis,Tingis,Tingitidae | Tingitinae | Tingitaria | Tingis | Tingis,Catoplatus auriculatus Costa 1843,,M93GX,4489073,57324,2020590
B2208:1:324,Monanthia unicolor Garb. 1869,Garb. 1869,Monanthia,,unicolor,,species,,B2208:1,synonym,B2208:1:322,Tingis auriculata (Costa 1843),,,,,,,Tingitidae,Tingitinae,Tingis,Tingis,Tingitidae | Tingitinae | Tingitaria | Tingis | Tingis,Monanthia unicolor Garb. 1869,,,,,
B2208:1:325,Tingis auriculata var. dauci Horv. 1905,Horv. 1905,Tingis,Tingis,auriculata,dauci,variety,,B2208:1,accepted,,,B2208:1:322,Tingis auriculata (Costa 1843),,,,,Tingitidae,Tingitinae,Tingis,Tingis,Tingitidae | Tingitinae | Tingitaria | Tingis | Tingis | Tingis auriculata,var. Dauci Horv. 1905,,CKWJF,,CKWJF,
B2208:1:326,Tingis sinuaticollis (Jak. 1883),(Jak. 1883),Tingis,Tingis,sinuaticollis,,species,,B2208:1,accepted,,,B2208:1:321,Tingis Fabr. 1803,,,,,Tingitidae,Tingitinae,Tingis,Tingis,Tingitidae | Tingitinae | Tingitaria | Tingis | Tingis,sinuaticollis (Jak. 1883),,7CCSF,7498294,7CCSF,7498294
B2208:1:327,Monanthia sinuaticollis Jak. 1883,Jak. 1883,Monanthia,Platychila,sinuaticollis,,species,,B2208:1,synonym,B2208:1:326,Tingis sinuaticollis (Jak. 1883),,,,,,,Tingitidae,Tingitinae,Tingis,Tingis,Tingitidae | Tingitinae | Tingitaria | Tingis | Tingis,Monanthia (Platychila) sinuaticollis Jak. 1883,,,,,
B2208:1:328,Tingis ampliata (H.-Sch. 1839),(H.-Sch. 1839),Tingis,Tingis,ampliata,,species,,B2208:1,accepted,,,B2208:1:321,Tingis Fabr. 1803,,,,,Tingitidae,Tingitinae,Tingis,Tingis,Tingitidae | Tingitinae | Tingitaria | Tingis | Tingis,ampliata (H.-Sch. 1839),,57322,4489081,57322,4489081
B2208:1:329,Monanthia ampliata H.-Sch. 1839,H.-Sch. 1839,Monanthia,,ampliata,,species,,B2208:1,synonym,B2208:1:328,Tingis ampliata (H.-Sch. 1839),,,,,,,Tingitidae,Tingitinae,Tingis,Tingis,Tingitidae | Tingitinae | Tingitaria | Tingis | Tingis,Monanthia ampliata H.-Sch. 1839,,R6CLY,4489082,57322,4489081
B2208:1:330,Tingis deserticola,,Tingis,Tingis,deserticola,,species,n. sp.,B2208:1,accepted,,,B2208:1:321,Tingis Fabr. 1803,,,,,Tingitidae,Tingitinae,Tingis,Tingis,Tingitidae | Tingitinae | Tingitaria | Tingis | Tingis,deserticola n. sp.,,5732K,7930991,5732K,7930991
B2208:1:331,Tingis similis (Dougl. & Scott 1869),(Dougl. & Scott 1869),Tingis,Tingis,similis,,species,,B2208:1,accepted,,,B2208:1:321,Tingis Fabr. 1803,,,,,Tingitidae,Tingitinae,Tingis,Tingis,Tingitidae | Tingitinae | Tingitaria | Tingis | Tingis,similis (Dougl. & Scott 1869),,T7SCK,6096818,T7SCK,6096818
B2208:1:332,Monanthia similis Dougl. & Scott 1869,Dougl. & Scott 1869,Monanthia,,similis,,species,,B2208:1,synonym,B2208:1:331,Tingis similis (Dougl. & Scott 1869),,,,,,,Tingitidae,Tingitinae,Tingis,Tingis,Tingitidae | Tingitinae | Tingitaria | Tingis | Tingis,Monanthia similis Dougl. & Scott 1869,,,,,
B2208:1:333,Tingis cardui (Linn. 1758),(Linn. 1758),Tingis,Tingis,cardui,,species,,B2208:1,accepted,,,B2208:1:321,Tingis Fabr. 1803,,,,,Tingitidae,Tingitinae,Tingis,Tingis,Tingitidae | Tingitinae | Tingitaria | Tingis | Tingis,Cardui (Linn. 1758),,T7S5M,2020591,7CCSK,2020591
B2208:1:334,Cimex cardui Linn. 1758,Linn. 1758,Cimex,,cardui,,species,,B2208:1,synonym,B2208:1:333,Tingis cardui (Linn. 1758),,,,,,,Tingitidae,Tingitinae,Tingis,Tingis,Tingitidae | Tingitinae | Tingitaria | Tingis | Tingis,Cimex Cardui Linn. 1758,,MZ3FL,2020592,7CCSK,2020591
B2208:1:335,Cimex minutulus Goeze 1778,Goeze 1778,Cimex,,minutulus,,species,,B2208:1,synonym,B2208:1:333,Tingis cardui (Linn. 1758),,,,,,,Tingitidae,Tingitinae,Tingis,Tingis,Tingitidae | Tingitinae | Tingitaria | Tingis | Tingis,Cimex minutulus Goeze 1778,"{""synonymUncertain"":true}",,,,
B2208:1:336,Acanthia clavicornis Panz. 1793,Panz. 1793,Acanthia,,clavicornis,,species,,B2208:1,synonym,B2208:1:333,Tingis cardui (Linn. 1758),,,,,,,Tingitidae,Tingitinae,Tingis,Tingis,Tingitidae | Tingitinae | Tingitaria | Tingis | Tingis,Acanthia clavicornis Panz. 1793,,8QMY7,11390678,8PGND,4485681
B2208:1:337,Tingis cardui var. cognata (Fieb. 1861),(Fieb. 1861),Tingis,Tingis,cardui,cognata,variety,,B2208:1,accepted,,,B2208:1:333,Tingis cardui (Linn. 1758),,,,,Tingitidae,Tingitinae,Tingis,Tingis,Tingitidae | Tingitinae | Tingitaria | Tingis | Tingis | Tingis cardui,var. cognata (Fieb. 1861),,CKWJG,,CKWJG,
B2208:1:338,Monanthia cognata Fieb. 1861,Fieb. 1861,Monanthia,,cognata,,species,,B2208:1,synonym,B2208:1:337,Tingis cardui var. cognata (Fieb. 1861),,,,,,,Tingitidae,Tingitinae,Tingis,Tingis,Tingitidae | Tingitinae | Tingitaria | Tingis | Tingis | Tingis cardui,Monanthia cognata Fieb. 1861,,,,,
B2208:1:339,Tingis cardui var. maderensis (Reut. 1890),(Reut. 1890),Tingis,Tingis,cardui,maderensis,variety,,B2208:1,accepted,,,B2208:1:333,Tingis cardui (Linn. 1758),,,,,Tingitidae,Tingitinae,Tingis,Tingis,Tingitidae | Tingitinae | Tingitaria | Tingis | Tingis | Tingis cardui,var. maderensis (Reut. 1890),,CKWJH,,CKWJH,
B2208:1:340,Monanthia cardui var. maderensis (Reut. 1890),(Reut. 1890),Monanthia,Platychila,cardui,maderensis,variety,,B2208:1,synonym,B2208:1:339,Tingis cardui var. maderensis (Reut. 1890),,,,,,,Tingitidae,Tingitinae,Tingis,Tingis,Tingitidae | Tingitinae | Tingitaria | Tingis | Tingis | Tingis cardui,Monanthia (Platychila) cardui var. maderensis (Reut. 1890),,,,,
B2208:1:341,Tingis angustata (H.-Sch. 1839),(H.-Sch. 1839),Tingis,Tingis,angustata,,species,,B2208:1,accepted,,,B2208:1:321,Tingis Fabr. 1803,,,,,Tingitidae,Tingitinae,Tingis,Tingis,Tingitidae | Tingitinae | Tingitaria | Tingis | Tingis,angustata (H.-Sch. 1839),,57323,4489087,57323,4489087
B2208:1:342,Monanthia angustata H.-Sch. 1839,H.-Sch. 1839,Monanthia,,angustata,,species,,B2208:1,synonym,B2208:1:341,Tingis angustata (H.-Sch. 1839),,,,,,,Tingitidae,Tingitinae,Tingis,Tingis,Tingitidae | Tingitinae | Tingitaria | Tingis | Tingis,Monanthia angustata H.-Sch. 1839,,R6CLZ,4489088,57323,4489087
B2208:1:343,Catoplatus parallelus Costa 1843,Costa 1843,Catoplatus,,parallelus,,species,,B2208:1,synonym,B2208:1:341,Tingis angustata (H.-Sch. 1839),,,,,,,Tingitidae,Tingitinae,Tingis,Tingis,Tingitidae | Tingitinae | Tingitaria | Tingis | Tingis,Catoplatus parallelus Costa 1843,,,,,
B2208:1:344,Catoplatus variolosus Costa 1843,Costa 1843,Catoplatus,,variolosus,,species,,B2208:1,synonym,B2208:1:341,Tingis angustata (H.-Sch. 1839),,,,,,,Tingitidae,Tingitinae,Tingis,Tingis,Tingitidae | Tingitinae | Tingitaria | Tingis | Tingis,Catoplatus variolosus Costa 1843,,,,,
B2208:1:345,Monanthia brachycera Fieb. 1861,Fieb. 1861,Monanthia,,brachycera,,species,,B2208:1,synonym,B2208:1:341,Tingis angustata (H.-Sch. 1839),,,,,,,Tingitidae,Tingitinae,Tingis,Tingis,Tingitidae | Tingitinae | Tingitaria | Tingis | Tingis,Monanthia brachycera Fieb. 1861,,,,,
B2208:1:346,Monanthia angustata var. sympathica Horv. 1881,Horv. 1881,Monanthia,,angustata,sympathica,variety,,B2208:1,synonym,B2208:1:341,Tingis angustata (H.-Sch. 1839),,,,,,,Tingitidae,Tingitinae,Tingis,Tingis,Tingitidae | Tingitinae | Tingitaria | Tingis | Tingis,Monanthia angustata var. sympathica Horv. 1881,,,,,
B2208:1:347,Monanthia fieberi Put. 1893,Put. 1893,Monanthia,,fieberi,,species,,B2208:1,synonym,B2208:1:341,Tingis angustata (H.-Sch. 1839),,,,,,,Tingitidae,Tingitinae,Tingis,Tingis,Tingitidae | Tingitinae | Tingitaria | Tingis | Tingis,Monanthia Fieberi Put. 1893,,R6CQB,,33PBL,
B2208:1:348,Monanthia taurica Jak. 1903,Jak. 1903,Monanthia,Platychila,taurica,,species,,B2208:1,synonym,B2208:1:341,Tingis angustata (H.-Sch. 1839),,,,,,,Tingitidae,Tingitinae,Tingis,Tingis,Tingitidae | Tingitinae | Tingitaria | Tingis | Tingis,Monanthia (Platychila) taurica Jak. 1903,,,,,
B2208:1:349,Tingis angustata var. diminuta,,Tingis,Tingis,angustata,diminuta,variety,n.,B2208:1,accepted,,,B2208:1:341,Tingis angustata (H.-Sch. 1839),,,,,Tingitidae,Tingitinae,Tingis,Tingis,Tingitidae | Tingitinae | Tingitaria | Tingis | Tingis | Tingis angustata,var. diminuta n.,,CKWJD,,CKWJD,
B2208:1:350,Tingis leptochila,,Tingis,Tingis,leptochila,,species,n. sp.,B2208:1,accepted,,,B2208:1:321,Tingis Fabr. 1803,,,,,Tingitidae,Tingitinae,Tingis,Tingis,Tingitidae | Tingitinae | Tingitaria | Tingis | Tingis,leptochila n. sp.,,57332,7392738,57332,7392738
B2208:1:351,Tingis crispata (H.-Sch. 1839),(H.-Sch. 1839),Tingis,Tingis,crispata,,species,,B2208:1,accepted,,,B2208:1:321,Tingis Fabr. 1803,,,,,Tingitidae,Tingitinae,Tingis,Tingis,Tingitidae | Tingitinae | Tingitaria | Tingis | Tingis,crispata (H.-Sch. 1839),,5732F,4489074,5732F,4489074
B2208:1:352,Derephysia crispata H.-Sch. 1839,H.-Sch. 1839,Derephysia,,crispata,,species,,B2208:1,synonym,B2208:1:351,Tingis crispata (H.-Sch. 1839),,,,,,,Tingitidae,Tingitinae,Tingis,Tingis,Tingitidae | Tingitinae | Tingitaria | Tingis | Tingis,Derephysia crispata H.-Sch. 1839,,ND22Q,4489075,5732F,4489074
B2208:1:353,Tingis laetabilis (Horv. 1903),(Horv. 1903),Tingis,Tingis,laetabilis,,species,,B2208:1,accepted,,,B2208:1:321,Tingis Fabr. 1803,,,,,Tingitidae,Tingitinae,Tingis,Tingis,Tingitidae | Tingitinae | Tingitaria | Tingis | Tingis,lætabilis (Horv. 1903),,5732X,7736385,5732X,7736385
B2208:1:354,Phyllonthocheila laetabilis Horv. 1903,Horv. 1903,Phyllonthocheila,,laetabilis,,species,,B2208:1,synonym,B2208:1:353,Tingis laetabilis (Horv. 1903),,,,,,,Tingitidae,Tingitinae,Tingis,Tingis,Tingitidae | Tingitinae | Tingitaria | Tingis | Tingis,Phyllonthocheila laetabilis Horv. 1903,,,,,
B2208:1:355,Tingis lanigera (Put. 1886),(Put. 1886),Tingis,Tingis,lanigera,,species,,B2208:1,accepted,,,B2208:1:321,Tingis Fabr. 1803,,,,,Tingitidae,Tingitinae,Tingis,Tingis,Tingitidae | Tingitinae | Tingitaria | Tingis | Tingis,lanigera (Put. 1886),,5732Y,7835790,5732Y,7835790
B2208:1:356,Monanthia lanigera Put. 1886,Put. 1886,Monanthia,Platychila,lanigera,,species,,B2208:1,synonym,B2208:1:355,Tingis lanigera (Put. 1886),,,,,,,Tingitidae,Tingitinae,Tingis,Tingis,Tingitidae | Tingitinae | Tingitaria | Tingis | Tingis,Monanthia (Platychila) lanigera Put. 1886,,,,,
B2208:1:357,Tingis denudata,,Tingis,Tingis,denudata,,species,n. sp.,B2208:1,accepted,,,B2208:1:321,Tingis Fabr. 1803,,,,,Tingitidae,Tingitinae,Tingis,Tingis,Tingitidae | Tingitinae | Tingitaria | Tingis | Tingis,denudata n. sp.,,572ZJ,4489084,572ZJ,4489084
B2208:1:358,Tingis fuentei,,Tingis,Tingis,fuentei,,species,n. sp.,B2208:1,accepted,,,B2208:1:321,Tingis Fabr. 1803,,,,,Tingitidae,Tingitinae,Tingis,Tingis,Tingitidae | Tingitinae | Tingitaria | Tingis | Tingis,Fuentei n. sp.,,5732R,8078791,5732R,8078791
B2208:1:359,Tingis rotundicollis (Jak. 1883),(Jak. 1883),Tingis,Tingis,rotundicollis,,species,,B2208:1,accepted,,,B2208:1:321,Tingis Fabr. 1803,,,,,Tingitidae,Tingitinae,Tingis,Tingis,Tingitidae | Tingitinae | Tingitaria | Tingis | Tingis,rotundicollis (Jak. 1883),,T7SC6,9317871,T7SC6,9317871
B2208:1:360,Monanthia rotundicollis Jak. 1883,Jak. 1883,Monanthia,Platychila,rotundicollis,,species,,B2208:1,synonym,B2208:1:359,Tingis rotundicollis (Jak. 1883),,,,,,,Tingitidae,Tingitinae,Tingis,Tingis,Tingitidae | Tingitinae | Tingitaria | Tingis | Tingis,Monanthia (Platychila) rotundicollis Jak. 1883,,,,,
B2208:1:361,Tingis grisea Germ. 1835,Germ. 1835,Tingis,Tingis,grisea,,species,,B2208:1,accepted,,,B2208:1:321,Tingis Fabr. 1803,,,,,Tingitidae,Tingitinae,Tingis,Tingis,Tingitidae | Tingitinae | Tingitaria | Tingis | Tingis,grisea Germ. 1835,,5732S,4489076,5732S,4489076
B2208:1:362,Monanthia pallida Garb. 1869,Garb. 1869,Monanthia,,pallida,,species,,B2208:1,synonym,B2208:1:361,Tingis grisea Germ. 1835,,,,,,,Tingitidae,Tingitinae,Tingis,Tingis,Tingitidae | Tingitinae | Tingitaria | Tingis | Tingis,Monanthia pallida Garb. 1869,,,,,
B2208:1:363,Tingis strictula (Put. 1878),(Put. 1878),Tingis,Tingis,strictula,,species,,B2208:1,accepted,,,B2208:1:321,Tingis Fabr. 1803,,,,,Tingitidae,Tingitinae,Tingis,Tingis,Tingitidae | Tingitinae | Tingitaria | Tingis | Tingis,strictula (Put. 1878),,5733G,4489079,5733G,4489079
B2208:1:364,Monanthia strictula Put. 1878,Put. 1878,Monanthia,Platychila,strictula,,species,,B2208:1,synonym,B2208:1:363,Tingis strictula (Put. 1878),,,,,,,Tingitidae,Tingitinae,Tingis,Tingis,Tingitidae | Tingitinae | Tingitaria | Tingis | Tingis,Monanthia (Platychila) strictula Put. 1878,,,4489080,,4489079
B2208:1:365,Tingis stupidula,,Tingis,Tingis,stupidula,,species,n. sp.,B2208:1,accepted,,,B2208:1:321,Tingis Fabr. 1803,,,,,Tingitidae,Tingitinae,Tingis,Tingis,Tingitidae | Tingitinae | Tingitaria | Tingis | Tingis,stupidula n. sp.,,5733H,7761685,5733H,7761685
B2208:1:366,Tingis demissa,,Tingis,Tingis,demissa,,species,n. sp.,B2208:1,accepted,,,B2208:1:321,Tingis Fabr. 1803,,,,,Tingitidae,Tingitinae,Tingis,Tingis,Tingitidae | Tingitinae | Tingitaria | Tingis | Tingis,demissa n. sp.,,5732H,7985451,5732H,7985451
B2208:1:367,Tingis brevicornis (Horv. 1902),(Horv. 1902),Tingis,Tingis,brevicornis,,species,,B2208:1,accepted,,,B2208:1:321,Tingis Fabr. 1803,,,,,Tingitidae,Tingitinae,Tingis,Tingis,Tingitidae | Tingitinae | Tingitaria | Tingis | Tingis,brevicornis (Horv. 1902),,57326,7956681,57326,7956681
B2208:1:368,Phyllonthocheila brevicornis Horv. 1902,Horv. 1902,Phyllonthocheila,,brevicornis,,species,,B2208:1,synonym,B2208:1:367,Tingis brevicornis (Horv. 1902),,,,,,,Tingitidae,Tingitinae,Tingis,Tingis,Tingitidae | Tingitinae | Tingitaria | Tingis | Tingis,Phyllonthocheila brevicornis Horv. 1902,,,,,
B2208:1:369,Tingis suavis (Horv. 1902),(Horv. 1902),Tingis,Tingis,suavis,,species,,B2208:1,accepted,,,B2208:1:321,Tingis Fabr. 1803,,,,,Tingitidae,Tingitinae,Tingis,Tingis,Tingitidae | Tingitinae | Tingitaria | Tingis | Tingis,suavis (Horv. 1902),,5733J,7698921,5733J,7698921
B2208:1:370,Phyllonthocheila suavis Horv. 1902,Horv. 1902,Phyllonthocheila,,suavis,,species,,B2208:1,synonym,B2208:1:369,Tingis suavis (Horv. 1902),,,,,,,Tingitidae,Tingitinae,Tingis,Tingis,Tingitidae | Tingitinae | Tingitaria | Tingis | Tingis,Phyllonthocheila suavis Horv. 1902,,,,,
B2208:1:371,Monanthia longipennis Jak. 1903,Jak. 1903,Monanthia,Lasiotropis,longipennis,,species,,B2208:1,synonym,B2208:1:369,Tingis suavis (Horv. 1902),,,,,,,Tingitidae,Tingitinae,Tingis,Tingis,Tingitidae | Tingitinae | Tingitaria | Tingis | Tingis,Monanthia (Lasiotropis) longipennis Jak. 1903,,,,,
B2208:1:372,Tingis elongata (Fieb. 1861),(Fieb. 1861),Tingis,Tingis,elongata,,species,,B2208:1,accepted,,,B2208:1:321,Tingis Fabr. 1803,,,,,Tingitidae,Tingitinae,Tingis,Tingis,Tingitidae | Tingitinae | Tingitaria | Tingis | Tingis,elongata (Fieb. 1861),,5732M,4489089,5732M,4489089
B2208:1:373,Monanthia elongata Fieb. 1861,Fieb. 1861,Monanthia,,elongata,,species,,B2208:1,synonym,B2208:1:372,Tingis elongata (Fieb. 1861),,,,,,,Tingitidae,Tingitinae,Tingis,Tingis,Tingitidae | Tingitinae | Tingitaria | Tingis | Tingis,Monanthia elongata Fieb. 1861,,,4489090,,4489089
B2208:1:374,Monanthia parallela Put. 1879,Put. 1879,Monanthia,,parallela,,species,,B2208:1,synonym,B2208:1:372,Tingis elongata (Fieb. 1861),,,,,,,Tingitidae,Tingitinae,Tingis,Tingis,Tingitidae | Tingitinae | Tingitaria | Tingis | Tingis,Monanthia parallela Put. 1879,"{""synonymUncertain"":true}",,,,
B2208:1:375,Phyllonthocheila fallax Horv. 1902,Horv. 1902,Phyllonthocheila,,fallax,,species,,B2208:1,synonym,B2208:1:372,Tingis elongata (Fieb. 1861),,,,,,,Tingitidae,Tingitinae,Tingis,Tingis,Tingitidae | Tingitinae | Tingitaria | Tingis | Tingis,Phyllonthocheila fallax Horv. 1902,,,,,
B2208:1:376,Tropidocheila Fieb. 1844,Fieb. 1844,Tingis,,,,subgenus,,B2208:1,accepted,,,B2208:1:302,Tingis Fabr. 1803,,,,,Tingitidae,Tingitinae,Tingis,Tropidocheila,Tingitidae | Tingitinae | Tingitaria | Tingis,Tropidocheila Fieb. 1844,,8GPV,,8GPV,
B2208:1:377,Tingis valida (Put. 1878),(Put. 1878),Tingis,Tropidocheila,valida,,species,,B2208:1,accepted,,,B2208:1:376,Tropidocheila Fieb. 1844,,,,,Tingitidae,Tingitinae,Tingis,Tropidocheila,Tingitidae | Tingitinae | Tingitaria | Tingis | Tropidocheila,valida (Put. 1878),,5734S,7789926,5734S,7789926
B2208:1:378,Monanthia valida Put. 1878,Put. 1878,Monanthia,Lasiotropis,valida,,species,,B2208:1,synonym,B2208:1:377,Tingis valida (Put. 1878),,,,,,,Tingitidae,Tingitinae,Tingis,Tropidocheila,Tingitidae | Tingitinae | Tingitaria | Tingis | Tropidocheila,Monanthia (Lasiotropis) valida Put. 1878,,,,,
B2208:1:379,Tingis valida var. biseriata (Horv. 1902),(Horv. 1902),Tingis,Tropidocheila,valida,biseriata,variety,,B2208:1,accepted,,,B2208:1:377,Tingis valida (Put. 1878),,,,,Tingitidae,Tingitinae,Tingis,Tropidocheila,Tingitidae | Tingitinae | Tingitaria | Tingis | Tropidocheila | Tingis valida,var. biseriata (Horv. 1902),,CKWJL,,CKWJL,
B2208:1:380,Phyllonthocheila valida var. biseriata Horv. 1902,Horv. 1902,Phyllonthocheila,,valida,biseriata,variety,,B2208:1,synonym,B2208:1:379,Tingis valida var. biseriata (Horv. 1902),,,,,,,Tingitidae,Tingitinae,Tingis,Tropidocheila,Tingitidae | Tingitinae | Tingitaria | Tingis | Tropidocheila | Tingis valida,Phyllonthocheila valida var. biseriata Horv. 1902,,,,,
B2208:1:381,Tingis valida var. discessa (Horv. 1902),(Horv. 1902),Tingis,Tropidocheila,valida,discessa,variety,,B2208:1,accepted,,,B2208:1:377,Tingis valida (Put. 1878),,,,,Tingitidae,Tingitinae,Tingis,Tropidocheila,Tingitidae | Tingitinae | Tingitaria | Tingis | Tropidocheila | Tingis valida,var. discessa (Horv. 1902),,CKWJM,,CKWJM,
B2208:1:382,Phyllonthocheila valida var. discessa Horv. 1902,Horv. 1902,Phyllonthocheila,,valida,discessa,variety,,B2208:1,synonym,B2208:1:381,Tingis valida var. discessa (Horv. 1902),,,,,,,Tingitidae,Tingitinae,Tingis,Tropidocheila,Tingitidae | Tingitinae | Tingitaria | Tingis | Tropidocheila | Tingis valida,Phyllonthocheila valida var. discessa Horv. 1902,,,,,
B2208:1:383,Tingis pilosa Humm. 1825,Humm. 1825,Tingis,Tropidocheila,pilosa,,species,,B2208:1,accepted,,,B2208:1:376,Tropidocheila Fieb. 1844,,,,,Tingitidae,Tingitinae,Tingis,Tropidocheila,Tingitidae | Tingitinae | Tingitaria | Tingis | Tropidocheila,pilosa Humm. 1825,,572ZW,4489096,572ZW,4489096
B2208:1:384,Monanthia angusticollis H.-Sch. 1835,H.-Sch. 1835,Monanthia,,angusticollis,,species,,B2208:1,synonym,B2208:1:383,Tingis pilosa Humm. 1825,,,,,,,Tingitidae,Tingitinae,Tingis,Tropidocheila,Tingitidae | Tingitinae | Tingitaria | Tingis | Tropidocheila,Monanthia angusticollis H.-Sch. 1835,,R6CM2,12139770,572ZW,4489096
B2208:1:385,Tingis pilosa var. amplicosta (Montd. 1897),(Montd. 1897),Tingis,Tropidocheila,pilosa,amplicosta,variety,,B2208:1,accepted,,,B2208:1:383,Tingis pilosa Humm. 1825,,,,,Tingitidae,Tingitinae,Tingis,Tropidocheila,Tingitidae | Tingitinae | Tingitaria | Tingis | Tropidocheila | Tingis pilosa,var. amplicosta (Montd. 1897),,CKWJB,,CKWJB,
B2208:1:386,Lasiotropis amplicosta Montd. 1897,Montd. 1897,Lasiotropis,,amplicosta,,species,,B2208:1,synonym,B2208:1:385,Tingis pilosa var. amplicosta (Montd. 1897),,,,,,,Tingitidae,Tingitinae,Tingis,Tropidocheila,Tingitidae | Tingitinae | Tingitaria | Tingis | Tropidocheila | Tingis pilosa,Lasiotropis amplicosta Montd. 1897,,,,,
B2208:1:387,Tingis pilosa var. antennalis (Put. 1879),(Put. 1879),Tingis,Tropidocheila,pilosa,antennalis,variety,,B2208:1,accepted,,,B2208:1:383,Tingis pilosa Humm. 1825,,,,,Tingitidae,Tingitinae,Tingis,Tropidocheila,Tingitidae | Tingitinae | Tingitaria | Tingis | Tropidocheila | Tingis pilosa,var. antennalis (Put. 1879),,CKWJC,,CKWJC,
B2208:1:388,Monanthia kiesenwetteri var. antennalis Put. 1879,Put. 1879,Monanthia,,kiesenwetteri,antennalis,variety,,B2208:1,synonym,B2208:1:387,Tingis pilosa var. antennalis (Put. 1879),,,,,,,Tingitidae,Tingitinae,Tingis,Tropidocheila,Tingitidae | Tingitinae | Tingitaria | Tingis | Tropidocheila | Tingis pilosa,Monanthia Kiesenwetteri var. antennalis Put. 1879,,,,,
B2208:1:389,Monanthia tenuicornis Jak. 1880,Jak. 1880,Monanthia,,tenuicornis,,species,,B2208:1,synonym,B2208:1:387,Tingis pilosa var. antennalis (Put. 1879),,,,,,,Tingitidae,Tingitinae,Tingis,Tropidocheila,Tingitidae | Tingitinae | Tingitaria | Tingis | Tropidocheila | Tingis pilosa,Monanthia tenuicornis Jak. 1880,,,,,
B2208:1:390,Tingis granadensis,,Tingis,Tropidocheila,granadensis,,species,n. sp.,B2208:1,accepted,,,B2208:1:376,Tropidocheila Fieb. 1844,,,,,Tingitidae,Tingitinae,Tingis,Tropidocheila,Tingitidae | Tingitinae | Tingitaria | Tingis | Tropidocheila,granadensis n. sp.,,57345,4489097,57345,4489097
B2208:1:391,Tingis kiesenwetteri (Muls. & Rey. 1850),(Muls. & Rey. 1850),Tingis,Tropidocheila,kiesenwetteri,,species,,B2208:1,accepted,,,B2208:1:376,Tropidocheila Fieb. 1844,,,,,Tingitidae,Tingitinae,Tingis,Tropidocheila,Tingitidae | Tingitinae | Tingitaria | Tingis | Tropidocheila,Kiesenwetteri (Muls. & Rey. 1850),,,,,
B2208:1:392,Monanthia kiesenwetteri Muls. & Rey. 1850,Muls. & Rey. 1850,Monanthia,,kiesenwetteri,,species,,B2208:1,synonym,B2208:1:391,Tingis kiesenwetteri (Muls. & Rey. 1850),,,,,,,Tingitidae,Tingitinae,Tingis,Tropidocheila,Tingitidae | Tingitinae | Tingitaria | Tingis | Tropidocheila,Monanthia Kiesenwetteri Muls. & Rey. 1850,,R6CRZ,4489095,7CD4G,4489094
B2208:1:393,Monanthia villosa Costa 1852,Costa 1852,Monanthia,,villosa,,species,,B2208:1,synonym,B2208:1:391,Tingis kiesenwetteri (Muls. & Rey. 1850),,,,,,,Tingitidae,Tingitinae,Tingis,Tropidocheila,Tingitidae | Tingitinae | Tingitaria | Tingis | Tropidocheila,Monanthia villosa Costa 1852,,,,,
B2208:1:394,Tingis pauperata (Put. 1879),(Put. 1879),Tingis,Tropidocheila,pauperata,,species,,B2208:1,accepted,,,B2208:1:376,Tropidocheila Fieb. 1844,,,,,Tingitidae,Tingitinae,Tingis,Tropidocheila,Tingitidae | Tingitinae | Tingitaria | Tingis | Tropidocheila,pauperata (Put. 1879),,572ZV,4489098,572ZV,4489098
B2208:1:395,Monanthia kiesenwetteri var. pauperata Put. 1879,Put. 1879,Monanthia,,kiesenwetteri,pauperata,variety,,B2208:1,synonym,B2208:1:394,Tingis pauperata (Put. 1879),,,,,,,Tingitidae,Tingitinae,Tingis,Tropidocheila,Tingitidae | Tingitinae | Tingitaria | Tingis | Tropidocheila,Monanthia Kiesenwetteri var. pauperata Put. 1879,,,,,
B2208:1:396,Monanthia angustipennis Jak. 1879,Jak. 1879,Monanthia,Tropidocheila,angustipennis,,species,,B2208:1,synonym,B2208:1:394,Tingis pauperata (Put. 1879),,,,,,,Tingitidae,Tingitinae,Tingis,Tropidocheila,Tingitidae | Tingitinae | Tingitaria | Tingis | Tropidocheila,Monanthia (Tropidocheila) angustipennis Jak. 1879,,,,,
B2208:1:397,Tingis reuteri,,Tingis,Tropidocheila,reuteri,,species,n. sp.,B2208:1,accepted,,,B2208:1:376,Tropidocheila Fieb. 1844,,,,,Tingitidae,Tingitinae,Tingis,Tropidocheila,Tingitidae | Tingitinae | Tingitaria | Tingis | Tropidocheila,Reuteri n. sp.,,5734J,7625865,5734J,7625865
B2208:1:398,Tingis cappadocica,,Tingis,Tropidocheila,cappadocica,,species,n. sp.,B2208:1,accepted,,,B2208:1:376,Tropidocheila Fieb. 1844,,,,,Tingitidae,Tingitinae,Tingis,Tropidocheila,Tingitidae | Tingitinae | Tingitaria | Tingis | Tropidocheila,cappadocica n. sp.,,5733X,7818389,5733X,7818389
B2208:1:399,Tingis pusilla (Jak. 1874),(Jak. 1874),Tingis,Tropidocheila,pusilla,,species,,B2208:1,accepted,,,B2208:1:376,Tropidocheila Fieb. 1844,,,,,Tingitidae,Tingitinae,Tingis,Tropidocheila,Tingitidae | Tingitinae | Tingitaria | Tingis | Tropidocheila,pusilla (Jak. 1874),,5734H,4489077,5734H,4489077
B2208:1:400,Monanthia pusilla Jak. 1874,Jak. 1874,Monanthia,,pusilla,,species,,B2208:1,synonym,B2208:1:399,Tingis pusilla (Jak. 1874),,,,,,,Tingitidae,Tingitinae,Tingis,Tropidocheila,Tingitidae | Tingitinae | Tingitaria | Tingis | Tropidocheila,Monanthia pusilla Jak. 1874,,,4489078,,4489077
B2208:1:401,Tingis caucasica (Jak. 1880),(Jak. 1880),Tingis,Tropidocheila,caucasica,,species,,B2208:1,accepted,,,B2208:1:376,Tropidocheila Fieb. 1844,,,,,Tingitidae,Tingitinae,Tingis,Tropidocheila,Tingitidae | Tingitinae | Tingitaria | Tingis | Tropidocheila,caucasica (Jak. 1880),,T7SG8,4489112,T7SG8,4489112
B2208:1:402,Monanthia caucasica Jak. 1880,Jak. 1880,Monanthia,,caucasica,,species,,B2208:1,synonym,B2208:1:401,Tingis caucasica (Jak. 1880),,,,,,,Tingitidae,Tingitinae,Tingis,Tropidocheila,Tingitidae | Tingitinae | Tingitaria | Tingis | Tropidocheila,Monanthia Caucasica Jak. 1880,,,4489113,,4489112
B2208:1:403,Tingis juvenca (Horv. 1902),(Horv. 1902),Tingis,Tropidocheila,juvenca,,species,,B2208:1,accepted,,,B2208:1:376,Tropidocheila Fieb. 1844,,,,,Tingitidae,Tingitinae,Tingis,Tropidocheila,Tingitidae | Tingitinae | Tingitaria | Tingis | Tropidocheila,juvenca (Horv. 1902),,7CCSG,4489125,7CCSG,4489125
B2208:1:404,Phyllonthocheila juvenca Horv. 1902,Horv. 1902,Phyllonthocheila,,juvenca,,species,,B2208:1,synonym,B2208:1:403,Tingis juvenca (Horv. 1902),,,,,,,Tingitidae,Tingitinae,Tingis,Tropidocheila,Tingitidae | Tingitinae | Tingitaria | Tingis | Tropidocheila,Phyllonthocheila juvenca Horv. 1902,,,4489126,,4489125
B2208:1:405,Tingis torpida (Horv. 1902),(Horv. 1902),Tingis,Tropidocheila,torpida,,species,,B2208:1,accepted,,,B2208:1:376,Tropidocheila Fieb. 1844,,,,,Tingitidae,Tingitinae,Tingis,Tropidocheila,Tingitidae | Tingitinae | Tingitaria | Tingis | Tropidocheila,torpida (Horv. 1902),,5734Q,8241263,5734Q,8241263
B2208:1:406,Phyllonthocheila geniculata var. torpida Horv. 1902,Horv. 1902,Phyllonthocheila,,geniculata,torpida,variety,,B2208:1,synonym,B2208:1:405,Tingis torpida (Horv. 1902),,,,,,,Tingitidae,Tingitinae,Tingis,Tropidocheila,Tingitidae | Tingitinae | Tingitaria | Tingis | Tropidocheila,Phyllonthocheila geniculata var. torpida Horv. 1902,,,,,
B2208:1:407,"Tingis geniculata (Fieb., 1844)","(Fieb., 1844)",Tingis,Tropidocheila,geniculata,,species,,B2208:1,accepted,,,B2208:1:376,Tropidocheila Fieb. 1844,,,,,Tingitidae,Tingitinae,Tingis,Tropidocheila,Tingitidae | Tingitinae | Tingitaria | Tingis | Tropidocheila,"geniculata (Fieb., 1844)",,57344,4489101,57344,4489101
B2208:1:408,"Monanthia geniculata Fieb., 1844","Fieb., 1844",Monanthia,,geniculata,,species,,B2208:1,synonym,B2208:1:407,"Tingis geniculata (Fieb., 1844)",,,,,,,Tingitidae,Tingitinae,Tingis,Tropidocheila,Tingitidae | Tingitinae | Tingitaria | Tingis | Tropidocheila,"Monanthia geniculata Fieb., 1844",,,4489102,,4489101
B2208:1:409,Tingis griseola (Put. 1879),(Put. 1879),Tingis,Tropidocheila,griseola,,species,,B2208:1,accepted,,,B2208:1:376,Tropidocheila Fieb. 1844,,,,,Tingitidae,Tingitinae,Tingis,Tropidocheila,Tingitidae | Tingitinae | Tingitaria | Tingis | Tropidocheila,griseola (Put. 1879),,57346,4489114,57346,4489114
B2208:1:410,Monanthia geniculata var. griseola Put. 1879,Put. 1879,Monanthia,,geniculata,griseola,variety,,B2208:1,synonym,B2208:1:409,Tingis griseola (Put. 1879),,,,,,,Tingitidae,Tingitinae,Tingis,Tropidocheila,Tingitidae | Tingitinae | Tingitaria | Tingis | Tropidocheila,Monanthia Geniculata var. Griseola Put. 1879,,,,,
B2208:1:411,Tingis griseola var. miscella (Horv. 1902),(Horv. 1902),Tingis,Tropidocheila,griseola,miscella,variety,,B2208:1,accepted,,,B2208:1:409,Tingis griseola (Put. 1879),,,,,Tingitidae,Tingitinae,Tingis,Tropidocheila,Tingitidae | Tingitinae | Tingitaria | Tingis | Tropidocheila | Tingis griseola,var. miscella (Horv. 1902),,CKWJK,,CKWJK,
B2208:1:412,Phyllonthocheila miscella Horv. 1902,Horv. 1902,Phyllonthocheila,,miscella,,species,,B2208:1,synonym,B2208:1:411,Tingis griseola var. miscella (Horv. 1902),,,,,,,Tingitidae,Tingitinae,Tingis,Tropidocheila,Tingitidae | Tingitinae | Tingitaria | Tingis | Tropidocheila | Tingis griseola,Phyllonthocheila miscella Horv. 1902,,,,,
B2208:1:413,Tingis insularis (Horv. 1902),(Horv. 1902),Tingis,Tropidocheila,insularis,,species,,B2208:1,accepted,,,B2208:1:376,Tropidocheila Fieb. 1844,,,,,Tingitidae,Tingitinae,Tingis,Tropidocheila,Tingitidae | Tingitinae | Tingitaria | Tingis | Tropidocheila,insularis (Horv. 1902),,57348,4489116,57348,4489116
B2208:1:414,Phyllonthocheila insularis Horv. 1902,Horv. 1902,Phyllonthocheila,,insularis,,species,,B2208:1,synonym,B2208:1:413,Tingis insularis (Horv. 1902),,,,,,,Tingitidae,Tingitinae,Tingis,Tropidocheila,Tingitidae | Tingitinae | Tingitaria | Tingis | Tropidocheila,Phyllonthocheila insularis Horv. 1902,,,4489117,,4489116
B2208:1:415,Tingis maculata (H.-Sch. 1839),(H.-Sch. 1839),Tingis,Tropidocheila,maculata,,species,,B2208:1,accepted,,,B2208:1:376,Tropidocheila Fieb. 1844,,,,,Tingitidae,Tingitinae,Tingis,Tropidocheila,Tingitidae | Tingitinae | Tingitaria | Tingis | Tropidocheila,maculata (H.-Sch. 1839),,T7SJ6,4489118,3F3C3,4489015
B2208:1:416,Monanthia maculata H.-Sch. 1839,H.-Sch. 1839,Monanthia,,maculata,,species,,B2208:1,synonym,B2208:1:415,Tingis maculata (H.-Sch. 1839),,,,,,,Tingitidae,Tingitinae,Tingis,Tropidocheila,Tingitidae | Tingitinae | Tingitaria | Tingis | Tropidocheila,Monanthia maculata H.-Sch. 1839,,R6CSR,4489119,3F3C3,4489015
B2208:1:417,Monanthia stachydis Fieb. 1844,Fieb. 1844,Monanthia,,stachydis,,species,,B2208:1,synonym,B2208:1:415,Tingis maculata (H.-Sch. 1839),,,,,,,Tingitidae,Tingitinae,Tingis,Tropidocheila,Tingitidae | Tingitinae | Tingitaria | Tingis | Tropidocheila,Monanthia Stachydis Fieb. 1844,,,,,
B2208:1:418,Tingis liturata (Fieb. 1844),(Fieb. 1844),Tingis,Tropidocheila,liturata,,species,,B2208:1,accepted,,,B2208:1:376,Tropidocheila Fieb. 1844,,,,,Tingitidae,Tingitinae,Tingis,Tropidocheila,Tingitidae | Tingitinae | Tingitaria | Tingis | Tropidocheila,liturata (Fieb. 1844),,5734C,4489106,5734C,4489106
B2208:1:419,Monanthia liturata Fieb. 1844,Fieb. 1844,Monanthia,,liturata,,species,,B2208:1,synonym,B2208:1:418,Tingis liturata (Fieb. 1844),,,,,,,Tingitidae,Tingitinae,Tingis,Tropidocheila,Tingitidae | Tingitinae | Tingitaria | Tingis | Tropidocheila,Monanthia liturata Fieb. 1844,,,4489107,,4489106
B2208:1:420,Catoplatus Spin. 1837,Spin. 1837,,,,,genus,,B2208:1,accepted,,,B2208:1:61,Tingitaria,,,,,Tingitidae,Tingitinae,Catoplatus,,Tingitidae | Tingitinae | Tingitaria,Catoplatus Spin. 1837,,3JJV,9690119,3JJV,9690119
B2208:1:421,Coscinopoea Stål 1873,Stål 1873,Catoplatus,Coscinopoea,,,subgenus,,B2208:1,synonym,B2208:1:420,Catoplatus Spin. 1837,,,,,,,Tingitidae,Tingitinae,Catoplatus,Coscinopoea,Tingitidae | Tingitinae | Tingitaria,Catoplatus (Coscinopoea) Stål 1873,,,,,
B2208:1:422,Catoplatus fabricii (Stål 1868),(Stål 1868),Catoplatus,,fabricii,,species,,B2208:1,accepted,,,B2208:1:420,Catoplatus Spin. 1837,,,,,Tingitidae,Tingitinae,Catoplatus,,Tingitidae | Tingitinae | Tingitaria | Catoplatus,Fabricii (Stål 1868),,RV8W,4488886,RV8W,4488886
B2208:1:423,Tingis costata Fall. 1807,Fall. 1807,Tingis,,costata,,species,,B2208:1,synonym,B2208:1:422,Catoplatus fabricii (Stål 1868),,,,,,,Tingitidae,Tingitinae,Catoplatus,,Tingitidae | Tingitinae | Tingitaria | Catoplatus,Tingis costata Fall. 1807,,,,,
B2208:1:424,Tingis fabricii Stål 1868,Stål 1868,Tingis,,fabricii,,species,,B2208:1,synonym,B2208:1:422,Catoplatus fabricii (Stål 1868),,,,,,,Tingitidae,Tingitinae,Catoplatus,,Tingitidae | Tingitinae | Tingitaria | Catoplatus,Tingis Fabricii Stål 1868,,,4488887,,9799335
B2208:1:425,Monanthia oblonga Garb. 1869,Garb. 1869,Monanthia,,oblonga,,species,,B2208:1,synonym,B2208:1:422,Catoplatus fabricii (Stål 1868),,,,,,,Tingitidae,Tingitinae,Catoplatus,,Tingitidae | Tingitinae | Tingitaria | Catoplatus,Monanthia oblonga Garb. 1869,,,,,
B2208:1:426,Catoplatus dilatatus (Jak. 1880),(Jak. 1880),Catoplatus,,dilatatus,,species,,B2208:1,accepted,,,B2208:1:420,Catoplatus Spin. 1837,,,,,Tingitidae,Tingitinae,Catoplatus,,Tingitidae | Tingitinae | Tingitaria | Catoplatus,dilatatus (Jak. 1880),,RV8T,8092818,RV8T,8092818
B2208:1:427,Monanthia dilatata Jak. 1880,Jak. 1880,Monanthia,,dilatata,,species,,B2208:1,synonym,B2208:1:426,Catoplatus dilatatus (Jak. 1880),,,,,,,Tingitidae,Tingitinae,Catoplatus,,Tingitidae | Tingitinae | Tingitaria | Catoplatus,Monanthia dilatata Jak. 1880,,,,,
B2208:1:428,Monanthia krueperi Reut. 1880,Reut. 1880,Monanthia,Catoplatus,krueperi,,species,,B2208:1,synonym,B2208:1:426,Catoplatus dilatatus (Jak. 1880),,,,,,,Tingitidae,Tingitinae,Catoplatus,Catoplatus,Tingitidae | Tingitinae | Tingitaria | Catoplatus,Monanthia (Catoplatus) Krueperi Reut. 1880,,,,,
B2208:1:429,Catoplatus crassipes (Fieb. 1861),(Fieb. 1861),Catoplatus,,crassipes,,species,,B2208:1,accepted,,,B2208:1:420,Catoplatus Spin. 1837,,,,,Tingitidae,Tingitinae,Catoplatus,,Tingitidae | Tingitinae | Tingitaria | Catoplatus,crassipes (Fieb. 1861),,RV8S,4488883,RV8S,4488883
B2208:1:430,Monanthia crassipes Fieb. 1861,Fieb. 1861,Monanthia,,crassipes,,species,,B2208:1,synonym,B2208:1:429,Catoplatus crassipes (Fieb. 1861),,,,,,,Tingitidae,Tingitinae,Catoplatus,,Tingitidae | Tingitinae | Tingitaria | Catoplatus,Monanthia crassipes Fieb. 1861,,,4488884,,4488883
B2208:1:431,Catoplatus anticus (Reut. 1880),(Reut. 1880),Catoplatus,,anticus,,species,,B2208:1,accepted,,,B2208:1:420,Catoplatus Spin. 1837,,,,,Tingitidae,Tingitinae,Catoplatus,,Tingitidae | Tingitinae | Tingitaria | Catoplatus,anticus (Reut. 1880),,RV8M,4488878,RV8M,4488878
B2208:1:432,Monanthia anticus Reut. 1880,Reut. 1880,Monanthia,Catoplatus,anticus,,species,,B2208:1,synonym,B2208:1:431,Catoplatus anticus (Reut. 1880),,,,,,,Tingitidae,Tingitinae,Catoplatus,Catoplatus,Tingitidae | Tingitinae | Tingitaria | Catoplatus,Monanthia (Catoplatus) anticus Reut. 1880,,,4488879,,4488878
B2208:1:433,Catoplatus anticus var. syriacus,,Catoplatus,,anticus,syriacus,variety,n.,B2208:1,accepted,,,B2208:1:431,Catoplatus anticus (Reut. 1880),,,,,Tingitidae,Tingitinae,Catoplatus,,Tingitidae | Tingitinae | Tingitaria | Catoplatus | Catoplatus anticus,var. syriacus n.,,CJXMY,,CJXMY,
B2208:1:434,Catoplatus carthusianus (Goeze 1778),(Goeze 1778),Catoplatus,,carthusianus,,species,,B2208:1,accepted,,,B2208:1:420,Catoplatus Spin. 1837,,,,,Tingitidae,Tingitinae,Catoplatus,,Tingitidae | Tingitinae | Tingitaria | Catoplatus,carthusianus (Goeze 1778),,RV8Q,4488888,RV8Q,4488888
B2208:1:435,Cimex carthusianus Goeze 1778,Goeze 1778,Cimex,,carthusianus,,species,,B2208:1,synonym,B2208:1:434,Catoplatus carthusianus (Goeze 1778),,,,,,,Tingitidae,Tingitinae,Catoplatus,,Tingitidae | Tingitinae | Tingitaria | Catoplatus,Cimex carthusianus Goeze 1778,,MZ3FW,4488889,RV8Q,4488888
B2208:1:436,Tingis eryngii Latr. 1804,Latr. 1804,Tingis,,eryngii,,species,,B2208:1,synonym,B2208:1:434,Catoplatus carthusianus (Goeze 1778),,,,,,,Tingitidae,Tingitinae,Catoplatus,,Tingitidae | Tingitinae | Tingitaria | Catoplatus,Tingis eryngii Latr. 1804,,T7SSZ,10281240,RV8Q,4488888
B2208:1:437,Monanthia melanocephala Panz. 1806,Panz. 1806,Monanthia,,melanocephala,,species,,B2208:1,synonym,B2208:1:434,Catoplatus carthusianus (Goeze 1778),,,,,,,Tingitidae,Tingitinae,Catoplatus,,Tingitidae | Tingitinae | Tingitaria | Catoplatus,Monanthia melanocephala Panz. 1806,,,,,
B2208:1:438,Monanthia albida Fieb. 1861,Fieb. 1861,Monanthia,,albida,,species,,B2208:1,synonym,B2208:1:434,Catoplatus carthusianus (Goeze 1778),,,,,,,Tingitidae,Tingitinae,Catoplatus,,Tingitidae | Tingitinae | Tingitaria | Catoplatus,Monanthia albida Fieb. 1861,,,,,
B2208:1:439,Catoplatus carthusianus var. albidus (H.-Sch. 1839),(H.-Sch. 1839),Catoplatus,,carthusianus,albidus,variety,,B2208:1,accepted,,,B2208:1:434,Catoplatus carthusianus (Goeze 1778),,,,,Tingitidae,Tingitinae,Catoplatus,,Tingitidae | Tingitinae | Tingitaria | Catoplatus | Catoplatus carthusianus,var. albidus (H.-Sch. 1839),,CJXMZ,,CJXMZ,
B2208:1:440,Monanthia albidus H.-Sch. 1839,H.-Sch. 1839,Monanthia,,albidus,,species,,B2208:1,synonym,B2208:1:439,Catoplatus carthusianus var. albidus (H.-Sch. 1839),,,,,,,Tingitidae,Tingitinae,Catoplatus,,Tingitidae | Tingitinae | Tingitaria | Catoplatus | Catoplatus carthusianus,Monanthia albidus H.-Sch. 1839,,,,,
B2208:1:441,Monanthia schafferi Fieb. 1844,Fieb. 1844,Monanthia,,schafferi,,species,,B2208:1,synonym,B2208:1:439,Catoplatus carthusianus var. albidus (H.-Sch. 1839),,,,,,,Tingitidae,Tingitinae,Catoplatus,,Tingitidae | Tingitinae | Tingitaria | Catoplatus | Catoplatus carthusianus,Monanthia Schäfferi Fieb. 1844,,,,,
B2208:1:442,Catoplatus dacicus Montand. 1895,Montand. 1895,Catoplatus,,dacicus,,species,,B2208:1,synonym,B2208:1:439,Catoplatus carthusianus var. albidus (H.-Sch. 1839),,,,,,,Tingitidae,Tingitinae,Catoplatus,,Tingitidae | Tingitinae | Tingitaria | Catoplatus | Catoplatus carthusianus,Catoplatus Dacicus Montand. 1895,,,,,
B2208:1:443,Catoplatus nigriceps Horv. 1905,Horv. 1905,Catoplatus,,nigriceps,,species,,B2208:1,accepted,,,B2208:1:420,Catoplatus Spin. 1837,,,,,Tingitidae,Tingitinae,Catoplatus,,Tingitidae | Tingitinae | Tingitaria | Catoplatus,nigriceps Horv. 1905,,RV96,4488880,RV96,4488880
B2208:1:444,Catoplatus olivieri (Put. 1873),(Put. 1873),Catoplatus,,olivieri,,species,,B2208:1,accepted,,,B2208:1:420,Catoplatus Spin. 1837,,,,,Tingitidae,Tingitinae,Catoplatus,,Tingitidae | Tingitinae | Tingitaria | Catoplatus,Olivieri (Put. 1873),,RV97,4488874,RV97,4488874
B2208:1:445,Monanthia olivieri Put. 1873,Put. 1873,Monanthia,Tropidochila,olivieri,,species,,B2208:1,synonym,B2208:1:444,Catoplatus olivieri (Put. 1873),,,,,,,Tingitidae,Tingitinae,Catoplatus,Tropidochila,Tingitidae | Tingitinae | Tingitaria | Catoplatus,Monanthia (Tropidochila) Olivieri Put. 1873,,,4488875,,4488874
B2208:1:446,Catoplatus flavipes (Horv. 1874),(Horv. 1874),Catoplatus,,flavipes,,species,,B2208:1,accepted,,,B2208:1:420,Catoplatus Spin. 1837,,,,,Tingitidae,Tingitinae,Catoplatus,,Tingitidae | Tingitinae | Tingitaria | Catoplatus,flavipes (Horv. 1874),,M93L4,12122304,RV8Z,4488881
B2208:1:447,Monanthia flavipes Horv. 1874,Horv. 1874,Monanthia,,flavipes,,species,,B2208:1,synonym,B2208:1:446,Catoplatus flavipes (Horv. 1874),,,,,,,Tingitidae,Tingitinae,Catoplatus,,Tingitidae | Tingitinae | Tingitaria | Catoplatus,Monanthia flavipes Horv. 1874,,,,,
B2208:1:448,Monanthia horvathi Put. 1893,Put. 1893,Monanthia,,horvathi,,species,,B2208:1,synonym,B2208:1:446,Catoplatus flavipes (Horv. 1874),,,,,,,Tingitidae,Tingitinae,Catoplatus,,Tingitidae | Tingitinae | Tingitaria | Catoplatus,Monanthia Horvathi Put. 1893,,,4488882,,4488881
B2208:1:449,Catoplatus hilaris,,Catoplatus,,hilaris,,species,n. sp.,B2208:1,accepted,,,B2208:1:420,Catoplatus Spin. 1837,,,,,Tingitidae,Tingitinae,Catoplatus,,Tingitidae | Tingitinae | Tingitaria | Catoplatus,hilaris n. sp.,,RV8Y,8190610,RV8Y,8190610
B2208:1:450,Catoplatus fulvicornis (Jak. 1889),(Jak. 1889),Catoplatus,,fulvicornis,,species,,B2208:1,accepted,,,B2208:1:420,Catoplatus Spin. 1837,,,,,Tingitidae,Tingitinae,Catoplatus,,Tingitidae | Tingitinae | Tingitaria | Catoplatus,fulvicornis (Jak. 1889),,RV8X,7371582,RV8X,7371582
B2208:1:451,Monanthia fulvicornis Jak. 1889,Jak. 1889,Monanthia,Catoplatus,fulvicornis,,species,,B2208:1,synonym,B2208:1:450,Catoplatus fulvicornis (Jak. 1889),,,,,,,Tingitidae,Tingitinae,Catoplatus,Catoplatus,Tingitidae | Tingitinae | Tingitaria | Catoplatus,Monanthia (Catoplatus) fulvicornis Jak. 1889,,,,,
B2208:1:452,Catoplatus citrinus Horv. 1897,Horv. 1897,Catoplatus,,citrinus,,species,,B2208:1,accepted,,,B2208:1:420,Catoplatus Spin. 1837,,,,,Tingitidae,Tingitinae,Catoplatus,,Tingitidae | Tingitinae | Tingitaria | Catoplatus,citrinus Horv. 1897,,RV8R,7677305,RV8R,7677305
B2208:1:453,Catoplatus distinctus Montand. 1895,Montand. 1895,Catoplatus,,distinctus,,species,,B2208:1,accepted,,,B2208:1:420,Catoplatus Spin. 1837,,,,,Tingitidae,Tingitinae,Catoplatus,,Tingitidae | Tingitinae | Tingitaria | Catoplatus,distinctus Montand. 1895,,RV8V,4488877,RV8V,4488877
B2208:1:454,Copium Thunb. 1822,Thunb. 1822,,,,,genus,,B2208:1,accepted,,,B2208:1:61,Tingitaria,,,,,Tingitidae,Tingitinae,Copium,,Tingitidae | Tingitinae | Tingitaria,Copium Thunb. 1822,,8NNDV,4389434,8NQ9D,4389419
B2208:1:455,Eurycera Lap. 1832,Lap. 1832,,,,,genus,,B2208:1,synonym,B2208:1:454,Copium Thunb. 1822,,,,,,,Tingitidae,Tingitinae,Eurycera,,Tingitidae | Tingitinae | Tingitaria,Eurycera Lap. 1832,,C25PV,6007335,BXY6B,6007335
B2208:1:456,Laccometopus Fieb. 1844,Fieb. 1844,,,,,genus,,B2208:1,synonym,B2208:1:454,Copium Thunb. 1822,,,,,,,Tingitidae,Tingitinae,Laccometopus,,Tingitidae | Tingitinae | Tingitaria,Laccometopus Fieb. 1844,,,4772345,,4772345
B2208:1:457,Copium cornutum Thunb. 1825,Thunb. 1825,Copium,,cornutum,,species,,B2208:1,accepted,,,B2208:1:454,Copium Thunb. 1822,,,,,Tingitidae,Tingitinae,Copium,,Tingitidae | Tingitinae | Tingitaria | Copium,cornutum Thunb. 1825,,N5D2G,6096817,Y4XH,4488968
B2208:1:458,Cimex clavicornis Houtt. 1785,Houtt. 1785,Cimex,,clavicornis,,species,,B2208:1,synonym,B2208:1:457,Copium cornutum Thunb. 1825,,,,,,,Tingitidae,Tingitinae,Copium,,Tingitidae | Tingitinae | Tingitaria | Copium,Cimex clavicornis Houtt. 1785,,MZ3LP,8745294,Y4XH,4488968
B2208:1:459,Tingis punctata Latr. 1856,Latr. 1856,Tingis,,punctata,,species,,B2208:1,synonym,B2208:1:457,Copium cornutum Thunb. 1825,,,,,,,Tingitidae,Tingitinae,Copium,,Tingitidae | Tingitinae | Tingitaria | Copium,Tingis punctata Latr. 1856,,,,,
B2208:1:460,Eurycera nigricornis Lap. 1832,Lap. 1832,Eurycera,,nigricornis,,species,,B2208:1,synonym,B2208:1:457,Copium cornutum Thunb. 1825,,,,,,,Tingitidae,Tingitinae,Copium,,Tingitidae | Tingitinae | Tingitaria | Copium,Eurycera nigricornis Lap. 1832,,,,,
B2208:1:461,Copium teucrii (Host 1788),(Host 1788),Copium,,teucrii,,species,,B2208:1,accepted,,,B2208:1:454,Copium Thunb. 1822,,,,,Tingitidae,Tingitinae,Copium,,Tingitidae | Tingitinae | Tingitaria | Copium,Teucrii (Host 1788),,Y4XW,4488963,Y4XW,4488963
B2208:1:462,Cimex teucrii Host 1788,Host 1788,Cimex,,teucrii,,species,,B2208:1,synonym,B2208:1:461,Copium teucrii (Host 1788),,,,,,,Tingitidae,Tingitinae,Copium,,Tingitidae | Tingitinae | Tingitaria | Copium,Cimex Teucrii Host 1788,,MZ6K9,4488964,Y4XW,4488963
B2208:1:463,Copium teucrii var. intermedium (Rey 1888),(Rey 1888),Copium,,teucrii,intermedium,variety,,B2208:1,accepted,,,B2208:1:461,Copium teucrii (Host 1788),,,,,Tingitidae,Tingitinae,Copium,,Tingitidae | Tingitinae | Tingitaria | Copium | Copium teucrii,var. intermedium (Rey 1888),,N5D6C,4488965,Y4XM,9813064
B2208:1:464,Eurycera intermedia Rey 1888,Rey 1888,Eurycera,,intermedia,,species,,B2208:1,synonym,B2208:1:463,Copium teucrii var. intermedium (Rey 1888),,,,,,,Tingitidae,Tingitinae,Copium,,Tingitidae | Tingitinae | Tingitaria | Copium | Copium teucrii,Eurycera intermedia Rey 1888,,,,,
B2208:1:465,Copium teucrii var. brevicorne (Jak. 1880),(Jak. 1880),Copium,,teucrii,brevicorne,variety,,B2208:1,accepted,,,B2208:1:461,Copium teucrii (Host 1788),,,,,Tingitidae,Tingitinae,Copium,,Tingitidae | Tingitinae | Tingitaria | Copium | Copium teucrii,var. brevicorne (Jak. 1880),,,,,
B2208:1:466,Eurycera brevicornis Jak. 1880,Jak. 1880,Eurycera,,brevicornis,,species,,B2208:1,synonym,B2208:1:465,Copium teucrii var. brevicorne (Jak. 1880),,,,,,,Tingitidae,Tingitinae,Copium,,Tingitidae | Tingitinae | Tingitaria | Copium | Copium teucrii,Eurycera brevicornis Jak. 1880,,,8753306,,4488961
B2208:1:467,Eurycera magnicornis Rey 1888,Rey 1888,Eurycera,,magnicornis,,species,,B2208:1,synonym,B2208:1:465,Copium teucrii var. brevicorne (Jak. 1880),,,,,,,Tingitidae,Tingitinae,Copium,,Tingitidae | Tingitinae | Tingitaria | Copium | Copium teucrii,Eurycera magnicornis Rey 1888,"{""synonymUncertain"":true}",,,,
B2208:1:468,Copium adumbratum (Horv. 1891),(Horv. 1891),Copium,,adumbratum,,species,,B2208:1,accepted,,,B2208:1:454,Copium Thunb. 1822,,,,,Tingitidae,Tingitinae,Copium,,Tingitidae | Tingitinae | Tingitaria | Copium,adumbratum (Horv. 1891),,Y4XD,7765549,Y4XD,7765549
B2208:1:469,Eurycera adumbrata Horv. 1891,Horv. 1891,Eurycera,,adumbrata,,species,,B2208:1,synonym,B2208:1:468,Copium adumbratum (Horv. 1891),,,,,,,Tingitidae,Tingitinae,Copium,,Tingitidae | Tingitinae | Tingitaria | Copium,Eurycera adumbrata Horv. 1891,,,,,
B2208:1:470,Physatocheila Fieb. 1844,Fieb. 1844,,,,,genus,,B2208:1,accepted,,,B2208:1:61,Tingitaria,,,,,Tingitidae,Tingitinae,Physatocheila,,Tingitidae | Tingitinae | Tingitaria,Physatocheila Fieb. 1844,,6PWN,2020696,6PWN,2020696
B2208:1:471,Physatochila Fieb. 1861,Fieb. 1861,,,,,genus,,B2208:1,synonym,B2208:1:470,Physatocheila Fieb. 1844,,,,,,,Tingitidae,Tingitinae,Physatochila,,Tingitidae | Tingitinae | Tingitaria,Physatochila Fieb. 1861,,S2CHY,4784547,6PWN,2020696
B2208:1:472,Phyllochisme Kirkaldy 1904,Kirkaldy 1904,,,,,genus,,B2208:1,synonym,B2208:1:470,Physatocheila Fieb. 1844,,,,,,,Tingitidae,Tingitinae,Phyllochisme,,Tingitidae | Tingitinae | Tingitaria,Phyllochisme Kirkaldy 1904,,RV2C2,,6PWN,
B2208:1:473,Physatocheila delicatula Horv. 1903,Horv. 1903,Physatocheila,,delicatula,,species,,B2208:1,accepted,,,B2208:1:470,Physatocheila Fieb. 1844,,,,,Tingitidae,Tingitinae,Physatocheila,,Tingitidae | Tingitinae | Tingitaria | Physatocheila,delicatula Horv. 1903,,4HGG8,4488892,4HGG8,4488892
B2208:1:474,Physatocheila municeps Horv. 1903,Horv. 1903,Physatocheila,,municeps,,species,,B2208:1,accepted,,,B2208:1:470,Physatocheila Fieb. 1844,,,,,Tingitidae,Tingitinae,Physatocheila,,Tingitidae | Tingitinae | Tingitaria | Physatocheila,municeps Horv. 1903,,4HGGZ,4488898,4HGGZ,4488898
B2208:1:475,Physatocheila dumetorum (H.-Sch. 1839),(H.-Sch. 1839),Physatocheila,,dumetorum,,species,,B2208:1,accepted,,,B2208:1:470,Physatocheila Fieb. 1844,,,,,Tingitidae,Tingitinae,Physatocheila,,Tingitidae | Tingitinae | Tingitaria | Physatocheila,dumetorum (H.-Sch. 1839),,4HGGC,4488895,4HGGC,4488895
B2208:1:476,Monanthia dumetorum H.-Sch. 1839,H.-Sch. 1839,Monanthia,,dumetorum,,species,,B2208:1,synonym,B2208:1:475,Physatocheila dumetorum (H.-Sch. 1839),,,,,,,Tingitidae,Tingitinae,Physatocheila,,Tingitidae | Tingitinae | Tingitaria | Physatocheila,Monanthia dumetorum H.-Sch. 1839,,R6CPM,4488896,4HGGC,4488895
B2208:1:477,Tingis oxyacanthae Curt. 1839,Curt. 1839,Tingis,,oxyacanthae,,species,,B2208:1,synonym,B2208:1:475,Physatocheila dumetorum (H.-Sch. 1839),,,,,,,Tingitidae,Tingitinae,Physatocheila,,Tingitidae | Tingitinae | Tingitaria | Physatocheila,Tingis Oxyacanthae Curt. 1839,,,,,
B2208:1:478,Physatocheila confinis Horv. 1905,Horv. 1905,Physatocheila,,confinis,,species,,B2208:1,accepted,,,B2208:1:470,Physatocheila Fieb. 1844,,,,,Tingitidae,Tingitinae,Physatocheila,,Tingitidae | Tingitinae | Tingitaria | Physatocheila,confinis Horv. 1905,,4HGG6,4488900,4HGG6,4488900
B2208:1:479,Physatocheila quadrimaculata (Wolff 1804),(Wolff 1804),Physatocheila,,quadrimaculata,,species,,B2208:1,accepted,,,B2208:1:470,Physatocheila Fieb. 1844,,,,,Tingitidae,Tingitinae,Physatocheila,,Tingitidae | Tingitinae | Tingitaria | Physatocheila,quadrimaculata (Wolff 1804),,S2CCL,2020700,4HGG7,4488890
B2208:1:480,Acanthia quadrimaculata Wolff 1804,Wolff 1804,Acanthia,,quadrimaculata,,species,,B2208:1,synonym,B2208:1:479,Physatocheila quadrimaculata (Wolff 1804),,,,,,,Tingitidae,Tingitinae,Physatocheila,,Tingitidae | Tingitinae | Tingitaria | Physatocheila,Acanthia quadrimaculata Wolff 1804,,LVMFT,2020699,4HGG7,4488890
B2208:1:481,Tingis corticea H.-Sch. 1830,H.-Sch. 1830,Tingis,,corticea,,species,,B2208:1,synonym,B2208:1:479,Physatocheila quadrimaculata (Wolff 1804),,,,,,,Tingitidae,Tingitinae,Physatocheila,,Tingitidae | Tingitinae | Tingitaria | Physatocheila,Tingis corticea H.-Sch. 1830,,T7SRB,,S2CDP,
B2208:1:482,Physatocheila distinguenda (Jak. 1880),(Jak. 1880),Physatocheila,,distinguenda,,species,,B2208:1,accepted,,,B2208:1:470,Physatocheila Fieb. 1844,,,,,Tingitidae,Tingitinae,Physatocheila,,Tingitidae | Tingitinae | Tingitaria | Physatocheila,distinguenda (Jak. 1880),,6VHXW,4488899,6VHXW,4488899
B2208:1:483,Monanthia distinguenda Jak. 1880,Jak. 1880,Monanthia,,distinguenda,,species,,B2208:1,synonym,B2208:1:482,Physatocheila distinguenda (Jak. 1880),,,,,,,Tingitidae,Tingitinae,Physatocheila,,Tingitidae | Tingitinae | Tingitaria | Physatocheila,Monanthia distinguenda Jak. 1880,,R6CL2,,6VHXW,
B2208:1:484,Oncochila Stål 1873,Stål 1873,,,,,genus,,B2208:1,accepted,,,B2208:1:61,Tingitaria,,,,,Tingitidae,Tingitinae,Oncochila,,Tingitidae | Tingitinae | Tingitaria,Oncochila Stål 1873,,RG46V,4488974,RG46V,4488974
B2208:1:485,Oncochila simplex (H.-Sch. 1830),(H.-Sch. 1830),Oncochila,,simplex,,species,,B2208:1,accepted,,,B2208:1:484,Oncochila Stål 1873,,,,,Tingitidae,Tingitinae,Oncochila,,Tingitidae | Tingitinae | Tingitaria | Oncochila,simplex (H.-Sch. 1830),,RG47H,4488975,49FVC,8159124
B2208:1:486,Tingis simplex H.-Sch. 1830,H.-Sch. 1830,Tingis,,simplex,,species,,B2208:1,synonym,B2208:1:485,Oncochila simplex (H.-Sch. 1830),,,,,,,Tingitidae,Tingitinae,Oncochila,,Tingitidae | Tingitinae | Tingitaria | Oncochila,Tingis simplex H.-Sch. 1830,,T7T3M,4488976,49FVC,8159124
B2208:1:487,Oncochila scapularis (Fieb. 1844),(Fieb. 1844),Oncochila,,scapularis,,species,,B2208:1,accepted,,,B2208:1:484,Oncochila Stål 1873,,,,,Tingitidae,Tingitinae,Oncochila,,Tingitidae | Tingitinae | Tingitaria | Oncochila,scapularis (Fieb. 1844),,RG478,4488977,49FVB,7852042
B2208:1:488,Monanthia scapularis Fieb. 1844,Fieb. 1844,Monanthia,,scapularis,,species,,B2208:1,synonym,B2208:1:487,Oncochila scapularis (Fieb. 1844),,,,,,,Tingitidae,Tingitinae,Oncochila,,Tingitidae | Tingitinae | Tingitaria | Oncochila,Monanthia scapularis Fieb. 1844,,,4488978,,7852042
B2208:1:489,Monanthia Lep. & Serv. 1825,Lep. & Serv. 1825,,,,,genus,,B2208:1,accepted,,,B2208:1:61,Tingitaria,,,,,Tingitidae,Tingitinae,Monanthia,,Tingitidae | Tingitinae | Tingitaria,Monanthia Lep. & Serv. 1825,,,2020599,,2020599
B2208:1:490,Dictyla Stål 1874,Stål 1874,,,,,genus,,B2208:1,synonym,B2208:1:489,Monanthia Lep. & Serv. 1825,,,,,,,Tingitidae,Tingitinae,Dictyla,,Tingitidae | Tingitinae | Tingitaria,Dictyla Stål 1874,,44XK,2020606,44XK,2020606
B2208:1:491,Monanthia montandoni Horv. 1885,Horv. 1885,Monanthia,,montandoni,,species,,B2208:1,accepted,,,B2208:1:489,Monanthia Lep. & Serv. 1825,,,,,Tingitidae,Tingitinae,Monanthia,,Tingitidae | Tingitinae | Tingitaria | Monanthia,Montandoni Horv. 1885,,,4488951,,4488950
B2208:1:492,Monanthia montandoni var. rivalis Horv. 1905,Horv. 1905,Monanthia,,montandoni,rivalis,variety,,B2208:1,accepted,,,B2208:1:491,Monanthia montandoni Horv. 1885,,,,,Tingitidae,Tingitinae,Monanthia,,Tingitidae | Tingitinae | Tingitaria | Monanthia | Monanthia montandoni,var. rivalis Horv. 1905,,,,,
B2208:1:493,Monanthia ruficeps Horv. 1905,Horv. 1905,Monanthia,,ruficeps,,species,,B2208:1,accepted,,,B2208:1:489,Monanthia Lep. & Serv. 1825,,,,,Tingitidae,Tingitinae,Monanthia,,Tingitidae | Tingitinae | Tingitaria | Monanthia,ruficeps Horv. 1905,,,,,
B2208:1:494,Monanthia sahlbergi,,Monanthia,,sahlbergi,,species,n. sp.,B2208:1,accepted,,,B2208:1:489,Monanthia Lep. & Serv. 1825,,,,,Tingitidae,Tingitinae,Monanthia,,Tingitidae | Tingitinae | Tingitaria | Monanthia,Sahlbergi n. sp.,,,,,
B2208:1:495,Monanthia subdola Horv. 1905,Horv. 1905,Monanthia,,subdola,,species,,B2208:1,accepted,,,B2208:1:489,Monanthia Lep. & Serv. 1825,,,,,Tingitidae,Tingitinae,Monanthia,,Tingitidae | Tingitinae | Tingitaria | Monanthia,subdola Horv. 1905,,,4488960,,4488959
B2208:1:496,Monanthia platyoma Fieb. 1861,Fieb. 1861,Monanthia,,platyoma,,species,,B2208:1,accepted,,,B2208:1:489,Monanthia Lep. & Serv. 1825,,,,,Tingitidae,Tingitinae,Monanthia,,Tingitidae | Tingitinae | Tingitaria | Monanthia,platyoma Fieb. 1861,,,4488943,,2020611
B2208:1:497,Monanthia putoni Montand. 1895,Montand. 1895,Monanthia,,putoni,,species,,B2208:1,accepted,,,B2208:1:489,Monanthia Lep. & Serv. 1825,,,,,Tingitidae,Tingitinae,Monanthia,,Tingitidae | Tingitinae | Tingitaria | Monanthia,Putoni Montand. 1895,,R6CVR,8258842,6D5GB,8180370
B2208:1:498,Monanthia putoni var. pulla Horv. 1905,Horv. 1905,Monanthia,,putoni,pulla,variety,,B2208:1,accepted,,,B2208:1:497,Monanthia putoni Montand. 1895,,,,,Tingitidae,Tingitinae,Monanthia,,Tingitidae | Tingitinae | Tingitaria | Monanthia | Monanthia putoni,var. pulla Horv. 1905,,,,,
B2208:1:499,Monanthia nassata Put. 1874,Put. 1874,Monanthia,,nassata,,species,,B2208:1,accepted,,,B2208:1:489,Monanthia Lep. & Serv. 1825,,,,,Tingitidae,Tingitinae,Monanthia,,Tingitidae | Tingitinae | Tingitaria | Monanthia,nassata Put. 1874,,R6CT7,4488958,6D5H8,4488957
B2208:1:500,Monanthia reticulata Ramb. 1842,Ramb. 1842,Monanthia,,reticulata,,species,,B2208:1,synonym,B2208:1:499,Monanthia nassata Put. 1874,,,,,,,Tingitidae,Tingitinae,Monanthia,,Tingitidae | Tingitinae | Tingitaria | Monanthia,Monanthia reticulata Ramb. 1842,,,,,
B2208:1:501,Monanthia symphyti (Vallot 1828),(Vallot 1828),Monanthia,,symphyti,,species,,B2208:1,accepted,,,B2208:1:489,Monanthia Lep. & Serv. 1825,,,,,Tingitidae,Tingitinae,Monanthia,,Tingitidae | Tingitinae | Tingitaria | Monanthia,Symphyti (Vallot 1828),,,,,
B2208:1:502,Tingis symphyti Vallot 1828,Vallot 1828,Tingis,,symphyti,,species,,B2208:1,synonym,B2208:1:501,Monanthia symphyti (Vallot 1828),,,,,,,Tingitidae,Tingitinae,Monanthia,,Tingitidae | Tingitinae | Tingitaria | Monanthia,Tingis symphyti Vallot 1828,,,,,
B2208:1:503,Monanthia costata Burm. 1835,Burm. 1835,Monanthia,,costata,,species,,B2208:1,synonym,B2208:1:501,Monanthia symphyti (Vallot 1828),,,,,,,Tingitidae,Tingitinae,Monanthia,,Tingitidae | Tingitinae | Tingitaria | Monanthia,Monanthia costata Burm. 1835,,DLZ3F,10157489,RV8W,4488886
B2208:1:504,Monanthia vesiculifera Fieb. 1844,Fieb. 1844,Monanthia,,vesiculifera,,species,,B2208:1,synonym,B2208:1:501,Monanthia symphyti (Vallot 1828),,,,,,,Tingitidae,Tingitinae,Monanthia,,Tingitidae | Tingitinae | Tingitaria | Monanthia,Monanthia vesiculifera Fieb. 1844,,,,,
B2208:1:505,Monanthia indigena (Woll. 1858),(Woll. 1858),Monanthia,,indigena,,species,,B2208:1,accepted,,,B2208:1:489,Monanthia Lep. & Serv. 1825,,,,,Tingitidae,Tingitinae,Monanthia,,Tingitidae | Tingitinae | Tingitaria | Monanthia,indigena (Woll. 1858),,,,,
B2208:1:506,Tingis indigena Woll. 1858,Woll. 1858,Tingis,,indigena,,species,,B2208:1,synonym,B2208:1:505,Monanthia indigena (Woll. 1858),,,,,,,Tingitidae,Tingitinae,Monanthia,,Tingitidae | Tingitinae | Tingitaria | Monanthia,Tingis indigena Woll. 1858,,T7SWT,4488949,6CTH5,4488948
B2208:1:507,Monanthia humuli (Fabr. 1794),(Fabr. 1794),Monanthia,,humuli,,species,,B2208:1,accepted,,,B2208:1:489,Monanthia Lep. & Serv. 1825,,,,,Tingitidae,Tingitinae,Monanthia,,Tingitidae | Tingitinae | Tingitaria | Monanthia,Humuli (Fabr. 1794),,R6CRQ,10432550,6D5H4,4488939
B2208:1:508,Cimex clavicornis Linn. 1758,Linn. 1758,Cimex,,clavicornis,,species,,B2208:1,synonym,B2208:1:507,Monanthia humuli (Fabr. 1794),,,,,,,Tingitidae,Tingitinae,Monanthia,,Tingitidae | Tingitinae | Tingitaria | Monanthia,Cimex clavicornis Linn. 1758,"{""synonymUncertain"":true}",MZ3LP,8745294,Y4XH,4488968
B2208:1:509,Acanthia humuli Fabr. 1794,Fabr. 1794,Acanthia,,humuli,,species,,B2208:1,synonym,B2208:1:507,Monanthia humuli (Fabr. 1794),,,,,,,Tingitidae,Tingitinae,Monanthia,,Tingitidae | Tingitinae | Tingitaria | Monanthia,Acanthia Humuli Fabr. 1794,,LVMBD,8930619,6D5H4,4488939
B2208:1:510,Tingis convergens H.-Sch. 1835,H.-Sch. 1835,Tingis,,convergens,,species,,B2208:1,synonym,B2208:1:507,Monanthia humuli (Fabr. 1794),,,,,,,Tingitidae,Tingitinae,Monanthia,,Tingitidae | Tingitinae | Tingitaria | Monanthia,Tingis convergens H.-Sch. 1835,,,4488947,,4488946
B2208:1:511,Monanthia lupuli H.-Sch. 1839,H.-Sch. 1839,Monanthia,,lupuli,,species,,B2208:1,accepted,,,B2208:1:489,Monanthia Lep. & Serv. 1825,,,,,Tingitidae,Tingitinae,Monanthia,,Tingitidae | Tingitinae | Tingitaria | Monanthia,Lupuli H.-Sch. 1839,,,4488942,,4488941
B2208:1:512,Monanthia echii (Schrank 1782),(Schrank 1782),Monanthia,,echii,,species,,B2208:1,accepted,,,B2208:1:489,Monanthia Lep. & Serv. 1825,,,,,Tingitidae,Tingitinae,Monanthia,,Tingitidae | Tingitinae | Tingitaria | Monanthia,Echii (Schrank 1782),,R6CPP,9582065,6CTGQ,2020607
B2208:1:513,Cimex clavicornis Schrank 1781,Schrank 1781,Cimex,,clavicornis,,species,,B2208:1,synonym,B2208:1:512,Monanthia echii (Schrank 1782),,,,,,,Tingitidae,Tingitinae,Monanthia,,Tingitidae | Tingitinae | Tingitaria | Monanthia,Cimex clavicornis Schrank 1781,,MZ3LP,8745294,Y4XH,4488968
B2208:1:514,Cimex echii Schrank 1782,Schrank 1782,Cimex,,echii,,species,,B2208:1,proparte synonym,B2208:1:512,Monanthia echii (Schrank 1782),,,,,,,Tingitidae,Tingitinae,Monanthia,,Tingitidae | Tingitinae | Tingitaria | Monanthia,Cimex Echii Schrank 1782,,MZ3YB,4488955,6CTGQ,2020607
B2208:1:515,Monanthia wolffii Fieb. 1844,Fieb. 1844,Monanthia,,wolffii,,species,,B2208:1,synonym,B2208:1:512,Monanthia echii (Schrank 1782),,,,,,,Tingitidae,Tingitinae,Monanthia,,Tingitidae | Tingitinae | Tingitaria | Monanthia,Monanthia Wolffii Fieb. 1844,,R6CXG,10982892,6CTGQ,2020607
B2208:1:516,Monanthia rotundata (H.-Sch. 1835),(H.-Sch. 1835),Monanthia,,rotundata,,species,,B2208:1,accepted,,,B2208:1:489,Monanthia Lep. & Serv. 1825,,,,,Tingitidae,Tingitinae,Monanthia,,Tingitidae | Tingitinae | Tingitaria | Monanthia,rotundata (H.-Sch. 1835),,,,,
B2208:1:517,Cimex echii Schrank 1782,Schrank 1782,Cimex,,echii,,species,,B2208:1,proparte synonym,B2208:1:516,Monanthia rotundata (H.-Sch. 1835),,,,,,,Tingitidae,Tingitinae,Monanthia,,Tingitidae | Tingitinae | Tingitaria | Monanthia,Cimex Echii Schrank 1782,,MZ3YB,4488955,6CTGQ,2020607
B2208:1:518,Tingis rotundata H.-Sch. 1835,H.-Sch. 1835,Tingis,,rotundata,,species,,B2208:1,synonym,B2208:1:516,Monanthia rotundata (H.-Sch. 1835),,,,,,,Tingitidae,Tingitinae,Monanthia,,Tingitidae | Tingitinae | Tingitaria | Monanthia,Tingis rotundata H.-Sch. 1835,,,4488953,,4488952
B2208:1:519,Monosteira Costa 1860,Costa 1860,,,,,genus,,B2208:1,accepted,,,B2208:1:61,Tingitaria,,,,,Tingitidae,Tingitinae,Monosteira,,Tingitidae | Tingitinae | Tingitaria,Monosteira Costa 1860,,63D8K,4407766,63D8K,4407766
B2208:1:520,Monosteira Costa 1860,Costa 1860,Monosteira,,,,subgenus,s. str.,B2208:1,accepted,,,B2208:1:519,Monosteira Costa 1860,,,,,Tingitidae,Tingitinae,Monosteira,Monosteira,Tingitidae | Tingitinae | Tingitaria | Monosteira,Monosteira Costa 1860 s. str.,,63D8K,,63D8K,
B2208:1:521,Monosteira lobulifera Reut. 1888,Reut. 1888,Monosteira,Monosteira,lobulifera,,species,,B2208:1,accepted,,,B2208:1:520,Monosteira Costa 1860,,,,,Tingitidae,Tingitinae,Monosteira,Monosteira,Tingitidae | Tingitinae | Tingitaria | Monosteira | Monosteira,lobulifera Reut. 1888,,449DZ,4489139,449DZ,4489139
B2208:1:522,Monosteira unicostata (Muls. & Rey 1850),(Muls. & Rey 1850),Monosteira,Monosteira,unicostata,,species,,B2208:1,accepted,,,B2208:1:520,Monosteira Costa 1860,,,,,Tingitidae,Tingitinae,Monosteira,Monosteira,Tingitidae | Tingitinae | Tingitaria | Monosteira | Monosteira,unicostata (Muls. & Rey 1850),,73PR5,4489137,73PR5,4489137
B2208:1:523,Monanthia unicostata Muls. & Rey 1850,Muls. & Rey 1850,Monanthia,,unicostata,,species,,B2208:1,synonym,B2208:1:522,Monosteira unicostata (Muls. & Rey 1850),,,,,,,Tingitidae,Tingitinae,Monosteira,Monosteira,Tingitidae | Tingitinae | Tingitaria | Monosteira | Monosteira,Monanthia unicostata Muls. & Rey 1850,,R6CX5,4489138,73PR5,4489137
B2208:1:524,Monanthia aliena Fieb. 1861,Fieb. 1861,Monanthia,,aliena,,species,,B2208:1,synonym,B2208:1:522,Monosteira unicostata (Muls. & Rey 1850),,,,,,,Tingitidae,Tingitinae,Monosteira,Monosteira,Tingitidae | Tingitinae | Tingitaria | Monosteira | Monosteira,Monanthia aliena Fieb. 1861,,,,,
B2208:1:525,Monosteira unicostata var. buccata Horv. 1902,Horv. 1902,Monosteira,Monosteira,unicostata,buccata,variety,,B2208:1,accepted,,,B2208:1:522,Monosteira unicostata (Muls. & Rey 1850),,,,,Tingitidae,Tingitinae,Monosteira,Monosteira,Tingitidae | Tingitinae | Tingitaria | Monosteira | Monosteira | Monosteira unicostata,var. buccata Horv. 1902,,CKJDQ,,CKJDQ,
B2208:1:526,Monosteira buccata Horv. 1902,Horv. 1902,Monosteira,,buccata,,species,,B2208:1,synonym,B2208:1:525,Monosteira unicostata var. buccata Horv. 1902,,,,,,,Tingitidae,Tingitinae,Monosteira,Monosteira,Tingitidae | Tingitinae | Tingitaria | Monosteira | Monosteira | Monosteira unicostata,Monosteira buccata Horv. 1902,,QKMSY,9327621,CKJDQ,9004563
B2208:1:527,Monosteira discoidalis (Jak. 1883),(Jak. 1883),Monosteira,Monosteira,discoidalis,,species,,B2208:1,accepted,,,B2208:1:520,Monosteira Costa 1860,,,,,Tingitidae,Tingitinae,Monosteira,Monosteira,Tingitidae | Tingitinae | Tingitaria | Monosteira | Monosteira,discoidalis (Jak. 1883),,449DV,4489140,449DV,4489140
B2208:1:528,Monanthia discoidalis Jak. 1883,Jak. 1883,Monanthia,Monosteira,discoidalis,,species,,B2208:1,synonym,B2208:1:527,Monosteira discoidalis (Jak. 1883),,,,,,,Tingitidae,Tingitinae,Monosteira,Monosteira,Tingitidae | Tingitinae | Tingitaria | Monosteira | Monosteira,Monanthia (Monosteira) discoidalis Jak. 1883,,,4489141,,4489140
B2208:1:529,Monosteira inermis Horv. 1899,Horv. 1899,Monosteira,Monosteira,inermis,,species,,B2208:1,accepted,,,B2208:1:520,Monosteira Costa 1860,,,,,Tingitidae,Tingitinae,Monosteira,Monosteira,Tingitidae | Tingitinae | Tingitaria | Monosteira | Monosteira,inermis Horv. 1899,,449DX,7676578,449DX,7676578
B2208:1:530,Monosteira minutula Montand. 1897,Montand. 1897,Monosteira,Monosteira,minutula,,species,,B2208:1,accepted,,,B2208:1:520,Monosteira Costa 1860,,,,,Tingitidae,Tingitinae,Monosteira,Monosteira,Tingitidae | Tingitinae | Tingitaria | Monosteira | Monosteira,minutula Montand. 1897,,6RPR5,7749930,6RPR5,7749930
B2208:1:531,Monosteira capitata Jak. 1876,Jak. 1876,Monosteira,Monosteira,capitata,,species,,B2208:1,accepted,,,B2208:1:520,Monosteira Costa 1860,,,,,Tingitidae,Tingitinae,Monosteira,Monosteira,Tingitidae | Tingitinae | Tingitaria | Monosteira | Monosteira,capitata Jak. 1876,,,,,
B2208:1:532,Phaenotropis,,Monosteira,,,,subgenus,n.,B2208:1,accepted,,,B2208:1:519,Monosteira Costa 1860,,,,,Tingitidae,Tingitinae,Monosteira,Phaenotropis,Tingitidae | Tingitinae | Tingitaria | Monosteira,Phaenotropis n.,,63MRD,,63MRD,
B2208:1:533,Monosteira parvula (Sign. 1865),(Sign. 1865),Monosteira,Phaenotropis,parvula,,species,,B2208:1,accepted,,,B2208:1:532,Phaenotropis,,,,,Tingitidae,Tingitinae,Monosteira,Phaenotropis,Tingitidae | Tingitinae | Tingitaria | Monosteira | Phaenotropis,parvula (Sign. 1865),,,,,
B2208:1:534,Monanthia parvula Sign. 1865,Sign. 1865,Monanthia,Monosteira,parvula,,species,,B2208:1,synonym,B2208:1:533,Monosteira parvula (Sign. 1865),,,,,,,Tingitidae,Tingitinae,Monosteira,Phaenotropis,Tingitidae | Tingitinae | Tingitaria | Monosteira | Phaenotropis,Monanthia (Monosteira) parvula Sign. 1865,,R6CTS,4489012,8SKJ,4489011
B2208:1:535,Monosteira cleopatra Horv. 1905,Horv. 1905,Monosteira,Phaenotropis,cleopatra,,species,,B2208:1,accepted,,,B2208:1:532,Phaenotropis,,,,,Tingitidae,Tingitinae,Monosteira,Phaenotropis,Tingitidae | Tingitinae | Tingitaria | Monosteira | Phaenotropis,Cleopatra Horv. 1905,,,,,
B2208:1:536,Serenthiaria,,,,,,tribe,,B2208:1,accepted,,,B2208:1:50,Tingitinae,,,,,Tingitidae,Tingitinae,,,Tingitidae | Tingitinae,Serenthiaria,,,,,
B2208:1:537,Serenthia Spin. 1837,Spin. 1837,,,,,genus,,B2208:1,accepted,,,B2208:1:536,Serenthiaria,,,,,Tingitidae,Tingitinae,Serenthia,,Tingitidae | Tingitinae | Serenthiaria,Serenthia Spin. 1837,,SQKRX,,QWG,
B2208:1:538,Agramma Westw. 1840,Westw. 1840,,,,,genus,,B2208:1,synonym,B2208:1:537,Serenthia Spin. 1837,,,,,,,Tingitidae,Tingitinae,Agramma,,Tingitidae | Tingitinae | Serenthiaria,Agramma Westw. 1840,,QWG,4309162,QWG,4309162
B2208:1:539,Serenthia atricapilla Spin. 1837,Spin. 1837,Serenthia,,atricapilla,,species,,B2208:1,accepted,,,B2208:1:537,Serenthia Spin. 1837,,,,,Tingitidae,Tingitinae,Serenthia,,Tingitidae | Tingitinae | Serenthiaria | Serenthia,atricapilla Spin. 1837,,SQKS2,4488909,B34T,4488908
B2208:1:540,Serenthia brevicornis Spin. 1837,Spin. 1837,Serenthia,,brevicornis,,species,,B2208:1,synonym,B2208:1:539,Serenthia atricapilla Spin. 1837,,,,,,,Tingitidae,Tingitinae,Serenthia,,Tingitidae | Tingitinae | Serenthiaria | Serenthia,Serenthia brevicornis Spin. 1837,,,,,
B2208:1:541,Serenthia atricapilla var. mendax,,Serenthia,,atricapilla,mendax,variety,n.,B2208:1,accepted,,,B2208:1:539,Serenthia atricapilla Spin. 1837,,,,,Tingitidae,Tingitinae,Serenthia,,Tingitidae | Tingitinae | Serenthiaria | Serenthia | Serenthia atricapilla,var. mendax n.,,,,,
B2208:1:542,Serenthia atricapilla var. pallens,,Serenthia,,atricapilla,pallens,variety,n.,B2208:1,accepted,,,B2208:1:539,Serenthia atricapilla Spin. 1837,,,,,Tingitidae,Tingitinae,Serenthia,,Tingitidae | Tingitinae | Serenthiaria | Serenthia | Serenthia atricapilla,var. pallens n.,,,,,
B2208:1:543,Serenthia tropidoptera (Flor 1860),(Flor 1860),Serenthia,,tropidoptera,,species,,B2208:1,accepted,,,B2208:1:537,Serenthia Spin. 1837,,,,,Tingitidae,Tingitinae,Serenthia,,Tingitidae | Tingitinae | Serenthiaria | Serenthia,tropidoptera (Flor 1860),,,,,
B2208:1:544,Agramma tropidoptera Flor 1860,Flor 1860,Agramma,,tropidoptera,,species,,B2208:1,synonym,B2208:1:543,Serenthia tropidoptera (Flor 1860),,,,,,,Tingitidae,Tingitinae,Serenthia,,Tingitidae | Tingitinae | Serenthiaria | Serenthia,Agramma tropidoptera Flor 1860,,B36X,4488904,B36X,4488904
B2208:1:545,Serenthia globiceps,,Serenthia,,globiceps,,species,n. sp.,B2208:1,accepted,,,B2208:1:537,Serenthia Spin. 1837,,,,,Tingitidae,Tingitinae,Serenthia,,Tingitidae | Tingitinae | Serenthiaria | Serenthia,globiceps n. sp.,,,,,
B2208:1:546,Serenthia ruficornis (Germ. 1835),(Germ. 1835),Serenthia,,ruficornis,,species,,B2208:1,accepted,,,B2208:1:537,Serenthia Spin. 1837,,,,,Tingitidae,Tingitinae,Serenthia,,Tingitidae | Tingitinae | Serenthiaria | Serenthia,ruficornis (Germ. 1835),,,,,
B2208:1:547,Tingis ruficornis Germ. 1835,Germ. 1835,Tingis,,ruficornis,,species,,B2208:1,synonym,B2208:1:546,Serenthia ruficornis (Germ. 1835),,,,,,,Tingitidae,Tingitinae,Serenthia,,Tingitidae | Tingitinae | Serenthiaria | Serenthia,Tingis ruficornis Germ. 1835,,,4488911,,4488910
B2208:1:548,Serenthia dubia Horv. 1905,Horv. 1905,Serenthia,,dubia,,species,,B2208:1,accepted,,,B2208:1:537,Serenthia Spin. 1837,,,,,Tingitidae,Tingitinae,Serenthia,,Tingitidae | Tingitinae | Serenthiaria | Serenthia,dubia Horv. 1905,,,,,
B2208:1:549,Serenthia ruficornis var. dubia Horv. 1905,Horv. 1905,Serenthia,,ruficornis,dubia,variety,,B2208:1,synonym,B2208:1:548,Serenthia dubia Horv. 1905,,,,,,,Tingitidae,Tingitinae,Serenthia,,Tingitidae | Tingitinae | Serenthiaria | Serenthia,Serenthia ruficornis var. dubia Horv. 1905,,,,,
B2208:1:550,Serenthia dubia var. imbecilla Horv. 1905,Horv. 1905,Serenthia,,dubia,imbecilla,variety,,B2208:1,accepted,,,B2208:1:548,Serenthia dubia Horv. 1905,,,,,Tingitidae,Tingitinae,Serenthia,,Tingitidae | Tingitinae | Serenthiaria | Serenthia | Serenthia dubia,var. imbecilla Horv. 1905,,,,,
B2208:1:551,Serenthia femoralis var. imbecilla Horv. 1905,Horv. 1905,Serenthia,,femoralis,imbecilla,variety,,B2208:1,synonym,B2208:1:550,Serenthia dubia var. imbecilla Horv. 1905,,,,,,,Tingitidae,Tingitinae,Serenthia,,Tingitidae | Tingitinae | Serenthiaria | Serenthia | Serenthia dubia,Serenthia femoralis var. imbecilla Horv. 1905,,,,,
B2208:1:552,Serenthia turanica Horv. 1905,Horv. 1905,Serenthia,,turanica,,species,,B2208:1,accepted,,,B2208:1:537,Serenthia Spin. 1837,,,,,Tingitidae,Tingitinae,Serenthia,,Tingitidae | Tingitinae | Serenthiaria | Serenthia,turanica Horv. 1905,,,,,
B2208:1:553,Serenthia umbrosa,,Serenthia,,umbrosa,,species,n. sp.,B2208:1,accepted,,,B2208:1:537,Serenthia Spin. 1837,,,,,Tingitidae,Tingitinae,Serenthia,,Tingitidae | Tingitinae | Serenthiaria | Serenthia,umbrosa n. sp.,,,,,
B2208:1:554,Serenthia nigra (Fieb. 1844),(Fieb. 1844),Serenthia,,nigra,,species,,B2208:1,accepted,,,B2208:1:537,Serenthia Spin. 1837,,,,,Tingitidae,Tingitinae,Serenthia,,Tingitidae | Tingitinae | Serenthiaria | Serenthia,nigra (Fieb. 1844),,,,,
B2208:1:555,Agramma nigra Fieb. 1844,Fieb. 1844,Agramma,,nigra,,species,,B2208:1,synonym,B2208:1:554,Serenthia nigra (Fieb. 1844),,,,,,,Tingitidae,Tingitinae,Serenthia,,Tingitidae | Tingitinae | Serenthiaria | Serenthia,Agramma nigra Fieb. 1844,,B369,4488916,B369,4488916
B2208:1:556,Serenthia nigra var. collaris Horv. 1905,Horv. 1905,Serenthia,,nigra,collaris,variety,,B2208:1,accepted,,,B2208:1:554,Serenthia nigra (Fieb. 1844),,,,,Tingitidae,Tingitinae,Serenthia,,Tingitidae | Tingitinae | Serenthiaria | Serenthia | Serenthia nigra,var. collaris Horv. 1905,,,,,
B2208:1:557,Serenthia confusa Put. 1879,Put. 1879,Serenthia,,confusa,,species,,B2208:1,accepted,,,B2208:1:537,Serenthia Spin. 1837,,,,,Tingitidae,Tingitinae,Serenthia,,Tingitidae | Tingitinae | Serenthiaria | Serenthia,confusa Put. 1879,,SQKS5,4488915,B354,4488914
B2208:1:558,Serenthia laeta Costa 1839,Costa 1839,Serenthia,,laeta,,species,,B2208:1,synonym,B2208:1:557,Serenthia confusa Put. 1879,,,,,,,Tingitidae,Tingitinae,Serenthia,,Tingitidae | Tingitinae | Serenthiaria | Serenthia,Serenthia laeta Costa 1839,,SQKSG,10245555,B35S,4488912
B2208:1:559,Serenthia femoralis var. confusa Put. 1879,Put. 1879,Serenthia,,femoralis,confusa,variety,,B2208:1,synonym,B2208:1:557,Serenthia confusa Put. 1879,,,,,,,Tingitidae,Tingitinae,Serenthia,,Tingitidae | Tingitinae | Serenthiaria | Serenthia,Serenthia femoralis var. confusa Put. 1879,,SQKSB,10437858,B354,4488914
B2208:1:560,Serenthia confusa var. antennata Horv. 1905,Horv. 1905,Serenthia,,confusa,antennata,variety,,B2208:1,accepted,,,B2208:1:557,Serenthia confusa Put. 1879,,,,,Tingitidae,Tingitinae,Serenthia,,Tingitidae | Tingitinae | Serenthiaria | Serenthia | Serenthia confusa,var. antennata Horv. 1905,,,,,
B2208:1:561,Serenthia femoralis var. antennata Horv. 1905,Horv. 1905,Serenthia,,femoralis,antennata,variety,,B2208:1,synonym,B2208:1:560,Serenthia confusa var. antennata Horv. 1905,,,,,,,Tingitidae,Tingitinae,Serenthia,,Tingitidae | Tingitinae | Serenthiaria | Serenthia | Serenthia confusa,Serenthia femoralis var. antennata Horv. 1905,,,,,
B2208:1:562,Serenthia confusa var. fallax,,Serenthia,,confusa,fallax,variety,n.,B2208:1,accepted,,,B2208:1:557,Serenthia confusa Put. 1879,,,,,Tingitidae,Tingitinae,Serenthia,,Tingitidae | Tingitinae | Serenthiaria | Serenthia | Serenthia confusa,var. fallax n.,,,,,
B2208:1:563,Serenthia melanoscelis,,Serenthia,,melanoscelis,,species,n. sp.,B2208:1,accepted,,,B2208:1:537,Serenthia Spin. 1837,,,,,Tingitidae,Tingitinae,Serenthia,,Tingitidae | Tingitinae | Serenthiaria | Serenthia,melanoscelis n. sp.,,,,,
B2208:1:564,Serenthia laeta (Fall. 1807),(Fall. 1807),Serenthia,,laeta,,species,,B2208:1,accepted,,,B2208:1:537,Serenthia Spin. 1837,,,,,Tingitidae,Tingitinae,Serenthia,,Tingitidae | Tingitinae | Serenthiaria | Serenthia,laeta (Fall. 1807),,SQKSG,10245555,B35S,4488912
B2208:1:565,Tingis laeta Fall. 1807,Fall. 1807,Tingis,,laeta,,species,,B2208:1,synonym,B2208:1:564,Serenthia laeta (Fall. 1807),,,,,,,Tingitidae,Tingitinae,Serenthia,,Tingitidae | Tingitinae | Serenthiaria | Serenthia,Tingis laeta Fall. 1807,,T7SXC,4488913,B35S,4488912
B2208:1:566,Piesma tricolor Lap. 1832,Lap. 1832,Piesma,,tricolor,,species,,B2208:1,synonym,B2208:1:564,Serenthia laeta (Fall. 1807),,,,,,,Tingitidae,Tingitinae,Serenthia,,Tingitidae | Tingitinae | Serenthiaria | Serenthia,Piesma tricolor Lap. 1832,,,,,
B2208:1:567,Serenthia laeta var. apicicornis Horv. 1905,Horv. 1905,Serenthia,,laeta,apicicornis,variety,,B2208:1,accepted,,,B2208:1:564,Serenthia laeta (Fall. 1807),,,,,Tingitidae,Tingitinae,Serenthia,,Tingitidae | Tingitinae | Serenthiaria | Serenthia | Serenthia laeta,var. apicicornis Horv. 1905,,,,,
B2208:1:568,Serenthia laeta var. femoralis (Thoms. 1871),(Thoms. 1871),Serenthia,,laeta,femoralis,variety,,B2208:1,accepted,,,B2208:1:564,Serenthia laeta (Fall. 1807),,,,,Tingitidae,Tingitinae,Serenthia,,Tingitidae | Tingitinae | Serenthiaria | Serenthia | Serenthia laeta,var. femoralis (Thoms. 1871),,,,,
B2208:1:569,Agramma femoralis Thoms. 1871,Thoms. 1871,Agramma,,femoralis,,species,,B2208:1,synonym,B2208:1:568,Serenthia laeta var. femoralis (Thoms. 1871),,,,,,,Tingitidae,Tingitinae,Serenthia,,Tingitidae | Tingitinae | Serenthiaria | Serenthia | Serenthia laeta,Agramma femoralis Thoms. 1871,,B35G,4488901,B35G,4488901
B2208:1:570,Serenthia laeta var. poppii,,Serenthia,,laeta,poppii,variety,n.,B2208:1,accepted,,,B2208:1:564,Serenthia laeta (Fall. 1807),,,,,Tingitidae,Tingitinae,Serenthia,,Tingitidae | Tingitinae | Serenthiaria | Serenthia | Serenthia laeta,var. Poppii n.,,,,,
B2208:1:571,Serenthia blandula Horv. 1905,Horv. 1905,Serenthia,,blandula,,species,,B2208:1,accepted,,,B2208:1:537,Serenthia Spin. 1837,,,,,Tingitidae,Tingitinae,Serenthia,,Tingitidae | Tingitinae | Serenthiaria | Serenthia,blandula Horv. 1905,,,4488903,,4488902
B2208:1:572,Serenthia minuta (Horv. 1874),(Horv. 1874),Serenthia,,minuta,,species,,B2208:1,accepted,,,B2208:1:537,Serenthia Spin. 1837,,,,,Tingitidae,Tingitinae,Serenthia,,Tingitidae | Tingitinae | Serenthiaria | Serenthia,minuta (Horv. 1874),,,,,
B2208:1:573,Agramma minutum Horv. 1874,Horv. 1874,Agramma,,minutum,,species,,B2208:1,synonym,B2208:1:572,Serenthia minuta (Horv. 1874),,,,,,,Tingitidae,Tingitinae,Serenthia,,Tingitidae | Tingitinae | Serenthiaria | Serenthia,Agramma minutum Horv. 1874,,B363,4488905,B363,4488905
B2208:1:574,Agramma depressa Jak. 1874,Jak. 1874,Agramma,,depressa,,species,,B2208:1,synonym,B2208:1:572,Serenthia minuta (Horv. 1874),,,,,,,Tingitidae,Tingitinae,Serenthia,,Tingitidae | Tingitinae | Serenthiaria | Serenthia,Agramma depressa Jak. 1874,,,,,