scientificNameID,scientificName,scientificNameAuthorship,genericName,infragenericEpithet,specificEpithet,infraspecificEpithet,taxonRank,taxonRemarks,collectionCode,taxonomicStatus,acceptedNameUsageID,acceptedNameUsage,parentNameUsageID,parentNameUsage,kingdom,phylum,class,order,family,subfamily,genus,subgenus,higherClassification,verbatimIdentification,dynamicProperties,colTaxonID,gbifTaxonID,colAcceptedTaxonID,gbifAcceptedTaxonID
B2473:1:1,Pentatomorpha,,,,,,infraorder,,B2473:1,accepted,,,,,,,,,,,,,,PENTATOMORPHA,,,,,
B2473:1:2,Aradidae,,,,,,family,,B2473:1,accepted,,,B2473:1:1,Pentatomorpha,,,,,Aradidae,,,,Pentatomorpha,ARADIDAE,,BXVZ4,7877,BXVZ4,7877
B2473:1:3,Aneurinae,,,,,,subfamily,,B2473:1,accepted,,,B2473:1:2,Aradidae,,,,,Aradidae,Aneurinae,,,Pentatomorpha | Aradidae,Aneurinae,,,,,
B2473:1:4,"Aneurus Curtis, 1825","Curtis, 1825",,,,,genus,,B2473:1,accepted,,,B2473:1:3,Aneurinae,,,,,Aradidae,Aneurinae,Aneurus,,Pentatomorpha | Aradidae | Aneurinae,"Aneurus Curtis, 1825",,L9PF9,2020152,L9PF9,2020152
B2473:1:5,"Aneurodes Heiss, 1998","Heiss, 1998",Aneurus,,,,subgenus,,B2473:1,accepted,,,B2473:1:4,"Aneurus Curtis, 1825",,,,,Aradidae,Aneurinae,Aneurus,Aneurodes,Pentatomorpha | Aradidae | Aneurinae | Aneurus,"Aneurodes Heiss, 1998",,,,,
B2473:1:6,"Aneurus avenius (Dufour, 1833)","(Dufour, 1833)",Aneurus,Aneurodes,avenius,,species,,B2473:1,accepted,,,B2473:1:5,"Aneurodes Heiss, 1998",,,,,Aradidae,Aneurinae,Aneurus,Aneurodes,Pentatomorpha | Aradidae | Aneurinae | Aneurus | Aneurodes,"Aneurus avenius (Dufour, 1833)",,L9PFZ,4485524,L9PFZ,4485524
B2473:1:7,"Aneurus Curtis, 1825","Curtis, 1825",Aneurus,,,,subgenus,,B2473:1,accepted,,,B2473:1:4,"Aneurus Curtis, 1825",,,,,Aradidae,Aneurinae,Aneurus,Aneurus,Pentatomorpha | Aradidae | Aneurinae | Aneurus,"Aneurus Curtis, 1825",,L9PF9,,L9PF9,
B2473:1:8,"Aneurus laevis (Fabricius, 1775)","(Fabricius, 1775)",Aneurus,Aneurus,laevis,,species,,B2473:1,accepted,,,B2473:1:7,"Aneurus Curtis, 1825",,,,,Aradidae,Aneurinae,Aneurus,Aneurus,Pentatomorpha | Aradidae | Aneurinae | Aneurus | Aneurus,"Aneurus laevis (Fabricius, 1775)",,L9PGM,2020153,L9PGM,2020153
B2473:1:9,Aradinae,,,,,,subfamily,,B2473:1,accepted,,,B2473:1:2,Aradidae,,,,,Aradidae,Aradinae,,,Pentatomorpha | Aradidae,Aradinae,,,,,
B2473:1:10,"Aradus Fabricius, 1803","Fabricius, 1803",,,,,genus,,B2473:1,accepted,,,B2473:1:9,Aradinae,,,,,Aradidae,Aradinae,Aradus,,Pentatomorpha | Aradidae | Aradinae,"Aradus Fabricius, 1803",,LP5YJ,2020009,LP5YJ,2020009
B2473:1:11,"Aradus betulae (Linnaeus, 1758)","(Linnaeus, 1758)",Aradus,,betulae,,species,,B2473:1,accepted,,,B2473:1:10,"Aradus Fabricius, 1803",,,,,Aradidae,Aradinae,Aradus,,Pentatomorpha | Aradidae | Aradinae | Aradus,"Aradus betulae (Linnaeus, 1758)",,LP5ZT,2020065,LP5ZT,2020065
B2473:1:12,"Aradus betulinus (Fallén, 1807)","(Fallén, 1807)",Aradus,,betulinus,,species,,B2473:1,accepted,,,B2473:1:10,"Aradus Fabricius, 1803",,,,,Aradidae,Aradinae,Aradus,,Pentatomorpha | Aradidae | Aradinae | Aradus,"Aradus betulinus (Fallén, 1807)",,LP6DD,4485576,LP6DD,4485576
B2473:1:13,"Aradus brenskei (Reuter, 1884)","(Reuter, 1884)",Aradus,,brenskei,,species,,B2473:1,accepted,,,B2473:1:10,"Aradus Fabricius, 1803",,,,,Aradidae,Aradinae,Aradus,,Pentatomorpha | Aradidae | Aradinae | Aradus,"Aradus brenskei (Reuter, 1884)",,LP6F6,4485549,LP6F6,4485549
B2473:1:14,"Aradus brevicollis (Fallén, 1807)","(Fallén, 1807)",Aradus,,brevicollis,,species,,B2473:1,accepted,,,B2473:1:10,"Aradus Fabricius, 1803",,,,,Aradidae,Aradinae,Aradus,,Pentatomorpha | Aradidae | Aradinae | Aradus,"Aradus brevicollis (Fallén, 1807)",,LP6FG,4485578,LP6FG,4485578
B2473:1:15,"Aradus cinnamomeus Panzer, 1806","Panzer, 1806",Aradus,,cinnamomeus,,species,,B2473:1,accepted,,,B2473:1:10,"Aradus Fabricius, 1803",,,,,Aradidae,Aradinae,Aradus,,Pentatomorpha | Aradidae | Aradinae | Aradus,"Aradus cinnamomeus Panzer, 1806",,LP6HQ,4485566,LP6HQ,4485566
B2473:1:16,"Aradus conspicuus (Herrich-Schaeffer, 1835)","(Herrich-Schaeffer, 1835)",Aradus,,conspicuus,,species,,B2473:1,accepted,,,B2473:1:10,"Aradus Fabricius, 1803",,,,,Aradidae,Aradinae,Aradus,,Pentatomorpha | Aradidae | Aradinae | Aradus,"Aradus conspicuus (Herrich-Schaeffer, 1835)",,LP6JN,4485555,LP6JN,4485555
B2473:1:17,"Aradus corticalis (Linnaeus, 1758)","(Linnaeus, 1758)",Aradus,,corticalis,,species,,B2473:1,accepted,,,B2473:1:10,"Aradus Fabricius, 1803",,,,,Aradidae,Aradinae,Aradus,,Pentatomorpha | Aradidae | Aradinae | Aradus,"Aradus corticalis (Linnaeus, 1758)",,LP6JT,4485537,LP6JT,4485537
B2473:1:18,"Aradus depressus (Fabricius, 1794)","(Fabricius, 1794)",Aradus,,depressus,,species,,B2473:1,accepted,,,B2473:1:10,"Aradus Fabricius, 1803",,,,,Aradidae,Aradinae,Aradus,,Pentatomorpha | Aradidae | Aradinae | Aradus,"Aradus depressus (Fabricius, 1794)",,LP6K9,4485540,LP6K9,4485540
B2473:1:19,"Aradus depressus subsp. depressus (Fabricius, 1794)","(Fabricius, 1794)",Aradus,,depressus,depressus,subspecies,,B2473:1,accepted,,,B2473:1:18,"Aradus depressus (Fabricius, 1794)",,,,,Aradidae,Aradinae,Aradus,,Pentatomorpha | Aradidae | Aradinae | Aradus | Aradus depressus,"Aradus depressus depressus (Fabricius, 1794)",,LP6KG,4485541,LP6KG,4485541
B2473:1:20,"Aradus signaticornis R. F. Sahlberg, 1848","R. F. Sahlberg, 1848",Aradus,,signaticornis,,species,,B2473:1,accepted,,,B2473:1:10,"Aradus Fabricius, 1803",,,,,Aradidae,Aradinae,Aradus,,Pentatomorpha | Aradidae | Aradinae | Aradus,"Aradus signaticornis R. F. Sahlberg, 1848",,LP683,2020052,LP683,2020052
B2473:1:21,Artheneidae,,,,,,family,,B2473:1,accepted,,,B2473:1:1,Pentatomorpha,,,,,Artheneidae,,,,Pentatomorpha,ARTHENEIDAE,,8NKH5,7878,8NKH5,7878
B2473:1:22,Artheneinae,,,,,,subfamily,,B2473:1,accepted,,,B2473:1:21,Artheneidae,,,,,Artheneidae,Artheneinae,,,Pentatomorpha | Artheneidae,Artheneinae,,C6BHQ,,C6BHQ,
B2473:1:23,"Chilacis Fieber, 1864","Fieber, 1864",,,,,genus,,B2473:1,accepted,,,B2473:1:22,Artheneinae,,,,,Artheneidae,Artheneinae,Chilacis,,Pentatomorpha | Artheneidae | Artheneinae,"Chilacis Fieber, 1864",,8NN4C,2007621,8NN4C,2007621
B2473:1:24,"Chilacis typhae (Perris, 1857)","(Perris, 1857)",Chilacis,,typhae,,species,,B2473:1,accepted,,,B2473:1:23,"Chilacis Fieber, 1864",,,,,Artheneidae,Artheneinae,Chilacis,,Pentatomorpha | Artheneidae | Artheneinae | Chilacis,"Chilacis typhae (Perris, 1857)",,TZLF,2007622,TZLF,2007622
B2473:1:25,"Holcocranum Fieber, 1860","Fieber, 1860",,,,,genus,,B2473:1,accepted,,,B2473:1:22,Artheneinae,,,,,Artheneidae,Artheneinae,Holcocranum,,Pentatomorpha | Artheneidae | Artheneinae,"Holcocranum Fieber, 1860",,8NQ9C,2007625,8NQ9C,2007625
B2473:1:26,"Holcocranum saturejae (Kolenati, 1845)","(Kolenati, 1845)",Holcocranum,,saturejae,,species,,B2473:1,accepted,,,B2473:1:25,"Holcocranum Fieber, 1860",,,,,Artheneidae,Artheneinae,Holcocranum,,Pentatomorpha | Artheneidae | Artheneinae | Holcocranum,"Holcocranum saturejae (Kolenati, 1845)",,3M7NJ,2007626,3M7NJ,2007626
B2473:1:27,Berytidae,,,,,,family,,B2473:1,accepted,,,B2473:1:1,Pentatomorpha,,,,,Berytidae,,,,Pentatomorpha,BERYTIDAE,,8NKH8,4306,8NKH8,4306
B2473:1:28,Berytinae,,,,,,subfamily,,B2473:1,accepted,,,B2473:1:27,Berytidae,,,,,Berytidae,Berytinae,,,Pentatomorpha | Berytidae,Berytinae,,C6JRB,,C6JRB,
B2473:1:29,Berytini,,,,,,tribe,,B2473:1,accepted,,,B2473:1:28,Berytinae,,,,,Berytidae,Berytinae,,,Pentatomorpha | Berytidae | Berytinae,Berytini,,C6JRC,,C6JRC,
B2473:1:30,"Neides Latreille, 1802","Latreille, 1802",,,,,genus,,B2473:1,accepted,,,B2473:1:29,Berytini,,,,,Berytidae,Berytinae,Neides,,Pentatomorpha | Berytidae | Berytinae | Berytini,"Neides Latreille, 1802",,8NSXS,2008314,8NSXS,2008314
B2473:1:31,"Neides tipularius (Linnaeus, 1758)","(Linnaeus, 1758)",Neides,,tipularius,,species,,B2473:1,accepted,,,B2473:1:30,"Neides Latreille, 1802",,,,,Berytidae,Berytinae,Neides,,Pentatomorpha | Berytidae | Berytinae | Berytini | Neides,"Neides tipularius (Linnaeus, 1758)",,464XK,2008315,464XK,2008315
B2473:1:32,Berytinini,,,,,,tribe,,B2473:1,accepted,,,B2473:1:28,Berytinae,,,,,Berytidae,Berytinae,,,Pentatomorpha | Berytidae | Berytinae,Berytinini,,8NL5D,,8NL5D,
B2473:1:33,"Berytinus Kirkaldy, 1900","Kirkaldy, 1900",,,,,genus,,B2473:1,accepted,,,B2473:1:32,Berytinini,,,,,Berytidae,Berytinae,Berytinus,,Pentatomorpha | Berytidae | Berytinae | Berytinini,"Berytinus Kirkaldy, 1900",,8NMGF,2008319,8NMGF,2008319
B2473:1:34,"Berytinus Kirkaldy, 1900","Kirkaldy, 1900",Berytinus,,,,subgenus,,B2473:1,accepted,,,B2473:1:33,"Berytinus Kirkaldy, 1900",,,,,Berytidae,Berytinae,Berytinus,Berytinus,Pentatomorpha | Berytidae | Berytinae | Berytinini | Berytinus,"Berytinus Kirkaldy, 1900",,8NMGF,,8NMGF,
B2473:1:35,"Berytinus clavipes (Fabricius, 1775)","(Fabricius, 1775)",Berytinus,Berytinus,clavipes,,species,,B2473:1,accepted,,,B2473:1:34,"Berytinus Kirkaldy, 1900",,,,,Berytidae,Berytinae,Berytinus,Berytinus,Pentatomorpha | Berytidae | Berytinae | Berytinini | Berytinus | Berytinus,"Berytinus clavipes (Fabricius, 1775)",,LN35,2008320,LN35,2008320
B2473:1:36,"Berytinus hirticornis (Brullé, 1836)","(Brullé, 1836)",Berytinus,Berytinus,hirticornis,,species,,B2473:1,accepted,,,B2473:1:34,"Berytinus Kirkaldy, 1900",,,,,Berytidae,Berytinae,Berytinus,Berytinus,Pentatomorpha | Berytidae | Berytinae | Berytinini | Berytinus | Berytinus,"Berytinus hirticornis (Brullé, 1836)",,5WK84,4486853,5WK84,4486853
B2473:1:37,"Berytinus hirticornis subsp. hirticornis (Brullé, 1836)","(Brullé, 1836)",Berytinus,Berytinus,hirticornis,hirticornis,subspecies,,B2473:1,accepted,,,B2473:1:36,"Berytinus hirticornis (Brullé, 1836)",,,,,Berytidae,Berytinae,Berytinus,Berytinus,Pentatomorpha | Berytidae | Berytinae | Berytinini | Berytinus | Berytinus | Berytinus hirticornis,"Berytinus hirticornis hirticornis (Brullé, 1836)",,KZRPL,4486859,KZRPL,4486859
B2473:1:38,"Berytinus minor (Herrich-Schaeffer, 1835)","(Herrich-Schaeffer, 1835)",Berytinus,Berytinus,minor,,species,,B2473:1,accepted,,,B2473:1:34,"Berytinus Kirkaldy, 1900",,,,,Berytidae,Berytinae,Berytinus,Berytinus,Pentatomorpha | Berytidae | Berytinae | Berytinini | Berytinus | Berytinus,"Berytinus minor (Herrich-Schaeffer, 1835)",,LN3B,2008322,LN3B,2008322
B2473:1:39,"Berytinus minor subsp. minor (Herrich-Schaeffer, 1835)","(Herrich-Schaeffer, 1835)",Berytinus,Berytinus,minor,minor,subspecies,,B2473:1,accepted,,,B2473:1:38,"Berytinus minor (Herrich-Schaeffer, 1835)",,,,,Berytidae,Berytinae,Berytinus,Berytinus,Pentatomorpha | Berytidae | Berytinae | Berytinini | Berytinus | Berytinus | Berytinus minor,"Berytinus minor minor (Herrich-Schaeffer, 1835)",,KZRPP,4486860,KZRPP,4486860
B2473:1:40,"Lizinus Mulsant & Rey, 1870","Mulsant & Rey, 1870",Berytinus,,,,subgenus,,B2473:1,accepted,,,B2473:1:33,"Berytinus Kirkaldy, 1900",,,,,Berytidae,Berytinae,Berytinus,Lizinus,Pentatomorpha | Berytidae | Berytinae | Berytinini | Berytinus,"Lizinus Mulsant & Rey, 1870",,8QNJR,,8NMGF,
B2473:1:41,"Berytinus crassipes (Herrich-Schaeffer, 1835)","(Herrich-Schaeffer, 1835)",Berytinus,Lizinus,crassipes,,species,,B2473:1,accepted,,,B2473:1:40,"Lizinus Mulsant & Rey, 1870",,,,,Berytidae,Berytinae,Berytinus,Lizinus,Pentatomorpha | Berytidae | Berytinae | Berytinini | Berytinus | Lizinus,"Berytinus crassipes (Herrich-Schaeffer, 1835)",,CCV4V,4486851,CCV4V,4486851
B2473:1:42,"Berytinus montivagus (Meyer-Dür, 1841)","(Meyer-Dür, 1841)",Berytinus,Lizinus,montivagus,,species,,B2473:1,accepted,,,B2473:1:40,"Lizinus Mulsant & Rey, 1870",,,,,Berytidae,Berytinae,Berytinus,Lizinus,Pentatomorpha | Berytidae | Berytinae | Berytinini | Berytinus | Lizinus,"Berytinus montivagus (Meyer-Dür, 1841)",,LN3C,4486849,LN3C,4486849
B2473:1:43,"Berytinus signoreti (Fieber, 1859)","(Fieber, 1859)",Berytinus,Lizinus,signoreti,,species,,B2473:1,accepted,,,B2473:1:40,"Lizinus Mulsant & Rey, 1870",,,,,Berytidae,Berytinae,Berytinus,Lizinus,Pentatomorpha | Berytidae | Berytinae | Berytinini | Berytinus | Lizinus,"Berytinus signoreti (Fieber, 1859)",,CCV52,4486833,CCV52,4486833
B2473:1:44,Gampsocorinae,,,,,,subfamily,,B2473:1,accepted,,,B2473:1:27,Berytidae,,,,,Berytidae,Gampsocorinae,,,Pentatomorpha | Berytidae,Gampsocorinae,,8NKVT,,8NKVT,
B2473:1:45,"Gampsocoris Fuss, 1852","Fuss, 1852",,,,,genus,,B2473:1,accepted,,,B2473:1:44,Gampsocorinae,,,,,Berytidae,Gampsocorinae,Gampsocoris,,Pentatomorpha | Berytidae | Gampsocorinae,"Gampsocoris Fuss, 1852",,8NNWN,2008323,8NNWN,2008323
B2473:1:46,"Gampsocoris punctipes (Germar, 1822)","(Germar, 1822)",Gampsocoris,,punctipes,,species,,B2473:1,accepted,,,B2473:1:45,"Gampsocoris Fuss, 1852",,,,,Berytidae,Gampsocorinae,Gampsocoris,,Pentatomorpha | Berytidae | Gampsocorinae | Gampsocoris,"Gampsocoris punctipes (Germar, 1822)",,3F8W8,4486868,3F8W8,4486868
B2473:1:47,"Gampsocoris punctipes subsp. punctipes (Germar, 1822)","(Germar, 1822)",Gampsocoris,,punctipes,punctipes,subspecies,,B2473:1,accepted,,,B2473:1:46,"Gampsocoris punctipes (Germar, 1822)",,,,,Berytidae,Gampsocorinae,Gampsocoris,,Pentatomorpha | Berytidae | Gampsocorinae | Gampsocoris | Gampsocoris punctipes,"Gampsocoris punctipes punctipes (Germar, 1822)",,L24GB,4486869,L24GB,4486869
B2473:1:48,Metacanthinae,,,,,,subfamily,,B2473:1,accepted,,,B2473:1:27,Berytidae,,,,,Berytidae,Metacanthinae,,,Pentatomorpha | Berytidae,Metacanthinae,,C7STW,,C7STW,
B2473:1:49,"Metatropis Fieber, 1859","Fieber, 1859",,,,,genus,,B2473:1,accepted,,,B2473:1:48,Metacanthinae,,,,,Berytidae,Metacanthinae,Metatropis,,Pentatomorpha | Berytidae | Metacanthinae,"Metatropis Fieber, 1859",,8NV98,4486877,8NV98,4486877
B2473:1:50,"Metatropis rufescens (Herrich-Schaeffer, 1835)","(Herrich-Schaeffer, 1835)",Metatropis,,rufescens,,species,,B2473:1,accepted,,,B2473:1:49,"Metatropis Fieber, 1859",,,,,Berytidae,Metacanthinae,Metatropis,,Pentatomorpha | Berytidae | Metacanthinae | Metatropis,"Metatropis rufescens (Herrich-Schaeffer, 1835)",,6RCNG,4486878,6RCNG,4486878
B2473:1:51,Blissidae,,,,,,family,,B2473:1,accepted,,,B2473:1:1,Pentatomorpha,,,,,Blissidae,,,,Pentatomorpha,BLISSIDAE,,8NKH9,7879,8NKH9,7879
B2473:1:52,"Dimorphopterus Stål, 1872","Stål, 1872",,,,,genus,,B2473:1,accepted,,,B2473:1:51,Blissidae,,,,,Blissidae,,Dimorphopterus,,Pentatomorpha | Blissidae,"Dimorphopterus Stål, 1872",,8NQX5,4407626,8NQX5,4407626
B2473:1:53,"Dimorphopterus spinolae (Signoret, 1857)","(Signoret, 1857)",Dimorphopterus,,spinolae,,species,,B2473:1,accepted,,,B2473:1:52,"Dimorphopterus Stål, 1872",,,,,Blissidae,,Dimorphopterus,,Pentatomorpha | Blissidae | Dimorphopterus,"Dimorphopterus spinolae (Signoret, 1857)",,367QW,4486272,367QW,4486272
B2473:1:54,"Ischnodemus Fieber, 1837","Fieber, 1837",,,,,genus,,B2473:1,accepted,,,B2473:1:51,Blissidae,,,,,Blissidae,,Ischnodemus,,Pentatomorpha | Blissidae,"Ischnodemus Fieber, 1837",,8NQG7,2008414,8NQG7,2008414
B2473:1:55,"Ischnodemus sabuleti (Fallén, 1826)","(Fallén, 1826)",Ischnodemus,,sabuleti,,species,,B2473:1,accepted,,,B2473:1:54,"Ischnodemus Fieber, 1837",,,,,Blissidae,,Ischnodemus,,Pentatomorpha | Blissidae | Ischnodemus,"Ischnodemus sabuleti (Fallén, 1826)",,3Q4YZ,4486283,3Q4YZ,4486283
B2473:1:56,Cymidae,,,,,,family,,B2473:1,accepted,,,B2473:1:1,Pentatomorpha,,,,,Cymidae,,,,Pentatomorpha,CYMIDAE,,8NKJS,4308,8NKJS,4308
B2473:1:57,Cyminae,,,,,,subfamily,,B2473:1,accepted,,,B2473:1:56,Cymidae,,,,,Cymidae,Cyminae,,,Pentatomorpha | Cymidae,Cyminae,,C6VGS,,C6VGS,
B2473:1:58,"Cymus Hahn, 1832","Hahn, 1832",,,,,genus,,B2473:1,accepted,,,B2473:1:57,Cyminae,,,,,Cymidae,Cyminae,Cymus,,Pentatomorpha | Cymidae | Cyminae,"Cymus Hahn, 1832",,8NNMK,2008463,8NNMK,2008463
B2473:1:59,"Cymus aurescens Distant, 1883","Distant, 1883",Cymus,,aurescens,,species,,B2473:1,accepted,,,B2473:1:58,"Cymus Hahn, 1832",,,,,Cymidae,Cyminae,Cymus,,Pentatomorpha | Cymidae | Cyminae | Cymus,"Cymus aurescens Distant, 1883",,6C6JZ,4486811,6C6JZ,4486811
B2473:1:60,"Cymus claviculus (Fallén, 1807)","(Fallén, 1807)",Cymus,,claviculus,,species,,B2473:1,accepted,,,B2473:1:58,"Cymus Hahn, 1832",,,,,Cymidae,Cyminae,Cymus,,Pentatomorpha | Cymidae | Cyminae | Cymus,"Cymus claviculus (Fallén, 1807)",,338CB,9675934,338CB,9675934
B2473:1:61,"Cymus glandicolor Hahn, 1832","Hahn, 1832",Cymus,,glandicolor,,species,,B2473:1,accepted,,,B2473:1:58,"Cymus Hahn, 1832",,,,,Cymidae,Cyminae,Cymus,,Pentatomorpha | Cymidae | Cyminae | Cymus,"Cymus glandicolor Hahn, 1832",,338CS,4486808,338CS,4486808
B2473:1:62,"Cymus melanocephalus Fieber, 1861","Fieber, 1861",Cymus,,melanocephalus,,species,,B2473:1,accepted,,,B2473:1:58,"Cymus Hahn, 1832",,,,,Cymidae,Cyminae,Cymus,,Pentatomorpha | Cymidae | Cyminae | Cymus,"Cymus melanocephalus Fieber, 1861",,338D6,4486809,338D6,4486809
B2473:1:63,Geocoridae,,,,,,family,,B2473:1,accepted,,,B2473:1:1,Pentatomorpha,,,,,Geocoridae,,,,Pentatomorpha,GEOCORIDAE,,C76HS,4311,C76HS,4311
B2473:1:64,Geocorinae,,,,,,subfamily,,B2473:1,accepted,,,B2473:1:63,Geocoridae,,,,,Geocoridae,Geocorinae,,,Pentatomorpha | Geocoridae,Geocorinae,,C76HT,,C76HT,
B2473:1:65,"Geocoris Fallén, 1814","Fallén, 1814",,,,,genus,,B2473:1,accepted,,,B2473:1:64,Geocorinae,,,,,Geocoridae,Geocorinae,Geocoris,,Pentatomorpha | Geocoridae | Geocorinae,"Geocoris Fallén, 1814",,8NNWP,2008351,8NNWP,2008351
B2473:1:66,"Geocoris Fallén, 1814","Fallén, 1814",Geocoris,,,,subgenus,,B2473:1,accepted,,,B2473:1:65,"Geocoris Fallén, 1814",,,,,Geocoridae,Geocorinae,Geocoris,Geocoris,Pentatomorpha | Geocoridae | Geocorinae | Geocoris,"Geocoris Fallén, 1814",,8NNWP,,8NNWP,
B2473:1:67,"Geocoris ater (Fabricius, 1787)","(Fabricius, 1787)",Geocoris,Geocoris,ater,,species,,B2473:1,accepted,,,B2473:1:66,"Geocoris Fallén, 1814",,,,,Geocoridae,Geocorinae,Geocoris,Geocoris,Pentatomorpha | Geocoridae | Geocorinae | Geocoris | Geocoris,"Geocoris ater (Fabricius, 1787)",,8Q6VV,4486753,8Q6VV,4486753
B2473:1:68,"Geocoris grylloides (Linnaeus, 1761)","(Linnaeus, 1761)",Geocoris,Geocoris,grylloides,,species,,B2473:1,accepted,,,B2473:1:66,"Geocoris Fallén, 1814",,,,,Geocoridae,Geocorinae,Geocoris,Geocoris,Pentatomorpha | Geocoridae | Geocorinae | Geocoris | Geocoris,"Geocoris grylloides (Linnaeus, 1761)",,8Q6VZ,2008354,8Q6VZ,2008354
B2473:1:69,"Geocoris megacephalus (Rossi, 1790)","(Rossi, 1790)",Geocoris,Geocoris,megacephalus,,species,,B2473:1,accepted,,,B2473:1:66,"Geocoris Fallén, 1814",,,,,Geocoridae,Geocorinae,Geocoris,Geocoris,Pentatomorpha | Geocoridae | Geocorinae | Geocoris | Geocoris,"Geocoris megacephalus (Rossi, 1790)",,8Q6W4,4486776,8Q6W4,4486776
B2473:1:70,Heterogastridae,,,,,,family,,B2473:1,accepted,,,B2473:1:1,Pentatomorpha,,,,,Heterogastridae,,,,Pentatomorpha,HETEROGASTRIDAE,,C7FDW,7883,C7FDW,7883
B2473:1:71,"Heterogaster Schilling, 1829","Schilling, 1829",,,,,genus,,B2473:1,accepted,,,B2473:1:70,Heterogastridae,,,,,Heterogastridae,,Heterogaster,,Pentatomorpha | Heterogastridae,"Heterogaster Schilling, 1829",,8NQ82,2008336,8NQ82,2008336
B2473:1:72,"Heterogaster artemisiae Schilling, 1829","Schilling, 1829",Heterogaster,,artemisiae,,species,,B2473:1,accepted,,,B2473:1:71,"Heterogaster Schilling, 1829",,,,,Heterogastridae,,Heterogaster,,Pentatomorpha | Heterogastridae | Heterogaster,"Heterogaster artemisiae Schilling, 1829",,3L9GM,8349776,3L9GM,8349776
B2473:1:73,"Heterogaster urticae (Fabricius, 1775)","(Fabricius, 1775)",Heterogaster,,urticae,,species,,B2473:1,accepted,,,B2473:1:71,"Heterogaster Schilling, 1829",,,,,Heterogastridae,,Heterogaster,,Pentatomorpha | Heterogastridae | Heterogaster,"Heterogaster urticae (Fabricius, 1775)",,3L9JG,2008338,3L9JG,2008338
B2473:1:74,Platyplax,,,,,,genus,,B2473:1,accepted,,,B2473:1:70,Heterogastridae,,,,,Heterogastridae,,Platyplax,,Pentatomorpha | Heterogastridae,Platyplax,,8NXP9,3266404,8NXP9,3266404
B2473:1:75,"Platyplax salviae (Schilling, 1829)","(Schilling, 1829)",Platyplax,,salviae,,species,,B2473:1,accepted,,,B2473:1:74,Platyplax,,,,,Heterogastridae,,Platyplax,,Pentatomorpha | Heterogastridae | Platyplax,"Platyplax salviae (Schilling, 1829)",,4JVND,5758945,4JVND,5758945
B2473:1:76,Lygaeidae,,,,,,family,,B2473:1,accepted,,,B2473:1:1,Pentatomorpha,,,,,Lygaeidae,,,,Pentatomorpha,LYGAEIDAE,,8NKMB,7888,8NKMB,7888
B2473:1:77,Ischnorhynchinae,,,,,,subfamily,,B2473:1,accepted,,,B2473:1:76,Lygaeidae,,,,,Lygaeidae,Ischnorhynchinae,,,Pentatomorpha | Lygaeidae,Ischnorhynchinae,,8NKWR,,8NKWR,
B2473:1:78,"Kleidocerys Stephens, 1829","Stephens, 1829",,,,,genus,,B2473:1,accepted,,,B2473:1:77,Ischnorhynchinae,,,,,Lygaeidae,Ischnorhynchinae,Kleidocerys,,Pentatomorpha | Lygaeidae | Ischnorhynchinae,"Kleidocerys Stephens, 1829",,8NQK7,2007669,8NQK7,2007669
B2473:1:79,"Kleidocerys ericae (Horváth, 1908)","(Horváth, 1908)",Kleidocerys,,ericae,,species,,B2473:1,accepted,,,B2473:1:78,"Kleidocerys Stephens, 1829",,,,,Lygaeidae,Ischnorhynchinae,Kleidocerys,,Pentatomorpha | Lygaeidae | Ischnorhynchinae | Kleidocerys,"Kleidocerys ericae (Horváth, 1908)",,6NKDH,4486812,6NKDH,4486812
B2473:1:80,"Kleidocerys privignus (Horváth, 1894)","(Horváth, 1894)",Kleidocerys,,privignus,,species,,B2473:1,accepted,,,B2473:1:78,"Kleidocerys Stephens, 1829",,,,,Lygaeidae,Ischnorhynchinae,Kleidocerys,,Pentatomorpha | Lygaeidae | Ischnorhynchinae | Kleidocerys,"Kleidocerys privignus (Horváth, 1894)",,8PCLG,4486816,8PCLG,4486816
B2473:1:81,"Kleidocerys resedae (Panzer, 1797)","(Panzer, 1797)",Kleidocerys,,resedae,,species,,B2473:1,accepted,,,B2473:1:78,"Kleidocerys Stephens, 1829",,,,,Lygaeidae,Ischnorhynchinae,Kleidocerys,,Pentatomorpha | Lygaeidae | Ischnorhynchinae | Kleidocerys,"Kleidocerys resedae (Panzer, 1797)",,6NKD5,2007673,6NKD5,2007673
B2473:1:82,"Kleidocerys resedae subsp. resedae (Panzer, 1797)","(Panzer, 1797)",Kleidocerys,,resedae,resedae,subspecies,,B2473:1,accepted,,,B2473:1:81,"Kleidocerys resedae (Panzer, 1797)",,,,,Lygaeidae,Ischnorhynchinae,Kleidocerys,,Pentatomorpha | Lygaeidae | Ischnorhynchinae | Kleidocerys | Kleidocerys resedae,"Kleidocerys resedae resedae (Panzer, 1797)",,L2BL7,6259333,L2BL7,6259333
B2473:1:83,Lygaeinae,,,,,,subfamily,,B2473:1,accepted,,,B2473:1:76,Lygaeidae,,,,,Lygaeidae,Lygaeinae,,,Pentatomorpha | Lygaeidae,Lygaeinae,,C7J7N,,C7J7N,
B2473:1:84,"Arocatus Spinola, 1837","Spinola, 1837",,,,,genus,,B2473:1,accepted,,,B2473:1:83,Lygaeinae,,,,,Lygaeidae,Lygaeinae,Arocatus,,Pentatomorpha | Lygaeidae | Lygaeinae,"Arocatus Spinola, 1837",,8NMND,2007746,8NMND,2007746
B2473:1:85,"Arocatus longiceps Stål, 1872","Stål, 1872",Arocatus,,longiceps,,species,,B2473:1,accepted,,,B2473:1:84,"Arocatus Spinola, 1837",,,,,Lygaeidae,Lygaeinae,Arocatus,,Pentatomorpha | Lygaeidae | Lygaeinae | Arocatus,"Arocatus longiceps Stål, 1872",,GTLW,4486297,GTLW,4486297
B2473:1:86,"Arocatus melanocephalus (Fabricius, 1798)","(Fabricius, 1798)",Arocatus,,melanocephalus,,species,,B2473:1,accepted,,,B2473:1:84,"Arocatus Spinola, 1837",,,,,Lygaeidae,Lygaeinae,Arocatus,,Pentatomorpha | Lygaeidae | Lygaeinae | Arocatus,"Arocatus melanocephalus (Fabricius, 1798)",,GTLY,4486295,GTLY,4486295
B2473:1:87,"Arocatus roeselii (Schilling, 1829)","(Schilling, 1829)",Arocatus,,roeselii,,species,,B2473:1,accepted,,,B2473:1:84,"Arocatus Spinola, 1837",,,,,Lygaeidae,Lygaeinae,Arocatus,,Pentatomorpha | Lygaeidae | Lygaeinae | Arocatus,"Arocatus roeselii (Schilling, 1829)",,67SSS,4486293,67SSS,4486293
B2473:1:88,"Horvathiolus Josifov, 1965","Josifov, 1965",,,,,genus,,B2473:1,accepted,,,B2473:1:83,Lygaeinae,,,,,Lygaeidae,Lygaeinae,Horvathiolus,,Pentatomorpha | Lygaeidae | Lygaeinae,"Horvathiolus Josifov, 1965",,8NSNN,4407423,8NSNN,4407423
B2473:1:89,"Horvathiolus superbus (Pollich, 1781)","(Pollich, 1781)",Horvathiolus,,superbus,,species,,B2473:1,accepted,,,B2473:1:88,"Horvathiolus Josifov, 1965",,,,,Lygaeidae,Lygaeinae,Horvathiolus,,Pentatomorpha | Lygaeidae | Lygaeinae | Horvathiolus,"Horvathiolus superbus (Pollich, 1781)",,3MQMG,4486348,3MQMG,4486348
B2473:1:90,"Lygaeus Fabricius, 1794","Fabricius, 1794",,,,,genus,,B2473:1,accepted,,,B2473:1:83,Lygaeinae,,,,,Lygaeidae,Lygaeinae,Lygaeus,,Pentatomorpha | Lygaeidae | Lygaeinae,"Lygaeus Fabricius, 1794",,8NNXR,2007851,8NNXR,2007851
B2473:1:91,"Lygaeus equestris (Linnaeus, 1758)","(Linnaeus, 1758)",Lygaeus,,equestris,,species,,B2473:1,accepted,,,B2473:1:90,"Lygaeus Fabricius, 1794",,,,,Lygaeidae,Lygaeinae,Lygaeus,,Pentatomorpha | Lygaeidae | Lygaeinae | Lygaeus,"Lygaeus equestris (Linnaeus, 1758)",,CB67L,2007862,CB67L,2007862
B2473:1:92,"Lygaeus simulans Deckert, 1985","Deckert, 1985",Lygaeus,,simulans,,species,,B2473:1,accepted,,,B2473:1:90,"Lygaeus Fabricius, 1794",,,,,Lygaeidae,Lygaeinae,Lygaeus,,Pentatomorpha | Lygaeidae | Lygaeinae | Lygaeus,"Lygaeus simulans Deckert, 1985",,3WPGY,4486334,3WPGY,4486334
B2473:1:93,"Melanocoryphus Stål, 1872","Stål, 1872",,,,,genus,,B2473:1,accepted,,,B2473:1:83,Lygaeinae,,,,,Lygaeidae,Lygaeinae,Melanocoryphus,,Pentatomorpha | Lygaeidae | Lygaeinae,"Melanocoryphus Stål, 1872",,8NV59,4405257,8NV59,4405257
B2473:1:94,"Melanocoryphus albomaculatus (Goeze, 1778)","(Goeze, 1778)",Melanocoryphus,,albomaculatus,,species,,B2473:1,accepted,,,B2473:1:93,"Melanocoryphus Stål, 1872",,,,,Lygaeidae,Lygaeinae,Melanocoryphus,,Pentatomorpha | Lygaeidae | Lygaeinae | Melanocoryphus,"Melanocoryphus albomaculatus (Goeze, 1778)",,3Z8D7,4486289,3Z8D7,4486289
B2473:1:95,"Spilostethus Stål, 1868","Stål, 1868",,,,,genus,,B2473:1,accepted,,,B2473:1:83,Lygaeinae,,,,,Lygaeidae,Lygaeinae,Spilostethus,,Pentatomorpha | Lygaeidae | Lygaeinae,"Spilostethus Stål, 1868",,8NZDR,4407676,8NZDR,4407676
B2473:1:96,"Spilostethus pandurus (Scopoli, 1763)","(Scopoli, 1763)",Spilostethus,,pandurus,,species,,B2473:1,accepted,,,B2473:1:95,"Spilostethus Stål, 1868",,,,,Lygaeidae,Lygaeinae,Spilostethus,,Pentatomorpha | Lygaeidae | Lygaeinae | Spilostethus,"Spilostethus pandurus (Scopoli, 1763)",,4Z4WJ,4486330,4Z4WJ,4486330
B2473:1:97,"Spilostethus saxatilis (Scopoli, 1763)","(Scopoli, 1763)",Spilostethus,,saxatilis,,species,,B2473:1,accepted,,,B2473:1:95,"Spilostethus Stål, 1868",,,,,Lygaeidae,Lygaeinae,Spilostethus,,Pentatomorpha | Lygaeidae | Lygaeinae | Spilostethus,"Spilostethus saxatilis (Scopoli, 1763)",,4Z4WQ,4486328,4Z4WQ,4486328
B2473:1:98,Tropidothorax,,,,,,genus,,B2473:1,accepted,,,B2473:1:83,Lygaeinae,,,,,Lygaeidae,Lygaeinae,Tropidothorax,,Pentatomorpha | Lygaeidae | Lygaeinae,Tropidothorax,,8P2G4,4407191,8P2G4,4407191
B2473:1:99,"Tropidothorax leucopterus (Goeze, 1778)","(Goeze, 1778)",Tropidothorax,,leucopterus,,species,,B2473:1,accepted,,,B2473:1:98,Tropidothorax,,,,,Lygaeidae,Lygaeinae,Tropidothorax,,Pentatomorpha | Lygaeidae | Lygaeinae | Tropidothorax,"Tropidothorax leucopterus (Goeze, 1778)",,59CJ2,4486301,59CJ2,4486301
B2473:1:100,Orsillinae,,,,,,subfamily,,B2473:1,accepted,,,B2473:1:76,Lygaeidae,,,,,Lygaeidae,Orsillinae,,,Pentatomorpha | Lygaeidae,Orsillinae,,8NKYN,,8NKYN,
B2473:1:101,"Belonochilus Uhler, 1871","Uhler, 1871",,,,,genus,,B2473:1,accepted,,,B2473:1:100,Orsillinae,,,,,Lygaeidae,Orsillinae,Belonochilus,,Pentatomorpha | Lygaeidae | Orsillinae,"Belonochilus Uhler, 1871",,8NMFN,2007664,8NMFN,2007664
B2473:1:102,"Belonochilus numenius (Say, 1832)","(Say, 1832)",Belonochilus,,numenius,,species,,B2473:1,accepted,,,B2473:1:101,"Belonochilus Uhler, 1871",,,,,Lygaeidae,Orsillinae,Belonochilus,,Pentatomorpha | Lygaeidae | Orsillinae | Belonochilus,"Belonochilus numenius (Say, 1832)",,LBVJ,2007665,LBVJ,2007665
B2473:1:103,Nithecus,,,,,,genus,,B2473:1,accepted,,,B2473:1:100,Orsillinae,,,,,Lygaeidae,Orsillinae,Nithecus,,Pentatomorpha | Lygaeidae | Orsillinae,Nithecus,,8NW22,5431431,8NW22,5431431
B2473:1:104,"Nithecus jacobaeae (Schilling, 1829)","(Schilling, 1829)",Nithecus,,jacobaeae,,species,,B2473:1,accepted,,,B2473:1:103,Nithecus,,,,,Lygaeidae,Orsillinae,Nithecus,,Pentatomorpha | Lygaeidae | Orsillinae | Nithecus,"Nithecus jacobaeae (Schilling, 1829)",,47JFM,5758838,47JFM,5758838
B2473:1:105,"Nysius Dallas, 1852","Dallas, 1852",,,,,genus,,B2473:1,accepted,,,B2473:1:100,Orsillinae,,,,,Lygaeidae,Orsillinae,Nysius,,Pentatomorpha | Lygaeidae | Orsillinae,"Nysius Dallas, 1852",,8NTKK,2007771,8NTKK,2007771
B2473:1:106,"Nysius cymoides (Spinola, 1837)","(Spinola, 1837)",Nysius,,cymoides,,species,,B2473:1,accepted,,,B2473:1:105,"Nysius Dallas, 1852",,,,,Lygaeidae,Orsillinae,Nysius,,Pentatomorpha | Lygaeidae | Orsillinae | Nysius,"Nysius cymoides (Spinola, 1837)",,487G5,4486361,487G5,4486361
B2473:1:107,"Nysius ericae (Schilling, 1829)","(Schilling, 1829)",Nysius,,ericae,,species,,B2473:1,accepted,,,B2473:1:105,"Nysius Dallas, 1852",,,,,Lygaeidae,Orsillinae,Nysius,,Pentatomorpha | Lygaeidae | Orsillinae | Nysius,"Nysius ericae (Schilling, 1829)",,6SCSX,4486356,6SCSX,4486356
B2473:1:108,"Nysius ericae subsp. ericae (Schilling, 1829)","(Schilling, 1829)",Nysius,,ericae,ericae,subspecies,,B2473:1,accepted,,,B2473:1:107,"Nysius ericae (Schilling, 1829)",,,,,Lygaeidae,Orsillinae,Nysius,,Pentatomorpha | Lygaeidae | Orsillinae | Nysius | Nysius ericae,"Nysius ericae ericae (Schilling, 1829)",,L2D8G,4486360,L2D8G,4486360
B2473:1:109,"Nysius graminicola (Kolenati, 1845)","(Kolenati, 1845)",Nysius,,graminicola,,species,,B2473:1,accepted,,,B2473:1:105,"Nysius Dallas, 1852",,,,,Lygaeidae,Orsillinae,Nysius,,Pentatomorpha | Lygaeidae | Orsillinae | Nysius,"Nysius graminicola (Kolenati, 1845)",,KVKFY,4486376,KVKFY,4486376
B2473:1:110,"Nysius graminicola subsp. graminicola (Kolenati, 1845)","(Kolenati, 1845)",Nysius,,graminicola,graminicola,subspecies,,B2473:1,accepted,,,B2473:1:109,"Nysius graminicola (Kolenati, 1845)",,,,,Lygaeidae,Orsillinae,Nysius,,Pentatomorpha | Lygaeidae | Orsillinae | Nysius | Nysius graminicola,"Nysius graminicola graminicola (Kolenati, 1845)",,L2D8R,4486377,L2D8R,4486377
B2473:1:111,"Nysius helveticus (Herrich-Schaeffer, 1850)","(Herrich-Schaeffer, 1850)",Nysius,,helveticus,,species,,B2473:1,accepted,,,B2473:1:105,"Nysius Dallas, 1852",,,,,Lygaeidae,Orsillinae,Nysius,,Pentatomorpha | Lygaeidae | Orsillinae | Nysius,"Nysius helveticus (Herrich-Schaeffer, 1850)",,487H3,4486370,487H3,4486370
B2473:1:112,"Nysius huttoni F. B. White, 1878","F. B. White, 1878",Nysius,,huttoni,,species,,B2473:1,accepted,,,B2473:1:105,"Nysius Dallas, 1852",,,,,Lygaeidae,Orsillinae,Nysius,,Pentatomorpha | Lygaeidae | Orsillinae | Nysius,"Nysius huttoni F. B. White, 1878",,487H7,4486365,487H7,4486365
B2473:1:113,"Nysius senecionis (Schilling, 1829)","(Schilling, 1829)",Nysius,,senecionis,,species,,B2473:1,accepted,,,B2473:1:105,"Nysius Dallas, 1852",,,,,Lygaeidae,Orsillinae,Nysius,,Pentatomorpha | Lygaeidae | Orsillinae | Nysius,"Nysius senecionis (Schilling, 1829)",,487KM,4486367,487KM,4486367
B2473:1:114,"Nysius senecionis subsp. senecionis (Schilling, 1829)","(Schilling, 1829)",Nysius,,senecionis,senecionis,subspecies,,B2473:1,accepted,,,B2473:1:113,"Nysius senecionis (Schilling, 1829)",,,,,Lygaeidae,Orsillinae,Nysius,,Pentatomorpha | Lygaeidae | Orsillinae | Nysius | Nysius senecionis,"Nysius senecionis senecionis (Schilling, 1829)",,L2D8T,4486368,L2D8T,4486368
B2473:1:115,"Nysius thymi (Wolff, 1804)","(Wolff, 1804)",Nysius,,thymi,,species,,B2473:1,accepted,,,B2473:1:105,"Nysius Dallas, 1852",,,,,Lygaeidae,Orsillinae,Nysius,,Pentatomorpha | Lygaeidae | Orsillinae | Nysius,"Nysius thymi (Wolff, 1804)",,487L8,2007803,487L8,2007803
B2473:1:116,"Nysius thymi subsp. thymi (Wolff, 1804)","(Wolff, 1804)",Nysius,,thymi,thymi,subspecies,,B2473:1,accepted,,,B2473:1:115,"Nysius thymi (Wolff, 1804)",,,,,Lygaeidae,Orsillinae,Nysius,,Pentatomorpha | Lygaeidae | Orsillinae | Nysius | Nysius thymi,"Nysius thymi thymi (Wolff, 1804)",,L2D8X,4486363,L2D8X,4486363
B2473:1:117,"Orsillus Dallas, 1852","Dallas, 1852",,,,,genus,,B2473:1,accepted,,,B2473:1:100,Orsillinae,,,,,Lygaeidae,Orsillinae,Orsillus,,Pentatomorpha | Lygaeidae | Orsillinae,"Orsillus Dallas, 1852",,8NWDX,4407943,8NWDX,4407943
B2473:1:118,"Orsillus depressus (Mulsant & Rey, 1852)","(Mulsant & Rey, 1852)",Orsillus,,depressus,,species,,B2473:1,accepted,,,B2473:1:117,"Orsillus Dallas, 1852",,,,,Lygaeidae,Orsillinae,Orsillus,,Pentatomorpha | Lygaeidae | Orsillinae | Orsillus,"Orsillus depressus (Mulsant & Rey, 1852)",,759GK,10951178,759GK,4486382
B2473:1:119,"Ortholomus Stål, 1872","Stål, 1872",,,,,genus,,B2473:1,accepted,,,B2473:1:100,Orsillinae,,,,,Lygaeidae,Orsillinae,Ortholomus,,Pentatomorpha | Lygaeidae | Orsillinae,"Ortholomus Stål, 1872",,8NWFG,4407876,8NWFG,4407876
B2473:1:120,"Ortholomus punctipennis (Herrich-Schaeffer, 1838)","(Herrich-Schaeffer, 1838)",Ortholomus,,punctipennis,,species,,B2473:1,accepted,,,B2473:1:119,"Ortholomus Stål, 1872",,,,,Lygaeidae,Orsillinae,Ortholomus,,Pentatomorpha | Lygaeidae | Orsillinae | Ortholomus,"Ortholomus punctipennis (Herrich-Schaeffer, 1838)",,6T8KS,4486391,6T8KS,4486391
B2473:1:121,Oxycarenidae,,,,,,family,,B2473:1,accepted,,,B2473:1:1,Pentatomorpha,,,,,Oxycarenidae,,,,Pentatomorpha,OXYCARENIDAE,,8NKNN,4323,8NKNN,4323
B2473:1:122,Macroplax,,,,,,genus,,B2473:1,accepted,,,B2473:1:121,Oxycarenidae,,,,,Oxycarenidae,,Macroplax,,Pentatomorpha | Oxycarenidae,Macroplax,,8NTVK,11356587,8NTVK,11356587
B2473:1:123,"Macroplax preyssleri (Fieber, 1837)","(Fieber, 1837)",Macroplax,,preyssleri,,species,,B2473:1,accepted,,,B2473:1:122,Macroplax,,,,,Oxycarenidae,,Macroplax,,Pentatomorpha | Oxycarenidae | Macroplax,"Macroplax preyssleri (Fieber, 1837)",,3X8CL,4486216,3X8CL,4486216
B2473:1:124,Microplax,,,,,,genus,,B2473:1,accepted,,,B2473:1:121,Oxycarenidae,,,,,Oxycarenidae,,Microplax,,Pentatomorpha | Oxycarenidae,Microplax,,8NQR6,6007159,8NQR6,6007159
B2473:1:125,"Microplax albofasciata (A. Costa, 1847)","(A. Costa, 1847)",Microplax,,albofasciata,,species,,B2473:1,accepted,,,B2473:1:124,Microplax,,,,,Oxycarenidae,,Microplax,,Pentatomorpha | Oxycarenidae | Microplax,"Microplax albofasciata (A. Costa, 1847)",,433MF,5758819,433MF,5758819
B2473:1:126,"Metopoplax Fieber, 1860","Fieber, 1860",,,,,genus,,B2473:1,accepted,,,B2473:1:121,Oxycarenidae,,,,,Oxycarenidae,,Metopoplax,,Pentatomorpha | Oxycarenidae,"Metopoplax Fieber, 1860",,8NVB4,4486254,8NVB4,4486254
B2473:1:127,"Metopoplax ditomoides (A. Costa, 1847)","(A. Costa, 1847)",Metopoplax,,ditomoides,,species,,B2473:1,accepted,,,B2473:1:126,"Metopoplax Fieber, 1860",,,,,Oxycarenidae,,Metopoplax,,Pentatomorpha | Oxycarenidae | Metopoplax,"Metopoplax ditomoides (A. Costa, 1847)",,42HKW,4486258,42HKW,4486258
B2473:1:128,"Metopoplax fuscinervis Stål, 1872","Stål, 1872",Metopoplax,,fuscinervis,,species,,B2473:1,accepted,,,B2473:1:126,"Metopoplax Fieber, 1860",,,,,Oxycarenidae,,Metopoplax,,Pentatomorpha | Oxycarenidae | Metopoplax,"Metopoplax fuscinervis Stål, 1872",,42HKX,4486257,42HKX,4486257
B2473:1:129,"Oxycarenus Fieber, 1837","Fieber, 1837",,,,,genus,,B2473:1,accepted,,,B2473:1:121,Oxycarenidae,,,,,Oxycarenidae,,Oxycarenus,,Pentatomorpha | Oxycarenidae,"Oxycarenus Fieber, 1837",,8NWHF,4407280,8NWHF,4407280
B2473:1:130,"Oxycarenus Fieber, 1837","Fieber, 1837",Oxycarenus,,,,subgenus,,B2473:1,accepted,,,B2473:1:129,"Oxycarenus Fieber, 1837",,,,,Oxycarenidae,,Oxycarenus,Oxycarenus,Pentatomorpha | Oxycarenidae | Oxycarenus,"Oxycarenus Fieber, 1837",,8NWHF,,8NWHF,
B2473:1:131,"Oxycarenus lavaterae (Fabricius, 1787)","(Fabricius, 1787)",Oxycarenus,Oxycarenus,lavaterae,,species,,B2473:1,accepted,,,B2473:1:130,"Oxycarenus Fieber, 1837",,,,,Oxycarenidae,,Oxycarenus,Oxycarenus,Pentatomorpha | Oxycarenidae | Oxycarenus | Oxycarenus,"Oxycarenus lavaterae (Fabricius, 1787)",,4BD64,4486243,4BD64,4486243
B2473:1:132,"Pseudoxycarenus Samy, 1969","Samy, 1969",Oxycarenus,,,,subgenus,,B2473:1,accepted,,,B2473:1:129,"Oxycarenus Fieber, 1837",,,,,Oxycarenidae,,Oxycarenus,Pseudoxycarenus,Pentatomorpha | Oxycarenidae | Oxycarenus,"Pseudoxycarenus Samy, 1969",,8QNXZ,,8QNXZ,
B2473:1:133,"Oxycarenus modestus (Fallén, 1829)","(Fallén, 1829)",Oxycarenus,Pseudoxycarenus,modestus,,species,,B2473:1,accepted,,,B2473:1:132,"Pseudoxycarenus Samy, 1969",,,,,Oxycarenidae,,Oxycarenus,Pseudoxycarenus,Pentatomorpha | Oxycarenidae | Oxycarenus | Pseudoxycarenus,"Oxycarenus modestus (Fallén, 1829)",,6TFX2,4486241,6TFX2,4486241
B2473:1:134,"Tropidophlebia Kerzhner, 1964","Kerzhner, 1964",,,,,genus,,B2473:1,accepted,,,B2473:1:121,Oxycarenidae,,,,,Oxycarenidae,,Tropidophlebia,,Pentatomorpha | Oxycarenidae,"Tropidophlebia Kerzhner, 1964",,8P2FY,4407198,8P2FY,4407198
B2473:1:135,"Tropidophlebia costalis (Herrich-Schaeffer, 1850)","(Herrich-Schaeffer, 1850)",Tropidophlebia,,costalis,,species,,B2473:1,accepted,,,B2473:1:134,"Tropidophlebia Kerzhner, 1964",,,,,Oxycarenidae,,Tropidophlebia,,Pentatomorpha | Oxycarenidae | Tropidophlebia,"Tropidophlebia costalis (Herrich-Schaeffer, 1850)",,59C5T,4486207,59C5T,4486207
B2473:1:136,Piesmatidae,,,,,,family,,B2473:1,accepted,,,B2473:1:1,Pentatomorpha,,,,,Piesmatidae,,,,Pentatomorpha,PIESMATIDAE,,8NKPC,9651,8NKPC,9651
B2473:1:137,Piesmatinae,,,,,,subfamily,,B2473:1,accepted,,,B2473:1:136,Piesmatidae,,,,,Piesmatidae,Piesmatinae,,,Pentatomorpha | Piesmatidae,Piesmatinae,,8NKZM,,8NKZM,
B2473:1:138,"Parapiesma Péricart, 1974","Péricart, 1974",,,,,genus,,B2473:1,accepted,,,B2473:1:137,Piesmatinae,,,,,Piesmatidae,Piesmatinae,Parapiesma,,Pentatomorpha | Piesmatidae | Piesmatinae,"Parapiesma Péricart, 1974",,8NWZ6,4405627,8NWZ6,4405627
B2473:1:139,"Parapiesma quadratum (Fieber, 1844)","(Fieber, 1844)",Parapiesma,,quadratum,,species,,B2473:1,accepted,,,B2473:1:138,"Parapiesma Péricart, 1974",,,,,Piesmatidae,Piesmatinae,Parapiesma,,Pentatomorpha | Piesmatidae | Piesmatinae | Parapiesma,"Parapiesma quadratum (Fieber, 1844)",,8PGND,4485681,8PGND,4485681
B2473:1:140,"Parapiesma salsolae (Becker, 1867)","(Becker, 1867)",Parapiesma,,salsolae,,species,,B2473:1,accepted,,,B2473:1:138,"Parapiesma Péricart, 1974",,,,,Piesmatidae,Piesmatinae,Parapiesma,,Pentatomorpha | Piesmatidae | Piesmatinae | Parapiesma,"Parapiesma salsolae (Becker, 1867)",,8PGNF,4485687,8PGNF,4485687
B2473:1:141,"Parapiesma variabile (Fieber, 1844)","(Fieber, 1844)",Parapiesma,,variabile,,species,,B2473:1,accepted,,,B2473:1:138,"Parapiesma Péricart, 1974",,,,,Piesmatidae,Piesmatinae,Parapiesma,,Pentatomorpha | Piesmatidae | Piesmatinae | Parapiesma,"Parapiesma variabile (Fieber, 1844)",,8Q76G,4485685,8Q76G,4485685
B2473:1:142,"Piesma Lepeletier & Serville, 1828","Lepeletier & Serville, 1828",,,,,genus,,B2473:1,accepted,,,B2473:1:137,Piesmatinae,,,,,Piesmatidae,Piesmatinae,Piesma,,Pentatomorpha | Piesmatidae | Piesmatinae,"Piesma Lepeletier & Serville, 1828",,8NWWC,2008264,8NWWC,2008264
B2473:1:143,"Piesma capitatum (Wolff, 1804)","(Wolff, 1804)",Piesma,,capitatum,,species,,B2473:1,accepted,,,B2473:1:142,"Piesma Lepeletier & Serville, 1828",,,,,Piesmatidae,Piesmatinae,Piesma,,Pentatomorpha | Piesmatidae | Piesmatinae | Piesma,"Piesma capitatum (Wolff, 1804)",,8PBY7,2008269,8PBY7,2008269
B2473:1:144,"Piesma maculatum (Laporte, 1833)","(Laporte, 1833)",Piesma,,maculatum,,species,,B2473:1,accepted,,,B2473:1:142,"Piesma Lepeletier & Serville, 1828",,,,,Piesmatidae,Piesmatinae,Piesma,,Pentatomorpha | Piesmatidae | Piesmatinae | Piesma,"Piesma maculatum (Laporte, 1833)",,8PHNL,4485667,8PHNL,4485667
B2473:1:145,Rhyparochromidae,,,,,,family,,B2473:1,accepted,,,B2473:1:1,Pentatomorpha,,,,,Rhyparochromidae,,,,Pentatomorpha,RHYPAROCHROMIDAE,,C8BBC,4326,C8BBC,4326
B2473:1:146,Plinthisinae,,,,,,subfamily,,B2473:1,accepted,,,B2473:1:145,Rhyparochromidae,,,,,Rhyparochromidae,Plinthisinae,,,Pentatomorpha | Rhyparochromidae,Plinthisinae,,8NKZP,,8NKZP,
B2473:1:147,"Plinthisus Stephens, 1829","Stephens, 1829",,,,,genus,,B2473:1,accepted,,,B2473:1:146,Plinthisinae,,,,,Rhyparochromidae,Plinthisinae,Plinthisus,,Pentatomorpha | Rhyparochromidae | Plinthisinae,"Plinthisus Stephens, 1829",,8NXD7,10891185,8NXD7,10891185
B2473:1:148,"Plinthisomus Fieber, 1864","Fieber, 1864",Plinthisus,,,,subgenus,,B2473:1,accepted,,,B2473:1:147,"Plinthisus Stephens, 1829",,,,,Rhyparochromidae,Plinthisinae,Plinthisus,Plinthisomus,Pentatomorpha | Rhyparochromidae | Plinthisinae | Plinthisus,"Plinthisomus Fieber, 1864",,8Q6LV,,8Q6LV,
B2473:1:149,"Plinthisus pusillus (Scholtz, 1847)","(Scholtz, 1847)",Plinthisus,Plinthisomus,pusillus,,species,,B2473:1,accepted,,,B2473:1:148,"Plinthisomus Fieber, 1864",,,,,Rhyparochromidae,Plinthisinae,Plinthisus,Plinthisomus,Pentatomorpha | Rhyparochromidae | Plinthisinae | Plinthisus | Plinthisomus,"Plinthisus pusillus (Scholtz, 1847)",,4KGCF,4486739,4KGCF,4486739
B2473:1:150,"Plinthisus Stephens, 1829","Stephens, 1829",Plinthisus,,,,subgenus,,B2473:1,accepted,,,B2473:1:147,"Plinthisus Stephens, 1829",,,,,Rhyparochromidae,Plinthisinae,Plinthisus,Plinthisus,Pentatomorpha | Rhyparochromidae | Plinthisinae | Plinthisus,"Plinthisus Stephens, 1829",,8NXD7,,8NXD7,
B2473:1:151,"Plinthisus brevipennis (Latreille, 1807)","(Latreille, 1807)",Plinthisus,Plinthisus,brevipennis,,species,,B2473:1,accepted,,,B2473:1:150,"Plinthisus Stephens, 1829",,,,,Rhyparochromidae,Plinthisinae,Plinthisus,Plinthisus,Pentatomorpha | Rhyparochromidae | Plinthisinae | Plinthisus | Plinthisus,"Plinthisus brevipennis (Latreille, 1807)",,4KGCV,2008235,4KGCV,2008235
B2473:1:152,Rhyparochrominae,,,,,,subfamily,,B2473:1,accepted,,,B2473:1:145,Rhyparochromidae,,,,,Rhyparochromidae,Rhyparochrominae,,,Pentatomorpha | Rhyparochromidae,Rhyparochrominae,,8NL2H,,8NL2H,
B2473:1:153,Antillocorini,,,,,,tribe,,B2473:1,accepted,,,B2473:1:152,Rhyparochrominae,,,,,Rhyparochromidae,Rhyparochrominae,,,Pentatomorpha | Rhyparochromidae | Rhyparochrominae,Antillocorini,,8NL55,,8NL55,
B2473:1:154,"Tropistethus Fieber, 1860","Fieber, 1860",,,,,genus,,B2473:1,accepted,,,B2473:1:153,Antillocorini,,,,,Rhyparochromidae,Rhyparochrominae,Tropistethus,,Pentatomorpha | Rhyparochromidae | Rhyparochrominae | Antillocorini,"Tropistethus Fieber, 1860",,8P2G5,4407167,8P2G5,4407167
B2473:1:155,"Tropistethus holosericus (Scholtz, 1846)","(Scholtz, 1846)",Tropistethus,,holosericus,,species,,B2473:1,accepted,,,B2473:1:154,"Tropistethus Fieber, 1860",,,,,Rhyparochromidae,Rhyparochrominae,Tropistethus,,Pentatomorpha | Rhyparochromidae | Rhyparochrominae | Antillocorini | Tropistethus,"Tropistethus holosericus (Scholtz, 1846)",,59CZZ,4486717,59CZZ,4486717
B2473:1:156,Drymini,,,,,,tribe,,B2473:1,accepted,,,B2473:1:152,Rhyparochrominae,,,,,Rhyparochromidae,Rhyparochrominae,,,Pentatomorpha | Rhyparochromidae | Rhyparochrominae,Drymini,,8NL78,,8NL78,
B2473:1:157,"Drymus Fieber, 1860","Fieber, 1860",,,,,genus,,B2473:1,accepted,,,B2473:1:156,Drymini,,,,,Rhyparochromidae,Rhyparochrominae,Drymus,,Pentatomorpha | Rhyparochromidae | Rhyparochrominae | Drymini,"Drymus Fieber, 1860",,8NPC4,2008136,8NPC4,2008136
B2473:1:158,"Drymus pilipes (Fieber, 1861)","(Fieber, 1861)",Drymus,,pilipes,,species,,B2473:1,accepted,,,B2473:1:157,"Drymus Fieber, 1860",,,,,Rhyparochromidae,Rhyparochrominae,Drymus,,Pentatomorpha | Rhyparochromidae | Rhyparochrominae | Drymini | Drymus,"Drymus pilipes (Fieber, 1861)",,6DN3R,2008137,6DN3R,2008137
B2473:1:159,"Drymus Fieber, 1860","Fieber, 1860",Drymus,,,,subgenus,,B2473:1,accepted,,,B2473:1:157,"Drymus Fieber, 1860",,,,,Rhyparochromidae,Rhyparochrominae,Drymus,Drymus,Pentatomorpha | Rhyparochromidae | Rhyparochrominae | Drymini | Drymus,"Drymus Fieber, 1860",,8NPC4,,8NPC4,
B2473:1:160,"Drymus latus Douglas & Scott, 1871","Douglas & Scott, 1871",Drymus,Drymus,latus,,species,,B2473:1,accepted,,,B2473:1:159,"Drymus Fieber, 1860",,,,,Rhyparochromidae,Rhyparochrominae,Drymus,Drymus,Pentatomorpha | Rhyparochromidae | Rhyparochrominae | Drymini | Drymus | Drymus,"Drymus latus Douglas & Scott, 1871",,6DN3M,4486556,6DN3M,4486556
B2473:1:161,"Drymus latus subsp. latus Douglas & Scott, 1871","Douglas & Scott, 1871",Drymus,Drymus,latus,latus,subspecies,,B2473:1,accepted,,,B2473:1:160,"Drymus latus Douglas & Scott, 1871",,,,,Rhyparochromidae,Rhyparochrominae,Drymus,Drymus,Pentatomorpha | Rhyparochromidae | Rhyparochrominae | Drymini | Drymus | Drymus | Drymus latus,"Drymus latus latus Douglas & Scott, 1871",,L23CH,4486557,L23CH,4486557
B2473:1:162,"Drymus pilicornis (Mulsant & Rey, 1852)","(Mulsant & Rey, 1852)",Drymus,Drymus,pilicornis,,species,,B2473:1,accepted,,,B2473:1:159,"Drymus Fieber, 1860",,,,,Rhyparochromidae,Rhyparochrominae,Drymus,Drymus,Pentatomorpha | Rhyparochromidae | Rhyparochrominae | Drymini | Drymus | Drymus,"Drymus pilicornis (Mulsant & Rey, 1852)",,6DMS3,4486553,6DMS3,4486553
B2473:1:163,"Sylvadrymus Le Quesne, 1956","Le Quesne, 1956",Drymus,,,,subgenus,,B2473:1,accepted,,,B2473:1:157,"Drymus Fieber, 1860",,,,,Rhyparochromidae,Rhyparochrominae,Drymus,Sylvadrymus,Pentatomorpha | Rhyparochromidae | Rhyparochrominae | Drymini | Drymus,"Sylvadrymus Le Quesne, 1956",,8Q6C4,,8Q6C4,
B2473:1:164,"Drymus brunneus (R. F. Sahlberg, 1848)","(R. F. Sahlberg, 1848)",Drymus,Sylvadrymus,brunneus,,species,,B2473:1,accepted,,,B2473:1:163,"Sylvadrymus Le Quesne, 1956",,,,,Rhyparochromidae,Rhyparochrominae,Drymus,Sylvadrymus,Pentatomorpha | Rhyparochromidae | Rhyparochrominae | Drymini | Drymus | Sylvadrymus,"Drymus brunneus (R. F. Sahlberg, 1848)",,6DMRD,4486546,6DMRD,4486546
B2473:1:165,"Drymus brunneus subsp. brunneus (R. F. Sahlberg, 1848)","(R. F. Sahlberg, 1848)",Drymus,Sylvadrymus,brunneus,brunneus,subspecies,,B2473:1,accepted,,,B2473:1:164,"Drymus brunneus (R. F. Sahlberg, 1848)",,,,,Rhyparochromidae,Rhyparochrominae,Drymus,Sylvadrymus,Pentatomorpha | Rhyparochromidae | Rhyparochrominae | Drymini | Drymus | Sylvadrymus | Drymus brunneus,"Drymus brunneus brunneus (R. F. Sahlberg, 1848)",,L23CP,4486549,L23CP,4486549
B2473:1:166,"Drymus pumilio Puton, 1877","Puton, 1877",Drymus,Sylvadrymus,pumilio,,species,,B2473:1,accepted,,,B2473:1:163,"Sylvadrymus Le Quesne, 1956",,,,,Rhyparochromidae,Rhyparochrominae,Drymus,Sylvadrymus,Pentatomorpha | Rhyparochromidae | Rhyparochrominae | Drymini | Drymus | Sylvadrymus,"Drymus pumilio Puton, 1877",,8Q6VB,4486552,8Q6VB,4486552
B2473:1:167,"Drymus ryeii Douglas & Scott, 1865","Douglas & Scott, 1865",Drymus,Sylvadrymus,ryeii,,species,,B2473:1,accepted,,,B2473:1:163,"Sylvadrymus Le Quesne, 1956",,,,,Rhyparochromidae,Rhyparochrominae,Drymus,Sylvadrymus,Pentatomorpha | Rhyparochromidae | Rhyparochrominae | Drymini | Drymus | Sylvadrymus,"Drymus ryeii Douglas & Scott, 1865",,8Q6VC,4486551,8Q6VC,4486551
B2473:1:168,"Drymus sylvaticus (Fabricius, 1775)","(Fabricius, 1775)",Drymus,Sylvadrymus,sylvaticus,,species,,B2473:1,accepted,,,B2473:1:163,"Sylvadrymus Le Quesne, 1956",,,,,Rhyparochromidae,Rhyparochrominae,Drymus,Sylvadrymus,Pentatomorpha | Rhyparochromidae | Rhyparochrominae | Drymini | Drymus | Sylvadrymus,"Drymus sylvaticus (Fabricius, 1775)",,8Q6VD,10950305,8Q6VD,10950305
B2473:1:169,"Eremocoris Fieber, 1860","Fieber, 1860",,,,,genus,,B2473:1,accepted,,,B2473:1:156,Drymini,,,,,Rhyparochromidae,Rhyparochrominae,Eremocoris,,Pentatomorpha | Rhyparochromidae | Rhyparochrominae | Drymini,"Eremocoris Fieber, 1860",,8NNWL,2008140,8NNWL,2008140
B2473:1:170,"Eremocoris abietis (Linnaeus, 1758)","(Linnaeus, 1758)",Eremocoris,,abietis,,species,,B2473:1,accepted,,,B2473:1:169,"Eremocoris Fieber, 1860",,,,,Rhyparochromidae,Rhyparochrominae,Eremocoris,,Pentatomorpha | Rhyparochromidae | Rhyparochrominae | Drymini | Eremocoris,"Eremocoris abietis (Linnaeus, 1758)",,6GGJG,2008145,6GGJG,2008145
B2473:1:171,"Eremocoris abietis subsp. abietis (Linnaeus, 1758)","(Linnaeus, 1758)",Eremocoris,,abietis,abietis,subspecies,,B2473:1,accepted,,,B2473:1:170,"Eremocoris abietis (Linnaeus, 1758)",,,,,Rhyparochromidae,Rhyparochrominae,Eremocoris,,Pentatomorpha | Rhyparochromidae | Rhyparochrominae | Drymini | Eremocoris | Eremocoris abietis,"Eremocoris abietis abietis (Linnaeus, 1758)",,L24P7,4486532,L24P7,4486532
B2473:1:172,"Eremocoris fenestratus (Herrich-Schaeffer, 1839)","(Herrich-Schaeffer, 1839)",Eremocoris,,fenestratus,,species,,B2473:1,accepted,,,B2473:1:169,"Eremocoris Fieber, 1860",,,,,Rhyparochromidae,Rhyparochrominae,Eremocoris,,Pentatomorpha | Rhyparochromidae | Rhyparochrominae | Drymini | Eremocoris,"Eremocoris fenestratus (Herrich-Schaeffer, 1839)",,6GGKP,4486529,6GGKP,4486529
B2473:1:173,"Eremocoris plebejus (Fallén, 1807)","(Fallén, 1807)",Eremocoris,,plebejus,,species,,B2473:1,accepted,,,B2473:1:169,"Eremocoris Fieber, 1860",,,,,Rhyparochromidae,Rhyparochrominae,Eremocoris,,Pentatomorpha | Rhyparochromidae | Rhyparochrominae | Drymini | Eremocoris,"Eremocoris plebejus (Fallén, 1807)",,6GGK9,4486536,6GGK9,4486536
B2473:1:174,"Eremocoris plebejus subsp. plebejus (Fallén, 1807)","(Fallén, 1807)",Eremocoris,,plebejus,plebejus,subspecies,,B2473:1,accepted,,,B2473:1:173,"Eremocoris plebejus (Fallén, 1807)",,,,,Rhyparochromidae,Rhyparochrominae,Eremocoris,,Pentatomorpha | Rhyparochromidae | Rhyparochrominae | Drymini | Eremocoris | Eremocoris plebejus,"Eremocoris plebejus plebejus (Fallén, 1807)",,C47HK,7343923,6GGK9,4486536
B2473:1:175,"Eremocoris podagricus (Fabricius, 1775)","(Fabricius, 1775)",Eremocoris,,podagricus,,species,,B2473:1,accepted,,,B2473:1:169,"Eremocoris Fieber, 1860",,,,,Rhyparochromidae,Rhyparochrominae,Eremocoris,,Pentatomorpha | Rhyparochromidae | Rhyparochrominae | Drymini | Eremocoris,"Eremocoris podagricus (Fabricius, 1775)",,6GGJY,4486542,6GGJY,4486542
B2473:1:176,"Gastrodes Westwood, 1840","Westwood, 1840",,,,,genus,,B2473:1,accepted,,,B2473:1:156,Drymini,,,,,Rhyparochromidae,Rhyparochrominae,Gastrodes,,Pentatomorpha | Rhyparochromidae | Rhyparochrominae | Drymini,"Gastrodes Westwood, 1840",,8NPTB,2008186,8NPTB,2008186
B2473:1:177,"Gastrodes abietum Bergroth, 1914","Bergroth, 1914",Gastrodes,,abietum,,species,,B2473:1,accepted,,,B2473:1:176,"Gastrodes Westwood, 1840",,,,,Rhyparochromidae,Rhyparochrominae,Gastrodes,,Pentatomorpha | Rhyparochromidae | Rhyparochrominae | Drymini | Gastrodes,"Gastrodes abietum Bergroth, 1914",,8P7YX,5152536,8P7YX,5152536
B2473:1:178,"Gastrodes grossipes (De Geer, 1773)","(De Geer, 1773)",Gastrodes,,grossipes,,species,,B2473:1,accepted,,,B2473:1:176,"Gastrodes Westwood, 1840",,,,,Rhyparochromidae,Rhyparochrominae,Gastrodes,,Pentatomorpha | Rhyparochromidae | Rhyparochrominae | Drymini | Gastrodes,"Gastrodes grossipes (De Geer, 1773)",,CFT6L,11048070,CFT6L,11048070
B2473:1:179,"Gastrodes grossipes subsp. grossipes (De Geer, 1773)","(De Geer, 1773)",Gastrodes,,grossipes,grossipes,subspecies,,B2473:1,accepted,,,B2473:1:178,"Gastrodes grossipes (De Geer, 1773)",,,,,Rhyparochromidae,Rhyparochrominae,Gastrodes,,Pentatomorpha | Rhyparochromidae | Rhyparochrominae | Drymini | Gastrodes | Gastrodes grossipes,"Gastrodes grossipes grossipes (De Geer, 1773)",,CFT6M,5758916,CFT6M,5758916
B2473:1:180,"Ischnocoris Fieber, 1860","Fieber, 1860",,,,,genus,,B2473:1,accepted,,,B2473:1:156,Drymini,,,,,Rhyparochromidae,Rhyparochrominae,Ischnocoris,,Pentatomorpha | Rhyparochromidae | Rhyparochrominae | Drymini,"Ischnocoris Fieber, 1860",,8NSYB,5431381,8NSYB,5431381
B2473:1:181,"Ischnocoris angustulus (Boheman, 1852)","(Boheman, 1852)",Ischnocoris,,angustulus,,species,,B2473:1,accepted,,,B2473:1:180,"Ischnocoris Fieber, 1860",,,,,Rhyparochromidae,Rhyparochrominae,Ischnocoris,,Pentatomorpha | Rhyparochromidae | Rhyparochrominae | Drymini | Ischnocoris,"Ischnocoris angustulus (Boheman, 1852)",,6MY6F,5758903,6MY6F,5758903
B2473:1:182,"Ischnocoris hemipterus (Schilling, 1829)","(Schilling, 1829)",Ischnocoris,,hemipterus,,species,,B2473:1,accepted,,,B2473:1:180,"Ischnocoris Fieber, 1860",,,,,Rhyparochromidae,Rhyparochrominae,Ischnocoris,,Pentatomorpha | Rhyparochromidae | Rhyparochrominae | Drymini | Ischnocoris,"Ischnocoris hemipterus (Schilling, 1829)",,6MY5X,5758901,6MY5X,5758901
B2473:1:183,"Lamproplax Douglas & Scott, 1868","Douglas & Scott, 1868",,,,,genus,,B2473:1,accepted,,,B2473:1:156,Drymini,,,,,Rhyparochromidae,Rhyparochrominae,Lamproplax,,Pentatomorpha | Rhyparochromidae | Rhyparochrominae | Drymini,"Lamproplax Douglas & Scott, 1868",,8NTBJ,4404281,8NTBJ,4404281
B2473:1:184,"Lamproplax picea (Flor, 1860)","(Flor, 1860)",Lamproplax,,picea,,species,,B2473:1,accepted,,,B2473:1:183,"Lamproplax Douglas & Scott, 1868",,,,,Rhyparochromidae,Rhyparochrominae,Lamproplax,,Pentatomorpha | Rhyparochromidae | Rhyparochrominae | Drymini | Lamproplax,"Lamproplax picea (Flor, 1860)",,3S4Z6,4486603,3S4Z6,4486603
B2473:1:185,"Notochilus Fieber, 1864","Fieber, 1864",,,,,genus,,B2473:1,accepted,,,B2473:1:156,Drymini,,,,,Rhyparochromidae,Rhyparochrominae,Notochilus,,Pentatomorpha | Rhyparochromidae | Rhyparochrominae | Drymini,"Notochilus Fieber, 1864",,8NW3D,4404965,8NW3D,4404965
B2473:1:186,"Notochilus limbatus Fieber, 1870","Fieber, 1870",Notochilus,,limbatus,,species,,B2473:1,accepted,,,B2473:1:185,"Notochilus Fieber, 1864",,,,,Rhyparochromidae,Rhyparochrominae,Notochilus,,Pentatomorpha | Rhyparochromidae | Rhyparochrominae | Drymini | Notochilus,"Notochilus limbatus Fieber, 1870",,8Q75M,4486594,8Q75M,4486594
B2473:1:187,"Scolopostethus Fieber, 1860","Fieber, 1860",,,,,genus,,B2473:1,accepted,,,B2473:1:156,Drymini,,,,,Rhyparochromidae,Rhyparochrominae,Scolopostethus,,Pentatomorpha | Rhyparochromidae | Rhyparochrominae | Drymini,"Scolopostethus Fieber, 1860",,8NZ27,2008129,8NZ27,2008129
B2473:1:188,"Scolopostethus affinis (Schilling, 1829)","(Schilling, 1829)",Scolopostethus,,affinis,,species,,B2473:1,accepted,,,B2473:1:187,"Scolopostethus Fieber, 1860",,,,,Rhyparochromidae,Rhyparochrominae,Scolopostethus,,Pentatomorpha | Rhyparochromidae | Rhyparochrominae | Drymini | Scolopostethus,"Scolopostethus affinis (Schilling, 1829)",,4VSP7,4486578,4VSP7,4486578
B2473:1:189,"Scolopostethus decoratus (Hahn, 1833)","(Hahn, 1833)",Scolopostethus,,decoratus,,species,,B2473:1,accepted,,,B2473:1:187,"Scolopostethus Fieber, 1860",,,,,Rhyparochromidae,Rhyparochrominae,Scolopostethus,,Pentatomorpha | Rhyparochromidae | Rhyparochrominae | Drymini | Scolopostethus,"Scolopostethus decoratus (Hahn, 1833)",,4VSPJ,4486568,4VSPJ,4486568
B2473:1:190,"Scolopostethus grandis Horváth, 1880","Horváth, 1880",Scolopostethus,,grandis,,species,,B2473:1,accepted,,,B2473:1:187,"Scolopostethus Fieber, 1860",,,,,Rhyparochromidae,Rhyparochrominae,Scolopostethus,,Pentatomorpha | Rhyparochromidae | Rhyparochrominae | Drymini | Scolopostethus,"Scolopostethus grandis Horváth, 1880",,4VSPP,4486577,4VSPP,4486577
B2473:1:191,"Scolopostethus pictus (Schilling, 1829)","(Schilling, 1829)",Scolopostethus,,pictus,,species,,B2473:1,accepted,,,B2473:1:187,"Scolopostethus Fieber, 1860",,,,,Rhyparochromidae,Rhyparochrominae,Scolopostethus,,Pentatomorpha | Rhyparochromidae | Rhyparochrominae | Drymini | Scolopostethus,"Scolopostethus pictus (Schilling, 1829)",,4VSQ8,4486575,4VSQ8,4486575
B2473:1:192,"Scolopostethus pilosus Reuter, 1875","Reuter, 1875",Scolopostethus,,pilosus,,species,,B2473:1,accepted,,,B2473:1:187,"Scolopostethus Fieber, 1860",,,,,Rhyparochromidae,Rhyparochrominae,Scolopostethus,,Pentatomorpha | Rhyparochromidae | Rhyparochrominae | Drymini | Scolopostethus,"Scolopostethus pilosus Reuter, 1875",,4VSQ9,4486572,4VSQ9,4486572
B2473:1:193,"Scolopostethus pilosus subsp. pilosus Reuter, 1875","Reuter, 1875",Scolopostethus,,pilosus,pilosus,subspecies,,B2473:1,accepted,,,B2473:1:192,"Scolopostethus pilosus Reuter, 1875",,,,,Rhyparochromidae,Rhyparochrominae,Scolopostethus,,Pentatomorpha | Rhyparochromidae | Rhyparochrominae | Drymini | Scolopostethus | Scolopostethus pilosus,"Scolopostethus pilosus pilosus Reuter, 1875",,8Q7H9,4486573,8Q7H9,4486573
B2473:1:194,"Scolopostethus puberulus Horváth, 1887","Horváth, 1887",Scolopostethus,,puberulus,,species,,B2473:1,accepted,,,B2473:1:187,"Scolopostethus Fieber, 1860",,,,,Rhyparochromidae,Rhyparochrominae,Scolopostethus,,Pentatomorpha | Rhyparochromidae | Rhyparochrominae | Drymini | Scolopostethus,"Scolopostethus puberulus Horváth, 1887",,4VSQB,4486570,4VSQB,4486570
B2473:1:195,"Scolopostethus thomsoni Reuter, 1875","Reuter, 1875",Scolopostethus,,thomsoni,,species,,B2473:1,accepted,,,B2473:1:187,"Scolopostethus Fieber, 1860",,,,,Rhyparochromidae,Rhyparochrominae,Scolopostethus,,Pentatomorpha | Rhyparochromidae | Rhyparochrominae | Drymini | Scolopostethus,"Scolopostethus thomsoni Reuter, 1875",,4VSQK,2008130,4VSQK,2008130
B2473:1:196,"Taphropeltus Stål, 1872","Stål, 1872",,,,,genus,,B2473:1,accepted,,,B2473:1:156,Drymini,,,,,Rhyparochromidae,Rhyparochrominae,Taphropeltus,,Pentatomorpha | Rhyparochromidae | Rhyparochrominae | Drymini,"Taphropeltus Stål, 1872",,8NZV7,4405310,8NZV7,4405310
B2473:1:197,"Taphropeltus contractus (Herrich-Schaeffer, 1835)","(Herrich-Schaeffer, 1835)",Taphropeltus,,contractus,,species,,B2473:1,accepted,,,B2473:1:196,"Taphropeltus Stål, 1872",,,,,Rhyparochromidae,Rhyparochrominae,Taphropeltus,,Pentatomorpha | Rhyparochromidae | Rhyparochrominae | Drymini | Taphropeltus,"Taphropeltus contractus (Herrich-Schaeffer, 1835)",,54SLH,4486588,54SLH,4486588
B2473:1:198,"Taphropeltus hamulatus (Thomson, 1870)","(Thomson, 1870)",Taphropeltus,,hamulatus,,species,,B2473:1,accepted,,,B2473:1:196,"Taphropeltus Stål, 1872",,,,,Rhyparochromidae,Rhyparochrominae,Taphropeltus,,Pentatomorpha | Rhyparochromidae | Rhyparochrominae | Drymini | Taphropeltus,"Taphropeltus hamulatus (Thomson, 1870)",,54SLJ,4486584,54SLJ,4486584
B2473:1:199,Gonianotini,,,,,,tribe,,B2473:1,accepted,,,B2473:1:152,Rhyparochrominae,,,,,Rhyparochromidae,Rhyparochrominae,,,Pentatomorpha | Rhyparochromidae | Rhyparochrominae,Gonianotini,,C76N5,,C76N5,
B2473:1:200,"Aphanus Laporte, 1833","Laporte, 1833",,,,,genus,,B2473:1,accepted,,,B2473:1:199,Gonianotini,,,,,Rhyparochromidae,Rhyparochrominae,Aphanus,,Pentatomorpha | Rhyparochromidae | Rhyparochrominae | Gonianotini,"Aphanus Laporte, 1833",,8NMCJ,6007143,8NMCJ,6007143
B2473:1:201,"Aphanus rolandri (Linnaeus, 1758)","(Linnaeus, 1758)",Aphanus,,rolandri,,species,,B2473:1,accepted,,,B2473:1:200,"Aphanus Laporte, 1833",,,,,Rhyparochromidae,Rhyparochrominae,Aphanus,,Pentatomorpha | Rhyparochromidae | Rhyparochrominae | Gonianotini | Aphanus,"Aphanus rolandri (Linnaeus, 1758)",,FBVP,8152705,FBVP,8152705
B2473:1:202,"Emblethis Fieber, 1860","Fieber, 1860",,,,,genus,,B2473:1,accepted,,,B2473:1:199,Gonianotini,,,,,Rhyparochromidae,Rhyparochrominae,Emblethis,,Pentatomorpha | Rhyparochromidae | Rhyparochrominae | Gonianotini,"Emblethis Fieber, 1860",,8NPG2,2008085,8NPG2,2008085
B2473:1:203,"Emblethis denticollis Horváth, 1878","Horváth, 1878",Emblethis,,denticollis,,species,,B2473:1,accepted,,,B2473:1:202,"Emblethis Fieber, 1860",,,,,Rhyparochromidae,Rhyparochrominae,Emblethis,,Pentatomorpha | Rhyparochromidae | Rhyparochrominae | Gonianotini | Emblethis,"Emblethis denticollis Horváth, 1878",,NSCY2,4486632,NSCY2,4486632
B2473:1:204,"Emblethis duplicatus Seidenstücker, 1963","Seidenstücker, 1963",Emblethis,,duplicatus,,species,,B2473:1,accepted,,,B2473:1:202,"Emblethis Fieber, 1860",,,,,Rhyparochromidae,Rhyparochrominae,Emblethis,,Pentatomorpha | Rhyparochromidae | Rhyparochrominae | Gonianotini | Emblethis,"Emblethis duplicatus Seidenstücker, 1963",,39G3Y,4486645,39G3Y,4486645
B2473:1:205,"Emblethis griseus (Wolff, 1802)","(Wolff, 1802)",Emblethis,,griseus,,species,,B2473:1,accepted,,,B2473:1:202,"Emblethis Fieber, 1860",,,,,Rhyparochromidae,Rhyparochrominae,Emblethis,,Pentatomorpha | Rhyparochromidae | Rhyparochrominae | Gonianotini | Emblethis,"Emblethis griseus (Wolff, 1802)",,39G43,4486640,39G43,4486640
B2473:1:206,"Emblethis verbasci (Fabricius, 1803)","(Fabricius, 1803)",Emblethis,,verbasci,,species,,B2473:1,accepted,,,B2473:1:202,"Emblethis Fieber, 1860",,,,,Rhyparochromidae,Rhyparochrominae,Emblethis,,Pentatomorpha | Rhyparochromidae | Rhyparochrominae | Gonianotini | Emblethis,"Emblethis verbasci (Fabricius, 1803)",,39G4W,2008087,39G4W,2008087
B2473:1:207,"Gonianotus Fieber, 1860","Fieber, 1860",,,,,genus,,B2473:1,accepted,,,B2473:1:199,Gonianotini,,,,,Rhyparochromidae,Rhyparochrominae,Gonianotus,,Pentatomorpha | Rhyparochromidae | Rhyparochrominae | Gonianotini,"Gonianotus Fieber, 1860",,8NS4M,4405578,8NS4M,4405578
B2473:1:208,"Gonianotus marginepunctatus (Wolff, 1804)","(Wolff, 1804)",Gonianotus,,marginepunctatus,,species,,B2473:1,accepted,,,B2473:1:207,"Gonianotus Fieber, 1860",,,,,Rhyparochromidae,Rhyparochrominae,Gonianotus,,Pentatomorpha | Rhyparochromidae | Rhyparochrominae | Gonianotini | Gonianotus,"Gonianotus marginepunctatus (Wolff, 1804)",,6L36C,4486663,6L36C,4486663
B2473:1:209,"Macrodema Fieber, 1860","Fieber, 1860",,,,,genus,,B2473:1,accepted,,,B2473:1:199,Gonianotini,,,,,Rhyparochromidae,Rhyparochrominae,Macrodema,,Pentatomorpha | Rhyparochromidae | Rhyparochrominae | Gonianotini,"Macrodema Fieber, 1860",,8NTTV,4406577,8NTTV,4406577
B2473:1:210,"Macrodema microptera (Curtis, 1836)","(Curtis, 1836)",Macrodema,,microptera,,species,,B2473:1,accepted,,,B2473:1:209,"Macrodema Fieber, 1860",,,,,Rhyparochromidae,Rhyparochrominae,Macrodema,,Pentatomorpha | Rhyparochromidae | Rhyparochrominae | Gonianotini | Macrodema,"Macrodema microptera (Curtis, 1836)",,3X4T7,4486654,3X4T7,4486654
B2473:1:211,"Pionosomus Fieber, 1860","Fieber, 1860",,,,,genus,,B2473:1,accepted,,,B2473:1:199,Gonianotini,,,,,Rhyparochromidae,Rhyparochrominae,Pionosomus,,Pentatomorpha | Rhyparochromidae | Rhyparochrominae | Gonianotini,"Pionosomus Fieber, 1860",,8NXMJ,4407601,8NXMJ,4407601
B2473:1:212,"Pionosomus varius (Wolff, 1804)","(Wolff, 1804)",Pionosomus,,varius,,species,,B2473:1,accepted,,,B2473:1:211,"Pionosomus Fieber, 1860",,,,,Rhyparochromidae,Rhyparochrominae,Pionosomus,,Pentatomorpha | Rhyparochromidae | Rhyparochrominae | Gonianotini | Pionosomus,"Pionosomus varius (Wolff, 1804)",,4J2SW,4486622,4J2SW,4486622
B2473:1:213,"Pterotmetus Amyot & Serville, 1843","Amyot & Serville, 1843",,,,,genus,,B2473:1,accepted,,,B2473:1:199,Gonianotini,,,,,Rhyparochromidae,Rhyparochrominae,Pterotmetus,,Pentatomorpha | Rhyparochromidae | Rhyparochrominae | Gonianotini,"Pterotmetus Amyot & Serville, 1843",,8NYDS,4408040,8NYDS,4408040
B2473:1:214,"Pterotmetus staphyliniformis (Schilling, 1829)","(Schilling, 1829)",Pterotmetus,,staphyliniformis,,species,,B2473:1,accepted,,,B2473:1:213,"Pterotmetus Amyot & Serville, 1843",,,,,Rhyparochromidae,Rhyparochrominae,Pterotmetus,,Pentatomorpha | Rhyparochromidae | Rhyparochrominae | Gonianotini | Pterotmetus,"Pterotmetus staphyliniformis (Schilling, 1829)",,4Q6RG,4486660,4Q6RG,4486660
B2473:1:215,"Trapezonotus Fieber, 1860","Fieber, 1860",,,,,genus,,B2473:1,accepted,,,B2473:1:199,Gonianotini,,,,,Rhyparochromidae,Rhyparochrominae,Trapezonotus,,Pentatomorpha | Rhyparochromidae | Rhyparochrominae | Gonianotini,"Trapezonotus Fieber, 1860",,8P2BB,2008018,8P2BB,2008018
B2473:1:216,"Trapezonotus Fieber, 1860","Fieber, 1860",Trapezonotus,,,,subgenus,,B2473:1,accepted,,,B2473:1:215,"Trapezonotus Fieber, 1860",,,,,Rhyparochromidae,Rhyparochrominae,Trapezonotus,Trapezonotus,Pentatomorpha | Rhyparochromidae | Rhyparochrominae | Gonianotini | Trapezonotus,"Trapezonotus Fieber, 1860",,8P2BB,,8P2BB,
B2473:1:217,"Trapezonotus arenarius (Linnaeus, 1758)","(Linnaeus, 1758)",Trapezonotus,Trapezonotus,arenarius,,species,,B2473:1,accepted,,,B2473:1:216,"Trapezonotus Fieber, 1860",,,,,Rhyparochromidae,Rhyparochrominae,Trapezonotus,Trapezonotus,Pentatomorpha | Rhyparochromidae | Rhyparochrominae | Gonianotini | Trapezonotus | Trapezonotus,"Trapezonotus arenarius (Linnaeus, 1758)",,8PDCD,10950708,8PDCD,10950708
B2473:1:218,"Trapezonotus arenarius subsp. arenarius (Linnaeus, 1758)","(Linnaeus, 1758)",Trapezonotus,Trapezonotus,arenarius,arenarius,subspecies,,B2473:1,accepted,,,B2473:1:217,"Trapezonotus arenarius (Linnaeus, 1758)",,,,,Rhyparochromidae,Rhyparochrominae,Trapezonotus,Trapezonotus,Pentatomorpha | Rhyparochromidae | Rhyparochrominae | Gonianotini | Trapezonotus | Trapezonotus | Trapezonotus arenarius,"Trapezonotus arenarius arenarius (Linnaeus, 1758)",,L2RJW,4486671,L2RJW,4486671
B2473:1:219,"Trapezonotus desertus Seidenstücker, 1951","Seidenstücker, 1951",Trapezonotus,Trapezonotus,desertus,,species,,B2473:1,accepted,,,B2473:1:216,"Trapezonotus Fieber, 1860",,,,,Rhyparochromidae,Rhyparochrominae,Trapezonotus,Trapezonotus,Pentatomorpha | Rhyparochromidae | Rhyparochrominae | Gonianotini | Trapezonotus | Trapezonotus,"Trapezonotus desertus Seidenstücker, 1951",,57Y6Q,4486674,57Y6Q,4486674
B2473:1:220,"Trapezonotus dispar Stål, 1872","Stål, 1872",Trapezonotus,Trapezonotus,dispar,,species,,B2473:1,accepted,,,B2473:1:216,"Trapezonotus Fieber, 1860",,,,,Rhyparochromidae,Rhyparochrominae,Trapezonotus,Trapezonotus,Pentatomorpha | Rhyparochromidae | Rhyparochrominae | Gonianotini | Trapezonotus | Trapezonotus,"Trapezonotus dispar Stål, 1872",,BBF4W,4486678,BBF4W,4486678
B2473:1:221,Megalonotini,,,,,,tribe,,B2473:1,accepted,,,B2473:1:152,Rhyparochrominae,,,,,Rhyparochromidae,Rhyparochrominae,,,Pentatomorpha | Rhyparochromidae | Rhyparochrominae,Megalonotini,,C7QQC,,C7QQC,
B2473:1:222,"Megalonotus Fieber, 1860","Fieber, 1860",,,,,genus,,B2473:1,accepted,,,B2473:1:221,Megalonotini,,,,,Rhyparochromidae,Rhyparochrominae,Megalonotus,,Pentatomorpha | Rhyparochromidae | Rhyparochrominae | Megalonotini,"Megalonotus Fieber, 1860",,8NRS7,2008202,8NRS7,2008202
B2473:1:223,"Megalonotus antennatus (Schilling, 1829)","(Schilling, 1829)",Megalonotus,,antennatus,,species,,B2473:1,accepted,,,B2473:1:222,"Megalonotus Fieber, 1860",,,,,Rhyparochromidae,Rhyparochrominae,Megalonotus,,Pentatomorpha | Rhyparochromidae | Rhyparochrominae | Megalonotini | Megalonotus,"Megalonotus antennatus (Schilling, 1829)",,8PDTF,4486517,8PDTF,4486517
B2473:1:224,"Megalonotus chiragra (Fabricius, 1794)","(Fabricius, 1794)",Megalonotus,,chiragra,,species,,B2473:1,accepted,,,B2473:1:222,"Megalonotus Fieber, 1860",,,,,Rhyparochromidae,Rhyparochrominae,Megalonotus,,Pentatomorpha | Rhyparochromidae | Rhyparochrominae | Megalonotini | Megalonotus,"Megalonotus chiragra (Fabricius, 1794)",,8P987,2008205,8P987,2008205
B2473:1:225,"Megalonotus dilatatus (Herrich-Schaeffer, 1840)","(Herrich-Schaeffer, 1840)",Megalonotus,,dilatatus,,species,,B2473:1,accepted,,,B2473:1:222,"Megalonotus Fieber, 1860",,,,,Rhyparochromidae,Rhyparochrominae,Megalonotus,,Pentatomorpha | Rhyparochromidae | Rhyparochrominae | Megalonotini | Megalonotus,"Megalonotus dilatatus (Herrich-Schaeffer, 1840)",,8PDTJ,4486501,8PDTJ,4486501
B2473:1:226,"Megalonotus emarginatus (Rey, 1888)","(Rey, 1888)",Megalonotus,,emarginatus,,species,,B2473:1,accepted,,,B2473:1:222,"Megalonotus Fieber, 1860",,,,,Rhyparochromidae,Rhyparochrominae,Megalonotus,,Pentatomorpha | Rhyparochromidae | Rhyparochrominae | Megalonotini | Megalonotus,"Megalonotus emarginatus (Rey, 1888)",,8Q74C,4486509,8Q74C,4486509
B2473:1:227,"Megalonotus hirsutus (Fieber, 1861)","(Fieber, 1861)",Megalonotus,,hirsutus,,species,,B2473:1,accepted,,,B2473:1:222,"Megalonotus Fieber, 1860",,,,,Rhyparochromidae,Rhyparochrominae,Megalonotus,,Pentatomorpha | Rhyparochromidae | Rhyparochrominae | Megalonotini | Megalonotus,"Megalonotus hirsutus (Fieber, 1861)",,8PDTK,4486520,8PDTK,4486520
B2473:1:228,"Megalonotus praetextatus (Herrich-Schaeffer, 1835)","(Herrich-Schaeffer, 1835)",Megalonotus,,praetextatus,,species,,B2473:1,accepted,,,B2473:1:222,"Megalonotus Fieber, 1860",,,,,Rhyparochromidae,Rhyparochrominae,Megalonotus,,Pentatomorpha | Rhyparochromidae | Rhyparochrominae | Megalonotini | Megalonotus,"Megalonotus praetextatus (Herrich-Schaeffer, 1835)",,8PMNF,4486506,8PMNF,4486506
B2473:1:229,"Megalonotus sabulicola (Thomson, 1870)","(Thomson, 1870)",Megalonotus,,sabulicola,,species,,B2473:1,accepted,,,B2473:1:222,"Megalonotus Fieber, 1860",,,,,Rhyparochromidae,Rhyparochrominae,Megalonotus,,Pentatomorpha | Rhyparochromidae | Rhyparochrominae | Megalonotini | Megalonotus,"Megalonotus sabulicola (Thomson, 1870)",,8P988,8302267,8P988,8302267
B2473:1:230,"Sphragisticus Stål, 1872","Stål, 1872",,,,,genus,,B2473:1,accepted,,,B2473:1:221,Megalonotini,,,,,Rhyparochromidae,Rhyparochrominae,Sphragisticus,,Pentatomorpha | Rhyparochromidae | Rhyparochrominae | Megalonotini,"Sphragisticus Stål, 1872",,8NZDD,2008247,8NZDD,2008247
B2473:1:231,"Sphragisticus nebulosus (Fallén, 1807)","(Fallén, 1807)",Sphragisticus,,nebulosus,,species,,B2473:1,accepted,,,B2473:1:230,"Sphragisticus Stål, 1872",,,,,Rhyparochromidae,Rhyparochrominae,Sphragisticus,,Pentatomorpha | Rhyparochromidae | Rhyparochrominae | Megalonotini | Sphragisticus,"Sphragisticus nebulosus (Fallén, 1807)",,6YYDF,2008248,6YYDF,2008248
B2473:1:232,Myodochini,,,,,,tribe,,B2473:1,accepted,,,B2473:1:152,Rhyparochrominae,,,,,Rhyparochromidae,Rhyparochrominae,,,Pentatomorpha | Rhyparochromidae | Rhyparochrominae,Myodochini,,C7WY5,,C7WY5,
B2473:1:233,"Pachybrachius Hahn, 1826","Hahn, 1826",,,,,genus,,B2473:1,accepted,,,B2473:1:232,Myodochini,,,,,Rhyparochromidae,Rhyparochrominae,Pachybrachius,,Pentatomorpha | Rhyparochromidae | Rhyparochrominae | Myodochini,"Pachybrachius Hahn, 1826",,8NVB7,2007916,8NVB7,2007916
B2473:1:234,"Pachybrachius fracticollis (Schilling, 1829)","(Schilling, 1829)",Pachybrachius,,fracticollis,,species,,B2473:1,accepted,,,B2473:1:233,"Pachybrachius Hahn, 1826",,,,,Rhyparochromidae,Rhyparochrominae,Pachybrachius,,Pentatomorpha | Rhyparochromidae | Rhyparochrominae | Myodochini | Pachybrachius,"Pachybrachius fracticollis (Schilling, 1829)",,6TGKJ,2007918,6TGKJ,2007918
B2473:1:235,"Pachybrachius luridus Hahn, 1826","Hahn, 1826",Pachybrachius,,luridus,,species,,B2473:1,accepted,,,B2473:1:233,"Pachybrachius Hahn, 1826",,,,,Rhyparochromidae,Rhyparochrominae,Pachybrachius,,Pentatomorpha | Rhyparochromidae | Rhyparochrominae | Myodochini | Pachybrachius,"Pachybrachius luridus Hahn, 1826",,4BQ5T,2007917,4BQ5T,2007917
B2473:1:236,Rhyparochromini,,,,,,tribe,,B2473:1,accepted,,,B2473:1:152,Rhyparochrominae,,,,,Rhyparochromidae,Rhyparochrominae,,,Pentatomorpha | Rhyparochromidae | Rhyparochrominae,Rhyparochromini,,C8BBN,,C8BBN,
B2473:1:237,"Aellopus Wolff, 1811","Wolff, 1811",,,,,genus,,B2473:1,accepted,,,B2473:1:236,Rhyparochromini,,,,,Rhyparochromidae,Rhyparochrominae,Aellopus,,Pentatomorpha | Rhyparochromidae | Rhyparochrominae | Rhyparochromini,"Aellopus Wolff, 1811",,8NLKZ,3266248,8NLKZ,3266248
B2473:1:238,"Aellopus atratus (Goeze, 1778)","(Goeze, 1778)",Aellopus,,atratus,,species,,B2473:1,accepted,,,B2473:1:237,"Aellopus Wolff, 1811",,,,,Rhyparochromidae,Rhyparochrominae,Aellopus,,Pentatomorpha | Rhyparochromidae | Rhyparochrominae | Rhyparochromini | Aellopus,"Aellopus atratus (Goeze, 1778)",,64YGD,5758854,64YGD,5758854
B2473:1:239,"Beosus Amyot & Serville, 1843","Amyot & Serville, 1843",,,,,genus,,B2473:1,accepted,,,B2473:1:236,Rhyparochromini,,,,,Rhyparochromidae,Rhyparochrominae,Beosus,,Pentatomorpha | Rhyparochromidae | Rhyparochrominae | Rhyparochromini,"Beosus Amyot & Serville, 1843",,8NN75,8095581,8NN75,8095581
B2473:1:240,"Beosus maritimus (Scopoli, 1763)","(Scopoli, 1763)",Beosus,,maritimus,,species,,B2473:1,accepted,,,B2473:1:239,"Beosus Amyot & Serville, 1843",,,,,Rhyparochromidae,Rhyparochrominae,Beosus,,Pentatomorpha | Rhyparochromidae | Rhyparochrominae | Rhyparochromini | Beosus,"Beosus maritimus (Scopoli, 1763)",,LJ7Z,4486469,LJ7Z,4486469
B2473:1:241,"Graptopeltus Stål, 1872","Stål, 1872",,,,,genus,,B2473:1,accepted,,,B2473:1:236,Rhyparochromini,,,,,Rhyparochromidae,Rhyparochrominae,Graptopeltus,,Pentatomorpha | Rhyparochromidae | Rhyparochrominae | Rhyparochromini,"Graptopeltus Stål, 1872",,8NS5V,4405306,8NS5V,4405306
B2473:1:242,"Graptopeltus lynceus (Fabricius, 1775)","(Fabricius, 1775)",Graptopeltus,,lynceus,,species,,B2473:1,accepted,,,B2473:1:241,"Graptopeltus Stål, 1872",,,,,Rhyparochromidae,Rhyparochrominae,Graptopeltus,,Pentatomorpha | Rhyparochromidae | Rhyparochrominae | Rhyparochromini | Graptopeltus,"Graptopeltus lynceus (Fabricius, 1775)",,3HB7H,4486475,3HB7H,4486475
B2473:1:243,"Peritrechus Fieber, 1860","Fieber, 1860",,,,,genus,,B2473:1,accepted,,,B2473:1:236,Rhyparochromini,,,,,Rhyparochromidae,Rhyparochrominae,Peritrechus,,Pentatomorpha | Rhyparochromidae | Rhyparochrominae | Rhyparochromini,"Peritrechus Fieber, 1860",,8NWBM,2007972,8NWBM,2007972
B2473:1:244,"Peritrechus angusticollis (R. F. Sahlberg, 1848)","(R. F. Sahlberg, 1848)",Peritrechus,,angusticollis,,species,,B2473:1,accepted,,,B2473:1:243,"Peritrechus Fieber, 1860",,,,,Rhyparochromidae,Rhyparochrominae,Peritrechus,,Pentatomorpha | Rhyparochromidae | Rhyparochrominae | Rhyparochromini | Peritrechus,"Peritrechus angusticollis (R. F. Sahlberg, 1848)",,L2HN2,10539367,L2HN2,10539367
B2473:1:245,"Peritrechus geniculatus (Hahn, 1832)","(Hahn, 1832)",Peritrechus,,geniculatus,,species,,B2473:1,accepted,,,B2473:1:243,"Peritrechus Fieber, 1860",,,,,Rhyparochromidae,Rhyparochrominae,Peritrechus,,Pentatomorpha | Rhyparochromidae | Rhyparochrominae | Rhyparochromini | Peritrechus,"Peritrechus geniculatus (Hahn, 1832)",,4F5J9,4486439,4F5J9,4486439
B2473:1:246,"Peritrechus gracilicornis Puton, 1877","Puton, 1877",Peritrechus,,gracilicornis,,species,,B2473:1,accepted,,,B2473:1:243,"Peritrechus Fieber, 1860",,,,,Rhyparochromidae,Rhyparochrominae,Peritrechus,,Pentatomorpha | Rhyparochromidae | Rhyparochrominae | Rhyparochromini | Peritrechus,"Peritrechus gracilicornis Puton, 1877",,775KK,4486447,775KK,4486447
B2473:1:247,"Peritrechus lundii (Gmelin, 1790)","(Gmelin, 1790)",Peritrechus,,lundii,,species,,B2473:1,accepted,,,B2473:1:243,"Peritrechus Fieber, 1860",,,,,Rhyparochromidae,Rhyparochrominae,Peritrechus,,Pentatomorpha | Rhyparochromidae | Rhyparochrominae | Rhyparochromini | Peritrechus,"Peritrechus lundii (Gmelin, 1790)",,4F5JC,4486442,4F5JC,4486442
B2473:1:248,"Peritrechus nubilus (Fallén, 1807)","(Fallén, 1807)",Peritrechus,,nubilus,,species,,B2473:1,accepted,,,B2473:1:243,"Peritrechus Fieber, 1860",,,,,Rhyparochromidae,Rhyparochrominae,Peritrechus,,Pentatomorpha | Rhyparochromidae | Rhyparochrominae | Rhyparochromini | Peritrechus,"Peritrechus nubilus (Fallén, 1807)",,6V5KL,4486445,6V5KL,4486445
B2473:1:249,"Raglius Stål, 1872","Stål, 1872",,,,,genus,,B2473:1,accepted,,,B2473:1:236,Rhyparochromini,,,,,Rhyparochromidae,Rhyparochrominae,Raglius,,Pentatomorpha | Rhyparochromidae | Rhyparochrominae | Rhyparochromini,"Raglius Stål, 1872",,8NYJ7,5152542,8NYJ7,5152542
B2473:1:250,"Raglius alboacuminatus (Goeze, 1778)","(Goeze, 1778)",Raglius,,alboacuminatus,,species,,B2473:1,accepted,,,B2473:1:249,"Raglius Stål, 1872",,,,,Rhyparochromidae,Rhyparochrominae,Raglius,,Pentatomorpha | Rhyparochromidae | Rhyparochrominae | Rhyparochromini | Raglius,"Raglius alboacuminatus (Goeze, 1778)",,793GY,5152543,793GY,5152543
B2473:1:251,"Raglius alboacuminatus subsp. alboacuminatus (Goeze, 1778)","(Goeze, 1778)",Raglius,,alboacuminatus,alboacuminatus,subspecies,,B2473:1,accepted,,,B2473:1:250,"Raglius alboacuminatus (Goeze, 1778)",,,,,Rhyparochromidae,Rhyparochrominae,Raglius,,Pentatomorpha | Rhyparochromidae | Rhyparochrominae | Rhyparochromini | Raglius | Raglius alboacuminatus,"Raglius alboacuminatus alboacuminatus (Goeze, 1778)",,C3TBD,5758849,793GY,5152543
B2473:1:252,"Rhyparochromus Hahn, 1826","Hahn, 1826",,,,,genus,,B2473:1,accepted,,,B2473:1:236,Rhyparochromini,,,,,Rhyparochromidae,Rhyparochrominae,Rhyparochromus,,Pentatomorpha | Rhyparochromidae | Rhyparochrominae | Rhyparochromini,"Rhyparochromus Hahn, 1826",,8NYP9,5152522,8NYP9,5152522
B2473:1:253,"Rhyparochromus phoeniceus (Rossi, 1794)","(Rossi, 1794)",Rhyparochromus,,phoeniceus,,species,,B2473:1,accepted,,,B2473:1:252,"Rhyparochromus Hahn, 1826",,,,,Rhyparochromidae,Rhyparochrominae,Rhyparochromus,,Pentatomorpha | Rhyparochromidae | Rhyparochrominae | Rhyparochromini | Rhyparochromus,"Rhyparochromus phoeniceus (Rossi, 1794)",,8PJNN,5758856,8PJNN,5758856
B2473:1:254,"Rhyparochromus pini (Linnaeus, 1758)","(Linnaeus, 1758)",Rhyparochromus,,pini,,species,,B2473:1,accepted,,,B2473:1:252,"Rhyparochromus Hahn, 1826",,,,,Rhyparochromidae,Rhyparochrominae,Rhyparochromus,,Pentatomorpha | Rhyparochromidae | Rhyparochrominae | Rhyparochromini | Rhyparochromus,"Rhyparochromus pini (Linnaeus, 1758)",,8PMPY,5758859,8PMPY,5758859
B2473:1:255,"Rhyparochromus vulgaris (Schilling, 1829)","(Schilling, 1829)",Rhyparochromus,,vulgaris,,species,,B2473:1,accepted,,,B2473:1:252,"Rhyparochromus Hahn, 1826",,,,,Rhyparochromidae,Rhyparochrominae,Rhyparochromus,,Pentatomorpha | Rhyparochromidae | Rhyparochrominae | Rhyparochromini | Rhyparochromus,"Rhyparochromus vulgaris (Schilling, 1829)",,8PCFS,5152523,8PCFS,5152523
B2473:1:256,"Xanthochilus Stål, 1872","Stål, 1872",,,,,genus,,B2473:1,accepted,,,B2473:1:236,Rhyparochromini,,,,,Rhyparochromidae,Rhyparochrominae,Xanthochilus,,Pentatomorpha | Rhyparochromidae | Rhyparochrominae | Rhyparochromini,"Xanthochilus Stål, 1872",,8P2VF,2008171,8P2VF,2008171
B2473:1:257,"Xanthochilus quadratus (Fabricius, 1798)","(Fabricius, 1798)",Xanthochilus,,quadratus,,species,,B2473:1,accepted,,,B2473:1:256,"Xanthochilus Stål, 1872",,,,,Rhyparochromidae,Rhyparochrominae,Xanthochilus,,Pentatomorpha | Rhyparochromidae | Rhyparochrominae | Rhyparochromini | Xanthochilus,"Xanthochilus quadratus (Fabricius, 1798)",,8PLBV,5758866,8PLBV,5758866
B2473:1:258,Stygnocorini,,,,,,tribe,,B2473:1,accepted,,,B2473:1:152,Rhyparochrominae,,,,,Rhyparochromidae,Rhyparochrominae,,,Pentatomorpha | Rhyparochromidae | Rhyparochrominae,Stygnocorini,,8NLC6,,8NLC6,
B2473:1:259,"Acompus Fieber, 1860","Fieber, 1860",,,,,genus,,B2473:1,accepted,,,B2473:1:258,Stygnocorini,,,,,Rhyparochromidae,Rhyparochrominae,Acompus,,Pentatomorpha | Rhyparochromidae | Rhyparochrominae | Stygnocorini,"Acompus Fieber, 1860",,8NLGG,4405604,8NLGG,4405604
B2473:1:260,"Acompus rufipes (Wolff, 1804)","(Wolff, 1804)",Acompus,,rufipes,,species,,B2473:1,accepted,,,B2473:1:259,"Acompus Fieber, 1860",,,,,Rhyparochromidae,Rhyparochrominae,Acompus,,Pentatomorpha | Rhyparochromidae | Rhyparochrominae | Stygnocorini | Acompus,"Acompus rufipes (Wolff, 1804)",,9FYN,4486711,9FYN,4486711
B2473:1:261,"Lasiosomus Fieber, 1860","Fieber, 1860",,,,,genus,,B2473:1,accepted,,,B2473:1:258,Stygnocorini,,,,,Rhyparochromidae,Rhyparochrominae,Lasiosomus,,Pentatomorpha | Rhyparochromidae | Rhyparochrominae | Stygnocorini,"Lasiosomus Fieber, 1860",,8NTCH,4486681,8NTCH,4486681
B2473:1:262,"Lasiosomus enervis (Herrich-Schaeffer, 1835)","(Herrich-Schaeffer, 1835)",Lasiosomus,,enervis,,species,,B2473:1,accepted,,,B2473:1:261,"Lasiosomus Fieber, 1860",,,,,Rhyparochromidae,Rhyparochrominae,Lasiosomus,,Pentatomorpha | Rhyparochromidae | Rhyparochrominae | Stygnocorini | Lasiosomus,"Lasiosomus enervis (Herrich-Schaeffer, 1835)",,3SGHG,4486682,3SGHG,4486682
B2473:1:263,"Stygnocoris Douglas & Scott, 1865","Douglas & Scott, 1865",,,,,genus,,B2473:1,accepted,,,B2473:1:258,Stygnocorini,,,,,Rhyparochromidae,Rhyparochrominae,Stygnocoris,,Pentatomorpha | Rhyparochromidae | Rhyparochrominae | Stygnocorini,"Stygnocoris Douglas & Scott, 1865",,8NZMC,2008072,8NZMC,2008072
B2473:1:264,"Stygnocoris fuligineus (Geoffroy, 1785)","(Geoffroy, 1785)",Stygnocoris,,fuligineus,,species,,B2473:1,accepted,,,B2473:1:263,"Stygnocoris Douglas & Scott, 1865",,,,,Rhyparochromidae,Rhyparochrominae,Stygnocoris,,Pentatomorpha | Rhyparochromidae | Rhyparochrominae | Stygnocorini | Stygnocoris,"Stygnocoris fuligineus (Geoffroy, 1785)",,538J5,4486687,538J5,4486687
B2473:1:265,"Stygnocoris rusticus (Fallén, 1807)","(Fallén, 1807)",Stygnocoris,,rusticus,,species,,B2473:1,accepted,,,B2473:1:263,"Stygnocoris Douglas & Scott, 1865",,,,,Rhyparochromidae,Rhyparochrominae,Stygnocoris,,Pentatomorpha | Rhyparochromidae | Rhyparochrominae | Stygnocorini | Stygnocoris,"Stygnocoris rusticus (Fallén, 1807)",,538JC,2008074,538JC,2008074
B2473:1:266,"Stygnocoris sabulosus (Schilling, 1829)","(Schilling, 1829)",Stygnocoris,,sabulosus,,species,,B2473:1,accepted,,,B2473:1:263,"Stygnocoris Douglas & Scott, 1865",,,,,Rhyparochromidae,Rhyparochrominae,Stygnocoris,,Pentatomorpha | Rhyparochromidae | Rhyparochrominae | Stygnocorini | Stygnocoris,"Stygnocoris sabulosus (Schilling, 1829)",,538JD,2008073,538JD,2008073
B2473:1:267,Pyrrhocoridae,,,,,,family,,B2473:1,accepted,,,B2473:1:1,Pentatomorpha,,,,,Pyrrhocoridae,,,,Pentatomorpha,PYRRHOCORIDAE,,BXWTL,7895,BXWTL,7895
B2473:1:268,"Pyrrhocoris Fallén, 1814","Fallén, 1814",,,,,genus,,B2473:1,accepted,,,B2473:1:267,Pyrrhocoridae,,,,,Pyrrhocoridae,,Pyrrhocoris,,Pentatomorpha | Pyrrhocoridae,"Pyrrhocoris Fallén, 1814",,SBMCT,4407618,SBMCT,4407618
B2473:1:269,"Pyrrhocoris apterus (Linnaeus, 1758)","(Linnaeus, 1758)",Pyrrhocoris,,apterus,,species,,B2473:1,accepted,,,B2473:1:268,"Pyrrhocoris Fallén, 1814",,,,,Pyrrhocoridae,,Pyrrhocoris,,Pentatomorpha | Pyrrhocoridae | Pyrrhocoris,"Pyrrhocoris apterus (Linnaeus, 1758)",,SBMD6,4486826,SBMD6,4486826
B2473:1:270,Stenocephalidae,,,,,,family,,B2473:1,accepted,,,B2473:1:1,Pentatomorpha,,,,,Stenocephalidae,,,,Pentatomorpha,STENOCEPHALIDAE,,8NKQN,4328,8NKQN,4328
B2473:1:271,"Dicranocephalus Hahn, 1826","Hahn, 1826",,,,,genus,,B2473:1,accepted,,,B2473:1:270,Stenocephalidae,,,,,Stenocephalidae,,Dicranocephalus,,Pentatomorpha | Stenocephalidae,"Dicranocephalus Hahn, 1826",,8NNVX,2050149,8NNVX,2050149
B2473:1:272,"Dicranocephalus agilis (Scopoli, 1763)","(Scopoli, 1763)",Dicranocephalus,,agilis,,species,,B2473:1,accepted,,,B2473:1:271,"Dicranocephalus Hahn, 1826",,,,,Stenocephalidae,,Dicranocephalus,,Pentatomorpha | Stenocephalidae | Dicranocephalus,"Dicranocephalus agilis (Scopoli, 1763)",,35R7W,4391703,35R7W,4391703
B2473:1:273,"Dicranocephalus medius (Mulsant & Rey, 1870)","(Mulsant & Rey, 1870)",Dicranocephalus,,medius,,species,,B2473:1,accepted,,,B2473:1:271,"Dicranocephalus Hahn, 1826",,,,,Stenocephalidae,,Dicranocephalus,,Pentatomorpha | Stenocephalidae | Dicranocephalus,"Dicranocephalus medius (Mulsant & Rey, 1870)",,35R8K,5758706,35R8K,5758706
B2473:1:274,Rhopalidae,,,,,,family,,B2473:1,accepted,,,B2473:1:1,Pentatomorpha,,,,,Rhopalidae,,,,Pentatomorpha,RHOPALIDAE,,8NKQ9,4325,8NKQ9,4325
B2473:1:275,Rhopalinae,,,,,,subfamily,,B2473:1,accepted,,,B2473:1:274,Rhopalidae,,,,,Rhopalidae,Rhopalinae,,,Pentatomorpha | Rhopalidae,Rhopalinae,,8NL2G,,8NL2G,
B2473:1:276,Chorosomatini,,,,,,tribe,,B2473:1,accepted,,,B2473:1:275,Rhopalinae,,,,,Rhopalidae,Rhopalinae,,,Pentatomorpha | Rhopalidae | Rhopalinae,Chorosomatini,,8NL5Y,,8NL5Y,
B2473:1:277,"Chorosoma Curtis, 1830","Curtis, 1830",,,,,genus,,B2473:1,accepted,,,B2473:1:276,Chorosomatini,,,,,Rhopalidae,Rhopalinae,Chorosoma,,Pentatomorpha | Rhopalidae | Rhopalinae | Chorosomatini,"Chorosoma Curtis, 1830",,8NPLM,4391943,8NPLM,4391943
B2473:1:278,"Chorosoma schillingii (Schilling, 1829)","(Schilling, 1829)",Chorosoma,,schillingii,,species,,B2473:1,accepted,,,B2473:1:277,"Chorosoma Curtis, 1830",,,,,Rhopalidae,Rhopalinae,Chorosoma,,Pentatomorpha | Rhopalidae | Rhopalinae | Chorosomatini | Chorosoma,"Chorosoma schillingii (Schilling, 1829)",,5YD7C,4391944,5YD7C,4391944
B2473:1:279,"Myrmus Hahn, 1832","Hahn, 1832",,,,,genus,,B2473:1,accepted,,,B2473:1:276,Chorosomatini,,,,,Rhopalidae,Rhopalinae,Myrmus,,Pentatomorpha | Rhopalidae | Rhopalinae | Chorosomatini,"Myrmus Hahn, 1832",,8NVNM,3265873,8NVNM,3265873
B2473:1:280,"Myrmus miriformis (Fallén, 1807)","(Fallén, 1807)",Myrmus,,miriformis,,species,,B2473:1,accepted,,,B2473:1:279,"Myrmus Hahn, 1832",,,,,Rhopalidae,Rhopalinae,Myrmus,,Pentatomorpha | Rhopalidae | Rhopalinae | Chorosomatini | Myrmus,"Myrmus miriformis (Fallén, 1807)",,45D29,5733462,45D29,5733462
B2473:1:281,"Myrmus miriformis subsp. miriformis (Fallén, 1807)","(Fallén, 1807)",Myrmus,,miriformis,miriformis,subspecies,,B2473:1,accepted,,,B2473:1:280,"Myrmus miriformis (Fallén, 1807)",,,,,Rhopalidae,Rhopalinae,Myrmus,,Pentatomorpha | Rhopalidae | Rhopalinae | Chorosomatini | Myrmus | Myrmus miriformis,"Myrmus miriformis miriformis (Fallén, 1807)",,L2GHT,5733463,L2GHT,5733463
B2473:1:282,Rhopalini,,,,,,tribe,,B2473:1,accepted,,,B2473:1:275,Rhopalinae,,,,,Rhopalidae,Rhopalinae,,,Pentatomorpha | Rhopalidae | Rhopalinae,Rhopalini,,8NLBP,,8NLBP,
B2473:1:283,"Brachycarenus Fieber, 1860","Fieber, 1860",,,,,genus,,B2473:1,accepted,,,B2473:1:282,Rhopalini,,,,,Rhopalidae,Rhopalinae,Brachycarenus,,Pentatomorpha | Rhopalidae | Rhopalinae | Rhopalini,"Brachycarenus Fieber, 1860",,8NNGS,4391871,8NNGS,4391871
B2473:1:284,"Brachycarenus tigrinus (Schilling, 1829)","(Schilling, 1829)",Brachycarenus,,tigrinus,,species,,B2473:1,accepted,,,B2473:1:283,"Brachycarenus Fieber, 1860",,,,,Rhopalidae,Rhopalinae,Brachycarenus,,Pentatomorpha | Rhopalidae | Rhopalinae | Rhopalini | Brachycarenus,"Brachycarenus tigrinus (Schilling, 1829)",,5X287,4391872,5X287,4391872
B2473:1:285,"Corizus Fallén, 1814","Fallén, 1814",,,,,genus,,B2473:1,accepted,,,B2473:1:282,Rhopalini,,,,,Rhopalidae,Rhopalinae,Corizus,,Pentatomorpha | Rhopalidae | Rhopalinae | Rhopalini,"Corizus Fallén, 1814",,8NQ2K,2050276,8NQ2K,2050276
B2473:1:286,"Corizus hyoscyami (Linnaeus, 1758)","(Linnaeus, 1758)",Corizus,,hyoscyami,,species,,B2473:1,accepted,,,B2473:1:285,"Corizus Fallén, 1814",,,,,Rhopalidae,Rhopalinae,Corizus,,Pentatomorpha | Rhopalidae | Rhopalinae | Rhopalini | Corizus,"Corizus hyoscyami (Linnaeus, 1758)",,YFMV,4391874,YFMV,4391874
B2473:1:287,"Corizus hyoscyami subsp. hyoscyami (Linnaeus, 1758)","(Linnaeus, 1758)",Corizus,,hyoscyami,hyoscyami,subspecies,,B2473:1,accepted,,,B2473:1:286,"Corizus hyoscyami (Linnaeus, 1758)",,,,,Rhopalidae,Rhopalinae,Corizus,,Pentatomorpha | Rhopalidae | Rhopalinae | Rhopalini | Corizus | Corizus hyoscyami,"Corizus hyoscyami hyoscyami (Linnaeus, 1758)",,KZVQ5,4391875,KZVQ5,4391875
B2473:1:288,"Liorhyssus Stål, 1870","Stål, 1870",,,,,genus,,B2473:1,accepted,,,B2473:1:282,Rhopalini,,,,,Rhopalidae,Rhopalinae,Liorhyssus,,Pentatomorpha | Rhopalidae | Rhopalinae | Rhopalini,"Liorhyssus Stål, 1870",,8NQYN,2050223,8NQYN,2050223
B2473:1:289,"Liorhyssus hyalinus (Fabricius, 1794)","(Fabricius, 1794)",Liorhyssus,,hyalinus,,species,,B2473:1,accepted,,,B2473:1:288,"Liorhyssus Stål, 1870",,,,,Rhopalidae,Rhopalinae,Liorhyssus,,Pentatomorpha | Rhopalidae | Rhopalinae | Rhopalini | Liorhyssus,"Liorhyssus hyalinus (Fabricius, 1794)",,3V7WP,2050224,3V7WP,2050224
B2473:1:290,"Rhopalus Schilling, 1827","Schilling, 1827",,,,,genus,,B2473:1,accepted,,,B2473:1:282,Rhopalini,,,,,Rhopalidae,Rhopalinae,Rhopalus,,Pentatomorpha | Rhopalidae | Rhopalinae | Rhopalini,"Rhopalus Schilling, 1827",,8NYP2,2050237,8NYP2,2050237
B2473:1:291,"Rhopalus conspersus (Fieber, 1837)","(Fieber, 1837)",Rhopalus,,conspersus,,species,,B2473:1,accepted,,,B2473:1:290,"Rhopalus Schilling, 1827",,,,,Rhopalidae,Rhopalinae,Rhopalus,,Pentatomorpha | Rhopalidae | Rhopalinae | Rhopalini | Rhopalus,"Rhopalus conspersus (Fieber, 1837)",,4SMDK,4391859,4SMDK,4391859
B2473:1:292,"Aeschyntelus Stål, 1872","Stål, 1872",Rhopalus,,,,subgenus,,B2473:1,accepted,,,B2473:1:290,"Rhopalus Schilling, 1827",,,,,Rhopalidae,Rhopalinae,Rhopalus,Aeschyntelus,Pentatomorpha | Rhopalidae | Rhopalinae | Rhopalini | Rhopalus,"Aeschyntelus Stål, 1872",,8Q6MC,,8Q6MC,
B2473:1:293,"Rhopalus maculatus (Fieber, 1837)","(Fieber, 1837)",Rhopalus,Aeschyntelus,maculatus,,species,,B2473:1,accepted,,,B2473:1:292,"Aeschyntelus Stål, 1872",,,,,Rhopalidae,Rhopalinae,Rhopalus,Aeschyntelus,Pentatomorpha | Rhopalidae | Rhopalinae | Rhopalini | Rhopalus | Aeschyntelus,"Rhopalus maculatus (Fieber, 1837)",,4SMDF,4391866,4SMDF,4391866
B2473:1:294,"Rhopalus Schilling, 1827","Schilling, 1827",Rhopalus,,,,subgenus,,B2473:1,accepted,,,B2473:1:290,"Rhopalus Schilling, 1827",,,,,Rhopalidae,Rhopalinae,Rhopalus,Rhopalus,Pentatomorpha | Rhopalidae | Rhopalinae | Rhopalini | Rhopalus,"Rhopalus Schilling, 1827",,8NYP2,,8NYP2,
B2473:1:295,"Rhopalus parumpunctatus Schilling, 1829","Schilling, 1829",Rhopalus,Rhopalus,parumpunctatus,,species,,B2473:1,accepted,,,B2473:1:294,"Rhopalus Schilling, 1827",,,,,Rhopalidae,Rhopalinae,Rhopalus,Rhopalus,Pentatomorpha | Rhopalidae | Rhopalinae | Rhopalini | Rhopalus | Rhopalus,"Rhopalus parumpunctatus Schilling, 1829",,4SMDN,4391858,4SMDN,4391858
B2473:1:296,"Rhopalus subrufus (Gmelin, 1790)","(Gmelin, 1790)",Rhopalus,Rhopalus,subrufus,,species,,B2473:1,accepted,,,B2473:1:294,"Rhopalus Schilling, 1827",,,,,Rhopalidae,Rhopalinae,Rhopalus,Rhopalus,Pentatomorpha | Rhopalidae | Rhopalinae | Rhopalini | Rhopalus | Rhopalus,"Rhopalus subrufus (Gmelin, 1790)",,4SMDQ,2050239,4SMDQ,2050239
B2473:1:297,"Stictopleurus Stål, 1872","Stål, 1872",,,,,genus,,B2473:1,accepted,,,B2473:1:282,Rhopalini,,,,,Rhopalidae,Rhopalinae,Stictopleurus,,Pentatomorpha | Rhopalidae | Rhopalinae | Rhopalini,"Stictopleurus Stål, 1872",,8NZKV,2050268,8NZKV,2050268
B2473:1:298,"Stictopleurus abutilon (Rossi, 1790)","(Rossi, 1790)",Stictopleurus,,abutilon,,species,,B2473:1,accepted,,,B2473:1:297,"Stictopleurus Stål, 1872",,,,,Rhopalidae,Rhopalinae,Stictopleurus,,Pentatomorpha | Rhopalidae | Rhopalinae | Rhopalini | Stictopleurus,"Stictopleurus abutilon (Rossi, 1790)",,6ZTDH,4391852,6ZTDH,4391852
B2473:1:299,"Stictopleurus crassicornis (Goeze, 1778)","(Goeze, 1778)",Stictopleurus,,crassicornis,,species,,B2473:1,accepted,,,B2473:1:297,"Stictopleurus Stål, 1872",,,,,Rhopalidae,Rhopalinae,Stictopleurus,,Pentatomorpha | Rhopalidae | Rhopalinae | Rhopalini | Stictopleurus,"Stictopleurus crassicornis (Goeze, 1778)",,52KGX,2050273,52KGX,2050273
B2473:1:300,"Stictopleurus punctatonervosus (Goeze, 1778)","(Goeze, 1778)",Stictopleurus,,punctatonervosus,,species,,B2473:1,accepted,,,B2473:1:297,"Stictopleurus Stål, 1872",,,,,Rhopalidae,Rhopalinae,Stictopleurus,,Pentatomorpha | Rhopalidae | Rhopalinae | Rhopalini | Stictopleurus,"Stictopleurus punctatonervosus (Goeze, 1778)",,52KHB,4391843,52KHB,4391843
B2473:1:301,Alydidae,,,,,,family,,B2473:1,accepted,,,B2473:1:1,Pentatomorpha,,,,,Alydidae,,,,Pentatomorpha,ALYDIDAE,,8NKGW,7875,8NKGW,7875
B2473:1:302,Alydinae,,,,,,subfamily,,B2473:1,accepted,,,B2473:1:301,Alydidae,,,,,Alydidae,Alydinae,,,Pentatomorpha | Alydidae,Alydinae,,8NKS3,,8NKS3,
B2473:1:303,"Alydus Fabricius, 1803","Fabricius, 1803",,,,,genus,,B2473:1,accepted,,,B2473:1:302,Alydinae,,,,,Alydidae,Alydinae,Alydus,,Pentatomorpha | Alydidae | Alydinae,"Alydus Fabricius, 1803",,8NLS6,2050167,8NLS6,2050167
B2473:1:304,"Alydus calcaratus (Linnaeus, 1758)","(Linnaeus, 1758)",Alydus,,calcaratus,,species,,B2473:1,accepted,,,B2473:1:303,"Alydus Fabricius, 1803",,,,,Alydidae,Alydinae,Alydus,,Pentatomorpha | Alydidae | Alydinae | Alydus,"Alydus calcaratus (Linnaeus, 1758)",,CC3X,2050173,CC3X,2050173
B2473:1:305,"Camptopus Amyot & Serville, 1843","Amyot & Serville, 1843",,,,,genus,,B2473:1,accepted,,,B2473:1:302,Alydinae,,,,,Alydidae,Alydinae,Camptopus,,Pentatomorpha | Alydidae | Alydinae,"Camptopus Amyot & Serville, 1843",,8NMV5,3265607,8NMV5,3265607
B2473:1:306,"Camptopus lateralis (Germar, 1817)","(Germar, 1817)",Camptopus,,lateralis,,species,,B2473:1,accepted,,,B2473:1:305,"Camptopus Amyot & Serville, 1843",,,,,Alydidae,Alydinae,Camptopus,,Pentatomorpha | Alydidae | Alydinae | Camptopus,"Camptopus lateralis (Germar, 1817)",,QFXD,5733449,QFXD,5733449
B2473:1:307,Coreidae,,,,,,family,,B2473:1,accepted,,,B2473:1:1,Pentatomorpha,,,,,Coreidae,,,,Pentatomorpha,COREIDAE,,8NKJF,9649,8NKJF,9649
B2473:1:308,Coreinae,,,,,,subfamily,,B2473:1,accepted,,,B2473:1:307,Coreidae,,,,,Coreidae,Coreinae,,,Pentatomorpha | Coreidae,Coreinae,,8NKTQ,,8NKTQ,
B2473:1:309,Anisoscelini,,,,,,tribe,,B2473:1,accepted,,,B2473:1:308,Coreinae,,,,,Coreidae,Coreinae,,,Pentatomorpha | Coreidae | Coreinae,Anisoscelini,,8NL54,,8NL54,
B2473:1:310,"Leptoglossus Guérin-Méneville, 1831","Guérin-Méneville, 1831",,,,,genus,,B2473:1,accepted,,,B2473:1:309,Anisoscelini,,,,,Coreidae,Coreinae,Leptoglossus,,Pentatomorpha | Coreidae | Coreinae | Anisoscelini,"Leptoglossus Guérin-Méneville, 1831",,8NQVN,2050115,8NQVN,2050115
B2473:1:311,"Leptoglossus occidentalis Heidemann, 1910","Heidemann, 1910",Leptoglossus,,occidentalis,,species,,B2473:1,accepted,,,B2473:1:310,"Leptoglossus Guérin-Méneville, 1831",,,,,Coreidae,Coreinae,Leptoglossus,,Pentatomorpha | Coreidae | Coreinae | Anisoscelini | Leptoglossus,"Leptoglossus occidentalis Heidemann, 1910",,6PGH9,5156102,6PGH9,5156102
B2473:1:312,Coreini,,,,,,tribe,,B2473:1,accepted,,,B2473:1:308,Coreinae,,,,,Coreidae,Coreinae,,,Pentatomorpha | Coreidae | Coreinae,Coreini,,8NL6D,,8NL6D,
B2473:1:313,"Coreus Fabricius, 1794","Fabricius, 1794",,,,,genus,,B2473:1,accepted,,,B2473:1:312,Coreini,,,,,Coreidae,Coreinae,Coreus,,Pentatomorpha | Coreidae | Coreinae | Coreini,"Coreus Fabricius, 1794",,8NNFP,2049958,8NNFP,2049958
B2473:1:314,"Coreus marginatus (Linnaeus, 1758)","(Linnaeus, 1758)",Coreus,,marginatus,,species,,B2473:1,accepted,,,B2473:1:313,"Coreus Fabricius, 1794",,,,,Coreidae,Coreinae,Coreus,,Pentatomorpha | Coreidae | Coreinae | Coreini | Coreus,"Coreus marginatus (Linnaeus, 1758)",,6B3KM,4388646,6B3KM,4388646
B2473:1:315,"Coreus marginatus subsp. marginatus (Linnaeus, 1758)","(Linnaeus, 1758)",Coreus,,marginatus,marginatus,subspecies,,B2473:1,accepted,,,B2473:1:314,"Coreus marginatus (Linnaeus, 1758)",,,,,Coreidae,Coreinae,Coreus,,Pentatomorpha | Coreidae | Coreinae | Coreini | Coreus | Coreus marginatus,"Coreus marginatus marginatus (Linnaeus, 1758)",,KZVP4,4388647,KZVP4,4388647
B2473:1:316,"Enoplops Amyot & Serville, 1843","Amyot & Serville, 1843",,,,,genus,,B2473:1,accepted,,,B2473:1:312,Coreini,,,,,Coreidae,Coreinae,Enoplops,,Pentatomorpha | Coreidae | Coreinae | Coreini,"Enoplops Amyot & Serville, 1843",,8NPGG,4388488,8NPGG,4388488
B2473:1:317,"Enoplops scapha (Fabricius, 1794)","(Fabricius, 1794)",Enoplops,,scapha,,species,,B2473:1,accepted,,,B2473:1:316,"Enoplops Amyot & Serville, 1843",,,,,Coreidae,Coreinae,Enoplops,,Pentatomorpha | Coreidae | Coreinae | Coreini | Enoplops,"Enoplops scapha (Fabricius, 1794)",,39WS5,4388497,39WS5,4388497
B2473:1:318,Haploprocta,,,,,,genus,,B2473:1,accepted,,,B2473:1:312,Coreini,,,,,Coreidae,Coreinae,Haploprocta,,Pentatomorpha | Coreidae | Coreinae | Coreini,Haploprocta,,8NQ5C,4388405,8NQ5C,4388405
B2473:1:319,"Haploprocta sulcicornis (Fabricius, 1794)","(Fabricius, 1794)",Haploprocta,,sulcicornis,,species,,B2473:1,accepted,,,B2473:1:318,Haploprocta,,,,,Coreidae,Coreinae,Haploprocta,,Pentatomorpha | Coreidae | Coreinae | Coreini | Haploprocta,"Haploprocta sulcicornis (Fabricius, 1794)",,3JP2Y,4388412,3JP2Y,4388412
B2473:1:320,"Spathocera Stein, 1860","Stein, 1860",,,,,genus,,B2473:1,accepted,,,B2473:1:312,Coreini,,,,,Coreidae,Coreinae,Spathocera,,Pentatomorpha | Coreidae | Coreinae | Coreini,"Spathocera Stein, 1860",,8NZ9X,4388614,8NZ9X,4388614
B2473:1:321,"Spathocera dalmanii (Schilling, 1829)","(Schilling, 1829)",Spathocera,,dalmanii,,species,,B2473:1,accepted,,,B2473:1:320,"Spathocera Stein, 1860",,,,,Coreidae,Coreinae,Spathocera,,Pentatomorpha | Coreidae | Coreinae | Coreini | Spathocera,"Spathocera dalmanii (Schilling, 1829)",,6Z6ZN,4388623,6Z6ZN,4388623
B2473:1:322,"Syromastus Berthold, 1827","Berthold, 1827",,,,,genus,,B2473:1,accepted,,,B2473:1:312,Coreini,,,,,Coreidae,Coreinae,Syromastus,,Pentatomorpha | Coreidae | Coreinae | Coreini,"Syromastus Berthold, 1827",,8NZQR,4388657,8NZQR,4388657
B2473:1:323,"Syromastus rhombeus (Linnaeus, 1767)","(Linnaeus, 1767)",Syromastus,,rhombeus,,species,,B2473:1,accepted,,,B2473:1:322,"Syromastus Berthold, 1827",,,,,Coreidae,Coreinae,Syromastus,,Pentatomorpha | Coreidae | Coreinae | Coreini | Syromastus,"Syromastus rhombeus (Linnaeus, 1767)",,5433H,4388663,5433H,4388663
B2473:1:324,Gonocerini,,,,,,tribe,,B2473:1,accepted,,,B2473:1:308,Coreinae,,,,,Coreidae,Coreinae,,,Pentatomorpha | Coreidae | Coreinae,Gonocerini,,8NL7L,,8NL7L,
B2473:1:325,"Gonocerus Berthold, 1827","Berthold, 1827",,,,,genus,,B2473:1,accepted,,,B2473:1:324,Gonocerini,,,,,Coreidae,Coreinae,Gonocerus,,Pentatomorpha | Coreidae | Coreinae | Gonocerini,"Gonocerus Berthold, 1827",,8NPX8,2050051,8NPX8,2050051
B2473:1:326,"Gonocerus acuteangulatus (Goeze, 1778)","(Goeze, 1778)",Gonocerus,,acuteangulatus,,species,,B2473:1,accepted,,,B2473:1:325,"Gonocerus Berthold, 1827",,,,,Coreidae,Coreinae,Gonocerus,,Pentatomorpha | Coreidae | Coreinae | Gonocerini | Gonocerus,"Gonocerus acuteangulatus (Goeze, 1778)",,3GY8F,4390084,3GY8F,4390084
B2473:1:327,"Gonocerus juniperi Herrich-Schaeffer, 1839","Herrich-Schaeffer, 1839",Gonocerus,,juniperi,,species,,B2473:1,accepted,,,B2473:1:325,"Gonocerus Berthold, 1827",,,,,Coreidae,Coreinae,Gonocerus,,Pentatomorpha | Coreidae | Coreinae | Gonocerini | Gonocerus,"Gonocerus juniperi Herrich-Schaeffer, 1839",,3GY9H,4390078,3GY9H,4390078
B2473:1:328,Pseudophloeinae,,,,,,subfamily,,B2473:1,accepted,,,B2473:1:307,Coreidae,,,,,Coreidae,Pseudophloeinae,,,Pentatomorpha | Coreidae,Pseudophloeinae,,8NL26,,8NL26,
B2473:1:329,"Arenocoris Hahn, 1834","Hahn, 1834",,,,,genus,,B2473:1,accepted,,,B2473:1:328,Pseudophloeinae,,,,,Coreidae,Pseudophloeinae,Arenocoris,,Pentatomorpha | Coreidae | Pseudophloeinae,"Arenocoris Hahn, 1834",,8NM3C,4391585,8NM3C,4391585
B2473:1:330,"Arenocoris fallenii (Schilling, 1829)","(Schilling, 1829)",Arenocoris,,fallenii,,species,,B2473:1,accepted,,,B2473:1:329,"Arenocoris Hahn, 1834",,,,,Coreidae,Pseudophloeinae,Arenocoris,,Pentatomorpha | Coreidae | Pseudophloeinae | Arenocoris,"Arenocoris fallenii (Schilling, 1829)",,GFN8,4391587,GFN8,4391587
B2473:1:331,"Arenocoris waltlii (Herrich-Schaeffer, 1835)","(Herrich-Schaeffer, 1835)",Arenocoris,,waltlii,,species,,B2473:1,accepted,,,B2473:1:329,"Arenocoris Hahn, 1834",,,,,Coreidae,Pseudophloeinae,Arenocoris,,Pentatomorpha | Coreidae | Pseudophloeinae | Arenocoris,"Arenocoris waltlii (Herrich-Schaeffer, 1835)",,5VRDM,4391597,5VRDM,4391597
B2473:1:332,"Bathysolen Fieber, 1860","Fieber, 1860",,,,,genus,,B2473:1,accepted,,,B2473:1:328,Pseudophloeinae,,,,,Coreidae,Pseudophloeinae,Bathysolen,,Pentatomorpha | Coreidae | Pseudophloeinae,"Bathysolen Fieber, 1860",,8NMDQ,4391661,8NMDQ,4391661
B2473:1:333,"Bathysolen nubilus (Fallén, 1807)","(Fallén, 1807)",Bathysolen,,nubilus,,species,,B2473:1,accepted,,,B2473:1:332,"Bathysolen Fieber, 1860",,,,,Coreidae,Pseudophloeinae,Bathysolen,,Pentatomorpha | Coreidae | Pseudophloeinae | Bathysolen,"Bathysolen nubilus (Fallén, 1807)",,KYCN,4391663,KYCN,4391663
B2473:1:334,Bothrostethus,,,,,,genus,,B2473:1,accepted,,,B2473:1:328,Pseudophloeinae,,,,,Coreidae,Pseudophloeinae,Bothrostethus,,Pentatomorpha | Coreidae | Pseudophloeinae,Bothrostethus,,8NML3,4391582,8NML3,4391582
B2473:1:335,"Bothrostethus annulipes (Herrich-Schaeffer, 1835)","(Herrich-Schaeffer, 1835)",Bothrostethus,,annulipes,,species,,B2473:1,accepted,,,B2473:1:334,Bothrostethus,,,,,Coreidae,Pseudophloeinae,Bothrostethus,,Pentatomorpha | Coreidae | Pseudophloeinae | Bothrostethus,"Bothrostethus annulipes (Herrich-Schaeffer, 1835)",,MP42,9781157,MP42,9781157
B2473:1:336,"Ceraleptus A. Costa, 1847","A. Costa, 1847",,,,,genus,,B2473:1,accepted,,,B2473:1:328,Pseudophloeinae,,,,,Coreidae,Pseudophloeinae,Ceraleptus,,Pentatomorpha | Coreidae | Pseudophloeinae,"Ceraleptus A. Costa, 1847",,8NMYV,2050009,8NMYV,2050009
B2473:1:337,"Ceraleptus gracilicornis (Herrich-Schaeffer, 1835)","(Herrich-Schaeffer, 1835)",Ceraleptus,,gracilicornis,,species,,B2473:1,accepted,,,B2473:1:336,"Ceraleptus A. Costa, 1847",,,,,Coreidae,Pseudophloeinae,Ceraleptus,,Pentatomorpha | Coreidae | Pseudophloeinae | Ceraleptus,"Ceraleptus gracilicornis (Herrich-Schaeffer, 1835)",,SGGN,2050012,SGGN,2050012
B2473:1:338,"Ceraleptus lividus Stein, 1858","Stein, 1858",Ceraleptus,,lividus,,species,,B2473:1,accepted,,,B2473:1:336,"Ceraleptus A. Costa, 1847",,,,,Coreidae,Pseudophloeinae,Ceraleptus,,Pentatomorpha | Coreidae | Pseudophloeinae | Ceraleptus,"Ceraleptus lividus Stein, 1858",,SGGQ,4391506,SGGQ,4391506
B2473:1:339,"Coriomeris Westwood, 1842","Westwood, 1842",,,,,genus,,B2473:1,accepted,,,B2473:1:328,Pseudophloeinae,,,,,Coreidae,Pseudophloeinae,Coriomeris,,Pentatomorpha | Coreidae | Pseudophloeinae,"Coriomeris Westwood, 1842",,8NNFS,2050064,8NNFS,2050064
B2473:1:340,"Coriomeris denticulatus (Scopoli, 1763)","(Scopoli, 1763)",Coriomeris,,denticulatus,,species,,B2473:1,accepted,,,B2473:1:339,"Coriomeris Westwood, 1842",,,,,Coreidae,Pseudophloeinae,Coriomeris,,Pentatomorpha | Coreidae | Pseudophloeinae | Coriomeris,"Coriomeris denticulatus (Scopoli, 1763)",,6B57L,2050067,6B57L,2050067
B2473:1:341,"Coriomeris scabricornis (Panzer, 1805)","(Panzer, 1805)",Coriomeris,,scabricornis,,species,,B2473:1,accepted,,,B2473:1:339,"Coriomeris Westwood, 1842",,,,,Coreidae,Pseudophloeinae,Coriomeris,,Pentatomorpha | Coreidae | Pseudophloeinae | Coriomeris,"Coriomeris scabricornis (Panzer, 1805)",,YF8Q,4391547,YF8Q,4391547
B2473:1:342,"Coriomeris scabricornis subsp. scabricornis (Panzer, 1805)","(Panzer, 1805)",Coriomeris,,scabricornis,scabricornis,subspecies,,B2473:1,accepted,,,B2473:1:341,"Coriomeris scabricornis (Panzer, 1805)",,,,,Coreidae,Pseudophloeinae,Coriomeris,,Pentatomorpha | Coreidae | Pseudophloeinae | Coriomeris | Coriomeris scabricornis,"Coriomeris scabricornis scabricornis (Panzer, 1805)",,KZVPT,4391548,KZVPT,4391548
B2473:1:343,Nemocoris,,,,,,genus,,B2473:1,accepted,,,B2473:1:328,Pseudophloeinae,,,,,Coreidae,Pseudophloeinae,Nemocoris,,Pentatomorpha | Coreidae | Pseudophloeinae,Nemocoris,,8NSZ2,4391681,8NSZ2,4391681
B2473:1:344,"Nemocoris falleni (R. F. Sahlberg, 1848)","(R. F. Sahlberg, 1848)",Nemocoris,,falleni,,species,,B2473:1,accepted,,,B2473:1:343,Nemocoris,,,,,Coreidae,Pseudophloeinae,Nemocoris,,Pentatomorpha | Coreidae | Pseudophloeinae | Nemocoris,"Nemocoris falleni (R. F. Sahlberg, 1848)",,L2FBZ,4391683,L2FBZ,4391683
B2473:1:345,Cydnidae,,,,,,family,,B2473:1,accepted,,,B2473:1:1,Pentatomorpha,,,,,Cydnidae,,,,Pentatomorpha,CYDNIDAE,,BXWHY,6989,BXWHY,6989
B2473:1:346,Cydninae,,,,,,subfamily,,B2473:1,accepted,,,B2473:1:345,Cydnidae,,,,,Cydnidae,Cydninae,,,Pentatomorpha | Cydnidae,Cydninae,,,,,
B2473:1:347,Cydnini,,,,,,tribe,,B2473:1,accepted,,,B2473:1:346,Cydninae,,,,,Cydnidae,Cydninae,,,Pentatomorpha | Cydnidae | Cydninae,Cydnini,,,,,
B2473:1:348,"Cydnus Fabricius, 1803","Fabricius, 1803",,,,,genus,,B2473:1,accepted,,,B2473:1:347,Cydnini,,,,,Cydnidae,Cydninae,Cydnus,,Pentatomorpha | Cydnidae | Cydninae | Cydnini,"Cydnus Fabricius, 1803",,MZ5P6,2078814,MZ5P6,2078814
B2473:1:349,"Cydnus aterrimus (Forster, 1771)","(Forster, 1771)",Cydnus,,aterrimus,,species,,B2473:1,accepted,,,B2473:1:348,"Cydnus Fabricius, 1803",,,,,Cydnidae,Cydninae,Cydnus,,Pentatomorpha | Cydnidae | Cydninae | Cydnini | Cydnus,"Cydnus aterrimus (Forster, 1771)",,MZ5QT,2078815,MZ5QT,2078815
B2473:1:350,Geotomini,,,,,,tribe,,B2473:1,accepted,,,B2473:1:346,Cydninae,,,,,Cydnidae,Cydninae,,,Pentatomorpha | Cydnidae | Cydninae,Geotomini,,,,,
B2473:1:351,"Byrsinus Fieber, 1860","Fieber, 1860",,,,,genus,,B2473:1,accepted,,,B2473:1:350,Geotomini,,,,,Cydnidae,Cydninae,Byrsinus,,Pentatomorpha | Cydnidae | Cydninae | Geotomini,"Byrsinus Fieber, 1860",,LZS84,4406877,LZS84,4406877
B2473:1:352,"Byrsinus flavicornis (Fabricius, 1794)","(Fabricius, 1794)",Byrsinus,,flavicornis,,species,,B2473:1,accepted,,,B2473:1:351,"Byrsinus Fieber, 1860",,,,,Cydnidae,Cydninae,Byrsinus,,Pentatomorpha | Cydnidae | Cydninae | Geotomini | Byrsinus,"Byrsinus flavicornis (Fabricius, 1794)",,LZS8S,4486103,LZS8S,4486103
B2473:1:353,"Geotomus Mulsant & Rey, 1866","Mulsant & Rey, 1866",,,,,genus,,B2473:1,accepted,,,B2473:1:350,Geotomini,,,,,Cydnidae,Cydninae,Geotomus,,Pentatomorpha | Cydnidae | Cydninae | Geotomini,"Geotomus Mulsant & Rey, 1866",,PCND5,2078736,PCND5,2078736
B2473:1:354,"Geotomus elongatus (Hertrich-Schaeffer, 1840)","(Hertrich-Schaeffer, 1840)",Geotomus,,elongatus,,species,,B2473:1,accepted,,,B2473:1:353,"Geotomus Mulsant & Rey, 1866",,,,,Cydnidae,Cydninae,Geotomus,,Pentatomorpha | Cydnidae | Cydninae | Geotomini | Geotomus,"Geotomus elongatus (Hertrich-Schaeffer, 1840)",,PCNGX,4486118,PCNGX,4486118
B2473:1:355,"Geotomus petiti (Wagner, 1954)","(Wagner, 1954)",Geotomus,,petiti,,species,,B2473:1,accepted,,,B2473:1:353,"Geotomus Mulsant & Rey, 1866",,,,,Cydnidae,Cydninae,Geotomus,,Pentatomorpha | Cydnidae | Cydninae | Geotomini | Geotomus,"Geotomus petiti (Wagner, 1954)",,PCNMM,4486121,PCNMM,4486121
B2473:1:356,"Microporus Uhler, 1876","Uhler, 1876",,,,,genus,,B2473:1,accepted,,,B2473:1:350,Geotomini,,,,,Cydnidae,Cydninae,Microporus,,Pentatomorpha | Cydnidae | Cydninae | Geotomini,"Microporus Uhler, 1876",,QN4PN,2078797,QN4PN,2078797
B2473:1:357,"Microporus nigrita (Fabricius, 1794)","(Fabricius, 1794)",Microporus,,nigrita,,species,,B2473:1,accepted,,,B2473:1:356,"Microporus Uhler, 1876",,,,,Cydnidae,Cydninae,Microporus,,Pentatomorpha | Cydnidae | Cydninae | Geotomini | Microporus,"Microporus nigrita (Fabricius, 1794)",,QN6RH,5758803,L7WRG,5758803
B2473:1:358,Sehirinae,,,,,,subfamily,,B2473:1,accepted,,,B2473:1:345,Cydnidae,,,,,Cydnidae,Sehirinae,,,Pentatomorpha | Cydnidae,Sehirinae,,,,,
B2473:1:359,Sehirini,,,,,,tribe,,B2473:1,accepted,,,B2473:1:358,Sehirinae,,,,,Cydnidae,Sehirinae,,,Pentatomorpha | Cydnidae | Sehirinae,Sehirini,,,,,
B2473:1:360,"Adomerus Mulsant & Rey, 1866","Mulsant & Rey, 1866",,,,,genus,,B2473:1,accepted,,,B2473:1:359,Sehirini,,,,,Cydnidae,Sehirinae,Adomerus,,Pentatomorpha | Cydnidae | Sehirinae | Sehirini,"Adomerus Mulsant & Rey, 1866",,L5Y4H,4405030,L5Y4H,4405030
B2473:1:361,"Adomerus biguttatus (Linnaeus, 1758)","(Linnaeus, 1758)",Adomerus,,biguttatus,,species,,B2473:1,accepted,,,B2473:1:360,"Adomerus Mulsant & Rey, 1866",,,,,Cydnidae,Sehirinae,Adomerus,,Pentatomorpha | Cydnidae | Sehirinae | Sehirini | Adomerus,"Adomerus biguttatus (Linnaeus, 1758)",,L5Y4S,4486134,L5Y4S,4486134
B2473:1:362,Canthophorus,,,,,,genus,,B2473:1,accepted,,,B2473:1:359,Sehirini,,,,,Cydnidae,Sehirinae,Canthophorus,,Pentatomorpha | Cydnidae | Sehirinae | Sehirini,Canthophorus,,M78P5,4289992,SYLS3,4289992
B2473:1:363,"Canthophorus dubius (Scopoli, 1763)","(Scopoli, 1763)",Canthophorus,,dubius,,species,,B2473:1,accepted,,,B2473:1:362,Canthophorus,,,,,Cydnidae,Sehirinae,Canthophorus,,Pentatomorpha | Cydnidae | Sehirinae | Sehirini | Canthophorus,"Canthophorus dubius (Scopoli, 1763)",,M78PP,4486159,M78QG,4486159
B2473:1:364,"Canthophorus impressus (Horváth, 1880)","(Horváth, 1880)",Canthophorus,,impressus,,species,,B2473:1,accepted,,,B2473:1:362,Canthophorus,,,,,Cydnidae,Sehirinae,Canthophorus,,Pentatomorpha | Cydnidae | Sehirinae | Sehirini | Canthophorus,"Canthophorus impressus (Horváth, 1880)",,M78QG,4486152,M78QG,4486152
B2473:1:365,"Legnotus Schiodte, 1848","Schiodte, 1848",,,,,genus,,B2473:1,accepted,,,B2473:1:359,Sehirini,,,,,Cydnidae,Sehirinae,Legnotus,,Pentatomorpha | Cydnidae | Sehirinae | Sehirini,"Legnotus Schiodte, 1848",,PX3DX,3265255,PX3DX,3265255
B2473:1:366,"Legnotus limbosus (Geoffroy, 1785)","(Geoffroy, 1785)",Legnotus,,limbosus,,species,,B2473:1,accepted,,,B2473:1:365,"Legnotus Schiodte, 1848",,,,,Cydnidae,Sehirinae,Legnotus,,Pentatomorpha | Cydnidae | Sehirinae | Sehirini | Legnotus,"Legnotus limbosus (Geoffroy, 1785)",,PX3G4,5758810,PX3G4,5758810
B2473:1:367,"Legnotus picipes (Fallén, 1807)","(Fallén, 1807)",Legnotus,,picipes,,species,,B2473:1,accepted,,,B2473:1:365,"Legnotus Schiodte, 1848",,,,,Cydnidae,Sehirinae,Legnotus,,Pentatomorpha | Cydnidae | Sehirinae | Sehirini | Legnotus,"Legnotus picipes (Fallén, 1807)",,PX3GV,5758812,PX3GV,5758812
B2473:1:368,"Ochetostethus Fieber, 1860","Fieber, 1860",,,,,genus,,B2473:1,accepted,,,B2473:1:359,Sehirini,,,,,Cydnidae,Sehirinae,Ochetostethus,,Pentatomorpha | Cydnidae | Sehirinae | Sehirini,"Ochetostethus Fieber, 1860",,QTS3K,4404611,QTS3K,4404611
B2473:1:369,"Ochetostethus nanus (Herrich-Schaeffer, 1834)","(Herrich-Schaeffer, 1834)",Ochetostethus,,nanus,,species,,B2473:1,accepted,,,B2473:1:368,"Ochetostethus Fieber, 1860",,,,,Cydnidae,Sehirinae,Ochetostethus,,Pentatomorpha | Cydnidae | Sehirinae | Sehirini | Ochetostethus,"Ochetostethus nanus (Herrich-Schaeffer, 1834)",,QTS4X,4486192,QTS4X,4486192
B2473:1:370,"Ochetostethus opacus (Scholtz, 1847)","(Scholtz, 1847)",Ochetostethus,,opacus,,species,,B2473:1,accepted,,,B2473:1:368,"Ochetostethus Fieber, 1860",,,,,Cydnidae,Sehirinae,Ochetostethus,,Pentatomorpha | Cydnidae | Sehirinae | Sehirini | Ochetostethus,"Ochetostethus opacus (Scholtz, 1847)",,QTS54,4486187,QTS54,4486187
B2473:1:371,"Sehirus Amyot & Serville, 1843","Amyot & Serville, 1843",,,,,genus,,B2473:1,accepted,,,B2473:1:359,Sehirini,,,,,Cydnidae,Sehirinae,Sehirus,,Pentatomorpha | Cydnidae | Sehirinae | Sehirini,"Sehirus Amyot & Serville, 1843",,SYLS3,2078780,SYLS3,2078780
B2473:1:372,"Sehirus luctuosus Mulsant & Rey, 1866","Mulsant & Rey, 1866",Sehirus,,luctuosus,,species,,B2473:1,accepted,,,B2473:1:371,"Sehirus Amyot & Serville, 1843",,,,,Cydnidae,Sehirinae,Sehirus,,Pentatomorpha | Cydnidae | Sehirinae | Sehirini | Sehirus,"Sehirus luctuosus Mulsant & Rey, 1866",,SYLTY,4486163,SYLTY,4486163
B2473:1:373,"Sehirus morio (Linnaeus, 1761)","(Linnaeus, 1761)",Sehirus,,morio,,species,,B2473:1,accepted,,,B2473:1:371,"Sehirus Amyot & Serville, 1843",,,,,Cydnidae,Sehirinae,Sehirus,,Pentatomorpha | Cydnidae | Sehirinae | Sehirini | Sehirus,"Sehirus morio (Linnaeus, 1761)",,SYLV9,2078781,SYLV9,2078781
B2473:1:374,"Tritomegas Amyot & Serville, 1843","Amyot & Serville, 1843",,,,,genus,,B2473:1,accepted,,,B2473:1:359,Sehirini,,,,,Cydnidae,Sehirinae,Tritomegas,,Pentatomorpha | Cydnidae | Sehirinae | Sehirini,"Tritomegas Amyot & Serville, 1843",,TQMJP,3265258,TQMJP,3265258
B2473:1:375,"Tritomegas bicolor (Linnaeus, 1758)","(Linnaeus, 1758)",Tritomegas,,bicolor,,species,,B2473:1,accepted,,,B2473:1:374,"Tritomegas Amyot & Serville, 1843",,,,,Cydnidae,Sehirinae,Tritomegas,,Pentatomorpha | Cydnidae | Sehirinae | Sehirini | Tritomegas,"Tritomegas bicolor (Linnaeus, 1758)",,TQMJW,5758805,TQMJW,5758805
B2473:1:376,"Tritomegas rotundipennis (Dohrn, 1862)","(Dohrn, 1862)",Tritomegas,,rotundipennis,,species,,B2473:1,accepted,,,B2473:1:374,"Tritomegas Amyot & Serville, 1843",,,,,Cydnidae,Sehirinae,Tritomegas,,Pentatomorpha | Cydnidae | Sehirinae | Sehirini | Tritomegas,"Tritomegas rotundipennis (Dohrn, 1862)",,TQMK5,7961766,TQMK5,7961766
B2473:1:377,"Tritomegas sexmaculatus (Rambur, 1839)","(Rambur, 1839)",Tritomegas,,sexmaculatus,,species,,B2473:1,accepted,,,B2473:1:374,"Tritomegas Amyot & Serville, 1843",,,,,Cydnidae,Sehirinae,Tritomegas,,Pentatomorpha | Cydnidae | Sehirinae | Sehirini | Tritomegas,"Tritomegas sexmaculatus (Rambur, 1839)",,TQMK9,5758809,TQMK9,5758809
B2473:1:378,Thyreocoridae,,,,,,family,,B2473:1,accepted,,,B2473:1:1,Pentatomorpha,,,,,Thyreocoridae,,,,Pentatomorpha,THYREOCORIDAE,,BY545,7898,BY545,7898
B2473:1:379,Thyreocorinae,,,,,,subfamily,,B2473:1,accepted,,,B2473:1:378,Thyreocoridae,,,,,Thyreocoridae,Thyreocorinae,,,Pentatomorpha | Thyreocoridae,Thyreocorinae,,,,,
B2473:1:380,"Thyreocoris Schrank, 1801","Schrank, 1801",,,,,genus,,B2473:1,accepted,,,B2473:1:379,Thyreocorinae,,,,,Thyreocoridae,Thyreocorinae,Thyreocoris,,Pentatomorpha | Thyreocoridae | Thyreocorinae,"Thyreocoris Schrank, 1801",,TKJL6,4486000,TKJL6,4486000
B2473:1:381,"Thyreocoris scarabaeoides (Linnaeus, 1758)","(Linnaeus, 1758)",Thyreocoris,,scarabaeoides,,species,,B2473:1,accepted,,,B2473:1:380,"Thyreocoris Schrank, 1801",,,,,Thyreocoridae,Thyreocorinae,Thyreocoris,,Pentatomorpha | Thyreocoridae | Thyreocorinae | Thyreocoris,"Thyreocoris scarabaeoides (Linnaeus, 1758)",,TKJLQ,4486004,TKJLQ,4486004
B2473:1:382,Plataspidae,,,,,,family,,B2473:1,accepted,,,B2473:1:1,Pentatomorpha,,,,,Plataspidae,,,,Pentatomorpha,PLATASPIDAE,,S2FFR,9652,S2FFR,9652
B2473:1:383,Coptosomatinae,,,,,,subfamily,,B2473:1,accepted,,,B2473:1:382,Plataspidae,,,,,Plataspidae,Coptosomatinae,,,Pentatomorpha | Plataspidae,Coptosomatinae,,,,,
B2473:1:384,"Coptosoma Laporte, 1833","Laporte, 1833",,,,,genus,,B2473:1,accepted,,,B2473:1:383,Coptosomatinae,,,,,Plataspidae,Coptosomatinae,Coptosoma,,Pentatomorpha | Plataspidae | Coptosomatinae,"Coptosoma Laporte, 1833",,N6SM8,3265959,N6SM8,3265959
B2473:1:385,"Coptosoma scutellatum (Geoffroy, 1785)","(Geoffroy, 1785)",Coptosoma,,scutellatum,,species,,B2473:1,accepted,,,B2473:1:384,"Coptosoma Laporte, 1833",,,,,Plataspidae,Coptosomatinae,Coptosoma,,Pentatomorpha | Plataspidae | Coptosomatinae | Coptosoma,"Coptosoma scutellatum (Geoffroy, 1785)",,N6SMX,6096723,N6SMX,6096723
B2473:1:386,Acanthosomatidae,,,,,,family,,B2473:1,accepted,,,B2473:1:1,Pentatomorpha,,,,,Acanthosomatidae,,,,Pentatomorpha,ACANTHOSOMATIDAE,,7NFSF,4303,7NFSF,4303
B2473:1:387,Acanthosomatinae,,,,,,subfamily,,B2473:1,accepted,,,B2473:1:386,Acanthosomatidae,,,,,Acanthosomatidae,Acanthosomatinae,,,Pentatomorpha | Acanthosomatidae,Acanthosomatinae,,7NLLS,,7NLLS,
B2473:1:388,"Acanthosoma Curtis, 1824","Curtis, 1824",,,,,genus,,B2473:1,accepted,,,B2473:1:387,Acanthosomatinae,,,,,Acanthosomatidae,Acanthosomatinae,Acanthosoma,,Pentatomorpha | Acanthosomatidae | Acanthosomatinae,"Acanthosoma Curtis, 1824",,7NMN9,11258498,7NMN9,11258498
B2473:1:389,"Acanthosoma haemorrhoidale (Linnaeus, 1758)","(Linnaeus, 1758)",Acanthosoma,,haemorrhoidale,,species,,B2473:1,accepted,,,B2473:1:388,"Acanthosoma Curtis, 1824",,,,,Acanthosomatidae,Acanthosomatinae,Acanthosoma,,Pentatomorpha | Acanthosomatidae | Acanthosomatinae | Acanthosoma,"Acanthosoma haemorrhoidale (Linnaeus, 1758)",,7Q9KF,5866246,7Q9KF,5866246
B2473:1:390,"Acanthosoma haemorrhoidale subsp. haemorrhoidale (Linnaeus, 1758)","(Linnaeus, 1758)",Acanthosoma,,haemorrhoidale,haemorrhoidale,subspecies,,B2473:1,accepted,,,B2473:1:389,"Acanthosoma haemorrhoidale (Linnaeus, 1758)",,,,,Acanthosomatidae,Acanthosomatinae,Acanthosoma,,Pentatomorpha | Acanthosomatidae | Acanthosomatinae | Acanthosoma | Acanthosoma haemorrhoidale,"Acanthosoma haemorrhoidale haemorrhoidale (Linnaeus, 1758)",,7X8WV,6096806,7X8WV,6096806
B2473:1:391,"Cyphostethus Fieber, 1860","Fieber, 1860",,,,,genus,,B2473:1,accepted,,,B2473:1:387,Acanthosomatinae,,,,,Acanthosomatidae,Acanthosomatinae,Cyphostethus,,Pentatomorpha | Acanthosomatidae | Acanthosomatinae,"Cyphostethus Fieber, 1860",,7NV8G,3265727,7NV8G,3265727
B2473:1:392,"Cyphostethus tristriatus (Fabricius, 1787)","(Fabricius, 1787)",Cyphostethus,,tristriatus,,species,,B2473:1,accepted,,,B2473:1:391,"Cyphostethus Fieber, 1860",,,,,Acanthosomatidae,Acanthosomatinae,Cyphostethus,,Pentatomorpha | Acanthosomatidae | Acanthosomatinae | Cyphostethus,"Cyphostethus tristriatus (Fabricius, 1787)",,7SX54,6096805,7SX54,6096805
B2473:1:393,"Elasmostethus Fieber, 1860","Fieber, 1860",,,,,genus,,B2473:1,accepted,,,B2473:1:387,Acanthosomatinae,,,,,Acanthosomatidae,Acanthosomatinae,Elasmostethus,,Pentatomorpha | Acanthosomatidae | Acanthosomatinae,"Elasmostethus Fieber, 1860",,7NVTY,2079269,7NVTY,2079269
B2473:1:394,"Elasmostethus interstinctus (Linnaeus, 1758)","(Linnaeus, 1758)",Elasmostethus,,interstinctus,,species,,B2473:1,accepted,,,B2473:1:393,"Elasmostethus Fieber, 1860",,,,,Acanthosomatidae,Acanthosomatinae,Elasmostethus,,Pentatomorpha | Acanthosomatidae | Acanthosomatinae | Elasmostethus,"Elasmostethus interstinctus (Linnaeus, 1758)",,7TG9H,2079270,7TG9H,2079270
B2473:1:395,"Elasmostethus minor Horváth, 1899","Horváth, 1899",Elasmostethus,,minor,,species,,B2473:1,accepted,,,B2473:1:393,"Elasmostethus Fieber, 1860",,,,,Acanthosomatidae,Acanthosomatinae,Elasmostethus,,Pentatomorpha | Acanthosomatidae | Acanthosomatinae | Elasmostethus,"Elasmostethus minor Horváth, 1899",,7TG9R,4485983,7TG9R,4485983
B2473:1:396,"Elasmucha Stål, 1864","Stål, 1864",,,,,genus,,B2473:1,accepted,,,B2473:1:387,Acanthosomatinae,,,,,Acanthosomatidae,Acanthosomatinae,Elasmucha,,Pentatomorpha | Acanthosomatidae | Acanthosomatinae,"Elasmucha Stål, 1864",,7NYBN,2079257,7NYBN,2079257
B2473:1:397,"Elasmucha ferrugata (Fabricius, 1787)","(Fabricius, 1787)",Elasmucha,,ferrugata,,species,,B2473:1,accepted,,,B2473:1:396,"Elasmucha Stål, 1864",,,,,Acanthosomatidae,Acanthosomatinae,Elasmucha,,Pentatomorpha | Acanthosomatidae | Acanthosomatinae | Elasmucha,"Elasmucha ferrugata (Fabricius, 1787)",,7TGBP,2079261,7TGBP,2079261
B2473:1:398,"Elasmucha fieberi (Jakovlev, 1865)","(Jakovlev, 1865)",Elasmucha,,fieberi,,species,,B2473:1,accepted,,,B2473:1:396,"Elasmucha Stål, 1864",,,,,Acanthosomatidae,Acanthosomatinae,Elasmucha,,Pentatomorpha | Acanthosomatidae | Acanthosomatinae | Elasmucha,"Elasmucha fieberi (Jakovlev, 1865)",,7TGBR,4485991,7TGBR,4485991
B2473:1:399,"Elasmucha grisea (Linnaeus, 1758)","(Linnaeus, 1758)",Elasmucha,,grisea,,species,,B2473:1,accepted,,,B2473:1:396,"Elasmucha Stål, 1864",,,,,Acanthosomatidae,Acanthosomatinae,Elasmucha,,Pentatomorpha | Acanthosomatidae | Acanthosomatinae | Elasmucha,"Elasmucha grisea (Linnaeus, 1758)",,7TGBX,4485987,7TGBX,4485987
B2473:1:400,"Elasmucha grisea subsp. grisea (Linnaeus, 1758)","(Linnaeus, 1758)",Elasmucha,,grisea,grisea,subspecies,,B2473:1,accepted,,,B2473:1:399,"Elasmucha grisea (Linnaeus, 1758)",,,,,Acanthosomatidae,Acanthosomatinae,Elasmucha,,Pentatomorpha | Acanthosomatidae | Acanthosomatinae | Elasmucha | Elasmucha grisea,"Elasmucha grisea grisea (Linnaeus, 1758)",,7XCZH,4485990,7XCZH,4485990
B2473:1:401,Scutelleridae,,,,,,family,,B2473:1,accepted,,,B2473:1:1,Pentatomorpha,,,,,Scutelleridae,,,,Pentatomorpha,SCUTELLERIDAE,,BXWJF,4327,BXWJF,4327
B2473:1:402,Eurygastrinae,,,,,,subfamily,,B2473:1,accepted,,,B2473:1:401,Scutelleridae,,,,,Scutelleridae,Eurygastrinae,,,Pentatomorpha | Scutelleridae,Eurygastrinae,,,,,
B2473:1:403,"Eurygaster Laporte, 1833","Laporte, 1833",,,,,genus,,B2473:1,accepted,,,B2473:1:402,Eurygastrinae,,,,,Scutelleridae,Eurygastrinae,Eurygaster,,Pentatomorpha | Scutelleridae | Eurygastrinae,"Eurygaster Laporte, 1833",,P49BY,2079334,P49BY,2079334
B2473:1:404,"Eurygaster austriaca (Schrank, 1776)","(Schrank, 1776)",Eurygaster,,austriaca,,species,,B2473:1,accepted,,,B2473:1:403,"Eurygaster Laporte, 1833",,,,,Scutelleridae,Eurygastrinae,Eurygaster,,Pentatomorpha | Scutelleridae | Eurygastrinae | Eurygaster,"Eurygaster austriaca (Schrank, 1776)",,P49DB,5758791,P49DB,5758791
B2473:1:405,"Eurygaster maura (Linnaeus, 1758)","(Linnaeus, 1758)",Eurygaster,,maura,,species,,B2473:1,accepted,,,B2473:1:403,"Eurygaster Laporte, 1833",,,,,Scutelleridae,Eurygastrinae,Eurygaster,,Pentatomorpha | Scutelleridae | Eurygastrinae | Eurygaster,"Eurygaster maura (Linnaeus, 1758)",,P49KS,5758789,P49KS,5758789
B2473:1:406,"Eurygaster testudinarla (Geoffroy, 1785)","(Geoffroy, 1785)",Eurygaster,,testudinarla,,species,,B2473:1,accepted,,,B2473:1:403,"Eurygaster Laporte, 1833",,,,,Scutelleridae,Eurygastrinae,Eurygaster,,Pentatomorpha | Scutelleridae | Eurygastrinae | Eurygaster,"Eurygaster testudinarla (Geoffroy, 1785)",,P49QW,5758794,P49QW,5758794
B2473:1:407,Odontoscelinae,,,,,,subfamily,,B2473:1,accepted,,,B2473:1:401,Scutelleridae,,,,,Scutelleridae,Odontoscelinae,,,Pentatomorpha | Scutelleridae,Odontoscelinae,,,,,
B2473:1:408,"Odontoscelis Laporte, 1833","Laporte, 1833",,,,,genus,,B2473:1,accepted,,,B2473:1:407,Odontoscelinae,,,,,Scutelleridae,Odontoscelinae,Odontoscelis,,Pentatomorpha | Scutelleridae | Odontoscelinae,"Odontoscelis Laporte, 1833",,R2GVQ,2079364,R2GVQ,2079364
B2473:1:409,"Odontoscelis Laporte, 1833","Laporte, 1833",Odontoscelis,,,,subgenus,,B2473:1,accepted,,,B2473:1:408,"Odontoscelis Laporte, 1833",,,,,Scutelleridae,Odontoscelinae,Odontoscelis,Odontoscelis,Pentatomorpha | Scutelleridae | Odontoscelinae | Odontoscelis,"Odontoscelis Laporte, 1833",,R2GVQ,,R2GVQ,
B2473:1:410,"Odontoscelis fuliginosa (Linnaeus, 1761)","(Linnaeus, 1761)",Odontoscelis,Odontoscelis,fuliginosa,,species,,B2473:1,accepted,,,B2473:1:409,"Odontoscelis Laporte, 1833",,,,,Scutelleridae,Odontoscelinae,Odontoscelis,Odontoscelis,Pentatomorpha | Scutelleridae | Odontoscelinae | Odontoscelis | Odontoscelis,"Odontoscelis fuliginosa (Linnaeus, 1761)",,R2GXN,5758780,R2GXN,5758780
B2473:1:411,"Odontoscelis lineola Rambur, 1839","Rambur, 1839",Odontoscelis,Odontoscelis,lineola,,species,,B2473:1,accepted,,,B2473:1:409,"Odontoscelis Laporte, 1833",,,,,Scutelleridae,Odontoscelinae,Odontoscelis,Odontoscelis,Pentatomorpha | Scutelleridae | Odontoscelinae | Odontoscelis | Odontoscelis,"Odontoscelis lineola Rambur, 1839",,R2GXV,5758782,R2GXV,5758782
B2473:1:412,Odontotarsinae,,,,,,subfamily,,B2473:1,accepted,,,B2473:1:401,Scutelleridae,,,,,Scutelleridae,Odontotarsinae,,,Pentatomorpha | Scutelleridae,Odontotarsinae,,,,,
B2473:1:413,Phimoderini,,,,,,tribe,,B2473:1,accepted,,,B2473:1:412,Odontotarsinae,,,,,Scutelleridae,Odontotarsinae,,,Pentatomorpha | Scutelleridae | Odontotarsinae,Phimoderini,,,,,
B2473:1:414,"Phimodera Germar, 1839","Germar, 1839",,,,,genus,,B2473:1,accepted,,,B2473:1:413,Phimoderini,,,,,Scutelleridae,Odontotarsinae,Phimodera,,Pentatomorpha | Scutelleridae | Odontotarsinae | Phimoderini,"Phimodera Germar, 1839",,RFFHN,2079352,RFFHN,2079352
B2473:1:415,"Phimodera humeralis (Dalman, 1823)","(Dalman, 1823)",Phimodera,,humeralis,,species,,B2473:1,accepted,,,B2473:1:414,"Phimodera Germar, 1839",,,,,Scutelleridae,Odontotarsinae,Phimodera,,Pentatomorpha | Scutelleridae | Odontotarsinae | Phimoderini | Phimodera,"Phimodera humeralis (Dalman, 1823)",,RFFK6,4486030,RFFK6,4486030
B2473:1:416,Pentatomidae,,,,,,family,,B2473:1,accepted,,,B2473:1:1,Pentatomorpha,,,,,Pentatomidae,,,,Pentatomorpha,PENTATOMIDAE,,BXWJD,9650,BXWJD,9650
B2473:1:417,Asopinae,,,,,,subfamily,,B2473:1,accepted,,,B2473:1:416,Pentatomidae,,,,,Pentatomidae,Asopinae,,,Pentatomorpha | Pentatomidae,Asopinae,,,,,
B2473:1:418,"Arma Hahn, 1832","Hahn, 1832",,,,,genus,,B2473:1,accepted,,,B2473:1:417,Asopinae,,,,,Pentatomidae,Asopinae,Arma,,Pentatomorpha | Pentatomidae | Asopinae,"Arma Hahn, 1832",,LFMDC,8888117,LFMDC,8888117
B2473:1:419,"Arma custos (Fabricius, 1794)","(Fabricius, 1794)",Arma,,custos,,species,,B2473:1,accepted,,,B2473:1:418,"Arma Hahn, 1832",,,,,Pentatomidae,Asopinae,Arma,,Pentatomorpha | Pentatomidae | Asopinae | Arma,"Arma custos (Fabricius, 1794)",,LFMFH,4485971,LFMFH,4485971
B2473:1:420,"Jalla Hahn, 1832","Hahn, 1832",,,,,genus,,B2473:1,accepted,,,B2473:1:417,Asopinae,,,,,Pentatomidae,Asopinae,Jalla,,Pentatomorpha | Pentatomidae | Asopinae,"Jalla Hahn, 1832",,PY8HF,3266040,PY8HF,3266040
B2473:1:421,"Jalla dumosa (Linnaeus, 1758)","(Linnaeus, 1758)",Jalla,,dumosa,,species,,B2473:1,accepted,,,B2473:1:420,"Jalla Hahn, 1832",,,,,Pentatomidae,Asopinae,Jalla,,Pentatomorpha | Pentatomidae | Asopinae | Jalla,"Jalla dumosa (Linnaeus, 1758)",,PY8HX,5758771,PY8HX,5758771
B2473:1:422,"Picromerus Amyot & Serville, 1843","Amyot & Serville, 1843",,,,,genus,,B2473:1,accepted,,,B2473:1:417,Asopinae,,,,,Pentatomidae,Asopinae,Picromerus,,Pentatomorpha | Pentatomidae | Asopinae,"Picromerus Amyot & Serville, 1843",,RG2K9,2079126,RG2K9,2079126
B2473:1:423,"Picromerus bidens (Linnaeus, 1758)","(Linnaeus, 1758)",Picromerus,,bidens,,species,,B2473:1,accepted,,,B2473:1:422,"Picromerus Amyot & Serville, 1843",,,,,Pentatomidae,Asopinae,Picromerus,,Pentatomorpha | Pentatomidae | Asopinae | Picromerus,"Picromerus bidens (Linnaeus, 1758)",,RG2L5,5160015,RG2L5,5160015
B2473:1:424,"Pinthaeus Stål, 1868","Stål, 1868",,,,,genus,,B2473:1,accepted,,,B2473:1:417,Asopinae,,,,,Pentatomidae,Asopinae,Pinthaeus,,Pentatomorpha | Pentatomidae | Asopinae,"Pinthaeus Stål, 1868",,RMHV9,4407624,RMHV9,4407624
B2473:1:425,"Pinthaeus sanguinipes (Fabricius, 1781)","(Fabricius, 1781)",Pinthaeus,,sanguinipes,,species,,B2473:1,accepted,,,B2473:1:424,"Pinthaeus Stål, 1868",,,,,Pentatomidae,Asopinae,Pinthaeus,,Pentatomorpha | Pentatomidae | Asopinae | Pinthaeus,"Pinthaeus sanguinipes (Fabricius, 1781)",,RMHVJ,4485978,RMHVJ,4485978
B2473:1:426,"Rhacognathus Fieber, 1860","Fieber, 1860",,,,,genus,,B2473:1,accepted,,,B2473:1:417,Asopinae,,,,,Pentatomidae,Asopinae,Rhacognathus,,Pentatomorpha | Pentatomidae | Asopinae,"Rhacognathus Fieber, 1860",,S9WB7,2078994,S9WB7,2078994
B2473:1:427,"Rhacognathus punctatus (Linnaeus, 1758)","(Linnaeus, 1758)",Rhacognathus,,punctatus,,species,,B2473:1,accepted,,,B2473:1:426,"Rhacognathus Fieber, 1860",,,,,Pentatomidae,Asopinae,Rhacognathus,,Pentatomorpha | Pentatomidae | Asopinae | Rhacognathus,"Rhacognathus punctatus (Linnaeus, 1758)",,S9WBR,2078996,S9WBR,2078996
B2473:1:428,"Troilus Stål, 1867","Stål, 1867",,,,,genus,,B2473:1,accepted,,,B2473:1:417,Asopinae,,,,,Pentatomidae,Asopinae,Troilus,,Pentatomorpha | Pentatomidae | Asopinae,"Troilus Stål, 1867",,TSGLY,4407233,TSGLY,4407233
B2473:1:429,"Troilus luridus (Fabricius, 1775)","(Fabricius, 1775)",Troilus,,luridus,,species,,B2473:1,accepted,,,B2473:1:428,"Troilus Stål, 1867",,,,,Pentatomidae,Asopinae,Troilus,,Pentatomorpha | Pentatomidae | Asopinae | Troilus,"Troilus luridus (Fabricius, 1775)",,TSGM3,4485973,TSGM3,4485973
B2473:1:430,"Zicrona Amyot & Serville, 1843","Amyot & Serville, 1843",,,,,genus,,B2473:1,accepted,,,B2473:1:417,Asopinae,,,,,Pentatomidae,Asopinae,Zicrona,,Pentatomorpha | Pentatomidae | Asopinae,"Zicrona Amyot & Serville, 1843",,TWMP2,2078941,TWMP2,2078941
B2473:1:431,"Zicrona caerulea (Linnaeus, 1758)","(Linnaeus, 1758)",Zicrona,,caerulea,,species,,B2473:1,accepted,,,B2473:1:430,"Zicrona Amyot & Serville, 1843",,,,,Pentatomidae,Asopinae,Zicrona,,Pentatomorpha | Pentatomidae | Asopinae | Zicrona,"Zicrona caerulea (Linnaeus, 1758)",,TWMPC,2078942,TWMPC,2078942
B2473:1:432,Pentatominae,,,,,,subfamily,,B2473:1,accepted,,,B2473:1:416,Pentatomidae,,,,,Pentatomidae,Pentatominae,,,Pentatomorpha | Pentatomidae,Pentatominae,,,,,
B2473:1:433,Aeliini,,,,,,tribe,,B2473:1,accepted,,,B2473:1:432,Pentatominae,,,,,Pentatomidae,Pentatominae,,,Pentatomorpha | Pentatomidae | Pentatominae,Aeliini,,,,,
B2473:1:434,"Aelia Fabricius, 1803","Fabricius, 1803",,,,,genus,,B2473:1,accepted,,,B2473:1:433,Aeliini,,,,,Pentatomidae,Pentatominae,Aelia,,Pentatomorpha | Pentatomidae | Pentatominae | Aeliini,"Aelia Fabricius, 1803",,L6T9Y,2079121,L6T9Y,2079121
B2473:1:435,"Aelia acuminata (Linnaeus, 1758)","(Linnaeus, 1758)",Aelia,,acuminata,,species,,B2473:1,accepted,,,B2473:1:434,"Aelia Fabricius, 1803",,,,,Pentatomidae,Pentatominae,Aelia,,Pentatomorpha | Pentatomidae | Pentatominae | Aeliini | Aelia,"Aelia acuminata (Linnaeus, 1758)",,L6TB6,2079123,L6TB6,2079123
B2473:1:436,"Aelia klugii Hahn, 1833","Hahn, 1833",Aelia,,klugii,,species,,B2473:1,accepted,,,B2473:1:434,"Aelia Fabricius, 1803",,,,,Pentatomidae,Pentatominae,Aelia,,Pentatomorpha | Pentatomidae | Pentatominae | Aeliini | Aelia,"Aelia klugii Hahn, 1833",,L6TCD,6096804,L6TCD,6096804
B2473:1:437,"Neottiglossa Kirby, 1837","Kirby, 1837",,,,,genus,,B2473:1,accepted,,,B2473:1:433,Aeliini,,,,,Pentatomidae,Pentatominae,Neottiglossa,,Pentatomorpha | Pentatomidae | Pentatominae | Aeliini,"Neottiglossa Kirby, 1837",,QKRQ3,2078911,QKRQ3,2078911
B2473:1:438,"Neottiglossa leporina (Herrich-Schaeffer, 1830)","(Herrich-Schaeffer, 1830)",Neottiglossa,,leporina,,species,,B2473:1,accepted,,,B2473:1:437,"Neottiglossa Kirby, 1837",,,,,Pentatomidae,Pentatominae,Neottiglossa,,Pentatomorpha | Pentatomidae | Pentatominae | Aeliini | Neottiglossa,"Neottiglossa leporina (Herrich-Schaeffer, 1830)",,QKRQC,4485944,QKRQC,4485944
B2473:1:439,"Neottiglossa pusilla (Gmelin, 1790)","(Gmelin, 1790)",Neottiglossa,,pusilla,,species,,B2473:1,accepted,,,B2473:1:437,"Neottiglossa Kirby, 1837",,,,,Pentatomidae,Pentatominae,Neottiglossa,,Pentatomorpha | Pentatomidae | Pentatominae | Aeliini | Neottiglossa,"Neottiglossa pusilla (Gmelin, 1790)",,QKRS5,4485936,QKRS5,4485936
B2473:1:440,Cappaeini,,,,,,tribe,,B2473:1,accepted,,,B2473:1:432,Pentatominae,,,,,Pentatomidae,Pentatominae,,,Pentatomorpha | Pentatomidae | Pentatominae,Cappaeini,,,,,
B2473:1:441,"Halyomorpha Mayr, 1864","Mayr, 1864",,,,,genus,,B2473:1,accepted,,,B2473:1:440,Cappaeini,,,,,Pentatomidae,Pentatominae,Halyomorpha,,Pentatomorpha | Pentatomidae | Pentatominae | Cappaeini,"Halyomorpha Mayr, 1864",,PJGWH,4404357,PJGWH,4404357
B2473:1:442,"Halyomorpha halys (Stål, 1855)","(Stål, 1855)",Halyomorpha,,halys,,species,,B2473:1,accepted,,,B2473:1:441,"Halyomorpha Mayr, 1864",,,,,Pentatomidae,Pentatominae,Halyomorpha,,Pentatomorpha | Pentatomidae | Pentatominae | Cappaeini | Halyomorpha,"Halyomorpha halys (Stål, 1855)",,PJGX6,4485843,PJGX6,4485843
B2473:1:443,Carpocorini,,,,,,tribe,,B2473:1,accepted,,,B2473:1:432,Pentatominae,,,,,Pentatomidae,Pentatominae,,,Pentatomorpha | Pentatomidae | Pentatominae,Carpocorini,,,,,
B2473:1:444,"Carpocoris Kolenati, 1846","Kolenati, 1846",,,,,genus,,B2473:1,accepted,,,B2473:1:443,Carpocorini,,,,,Pentatomidae,Pentatominae,Carpocoris,,Pentatomorpha | Pentatomidae | Pentatominae | Carpocorini,"Carpocoris Kolenati, 1846",,M3SZ2,4405367,M3SZ2,4405367
B2473:1:445,"Carpocoris Kolenati, 1846","Kolenati, 1846",Carpocoris,,,,subgenus,,B2473:1,accepted,,,B2473:1:444,"Carpocoris Kolenati, 1846",,,,,Pentatomidae,Pentatominae,Carpocoris,Carpocoris,Pentatomorpha | Pentatomidae | Pentatominae | Carpocorini | Carpocoris,"Carpocoris Kolenati, 1846",,M3SZ2,,M3SZ2,
B2473:1:446,"Carpocoris fuscispinus (Boheman, 1850)","(Boheman, 1850)",Carpocoris,Carpocoris,fuscispinus,,species,,B2473:1,accepted,,,B2473:1:445,"Carpocoris Kolenati, 1846",,,,,Pentatomidae,Pentatominae,Carpocoris,Carpocoris,Pentatomorpha | Pentatomidae | Pentatominae | Carpocorini | Carpocoris | Carpocoris,"Carpocoris fuscispinus (Boheman, 1850)",,M3SZ9,4485800,M3SZS,4485800
B2473:1:447,"Carpocoris purpureipennis (De Geer, 1773)","(De Geer, 1773)",Carpocoris,Carpocoris,purpureipennis,,species,,B2473:1,accepted,,,B2473:1:445,"Carpocoris Kolenati, 1846",,,,,Pentatomidae,Pentatominae,Carpocoris,Carpocoris,Pentatomorpha | Pentatomidae | Pentatominae | Carpocorini | Carpocoris | Carpocoris,"Carpocoris purpureipennis (De Geer, 1773)",,M3SZS,4485798,M3SZS,4485798
B2473:1:448,"Chlorochroa Stål, 1872","Stål, 1872",,,,,genus,,B2473:1,accepted,,,B2473:1:443,Carpocorini,,,,,Pentatomidae,Pentatominae,Chlorochroa,,Pentatomorpha | Pentatomidae | Pentatominae | Carpocorini,"Chlorochroa Stål, 1872",,MJ2WC,2064707,MJ2KC,2064707
B2473:1:449,"Rhytidolomia Stål, 1872","Stål, 1872",Chlorochroa,,,,subgenus,,B2473:1,accepted,,,B2473:1:448,"Chlorochroa Stål, 1872",,,,,Pentatomidae,Pentatominae,Chlorochroa,Rhytidolomia,Pentatomorpha | Pentatomidae | Pentatominae | Carpocorini | Chlorochroa,"Rhytidolomia Stål, 1872",,,,,
B2473:1:450,"Chlorochroa juniperina (Linnaeus, 1758)","(Linnaeus, 1758)",Chlorochroa,Rhytidolomia,juniperina,,species,,B2473:1,accepted,,,B2473:1:449,"Rhytidolomia Stål, 1872",,,,,Pentatomidae,Pentatominae,Chlorochroa,Rhytidolomia,Pentatomorpha | Pentatomidae | Pentatominae | Carpocorini | Chlorochroa | Rhytidolomia,"Chlorochroa juniperina (Linnaeus, 1758)",,MJ2XY,4485816,MJ2XY,4485816
B2473:1:451,"Chlorochroa juniperina subsp. juniperina (Linnaeus, 1758)","(Linnaeus, 1758)",Chlorochroa,Rhytidolomia,juniperina,juniperina,subspecies,,B2473:1,accepted,,,B2473:1:450,"Chlorochroa juniperina (Linnaeus, 1758)",,,,,Pentatomidae,Pentatominae,Chlorochroa,Rhytidolomia,Pentatomorpha | Pentatomidae | Pentatominae | Carpocorini | Chlorochroa | Rhytidolomia | Chlorochroa juniperina,"Chlorochroa juniperina juniperina (Linnaeus, 1758)",,MJ2Y8,4485818,MJ2XY,4485816
B2473:1:452,"Chlorochroa pinicola (Mulsant & Rey, 1852)","(Mulsant & Rey, 1852)",Chlorochroa,Rhytidolomia,pinicola,,species,,B2473:1,accepted,,,B2473:1:449,"Rhytidolomia Stål, 1872",,,,,Pentatomidae,Pentatominae,Chlorochroa,Rhytidolomia,Pentatomorpha | Pentatomidae | Pentatominae | Carpocorini | Chlorochroa | Rhytidolomia,"Chlorochroa pinicola (Mulsant & Rey, 1852)",,MJ2YF,4485821,MJ2YF,4485821
B2473:1:453,"Chroantha Stål, 1872","Stål, 1872",,,,,genus,,B2473:1,accepted,,,B2473:1:443,Carpocorini,,,,,Pentatomidae,Pentatominae,Chroantha,,Pentatomorpha | Pentatomidae | Pentatominae | Carpocorini,"Chroantha Stål, 1872",,MNLY4,4408015,MNLY4,4408015
B2473:1:454,"Chroantha ornatula (Herrich-Schaeffer, 1842)","(Herrich-Schaeffer, 1842)",Chroantha,,ornatula,,species,,B2473:1,accepted,,,B2473:1:453,"Chroantha Stål, 1872",,,,,Pentatomidae,Pentatominae,Chroantha,,Pentatomorpha | Pentatomidae | Pentatominae | Carpocorini | Chroantha,"Chroantha ornatula (Herrich-Schaeffer, 1842)",,MNLYD,4485785,MNLYD,9235322
B2473:1:455,"Dolycoris Mulsant & Rey, 1866","Mulsant & Rey, 1866",,,,,genus,,B2473:1,accepted,,,B2473:1:443,Carpocorini,,,,,Pentatomidae,Pentatominae,Dolycoris,,Pentatomorpha | Pentatomidae | Pentatominae | Carpocorini,"Dolycoris Mulsant & Rey, 1866",,NCM9S,4406875,NCM9S,4406875
B2473:1:456,"Dolycoris baccarum (Linnaeus, 1758)","(Linnaeus, 1758)",Dolycoris,,baccarum,,species,,B2473:1,accepted,,,B2473:1:455,"Dolycoris Mulsant & Rey, 1866",,,,,Pentatomidae,Pentatominae,Dolycoris,,Pentatomorpha | Pentatomidae | Pentatominae | Carpocorini | Dolycoris,"Dolycoris baccarum (Linnaeus, 1758)",,NCMB7,4485824,NCMB7,4485824
B2473:1:457,"Holcogaster Fieber, 1860","Fieber, 1860",,,,,genus,,B2473:1,accepted,,,B2473:1:443,Carpocorini,,,,,Pentatomidae,Pentatominae,Holcogaster,,Pentatomorpha | Pentatomidae | Pentatominae | Carpocorini,"Holcogaster Fieber, 1860",,PVSDW,3265984,PVSDW,3265984
B2473:1:458,"Holcogaster fibulata (Germar, 1831)","(Germar, 1831)",Holcogaster,,fibulata,,species,,B2473:1,accepted,,,B2473:1:457,"Holcogaster Fieber, 1860",,,,,Pentatomidae,Pentatominae,Holcogaster,,Pentatomorpha | Pentatomidae | Pentatominae | Carpocorini | Holcogaster,"Holcogaster fibulata (Germar, 1831)",,PVSFB,7500241,PVSFB,7500241
B2473:1:459,"Holcostethus Fieber, 1860","Fieber, 1860",,,,,genus,,B2473:1,accepted,,,B2473:1:443,Carpocorini,,,,,Pentatomidae,Pentatominae,Holcostethus,,Pentatomorpha | Pentatomidae | Pentatominae | Carpocorini,"Holcostethus Fieber, 1860",,PVWDX,2079189,PVWDX,2079189
B2473:1:460,"Holcostethus sphacelatus (Fabricius, 1794)","(Fabricius, 1794)",Holcostethus,,sphacelatus,,species,,B2473:1,accepted,,,B2473:1:459,"Holcostethus Fieber, 1860",,,,,Pentatomidae,Pentatominae,Holcostethus,,Pentatomorpha | Pentatomidae | Pentatominae | Carpocorini | Holcostethus,"Holcostethus sphacelatus (Fabricius, 1794)",,PVWFG,2079190,PVWFG,2079190
B2473:1:461,"Palomena Mulsant & Rey, 1866","Mulsant & Rey, 1866",,,,,genus,,B2473:1,accepted,,,B2473:1:443,Carpocorini,,,,,Pentatomidae,Pentatominae,Palomena,,Pentatomorpha | Pentatomidae | Pentatominae | Carpocorini,"Palomena Mulsant & Rey, 1866",,RPN38,4406712,RPN38,4406712
B2473:1:462,"Palomena prasina (Linnaeus, 1761)","(Linnaeus, 1761)",Palomena,,prasina,,species,,B2473:1,accepted,,,B2473:1:461,"Palomena Mulsant & Rey, 1866",,,,,Pentatomidae,Pentatominae,Palomena,,Pentatomorpha | Pentatomidae | Pentatominae | Carpocorini | Palomena,"Palomena prasina (Linnaeus, 1761)",,RPN47,4485776,RPN47,4485776
B2473:1:463,"Palomena viridissima (Poda, 1761)","(Poda, 1761)",Palomena,,viridissima,,species,,B2473:1,accepted,,,B2473:1:461,"Palomena Mulsant & Rey, 1866",,,,,Pentatomidae,Pentatominae,Palomena,,Pentatomorpha | Pentatomidae | Pentatominae | Carpocorini | Palomena,"Palomena viridissima (Poda, 1761)",,RPN57,4485774,RPN57,4485774
B2473:1:464,"Peribalus Mulsant & Rey, 1866","Mulsant & Rey, 1866",,,,,genus,,B2473:1,accepted,,,B2473:1:443,Carpocorini,,,,,Pentatomidae,Pentatominae,Peribalus,,Pentatomorpha | Pentatomidae | Pentatominae | Carpocorini,"Peribalus Mulsant & Rey, 1866",,RCMR8,2079014,PVWDX,2079014
B2473:1:465,"Peribalus Mulsant & Ray, 1866","Mulsant & Ray, 1866",Peribalus,,,,subgenus,,B2473:1,accepted,,,B2473:1:464,"Peribalus Mulsant & Rey, 1866",,,,,Pentatomidae,Pentatominae,Peribalus,Peribalus,Pentatomorpha | Pentatomidae | Pentatominae | Carpocorini | Peribalus,"Peribalus Mulsant & Ray, 1866",,RCMR8,,PVWDX,
B2473:1:466,Peribalus strictus,,Peribalus,Peribalus,strictus,,species,,B2473:1,accepted,,,B2473:1:465,"Peribalus Mulsant & Ray, 1866",,,,,Pentatomidae,Pentatominae,Peribalus,Peribalus,Pentatomorpha | Pentatomidae | Pentatominae | Carpocorini | Peribalus | Peribalus,Peribalus strictus,,RCMRR,4485782,RCMRR,6096794
B2473:1:467,"Peribalus strictus subsp. vernalis (Wolff, 1804)","(Wolff, 1804)",Peribalus,Peribalus,strictus,vernalis,subspecies,,B2473:1,accepted,,,B2473:1:466,Peribalus strictus,,,,,Pentatomidae,Pentatominae,Peribalus,Peribalus,Pentatomorpha | Pentatomidae | Pentatominae | Carpocorini | Peribalus | Peribalus | Peribalus strictus,"Peribalus strictus vernalis (Wolff, 1804)",,RCMS2,9465099,RCMRR,6096794
B2473:1:468,"Rubiconia Dohrn, 1860","Dohrn, 1860",,,,,genus,,B2473:1,accepted,,,B2473:1:443,Carpocorini,,,,,Pentatomidae,Pentatominae,Rubiconia,,Pentatomorpha | Pentatomidae | Pentatominae | Carpocorini,"Rubiconia Dohrn, 1860",,SGJWG,4406106,SGJWG,4406106
B2473:1:469,"Rubiconia intermedia (Wolff, 1811)","(Wolff, 1811)",Rubiconia,,intermedia,,species,,B2473:1,accepted,,,B2473:1:468,"Rubiconia Dohrn, 1860",,,,,Pentatomidae,Pentatominae,Rubiconia,,Pentatomorpha | Pentatomidae | Pentatominae | Carpocorini | Rubiconia,"Rubiconia intermedia (Wolff, 1811)",,SGJWK,4485796,SGJWK,4485796
B2473:1:470,Eysarcorini,,,,,,tribe,,B2473:1,accepted,,,B2473:1:432,Pentatominae,,,,,Pentatomidae,Pentatominae,,,Pentatomorpha | Pentatomidae | Pentatominae,Eysarcorini,,,,,
B2473:1:471,"Eysarcoris Hahn, 1834","Hahn, 1834",,,,,genus,,B2473:1,accepted,,,B2473:1:470,Eysarcorini,,,,,Pentatomidae,Pentatominae,Eysarcoris,,Pentatomorpha | Pentatomidae | Pentatominae | Eysarcorini,"Eysarcoris Hahn, 1834",,NP8NW,2078841,NP8NW,2078841
B2473:1:472,"Eysarcoris aeneus (Scopoli, 1763)","(Scopoli, 1763)",Eysarcoris,,aeneus,,species,,B2473:1,accepted,,,B2473:1:471,"Eysarcoris Hahn, 1834",,,,,Pentatomidae,Pentatominae,Eysarcoris,,Pentatomorpha | Pentatomidae | Pentatominae | Eysarcorini | Eysarcoris,"Eysarcoris aeneus (Scopoli, 1763)",,NP8P8,4485955,NP8P8,4485955
B2473:1:473,"Stagonomus Gorski, 1852","Gorski, 1852",,,,,genus,,B2473:1,accepted,,,B2473:1:470,Eysarcorini,,,,,Pentatomidae,Pentatominae,Stagonomus,,Pentatomorpha | Pentatomidae | Pentatominae | Eysarcorini,"Stagonomus Gorski, 1852",,SZMKD,9131176,SZMKD,9131176
B2473:1:474,Stagonomus bipunctatus,,Stagonomus,,bipunctatus,,species,,B2473:1,accepted,,,B2473:1:473,"Stagonomus Gorski, 1852",,,,,Pentatomidae,Pentatominae,Stagonomus,,Pentatomorpha | Pentatomidae | Pentatominae | Eysarcorini | Stagonomus,Stagonomus bipunctatus,,SZMKL,5758763,SZMKL,5758763
B2473:1:475,"Stagonomus bipunctatus subsp. pusillus (Herrich-Schaeffer, 1833)","(Herrich-Schaeffer, 1833)",Stagonomus,,bipunctatus,pusillus,subspecies,,B2473:1,accepted,,,B2473:1:474,Stagonomus bipunctatus,,,,,Pentatomidae,Pentatominae,Stagonomus,,Pentatomorpha | Pentatomidae | Pentatominae | Eysarcorini | Stagonomus | Stagonomus bipunctatus,"Stagonomus bipunctatus pusillus (Herrich-Schaeffer, 1833)",,SZMKY,9235470,SZMKY,5758763
B2473:1:476,"Stagonomus venustissimus (Schrank, 1776)","(Schrank, 1776)",Stagonomus,,venustissimus,,species,,B2473:1,accepted,,,B2473:1:473,"Stagonomus Gorski, 1852",,,,,Pentatomidae,Pentatominae,Stagonomus,,Pentatomorpha | Pentatomidae | Pentatominae | Eysarcorini | Stagonomus,"Stagonomus venustissimus (Schrank, 1776)",,SZMLF,10431339,NP8VZ,4485952
B2473:1:477,"Eysarcoris fabricii Kirkaldy, 1904","Kirkaldy, 1904",Eysarcoris,,fabricii,,species,,B2473:1,synonym,B2473:1:476,"Stagonomus venustissimus (Schrank, 1776)",,,,,,,Pentatomidae,Pentatominae,Stagonomus,,Pentatomorpha | Pentatomidae | Pentatominae | Eysarcorini | Stagonomus,"Eysarcoris fabricii Kirkaldy, 1904",,NP8PY,6096801,NP8VZ,4485952
B2473:1:478,Mecideini,,,,,,tribe,,B2473:1,accepted,,,B2473:1:432,Pentatominae,,,,,Pentatomidae,Pentatominae,,,Pentatomorpha | Pentatomidae | Pentatominae,Mecideini,,,,,
B2473:1:479,"Mecidea Dallas, 1851","Dallas, 1851",,,,,genus,,B2473:1,accepted,,,B2473:1:478,Mecideini,,,,,Pentatomidae,Pentatominae,Mecidea,,Pentatomorpha | Pentatomidae | Pentatominae | Mecideini,"Mecidea Dallas, 1851",,QGLJJ,2079048,QGLJJ,2079048
B2473:1:480,"Mecidea lindbergi Wagner, 1954","Wagner, 1954",Mecidea,,lindbergi,,species,,B2473:1,accepted,,,B2473:1:479,"Mecidea Dallas, 1851",,,,,Pentatomidae,Pentatominae,Mecidea,,Pentatomorpha | Pentatomidae | Pentatominae | Mecideini | Mecidea,"Mecidea lindbergi Wagner, 1954",,QGLK8,4485921,QGLK8,4485921
B2473:1:481,Nezarini,,,,,,tribe,,B2473:1,accepted,,,B2473:1:432,Pentatominae,,,,,Pentatomidae,Pentatominae,,,Pentatomorpha | Pentatomidae | Pentatominae,Nezarini,,,,,
B2473:1:482,"Nezara Amyot & Serville, 1843","Amyot & Serville, 1843",,,,,genus,,B2473:1,accepted,,,B2473:1:481,Nezarini,,,,,Pentatomidae,Pentatominae,Nezara,,Pentatomorpha | Pentatomidae | Pentatominae | Nezarini,"Nezara Amyot & Serville, 1843",,QSBV4,2078851,QSBV4,2078851
B2473:1:483,"Nezara viridula (Linnaeus, 1758)","(Linnaeus, 1758)",Nezara,,viridula,,species,,B2473:1,accepted,,,B2473:1:482,"Nezara Amyot & Serville, 1843",,,,,Pentatomidae,Pentatominae,Nezara,,Pentatomorpha | Pentatomidae | Pentatominae | Nezarini | Nezara,"Nezara viridula (Linnaeus, 1758)",,QSBYQ,2078852,QSBYQ,2078852
B2473:1:484,Pentatomini,,,,,,tribe,,B2473:1,accepted,,,B2473:1:432,Pentatominae,,,,,Pentatomidae,Pentatominae,,,Pentatomorpha | Pentatomidae | Pentatominae,Pentatomini,,,,,
B2473:1:485,"Pentatoma Olivier, 1789","Olivier, 1789",,,,,genus,,B2473:1,accepted,,,B2473:1:484,Pentatomini,,,,,Pentatomidae,Pentatominae,Pentatoma,,Pentatomorpha | Pentatomidae | Pentatominae | Pentatomini,"Pentatoma Olivier, 1789",,RYZRG,8368535,RYZRG,8368535
B2473:1:486,"Pentatoma Olivier, 1789","Olivier, 1789",Pentatoma,,,,subgenus,,B2473:1,accepted,,,B2473:1:485,"Pentatoma Olivier, 1789",,,,,Pentatomidae,Pentatominae,Pentatoma,Pentatoma,Pentatomorpha | Pentatomidae | Pentatominae | Pentatomini | Pentatoma,"Pentatoma Olivier, 1789",,RYZRG,,RYZRG,
B2473:1:487,"Pentatoma rufipes (Linnaeus, 1758)","(Linnaeus, 1758)",Pentatoma,Pentatoma,rufipes,,species,,B2473:1,accepted,,,B2473:1:486,"Pentatoma Olivier, 1789",,,,,Pentatomidae,Pentatominae,Pentatoma,Pentatoma,Pentatomorpha | Pentatomidae | Pentatominae | Pentatomini | Pentatoma | Pentatoma,"Pentatoma rufipes (Linnaeus, 1758)",,RYZS4,5758737,RYZS4,5758737
B2473:1:488,"Rhaphigaster Laporte, 1833","Laporte, 1833",,,,,genus,,B2473:1,accepted,,,B2473:1:484,Pentatomini,,,,,Pentatomidae,Pentatominae,Rhaphigaster,,Pentatomorpha | Pentatomidae | Pentatominae | Pentatomini,"Rhaphigaster Laporte, 1833",,SCYD8,2079011,SCYD8,2079011
B2473:1:489,"Rhaphigaster nebulosa (Poda, 1761)","(Poda, 1761)",Rhaphigaster,,nebulosa,,species,,B2473:1,accepted,,,B2473:1:488,"Rhaphigaster Laporte, 1833",,,,,Pentatomidae,Pentatominae,Rhaphigaster,,Pentatomorpha | Pentatomidae | Pentatominae | Pentatomini | Rhaphigaster,"Rhaphigaster nebulosa (Poda, 1761)",,SCYFT,5758736,SCYFT,5758736
B2473:1:490,Piezodorini,,,,,,tribe,,B2473:1,accepted,,,B2473:1:432,Pentatominae,,,,,Pentatomidae,Pentatominae,,,Pentatomorpha | Pentatomidae | Pentatominae,Piezodorini,,,,,
B2473:1:491,"Piezodorus Fieber, 1861","Fieber, 1861",,,,,genus,,B2473:1,accepted,,,B2473:1:490,Piezodorini,,,,,Pentatomidae,Pentatominae,Piezodorus,,Pentatomorpha | Pentatomidae | Pentatominae | Piezodorini,"Piezodorus Fieber, 1861",,RGXYG,2078820,RGXYG,2078820
B2473:1:492,"Piezodorus lituratus (Fabricius, 1794)","(Fabricius, 1794)",Piezodorus,,lituratus,,species,,B2473:1,accepted,,,B2473:1:491,"Piezodorus Fieber, 1861",,,,,Pentatomidae,Pentatominae,Piezodorus,,Pentatomorpha | Pentatomidae | Pentatominae | Piezodorini | Piezodorus,"Piezodorus lituratus (Fabricius, 1794)",,RGY28,2078821,RGY28,2078821
B2473:1:493,Sciocorini,,,,,,tribe,,B2473:1,accepted,,,B2473:1:432,Pentatominae,,,,,Pentatomidae,Pentatominae,,,Pentatomorpha | Pentatomidae | Pentatominae,Sciocorini,,,,,
B2473:1:494,"Dyroderes Spinola, 1837","Spinola, 1837",,,,,genus,,B2473:1,accepted,,,B2473:1:493,Sciocorini,,,,,Pentatomidae,Pentatominae,Dyroderes,,Pentatomorpha | Pentatomidae | Pentatominae | Sciocorini,"Dyroderes Spinola, 1837",,NTW3P,4406297,NTW3P,4406297
B2473:1:495,"Dyroderes umbraculatus (Fabricius, 1775)","(Fabricius, 1775)",Dyroderes,,umbraculatus,,species,,B2473:1,accepted,,,B2473:1:494,"Dyroderes Spinola, 1837",,,,,Pentatomidae,Pentatominae,Dyroderes,,Pentatomorpha | Pentatomidae | Pentatominae | Sciocorini | Dyroderes,"Dyroderes umbraculatus (Fabricius, 1775)",,NTW44,4485845,NTW44,4485845
B2473:1:496,"Sciocoris Fallén, 1829","Fallén, 1829",,,,,genus,,B2473:1,accepted,,,B2473:1:493,Sciocorini,,,,,Pentatomidae,Pentatominae,Sciocoris,,Pentatomorpha | Pentatomidae | Pentatominae | Sciocorini,"Sciocoris Fallén, 1829",,SRR75,2079251,SRR75,2079251
B2473:1:497,"Sciocoris umbrinus (Wolff, 1804)","(Wolff, 1804)",Sciocoris,,umbrinus,,species,,B2473:1,accepted,,,B2473:1:496,"Sciocoris Fallén, 1829",,,,,Pentatomidae,Pentatominae,Sciocoris,,Pentatomorpha | Pentatomidae | Pentatominae | Sciocorini | Sciocoris,"Sciocoris umbrinus (Wolff, 1804)",,SRR7V,2079255,SRR9B,2079255
B2473:1:498,"Aposciocoris Wagner, 1965","Wagner, 1965",Sciocoris,,,,subgenus,,B2473:1,accepted,,,B2473:1:496,"Sciocoris Fallén, 1829",,,,,Pentatomidae,Pentatominae,Sciocoris,Aposciocoris,Pentatomorpha | Pentatomidae | Pentatominae | Sciocorini | Sciocoris,"Aposciocoris Wagner, 1965",,,,,
B2473:1:499,"Sciocoris homalonotus Fieber, 1851","Fieber, 1851",Sciocoris,Aposciocoris,homalonotus,,species,,B2473:1,accepted,,,B2473:1:498,"Aposciocoris Wagner, 1965",,,,,Pentatomidae,Pentatominae,Sciocoris,Aposciocoris,Pentatomorpha | Pentatomidae | Pentatominae | Sciocorini | Sciocoris | Aposciocoris,"Sciocoris homalonotus Fieber, 1851",,SRR7F,4485866,SRR7F,4485866
B2473:1:500,"Sciocoris Fallén, 1829","Fallén, 1829",Sciocoris,,,,subgenus,,B2473:1,accepted,,,B2473:1:496,"Sciocoris Fallén, 1829",,,,,Pentatomidae,Pentatominae,Sciocoris,Sciocoris,Pentatomorpha | Pentatomidae | Pentatominae | Sciocorini | Sciocoris,"Sciocoris Fallén, 1829",,SRR75,,SRR75,
B2473:1:501,"Sciocoris cursitans (Fabricius, 1794)","(Fabricius, 1794)",Sciocoris,Sciocoris,cursitans,,species,,B2473:1,accepted,,,B2473:1:500,"Sciocoris Fallén, 1829",,,,,Pentatomidae,Pentatominae,Sciocoris,Sciocoris,Pentatomorpha | Pentatomidae | Pentatominae | Sciocorini | Sciocoris | Sciocoris,"Sciocoris cursitans (Fabricius, 1794)",,SRR9B,2079253,SRR9B,2079253
B2473:1:502,"Sciocoris cursitans subsp. cursitans (Fabricius, 1794)","(Fabricius, 1794)",Sciocoris,Sciocoris,cursitans,cursitans,subspecies,,B2473:1,accepted,,,B2473:1:501,"Sciocoris cursitans (Fabricius, 1794)",,,,,Pentatomidae,Pentatominae,Sciocoris,Sciocoris,Pentatomorpha | Pentatomidae | Pentatominae | Sciocorini | Sciocoris | Sciocoris | Sciocoris cursitans,"Sciocoris cursitans cursitans (Fabricius, 1794)",,SRR9C,4485860,SRR9B,2079253
B2473:1:503,Strachiini,,,,,,tribe,,B2473:1,accepted,,,B2473:1:432,Pentatominae,,,,,Pentatomidae,Pentatominae,,,Pentatomorpha | Pentatomidae | Pentatominae,Strachiini,,,,,
B2473:1:504,"Eurydema Laporte, 1833","Laporte, 1833",,,,,genus,,B2473:1,accepted,,,B2473:1:503,Strachiini,,,,,Pentatomidae,Pentatominae,Eurydema,,Pentatomorpha | Pentatomidae | Pentatominae | Strachiini,"Eurydema Laporte, 1833",,P464H,8781759,P464H,8781759
B2473:1:505,"Eurydema Laporte, 1833","Laporte, 1833",Eurydema,,,,subgenus,,B2473:1,accepted,,,B2473:1:504,"Eurydema Laporte, 1833",,,,,Pentatomidae,Pentatominae,Eurydema,Eurydema,Pentatomorpha | Pentatomidae | Pentatominae | Strachiini | Eurydema,"Eurydema Laporte, 1833",,P464H,,P464H,
B2473:1:506,"Eurydema oleracea (Linnaeus, 1758)","(Linnaeus, 1758)",Eurydema,Eurydema,oleracea,,species,,B2473:1,accepted,,,B2473:1:505,"Eurydema Laporte, 1833",,,,,Pentatomidae,Pentatominae,Eurydema,Eurydema,Pentatomorpha | Pentatomidae | Pentatominae | Strachiini | Eurydema | Eurydema,"Eurydema oleracea (Linnaeus, 1758)",,P464Y,4485898,P464Y,4485898
B2473:1:507,"Eurydema ornata (Linnaeus, 1758)","(Linnaeus, 1758)",Eurydema,Eurydema,ornata,,species,,B2473:1,accepted,,,B2473:1:505,"Eurydema Laporte, 1833",,,,,Pentatomidae,Pentatominae,Eurydema,Eurydema,Pentatomorpha | Pentatomidae | Pentatominae | Strachiini | Eurydema | Eurydema,"Eurydema ornata (Linnaeus, 1758)",,P4655,4485906,P4655,4485906
B2473:1:508,"Rubrodorsalium Stichel, 1944","Stichel, 1944",Eurydema,,,,subgenus,,B2473:1,accepted,,,B2473:1:504,"Eurydema Laporte, 1833",,,,,Pentatomidae,Pentatominae,Eurydema,Rubrodorsalium,Pentatomorpha | Pentatomidae | Pentatominae | Strachiini | Eurydema,"Rubrodorsalium Stichel, 1944",,,,,
B2473:1:509,"Eurydema dominulus (Scopoli, 1763)","(Scopoli, 1763)",Eurydema,Rubrodorsalium,dominulus,,species,,B2473:1,accepted,,,B2473:1:508,"Rubrodorsalium Stichel, 1944",,,,,Pentatomidae,Pentatominae,Eurydema,Rubrodorsalium,Pentatomorpha | Pentatomidae | Pentatominae | Strachiini | Eurydema | Rubrodorsalium,"Eurydema dominulus (Scopoli, 1763)",,P466C,4485896,P466C,4485896
B2473:1:510,"Eurydema ventralis Kolenati, 1846","Kolenati, 1846",Eurydema,Rubrodorsalium,ventralis,,species,,B2473:1,accepted,,,B2473:1:508,"Rubrodorsalium Stichel, 1944",,,,,Pentatomidae,Pentatominae,Eurydema,Rubrodorsalium,Pentatomorpha | Pentatomidae | Pentatominae | Strachiini | Eurydema | Rubrodorsalium,"Eurydema ventralis Kolenati, 1846",,P466N,4485895,P466N,4485895
B2473:1:511,Podopinae,,,,,,subfamily,,B2473:1,accepted,,,B2473:1:416,Pentatomidae,,,,,Pentatomidae,Podopinae,,,Pentatomorpha | Pentatomidae,Podopinae,,,,,
B2473:1:512,Graphosomatini,,,,,,tribe,,B2473:1,accepted,,,B2473:1:511,Podopinae,,,,,Pentatomidae,Podopinae,,,Pentatomorpha | Pentatomidae | Podopinae,Graphosomatini,,,,,
B2473:1:513,"Graphosoma Laporte, 1833","Laporte, 1833",,,,,genus,,B2473:1,accepted,,,B2473:1:512,Graphosomatini,,,,,Pentatomidae,Podopinae,Graphosoma,,Pentatomorpha | Pentatomidae | Podopinae | Graphosomatini,"Graphosoma Laporte, 1833",,PJYKB,4405318,PJYKB,4405318
B2473:1:514,"Graphosoma Laporte, 1833","Laporte, 1833",Graphosoma,,,,subgenus,,B2473:1,accepted,,,B2473:1:513,"Graphosoma Laporte, 1833",,,,,Pentatomidae,Podopinae,Graphosoma,Graphosoma,Pentatomorpha | Pentatomidae | Podopinae | Graphosomatini | Graphosoma,"Graphosoma Laporte, 1833",,PJYKB,,PJYKB,
B2473:1:515,"Graphosoma italicum (O. F. Müller, 1766)","(O. F. Müller, 1766)",Graphosoma,Graphosoma,italicum,,species,,B2473:1,accepted,,,B2473:1:514,"Graphosoma Laporte, 1833",,,,,Pentatomidae,Podopinae,Graphosoma,Graphosoma,Pentatomorpha | Pentatomidae | Podopinae | Graphosomatini | Graphosoma | Graphosoma,"Graphosoma italicum (O. F. Müller, 1766)",,PJYMB,7437802,PJYMB,7437802
B2473:1:516,"Graphosoma italicum subsp. italicum (O. F. Müller, 1766)","(O. F. Müller, 1766)",Graphosoma,Graphosoma,italicum,italicum,subspecies,,B2473:1,accepted,,,B2473:1:515,"Graphosoma italicum (O. F. Müller, 1766)",,,,,Pentatomidae,Podopinae,Graphosoma,Graphosoma,Pentatomorpha | Pentatomidae | Podopinae | Graphosomatini | Graphosoma | Graphosoma | Graphosoma italicum,"Graphosoma italicum italicum (O. F. Müller, 1766)",,PJYMJ,10673323,PJYMJ,10673323
B2473:1:517,Podopini,,,,,,tribe,,B2473:1,accepted,,,B2473:1:511,Podopinae,,,,,Pentatomidae,Podopinae,,,Pentatomorpha | Pentatomidae | Podopinae,Podopini,,,,,
B2473:1:518,"Podops Laporte, 1833","Laporte, 1833",,,,,genus,,B2473:1,accepted,,,B2473:1:517,Podopini,,,,,Pentatomidae,Podopinae,Podops,,Pentatomorpha | Pentatomidae | Podopinae | Podopini,"Podops Laporte, 1833",,RWM6J,8882580,RWM6J,8882580
B2473:1:519,"Podops Laporte, 1833","Laporte, 1833",Podops,,,,subgenus,,B2473:1,accepted,,,B2473:1:518,"Podops Laporte, 1833",,,,,Pentatomidae,Podopinae,Podops,Podops,Pentatomorpha | Pentatomidae | Podopinae | Podopini | Podops,"Podops Laporte, 1833",,RWM6J,,RWM6J,
B2473:1:520,"Podops inuncta (Fabricius, 1775)","(Fabricius, 1775)",Podops,Podops,inuncta,,species,,B2473:1,accepted,,,B2473:1:519,"Podops Laporte, 1833",,,,,Pentatomidae,Podopinae,Podops,Podops,Pentatomorpha | Pentatomidae | Podopinae | Podopini | Podops | Podops,"Podops inuncta (Fabricius, 1775)",,RWM7P,4485704,RWM7P,4485704