scientificNameID,scientificName,scientificNameAuthorship,genericName,infragenericEpithet,specificEpithet,infraspecificEpithet,taxonRank,taxonRemarks,collectionCode,taxonomicStatus,acceptedNameUsageID,acceptedNameUsage,parentNameUsageID,parentNameUsage,kingdom,phylum,class,order,family,subfamily,genus,subgenus,higherClassification,verbatimIdentification,dynamicProperties,colTaxonID,gbifTaxonID,colAcceptedTaxonID,gbifAcceptedTaxonID
B2569:1:1,Pentatomoidea Reut. 1910,Reut. 1910,,,,,superfamily,,B2569:1,accepted,,,,,,,,,,,,,,Pentatomoidea Reut. 1910,,BXWDQ,,BXWDQ,
B2569:1:2,Plataspidae Dall. 1851,Dall. 1851,,,,,family,,B2569:1,accepted,,,B2569:1:1,Pentatomoidea Reut. 1910,,,,,Plataspidae,,,,Pentatomoidea,Plataspidae Dall. 1851,,S2FFR,9652,S2FFR,9652
B2569:1:3,Coptosoma Lap. 1832,Lap. 1832,,,,,genus,,B2569:1,accepted,,,B2569:1:2,Plataspidae Dall. 1851,,,,,Plataspidae,,Coptosoma,,Pentatomoidea | Plataspidae,Coptosoma Lap. 1832,,N6SM8,3265959,N6SM8,3265959
B2569:1:4,Coptosoma scutellatum (Geoffr. 1785),(Geoffr. 1785),Coptosoma,,scutellatum,,species,,B2569:1,accepted,,,B2569:1:3,Coptosoma Lap. 1832,,,,,Plataspidae,,Coptosoma,,Pentatomoidea | Plataspidae | Coptosoma,scutelatum (Geoffr. 1785),,N6SMX,6096723,N6SMX,6096723
B2569:1:5,Coptosoma mucronatum Seid. 1963,Seid. 1963,Coptosoma,,mucronatum,,species,,B2569:1,accepted,,,B2569:1:3,Coptosoma Lap. 1832,,,,,Plataspidae,,Coptosoma,,Pentatomoidea | Plataspidae | Coptosoma,mucronatum Seid. 1963,,N6SXX,8731781,N6SXX,8731781
B2569:1:6,Acanthosomatidae (Stål 1864),(Stål 1864),,,,,family,,B2569:1,accepted,,,B2569:1:1,Pentatomoidea Reut. 1910,,,,,Acanthosomatidae,,,,Pentatomoidea,Acanthosomidae (Stål 1864),,7NFSF,4303,7NFSF,4303
B2569:1:7,Acanthosoma Curt. 1824,Curt. 1824,,,,,genus,,B2569:1,accepted,,,B2569:1:6,Acanthosomatidae (Stål 1864),,,,,Acanthosomatidae,,Acanthosoma,,Pentatomoidea | Acanthosomatidae,Acanthosoma Curt. 1824,,7NMN9,11258498,7NMN9,11258498
B2569:1:8,Acanthosoma forcipatum Reut. 1881,Reut. 1881,Acanthosoma,,forcipatum,,species,,B2569:1,accepted,,,B2569:1:7,Acanthosoma Curt. 1824,,,,,Acanthosomatidae,,Acanthosoma,,Pentatomoidea | Acanthosomatidae | Acanthosoma,forcipatum Reut. 1881,,7Q9K6,11127115,7Q9K6,11127115
B2569:1:9,Acanthosoma spinicolle Jak. 1880,Jak. 1880,Acanthosoma,,spinicolle,,species,,B2569:1,accepted,,,B2569:1:7,Acanthosoma Curt. 1824,,,,,Acanthosomatidae,,Acanthosoma,,Pentatomoidea | Acanthosomatidae | Acanthosoma,spinicolle Jak. 1880,,7Q9LF,10249169,7Q9LF,10249169
B2569:1:10,Acanthosoma haemorrhoidale (L. 1758),(L. 1758),Acanthosoma,,haemorrhoidale,,species,,B2569:1,accepted,,,B2569:1:7,Acanthosoma Curt. 1824,,,,,Acanthosomatidae,,Acanthosoma,,Pentatomoidea | Acanthosomatidae | Acanthosoma,haemorrhoidale (L. 1758),,7Q9KF,5866246,7Q9KF,5866246
B2569:1:11,Elasmostethus Fieb. 1860,Fieb. 1860,,,,,genus,,B2569:1,accepted,,,B2569:1:6,Acanthosomatidae (Stål 1864),,,,,Acanthosomatidae,,Elasmostethus,,Pentatomoidea | Acanthosomatidae,Elasmostethus Fieb. 1860,,7NVTY,2079269,7NVTY,2079269
B2569:1:12,Elasmostethus brevis Lindb. 1934,Lindb. 1934,Elasmostethus,,brevis,,species,,B2569:1,accepted,,,B2569:1:11,Elasmostethus Fieb. 1860,,,,,Acanthosomatidae,,Elasmostethus,,Pentatomoidea | Acanthosomatidae | Elasmostethus,brevis Lindb. 1934,,7TG97,4485985,7TG97,4485985
B2569:1:13,Elasmostethus interstinctus (L. 1758),(L. 1758),Elasmostethus,,interstinctus,,species,,B2569:1,accepted,,,B2569:1:11,Elasmostethus Fieb. 1860,,,,,Acanthosomatidae,,Elasmostethus,,Pentatomoidea | Acanthosomatidae | Elasmostethus,interstinctus (L. 1758),,7TG9H,2079270,7TG9H,2079270
B2569:1:14,Elasmostethus minor Horv. 1899,Horv. 1899,Elasmostethus,,minor,,species,,B2569:1,accepted,,,B2569:1:11,Elasmostethus Fieb. 1860,,,,,Acanthosomatidae,,Elasmostethus,,Pentatomoidea | Acanthosomatidae | Elasmostethus,minor Horv. 1899,,7TG9R,4485983,7TG9R,4485983
B2569:1:15,Elasmucha Stål 1864,Stål 1864,,,,,genus,,B2569:1,accepted,,,B2569:1:6,Acanthosomatidae (Stål 1864),,,,,Acanthosomatidae,,Elasmucha,,Pentatomoidea | Acanthosomatidae,Elasmucha Stål 1864,,7NYBN,2079257,7NYBN,2079257
B2569:1:16,Elasmucha ferrugata F.,F.,Elasmucha,,ferrugata,,species,,B2569:1,accepted,,,B2569:1:15,Elasmucha Stål 1864,,,,,Acanthosomatidae,,Elasmucha,,Pentatomoidea | Acanthosomatidae | Elasmucha,ferrugata F.,"{""identifiable"":false}",7TGBP,2079261,7TGBP,2079261
B2569:1:17,Elasmucha betulae Deg.,Deg.,Elasmucha,,betulae,,species,,B2569:1,accepted,,,B2569:1:15,Elasmucha Stål 1864,,,,,Acanthosomatidae,,Elasmucha,,Pentatomoidea | Acanthosomatidae | Elasmucha,betulae Deg.,"{""identifiable"":false}",,,,
B2569:1:18,Elasmucha grisea L.,L.,Elasmucha,,grisea,,species,,B2569:1,accepted,,,B2569:1:15,Elasmucha Stål 1864,,,,,Acanthosomatidae,,Elasmucha,,Pentatomoidea | Acanthosomatidae | Elasmucha,grisea L.,"{""identifiable"":false}",7TGBX,4485987,7TGBX,4485987
B2569:1:19,Elasmucha signoretii Scott.,Scott.,Elasmucha,,signoretii,,species,,B2569:1,accepted,,,B2569:1:15,Elasmucha Stål 1864,,,,,Acanthosomatidae,,Elasmucha,,Pentatomoidea | Acanthosomatidae | Elasmucha,signoretii Scott.,"{""identifiable"":false}",7TGCX,9959459,7TGCX,9959459
B2569:1:20,Elasmucha rufescens Jak.,Jak.,Elasmucha,,rufescens,,species,,B2569:1,accepted,,,B2569:1:15,Elasmucha Stål 1864,,,,,Acanthosomatidae,,Elasmucha,,Pentatomoidea | Acanthosomatidae | Elasmucha,rufescens Jak.,"{""identifiable"":false}",7TGCS,10235523,7TGCS,10235523
B2569:1:21,Elasmucha punctata Dall.,Dall.,Elasmucha,,punctata,,species,,B2569:1,accepted,,,B2569:1:15,Elasmucha Stål 1864,,,,,Acanthosomatidae,,Elasmucha,,Pentatomoidea | Acanthosomatidae | Elasmucha,punctata Dall.,"{""identifiable"":false}",7TGCN,11132601,7TGCN,11132601
B2569:1:22,Elasmucha antennata Reut.,Reut.,Elasmucha,,antennata,,species,,B2569:1,accepted,,,B2569:1:15,Elasmucha Stål 1864,,,,,Acanthosomatidae,,Elasmucha,,Pentatomoidea | Acanthosomatidae | Elasmucha,antennata Reut.,"{""identifiable"":false}",7TGBB,11225957,7XCZH,4485990
B2569:1:23,Cyphostethus Fieb. 1860,Fieb. 1860,,,,,genus,,B2569:1,accepted,,,B2569:1:6,Acanthosomatidae (Stål 1864),,,,,Acanthosomatidae,,Cyphostethus,,Pentatomoidea | Acanthosomatidae,Cyphostethus Fieb. 1860,,7NV8G,3265727,7NV8G,3265727
B2569:1:24,Cyphostethus tristriatus (F. 1787),(F. 1787),Cyphostethus,,tristriatus,,species,,B2569:1,accepted,,,B2569:1:23,Cyphostethus Fieb. 1860,,,,,Acanthosomatidae,,Cyphostethus,,Pentatomoidea | Acanthosomatidae | Cyphostethus,tristriatus (F. 1787),,7SX54,6096805,7SX54,6096805
B2569:1:25,Cydnidae Bilb. 1820,Bilb. 1820,,,,,family,,B2569:1,accepted,,,B2569:1:1,Pentatomoidea Reut. 1910,,,,,Cydnidae,,,,Pentatomoidea,Cydnidae Bilb. 1820,,BXWHY,6989,BXWHY,6989
B2569:1:26,Thyreocorinae Am. Serv. 1843,Am. Serv. 1843,,,,,subfamily,,B2569:1,accepted,,,B2569:1:25,Cydnidae Bilb. 1820,,,,,Cydnidae,Thyreocorinae,,,Pentatomoidea | Cydnidae,Thyreocorinae Am. Serv. 1843,,,,,
B2569:1:27,Thyreocoris Schr. 1801,Schr. 1801,,,,,genus,,B2569:1,accepted,,,B2569:1:26,Thyreocorinae Am. Serv. 1843,,,,,Cydnidae,Thyreocorinae,Thyreocoris,,Pentatomoidea | Cydnidae | Thyreocorinae,Thyreocoris Schr. 1801,,TKJL6,4486000,TKJL6,4486000
B2569:1:28,Thyreocoris scarabaeoides (L. 1758),(L. 1758),Thyreocoris,,scarabaeoides,,species,,B2569:1,accepted,,,B2569:1:27,Thyreocoris Schr. 1801,,,,,Cydnidae,Thyreocorinae,Thyreocoris,,Pentatomoidea | Cydnidae | Thyreocorinae | Thyreocoris,scarabaeoides (L. 1758),,TKJLQ,4486004,TKJLQ,4486004
B2569:1:29,Cydninae Am. Serv. 1843,Am. Serv. 1843,,,,,subfamily,,B2569:1,accepted,,,B2569:1:25,Cydnidae Bilb. 1820,,,,,Cydnidae,Cydninae,,,Pentatomoidea | Cydnidae,Cydninae Am. Serv. 1843,,,,,
B2569:1:30,Scaptocorini Froeschner 1960,Froeschner 1960,,,,,tribe,,B2569:1,accepted,,,B2569:1:29,Cydninae Am. Serv. 1843,,,,,Cydnidae,Cydninae,,,Pentatomoidea | Cydnidae | Cydninae,Scaptocorini Froeschner 1960,,,,,
B2569:1:31,Stibaropus Dall. 1851,Dall. 1851,,,,,genus,,B2569:1,accepted,,,B2569:1:30,Scaptocorini Froeschner 1960,,,,,Cydnidae,Cydninae,Stibaropus,,Pentatomoidea | Cydnidae | Cydninae | Scaptocorini,Stibaropus Dall. 1851,,TCVL7,4406888,TCVL7,4406888
B2569:1:32,Stibaropus henkei (Jak. 1874),(Jak. 1874),Stibaropus,,henkei,,species,,B2569:1,accepted,,,B2569:1:31,Stibaropus Dall. 1851,,,,,Cydnidae,Cydninae,Stibaropus,,Pentatomoidea | Cydnidae | Cydninae | Scaptocorini | Stibaropus,henkei (Jak. 1874),,TCVLC,4486130,TCVLC,4486130
B2569:1:33,Stibaropus hohlbecki Kir. 1912,Kir. 1912,Stibaropus,,hohlbecki,,species,,B2569:1,accepted,,,B2569:1:31,Stibaropus Dall. 1851,,,,,Cydnidae,Cydninae,Stibaropus,,Pentatomoidea | Cydnidae | Cydninae | Scaptocorini | Stibaropus,hohlbecki Kir. 1912,,,,,
B2569:1:34,Cydnini Am. Serv. 1843,Am. Serv. 1843,,,,,tribe,,B2569:1,accepted,,,B2569:1:29,Cydninae Am. Serv. 1843,,,,,Cydnidae,Cydninae,,,Pentatomoidea | Cydnidae | Cydninae,Cydnini Am. Serv. 1843,,,,,
B2569:1:35,Aethus Dall. 1851,Dall. 1851,,,,,genus,,B2569:1,accepted,,,B2569:1:34,Cydnini Am. Serv. 1843,,,,,Cydnidae,Cydninae,Aethus,,Pentatomoidea | Cydnidae | Cydninae | Cydnini,Aethus Dall. 1851,,L7WQ8,2078763,L7WQ8,2078763
B2569:1:36,Aethus hispidulus (Klug. 1845),(Klug. 1845),Aethus,,hispidulus,,species,,B2569:1,accepted,,,B2569:1:35,Aethus Dall. 1851,,,,,Cydnidae,Cydninae,Aethus,,Pentatomoidea | Cydnidae | Cydninae | Cydnini | Aethus,hispidulus (Klug. 1845),,L7WQN,4486113,L7WQN,4486113
B2569:1:37,Aethus sahlbergi (Reut. 1900),(Reut. 1900),Aethus,,sahlbergi,,species,,B2569:1,accepted,,,B2569:1:35,Aethus Dall. 1851,,,,,Cydnidae,Cydninae,Aethus,,Pentatomoidea | Cydnidae | Cydninae | Cydnini | Aethus,sahlbergi (Reut. 1900),,,,,
B2569:1:38,Aethus pilosus (H.-S. 1834),(H.-S. 1834),Aethus,,pilosus,,species,,B2569:1,accepted,,,B2569:1:35,Aethus Dall. 1851,,,,,Cydnidae,Cydninae,Aethus,,Pentatomoidea | Cydnidae | Cydninae | Cydnini | Aethus,pilosus (H.-S. 1834),,L7WS4,4486111,L7WS4,4486111
B2569:1:39,Aethus syriacus (Horv. 1917),(Horv. 1917),Aethus,,syriacus,,species,,B2569:1,accepted,,,B2569:1:35,Aethus Dall. 1851,,,,,Cydnidae,Cydninae,Aethus,,Pentatomoidea | Cydnidae | Cydninae | Cydnini | Aethus,syriacus (Horv. 1917),,,,,
B2569:1:40,Aethus nigritus (F. 1794),(F. 1794),Aethus,,nigritus,,species,,B2569:1,accepted,,,B2569:1:35,Aethus Dall. 1851,,,,,Cydnidae,Cydninae,Aethus,,Pentatomoidea | Cydnidae | Cydninae | Cydnini | Aethus,nigritus (F. 1794),,L7WRG,2078764,L7WRG,5758803
B2569:1:41,Aethus pilosulus (Klug. 1845),(Klug. 1845),Aethus,,pilosulus,,species,,B2569:1,accepted,,,B2569:1:35,Aethus Dall. 1851,,,,,Cydnidae,Cydninae,Aethus,,Pentatomoidea | Cydnidae | Cydninae | Cydnini | Aethus,pilosulus (Klug. 1845),,L7WS3,10910003,LZSB3,4486105
B2569:1:42,Aethus ahngeri Wagn. 1951,Wagn. 1951,Aethus,,ahngeri,,species,,B2569:1,accepted,,,B2569:1:35,Aethus Dall. 1851,,,,,Cydnidae,Cydninae,Aethus,,Pentatomoidea | Cydnidae | Cydninae | Cydnini | Aethus,ahngeri Wagn. 1951,,,,,
B2569:1:43,Aethus flavicornis (F. 1794),(F. 1794),Aethus,,flavicornis,,species,,B2569:1,accepted,,,B2569:1:35,Aethus Dall. 1851,,,,,Cydnidae,Cydninae,Aethus,,Pentatomoidea | Cydnidae | Cydninae | Cydnini | Aethus,flavicornis (F. 1794),,L7WQK,6096815,LZS8S,4486103
B2569:1:44,Byrsinus Fieb. 1860,Fieb. 1860,,,,,genus,,B2569:1,accepted,,,B2569:1:34,Cydnini Am. Serv. 1843,,,,,Cydnidae,Cydninae,Byrsinus,,Pentatomoidea | Cydnidae | Cydninae | Cydnini,Byrsinus Fieb. 1860,,LZS84,4406877,LZS84,4406877
B2569:1:45,Byrsinus fossor (Mls. R. 1865),(Mls. R. 1865),Byrsinus,,fossor,,species,,B2569:1,accepted,,,B2569:1:44,Byrsinus Fieb. 1860,,,,,Cydnidae,Cydninae,Byrsinus,,Pentatomoidea | Cydnidae | Cydninae | Cydnini | Byrsinus,fossor (Mls. R. 1865),,DLZW5,4486095,LZS8S,4486095
B2569:1:46,Byrsinus penicillatus Wagn. 1964,Wagn. 1964,Byrsinus,,penicillatus,,species,,B2569:1,accepted,,,B2569:1:44,Byrsinus Fieb. 1860,,,,,Cydnidae,Cydninae,Byrsinus,,Pentatomoidea | Cydnidae | Cydninae | Cydnini | Byrsinus,penicillatus Wagn. 1964,,LZS9X,10843822,LZS9X,10843822
B2569:1:47,Byrsinus minor Wagn. 1964,Wagn. 1964,Byrsinus,,minor,,species,,B2569:1,accepted,,,B2569:1:44,Byrsinus Fieb. 1860,,,,,Cydnidae,Cydninae,Byrsinus,,Pentatomoidea | Cydnidae | Cydninae | Cydnini | Byrsinus,minor Wagn. 1964,,,,,
B2569:1:48,Peribyssus Put. 1888,Put. 1888,,,,,genus,,B2569:1,accepted,,,B2569:1:34,Cydnini Am. Serv. 1843,,,,,Cydnidae,Cydninae,Peribyssus,,Pentatomoidea | Cydnidae | Cydninae | Cydnini,Peribyssus Put. 1888,,,4780727,,4780727
B2569:1:49,Peribyssus discus (Jak. 1906),(Jak. 1906),Peribyssus,,discus,,species,,B2569:1,accepted,,,B2569:1:48,Peribyssus Put. 1888,,,,,Cydnidae,Cydninae,Peribyssus,,Pentatomoidea | Cydnidae | Cydninae | Cydnini | Peribyssus,discus (Jak. 1906),,,,,
B2569:1:50,Peribyssus pevtzovi (Jak. 1903),(Jak. 1903),Peribyssus,,pevtzovi,,species,,B2569:1,accepted,,,B2569:1:48,Peribyssus Put. 1888,,,,,Cydnidae,Cydninae,Peribyssus,,Pentatomoidea | Cydnidae | Cydninae | Cydnini | Peribyssus,pevtzovi (Jak. 1903),,,,,
B2569:1:51,Macroscytus Fieb. 1860,Fieb. 1860,,,,,genus,,B2569:1,accepted,,,B2569:1:34,Cydnini Am. Serv. 1843,,,,,Cydnidae,Cydninae,Macroscytus,,Pentatomoidea | Cydnidae | Cydninae | Cydnini,Macroscytus Fieb. 1860,,Q9VGX,2078734,Q9VGX,2078734
B2569:1:52,Macroscytus brunneus (F. 1803),(F. 1803),Macroscytus,,brunneus,,species,,B2569:1,accepted,,,B2569:1:51,Macroscytus Fieb. 1860,,,,,Cydnidae,Cydninae,Macroscytus,,Pentatomoidea | Cydnidae | Cydninae | Cydnini | Macroscytus,brunneus (F. 1803),,Q9VKB,4486089,Q9VKB,4486089
B2569:1:53,Geotomus Mls. R. 1866,Mls. R. 1866,,,,,genus,,B2569:1,accepted,,,B2569:1:34,Cydnini Am. Serv. 1843,,,,,Cydnidae,Cydninae,Geotomus,,Pentatomoidea | Cydnidae | Cydninae | Cydnini,Geotomus Mls. R. 1866,,PCND5,2078736,PCND5,2078736
B2569:1:54,Geotomus latiusculus Horv. 1881,Horv. 1881,Geotomus,,latiusculus,,species,,B2569:1,accepted,,,B2569:1:53,Geotomus Mls. R. 1866,,,,,Cydnidae,Cydninae,Geotomus,,Pentatomoidea | Cydnidae | Cydninae | Cydnini | Geotomus,latiusculus Horv. 1881,,,,,
B2569:1:55,Geotomus antennatus Sign. 1883,Sign. 1883,Geotomus,,antennatus,,species,,B2569:1,accepted,,,B2569:1:53,Geotomus Mls. R. 1866,,,,,Cydnidae,Cydninae,Geotomus,,Pentatomoidea | Cydnidae | Cydninae | Cydnini | Geotomus,antennatus Sign. 1883,,PCNFC,10738645,PCNFC,10738645
B2569:1:56,Geotomus punctulatus (Costa 1847),(Costa 1847),Geotomus,,punctulatus,,species,,B2569:1,accepted,,,B2569:1:53,Geotomus Mls. R. 1866,,,,,Cydnidae,Cydninae,Geotomus,,Pentatomoidea | Cydnidae | Cydninae | Cydnini | Geotomus,punctulatus (Costa 1847),,PCNMY,4486116,PCNMY,4486116
B2569:1:57,Geotomus caucasicus (Kol. 1846),(Kol. 1846),Geotomus,,caucasicus,,species,,B2569:1,accepted,,,B2569:1:53,Geotomus Mls. R. 1866,,,,,Cydnidae,Cydninae,Geotomus,,Pentatomoidea | Cydnidae | Cydninae | Cydnini | Geotomus,caucasicus (Kol. 1846),,,,,
B2569:1:58,"Geotomus caucasicus subsp. caucasicus (Kol, 1846)","(Kol, 1846)",Geotomus,,caucasicus,caucasicus,subspecies,,B2569:1,accepted,,,B2569:1:57,Geotomus caucasicus (Kol. 1846),,,,,Cydnidae,Cydninae,Geotomus,,Pentatomoidea | Cydnidae | Cydninae | Cydnini | Geotomus | Geotomus caucasicus,"caucasicus caucasicus (Kol, 1846)",,,,,
B2569:1:59,Geotomus caucasicus subsp. ciliatitylus Sign. 1883,Sign. 1883,Geotomus,,caucasicus,ciliatitylus,subspecies,,B2569:1,accepted,,,B2569:1:57,Geotomus caucasicus (Kol. 1846),,,,,Cydnidae,Cydninae,Geotomus,,Pentatomoidea | Cydnidae | Cydninae | Cydnini | Geotomus | Geotomus caucasicus,caucasicus ciliatitylus Sign. 1883,,,,,
B2569:1:60,Geotomus elongatus (H.-S. 1840),(H.-S. 1840),Geotomus,,elongatus,,species,,B2569:1,accepted,,,B2569:1:53,Geotomus Mls. R. 1866,,,,,Cydnidae,Cydninae,Geotomus,,Pentatomoidea | Cydnidae | Cydninae | Cydnini | Geotomus,elongatus (H.-S. 1840),,PCNGX,4486118,PCNGX,4486118
B2569:1:61,Geotomus elongatus subsp. elongatus H.-S. 1840,H.-S. 1840,Geotomus,,elongatus,elongatus,subspecies,,B2569:1,accepted,,,B2569:1:60,Geotomus elongatus (H.-S. 1840),,,,,Cydnidae,Cydninae,Geotomus,,Pentatomoidea | Cydnidae | Cydninae | Cydnini | Geotomus | Geotomus elongatus,elongatus elongatus H.-S. 1840,,,,,
B2569:1:62,Geotomus elongatus subsp. angustus Wagner 1953,Wagner 1953,Geotomus,,elongatus,angustus,subspecies,,B2569:1,accepted,,,B2569:1:60,Geotomus elongatus (H.-S. 1840),,,,,Cydnidae,Cydninae,Geotomus,,Pentatomoidea | Cydnidae | Cydninae | Cydnini | Geotomus | Geotomus elongatus,elongatus angustus Wagner 1953,,,,,
B2569:1:63,Cydnus F. 1803,F. 1803,,,,,genus,,B2569:1,accepted,,,B2569:1:34,Cydnini Am. Serv. 1843,,,,,Cydnidae,Cydninae,Cydnus,,Pentatomoidea | Cydnidae | Cydninae | Cydnini,Cydnus F. 1803,,MZ5P6,2078814,MZ5P6,2078814
B2569:1:64,Cydnus aterrimus (Först. 1771),(Först. 1771),Cydnus,,aterrimus,,species,,B2569:1,accepted,,,B2569:1:63,Cydnus F. 1803,,,,,Cydnidae,Cydninae,Cydnus,,Pentatomoidea | Cydnidae | Cydninae | Cydnini | Cydnus,aterrimus (Först. 1771),,MZ5QT,2078815,MZ5QT,2078815
B2569:1:65,Sehirinae Am. Serv. 1843,Am. Serv. 1843,,,,,subfamily,,B2569:1,accepted,,,B2569:1:25,Cydnidae Bilb. 1820,,,,,Cydnidae,Sehirinae,,,Pentatomoidea | Cydnidae,Sehirinae Am. Serv. 1843,,,,,
B2569:1:66,Amaurocoris Stål 1864,Stål 1864,,,,,genus,,B2569:1,accepted,,,B2569:1:65,Sehirinae Am. Serv. 1843,,,,,Cydnidae,Sehirinae,Amaurocoris,,Pentatomoidea | Cydnidae | Sehirinae,Amaurocoris Stål 1864,,L7K3G,4486195,L7K3G,4486195
B2569:1:67,"Amaurocoris curtus (Brullé, 1838)","(Brullé, 1838)",Amaurocoris,,curtus,,species,,B2569:1,accepted,,,B2569:1:66,Amaurocoris Stål 1864,,,,,Cydnidae,Sehirinae,Amaurocoris,,Pentatomoidea | Cydnidae | Sehirinae | Amaurocoris,"curtus (Brullé, 1838)",,L7K3J,4486196,L7K3J,4486196
B2569:1:68,Amaurocoris orbicularis Jak. 1885,Jak. 1885,Amaurocoris,,orbicularis,,species,,B2569:1,accepted,,,B2569:1:66,Amaurocoris Stål 1864,,,,,Cydnidae,Sehirinae,Amaurocoris,,Pentatomoidea | Cydnidae | Sehirinae | Amaurocoris,orbicularis Jak. 1885,,,4486199,,4486198
B2569:1:69,Amaurocoris candidus Horv. 1889,Horv. 1889,Amaurocoris,,candidus,,species,,B2569:1,accepted,,,B2569:1:66,Amaurocoris Stål 1864,,,,,Cydnidae,Sehirinae,Amaurocoris,,Pentatomoidea | Cydnidae | Sehirinae | Amaurocoris,candidus Horv. 1889,,,,,
B2569:1:70,Legnotus Schiödte 1848,Schiödte 1848,,,,,genus,,B2569:1,accepted,,,B2569:1:65,Sehirinae Am. Serv. 1843,,,,,Cydnidae,Sehirinae,Legnotus,,Pentatomoidea | Cydnidae | Sehirinae,Legnotus Schiödte 1848,,PX3DX,3265255,PX3DX,3265255
B2569:1:71,Legnotus limbosus (Goeffr. 1785),(Goeffr. 1785),Legnotus,,limbosus,,species,,B2569:1,accepted,,,B2569:1:70,Legnotus Schiödte 1848,,,,,Cydnidae,Sehirinae,Legnotus,,Pentatomoidea | Cydnidae | Sehirinae | Legnotus,limbosus (Goeffr. 1785),,PX3G4,5758810,PX3G4,5758810
B2569:1:72,Legnotus picipes (Fall. 1807),(Fall. 1807),Legnotus,,picipes,,species,,B2569:1,accepted,,,B2569:1:70,Legnotus Schiödte 1848,,,,,Cydnidae,Sehirinae,Legnotus,,Pentatomoidea | Cydnidae | Sehirinae | Legnotus,picipes (Fall. 1807),,PX3GV,5758812,PX3GV,5758812
B2569:1:73,Legnotus fumigatus (Costa 1852),(Costa 1852),Legnotus,,fumigatus,,species,,B2569:1,accepted,,,B2569:1:70,Legnotus Schiödte 1848,,,,,Cydnidae,Sehirinae,Legnotus,,Pentatomoidea | Cydnidae | Sehirinae | Legnotus,fumigatus (Costa 1852),,PX3FT,7675916,PX3FT,7675916
B2569:1:74,Legnotus validus (Jak. 1877),(Jak. 1877),Legnotus,,validus,,species,,B2569:1,accepted,,,B2569:1:70,Legnotus Schiödte 1848,,,,,Cydnidae,Sehirinae,Legnotus,,Pentatomoidea | Cydnidae | Sehirinae | Legnotus,validus (Jak. 1877),,,,,
B2569:1:75,Crocistethus Fieb. 1860,Fieb. 1860,,,,,genus,,B2569:1,accepted,,,B2569:1:65,Sehirinae Am. Serv. 1843,,,,,Cydnidae,Sehirinae,Crocistethus,,Pentatomoidea | Cydnidae | Sehirinae,Crocistethus Fieb. 1860,,MSZ6L,4405521,MSZ6L,4405521
B2569:1:76,Crocistethus waltianus Fieb.,Fieb.,Crocistethus,,waltianus,,species,,B2569:1,accepted,,,B2569:1:75,Crocistethus Fieb. 1860,,,,,Cydnidae,Sehirinae,Crocistethus,,Pentatomoidea | Cydnidae | Sehirinae | Crocistethus,waltianus Fieb.,,MSZ7D,4486170,MSZ7D,4486170
B2569:1:77,Sehirus Am. Serv. 1843,Am. Serv. 1843,,,,,genus,,B2569:1,accepted,,,B2569:1:65,Sehirinae Am. Serv. 1843,,,,,Cydnidae,Sehirinae,Sehirus,,Pentatomoidea | Cydnidae | Sehirinae,Sehirus Am. Serv. 1843,,SYLS3,2078780,SYLS3,2078780
B2569:1:78,Sehirus cypriacus Dohrn 1860,Dohrn 1860,Sehirus,,cypriacus,,species,,B2569:1,accepted,,,B2569:1:77,Sehirus Am. Serv. 1843,,,,,Cydnidae,Sehirinae,Sehirus,,Pentatomoidea | Cydnidae | Sehirinae | Sehirus,cypriacus Dohrn 1860,,SYLTG,4486166,SYLTG,4486166
B2569:1:79,Sehirus planiceps Horv. 1895,Horv. 1895,Sehirus,,planiceps,,species,,B2569:1,accepted,,,B2569:1:77,Sehirus Am. Serv. 1843,,,,,Cydnidae,Sehirinae,Sehirus,,Pentatomoidea | Cydnidae | Sehirinae | Sehirus,planiceps Horv. 1895,,SYLVP,10888587,SYLVP,10888587
B2569:1:80,Sehirus luctuosus Mls. R. 1866,Mls. R. 1866,Sehirus,,luctuosus,,species,,B2569:1,accepted,,,B2569:1:77,Sehirus Am. Serv. 1843,,,,,Cydnidae,Sehirinae,Sehirus,,Pentatomoidea | Cydnidae | Sehirinae | Sehirus,luctuosus Mls. R. 1866,,SYLTY,4486163,SYLTY,4486163
B2569:1:81,Sehirus morio (L. 1761),(L. 1761),Sehirus,,morio,,species,,B2569:1,accepted,,,B2569:1:77,Sehirus Am. Serv. 1843,,,,,Cydnidae,Sehirinae,Sehirus,,Pentatomoidea | Cydnidae | Sehirinae | Sehirus,morio (L. 1761),,SYLV9,2078781,SYLV9,2078781
B2569:1:82,Sehirus parens Mls. R. 1866,Mls. R. 1866,Sehirus,,parens,,species,,B2569:1,accepted,,,B2569:1:77,Sehirus Am. Serv. 1843,,,,,Cydnidae,Sehirinae,Sehirus,,Pentatomoidea | Cydnidae | Sehirinae | Sehirus,parens Mls. R. 1866,,SYLVK,4486162,SYLVK,4486162
B2569:1:83,Sehirus robustus Horv. 1893,Horv. 1893,Sehirus,,robustus,,species,,B2569:1,accepted,,,B2569:1:77,Sehirus Am. Serv. 1843,,,,,Cydnidae,Sehirinae,Sehirus,,Pentatomoidea | Cydnidae | Sehirinae | Sehirus,robustus Horv. 1893,,SYLVR,10713006,SYLVR,10713006
B2569:1:84,Sehirus ovatus (H.-S. 1849),(H.-S. 1849),Sehirus,,ovatus,,species,,B2569:1,accepted,,,B2569:1:77,Sehirus Am. Serv. 1843,,,,,Cydnidae,Sehirinae,Sehirus,,Pentatomoidea | Cydnidae | Sehirinae | Sehirus,ovatus (H.-S. 1849),,VNCCR,4486164,MZ5XD,4486164
B2569:1:85,Canthophorus Mls. R. 1866,Mls. R. 1866,,,,,genus,,B2569:1,accepted,,,B2569:1:65,Sehirinae Am. Serv. 1843,,,,,Cydnidae,Sehirinae,Canthophorus,,Pentatomoidea | Cydnidae | Sehirinae,Canthophorus Mls. R. 1866,,M78P5,4289992,SYLS3,4289992
B2569:1:86,Tritomegas Am. Serv. 1843,Am. Serv. 1843,Canthophorus,,,,subgenus,,B2569:1,accepted,,,B2569:1:85,Canthophorus Mls. R. 1866,,,,,Cydnidae,Sehirinae,Canthophorus,Tritomegas,Pentatomoidea | Cydnidae | Sehirinae | Canthophorus,Tritomegas Am. Serv. 1843,,TQMJP,,TQMJP,
B2569:1:87,Canthophorus bicolor (L. 1758),(L. 1758),Canthophorus,Tritomegas,bicolor,,species,,B2569:1,accepted,,,B2569:1:86,Tritomegas Am. Serv. 1843,,,,,Cydnidae,Sehirinae,Canthophorus,Tritomegas,Pentatomoidea | Cydnidae | Sehirinae | Canthophorus | Tritomegas,bicolor (L. 1758),,,,,
B2569:1:88,Canthophorus delagrangei (Put. 1888),(Put. 1888),Canthophorus,Tritomegas,delagrangei,,species,,B2569:1,accepted,,,B2569:1:86,Tritomegas Am. Serv. 1843,,,,,Cydnidae,Sehirinae,Canthophorus,Tritomegas,Pentatomoidea | Cydnidae | Sehirinae | Canthophorus | Tritomegas,delagrandei (Put. 1888),,,,,
B2569:1:89,Canthophorus sexmaculatus (Ramb. 1842),(Ramb. 1842),Canthophorus,Tritomegas,sexmaculatus,,species,,B2569:1,accepted,,,B2569:1:86,Tritomegas Am. Serv. 1843,,,,,Cydnidae,Sehirinae,Canthophorus,Tritomegas,Pentatomoidea | Cydnidae | Sehirinae | Canthophorus | Tritomegas,sexmaculatus (Ramb. 1842),,,,,
B2569:1:90,Canthophorus Mls. R. 1866,Mls. R. 1866,Canthophorus,,,,subgenus,s. str.,B2569:1,accepted,,,B2569:1:85,Canthophorus Mls. R. 1866,,,,,Cydnidae,Sehirinae,Canthophorus,Canthophorus,Pentatomoidea | Cydnidae | Sehirinae | Canthophorus,Canthophorus Mls. R. 1866 s. str.,,M78P5,,SYLS3,
B2569:1:91,Canthophorus coeruleus (Reut. 1902),(Reut. 1902),Canthophorus,Canthophorus,coeruleus,,species,,B2569:1,accepted,,,B2569:1:90,Canthophorus Mls. R. 1866,,,,,Cydnidae,Sehirinae,Canthophorus,Canthophorus,Pentatomoidea | Cydnidae | Sehirinae | Canthophorus | Canthophorus,coeruleus (Reut. 1902),,M78PJ,10805846,M78PJ,10805846
B2569:1:92,Canthophorus niveimarginatus (Scott 1874),(Scott 1874),Canthophorus,Canthophorus,niveimarginatus,,species,,B2569:1,accepted,,,B2569:1:90,Canthophorus Mls. R. 1866,,,,,Cydnidae,Sehirinae,Canthophorus,Canthophorus,Pentatomoidea | Cydnidae | Sehirinae | Canthophorus | Canthophorus,niveimarginatus (Scott 1874),,M78RX,4486161,M78RX,4486161
B2569:1:93,Canthophorus melanopterus (H.-S. 1835),(H.-S. 1835),Canthophorus,Canthophorus,melanopterus,,species,,B2569:1,accepted,,,B2569:1:90,Canthophorus Mls. R. 1866,,,,,Cydnidae,Sehirinae,Canthophorus,Canthophorus,Pentatomoidea | Cydnidae | Sehirinae | Canthophorus | Canthophorus,melanopterus (H.-S. 1835),,M78RB,4486146,M78RB,4486146
B2569:1:94,Canthophorus wagneri Ass. 1964,Ass. 1964,Canthophorus,Canthophorus,wagneri,,species,,B2569:1,accepted,,,B2569:1:90,Canthophorus Mls. R. 1866,,,,,Cydnidae,Sehirinae,Canthophorus,Canthophorus,Pentatomoidea | Cydnidae | Sehirinae | Canthophorus | Canthophorus,wagneri Ass. 1964,,M78SF,10709547,M78SF,10709547
B2569:1:95,Canthophorus mixtus Ass. 1964,Ass. 1964,Canthophorus,Canthophorus,mixtus,,species,,B2569:1,accepted,,,B2569:1:90,Canthophorus Mls. R. 1866,,,,,Cydnidae,Sehirinae,Canthophorus,Canthophorus,Pentatomoidea | Cydnidae | Sehirinae | Canthophorus | Canthophorus,mixtus Ass. 1964,,M78RR,4486154,M78RR,4486154
B2569:1:96,Canthophorus hissaricus Ass. 1964,Ass. 1964,Canthophorus,Canthophorus,hissaricus,,species,,B2569:1,accepted,,,B2569:1:90,Canthophorus Mls. R. 1866,,,,,Cydnidae,Sehirinae,Canthophorus,Canthophorus,Pentatomoidea | Cydnidae | Sehirinae | Canthophorus | Canthophorus,hissaricus Ass. 1964,,V2HZ2,,V2HZ5,
B2569:1:97,Canthophorus dubius (Scop. 1763),(Scop. 1763),Canthophorus,Canthophorus,dubius,,species,,B2569:1,accepted,,,B2569:1:90,Canthophorus Mls. R. 1866,,,,,Cydnidae,Sehirinae,Canthophorus,Canthophorus,Pentatomoidea | Cydnidae | Sehirinae | Canthophorus | Canthophorus,dubius (Scop. 1763),,M78PP,4486159,M78QG,4486159
B2569:1:98,Canthophorus impressus Horv. 1880,Horv. 1880,Canthophorus,Canthophorus,impressus,,species,,B2569:1,accepted,,,B2569:1:90,Canthophorus Mls. R. 1866,,,,,Cydnidae,Sehirinae,Canthophorus,Canthophorus,Pentatomoidea | Cydnidae | Sehirinae | Canthophorus | Canthophorus,impressus Horv. 1880,,M78QG,4486152,M78QG,4486152
B2569:1:99,Adomerus Mls. R. 1866,Mls. R. 1866,Canthophorus,,,,subgenus,,B2569:1,accepted,,,B2569:1:85,Canthophorus Mls. R. 1866,,,,,Cydnidae,Sehirinae,Canthophorus,Adomerus,Pentatomoidea | Cydnidae | Sehirinae | Canthophorus,Adomerus Mls. R. 1866,,L5Y4H,,L5Y4H,
B2569:1:100,Canthophorus congener (Jak. 1879),(Jak. 1879),Canthophorus,Adomerus,congener,,species,,B2569:1,accepted,,,B2569:1:99,Adomerus Mls. R. 1866,,,,,Cydnidae,Sehirinae,Canthophorus,Adomerus,Pentatomoidea | Cydnidae | Sehirinae | Canthophorus | Adomerus,congener (Jak. 1879),,,,,
B2569:1:101,Canthophorus biguttatus (L. 1758),(L. 1758),Canthophorus,Adomerus,biguttatus,,species,,B2569:1,accepted,,,B2569:1:99,Adomerus Mls. R. 1866,,,,,Cydnidae,Sehirinae,Canthophorus,Adomerus,Pentatomoidea | Cydnidae | Sehirinae | Canthophorus | Adomerus,biguttatus (L. 1758),,,,,
B2569:1:102,Ochetostethus Fieb. 1860,Fieb. 1860,,,,,genus,,B2569:1,accepted,,,B2569:1:65,Sehirinae Am. Serv. 1843,,,,,Cydnidae,Sehirinae,Ochetostethus,,Pentatomoidea | Cydnidae | Sehirinae,Ochetostethus Fieb. 1860,,QTS3K,4404611,QTS3K,4404611
B2569:1:103,Ochetostethus pygmaeus (Ramb. 1842),(Ramb. 1842),Ochetostethus,,pygmaeus,,species,,B2569:1,accepted,,,B2569:1:102,Ochetostethus Fieb. 1860,,,,,Cydnidae,Sehirinae,Ochetostethus,,Pentatomoidea | Cydnidae | Sehirinae | Ochetostethus,pygmaeus (Ramb. 1842),,QTS5J,4486184,QTS5J,4486184
B2569:1:104,Ochetostethus balcanicus Wagn. 1940,Wagn. 1940,Ochetostethus,,balcanicus,,species,,B2569:1,accepted,,,B2569:1:102,Ochetostethus Fieb. 1860,,,,,Cydnidae,Sehirinae,Ochetostethus,,Pentatomoidea | Cydnidae | Sehirinae | Ochetostethus,balcanicus Wagn. 1940,,QTS3V,4486194,QTS3V,4486194
B2569:1:105,Ochetostethus nanus (H.-S. 1835),(H.-S. 1835),Ochetostethus,,nanus,,species,,B2569:1,accepted,,,B2569:1:102,Ochetostethus Fieb. 1860,,,,,Cydnidae,Sehirinae,Ochetostethus,,Pentatomoidea | Cydnidae | Sehirinae | Ochetostethus,nanus (H.-S. 1835),,QTS4X,4486192,QTS4X,4486192
B2569:1:106,Ochetostethus sahlbergi Wagn. 1951,Wagn. 1951,Ochetostethus,,sahlbergi,,species,,B2569:1,accepted,,,B2569:1:102,Ochetostethus Fieb. 1860,,,,,Cydnidae,Sehirinae,Ochetostethus,,Pentatomoidea | Cydnidae | Sehirinae | Ochetostethus,sahlbergi Wagn. 1951,,QTS67,10754491,QTS67,10754491
B2569:1:107,Scutelleridae Leach 1815,Leach 1815,,,,,family,,B2569:1,accepted,,,B2569:1:1,Pentatomoidea Reut. 1910,,,,,Scutelleridae,,,,Pentatomoidea,Scutelleridae Leach 1815,,BXWJF,4327,BXWJF,4327
B2569:1:108,Elvisurini Stål 1872,Stål 1872,,,,,tribe,,B2569:1,accepted,,,B2569:1:107,Scutelleridae Leach 1815,,,,,Scutelleridae,,,,Pentatomoidea | Scutelleridae,Elvisurini Stål 1872,,,,,
B2569:1:109,Solenosthedium Spin.,Spin.,,,,,genus,,B2569:1,accepted,,,B2569:1:108,Elvisurini Stål 1872,,,,,Scutelleridae,,Solenosthedium,,Pentatomoidea | Scutelleridae | Elvisurini,Solenosthedium Spin.,,SRZHB,4486078,SRZHB,4486078
B2569:1:110,Solenosthedium bilunatum (Lef.),(Lef.),Solenosthedium,,bilunatum,,species,,B2569:1,accepted,,,B2569:1:109,Solenosthedium Spin.,,,,,Scutelleridae,,Solenosthedium,,Pentatomoidea | Scutelleridae | Elvisurini | Solenosthedium,bilunatum (Lef.),,SRZHF,4486079,SRZHF,4486079
B2569:1:111,Tetyra lyncea F.,F.,Tetyra,,lyncea,,species,,B2569:1,synonym,B2569:1:110,Solenosthedium bilunatum (Lef.),,,,,,,Scutelleridae,,Solenosthedium,,Pentatomoidea | Scutelleridae | Elvisurini | Solenosthedium,Tetyra lyncea F.,,,,,
B2569:1:112,Coeloglossa ledereri Fieb.,Fieb.,Coeloglossa,,ledereri,,species,,B2569:1,synonym,B2569:1:110,Solenosthedium bilunatum (Lef.),,,,,,,Scutelleridae,,Solenosthedium,,Pentatomoidea | Scutelleridae | Elvisurini | Solenosthedium,Coeloglossa ledereri Fieb.,,,,,
B2569:1:113,Odontoscelini Stål 1872,Stål 1872,,,,,tribe,,B2569:1,accepted,,,B2569:1:107,Scutelleridae Leach 1815,,,,,Scutelleridae,,,,Pentatomoidea | Scutelleridae,Odontoscelini Stål 1872,,,,,
B2569:1:114,Odontoscelis Lap. 1832,Lap. 1832,,,,,genus,,B2569:1,accepted,,,B2569:1:113,Odontoscelini Stål 1872,,,,,Scutelleridae,,Odontoscelis,,Pentatomoidea | Scutelleridae | Odontoscelini,Odontoscelis Lap. 1832,,R2GVQ,2079364,R2GVQ,2079364
B2569:1:115,Odontoscelis fuliginosa (L. 1761),(L. 1761),Odontoscelis,,fuliginosa,,species,,B2569:1,accepted,,,B2569:1:114,Odontoscelis Lap. 1832,,,,,Scutelleridae,,Odontoscelis,,Pentatomoidea | Scutelleridae | Odontoscelini | Odontoscelis,fuliginosa (L. 1761),,R2GXN,5758780,R2GXN,5758780
B2569:1:116,Odontoscelis dorsalis (F. 1803),(F. 1803),Odontoscelis,,dorsalis,,species,,B2569:1,accepted,,,B2569:1:114,Odontoscelis Lap. 1832,,,,,Scutelleridae,,Odontoscelis,,Pentatomoidea | Scutelleridae | Odontoscelini | Odontoscelis,dorsalis (F. 1803),,R2GXF,5758783,R2GXV,5758782
B2569:1:117,Odontoscelis minuta Jak. 1881,Jak. 1881,Odontoscelis,,minuta,,species,,B2569:1,accepted,,,B2569:1:114,Odontoscelis Lap. 1832,,,,,Scutelleridae,,Odontoscelis,,Pentatomoidea | Scutelleridae | Odontoscelini | Odontoscelis,minuta Jak. 1881,,,8897495,,8897495
B2569:1:118,Odontoscelis lineola Ramb. 1842,Ramb. 1842,Odontoscelis,,lineola,,species,,B2569:1,accepted,,,B2569:1:114,Odontoscelis Lap. 1832,,,,,Scutelleridae,,Odontoscelis,,Pentatomoidea | Scutelleridae | Odontoscelini | Odontoscelis,lineola Ramb. 1842,,R2GXV,5758782,R2GXV,5758782
B2569:1:119,Odontoscelis dorsalis Wagn. 1957,Wagn. 1957,Odontoscelis,,dorsalis,,species,,B2569:1,synonym,B2569:1:118,Odontoscelis lineola Ramb. 1842,,,,,,,Scutelleridae,,Odontoscelis,,Pentatomoidea | Scutelleridae | Odontoscelini | Odontoscelis,dorsalis Wagn. 1957,"{""synonymUncertain"":true}",R2GXF,5758783,R2GXV,5758782
B2569:1:120,Odontoscelis hispidula Jak. 1874,Jak. 1874,Odontoscelis,,hispidula,,species,,B2569:1,accepted,,,B2569:1:114,Odontoscelis Lap. 1832,,,,,Scutelleridae,,Odontoscelis,,Pentatomoidea | Scutelleridae | Odontoscelini | Odontoscelis,hispidula Jak. 1874,,,9154367,,9154367
B2569:1:121,Odontoscelis zarudnyi Putsh.,Putsh.,Odontoscelis,,zarudnyi,,species,sp. nov.,B2569:1,accepted,,,B2569:1:114,Odontoscelis Lap. 1832,,,,,Scutelleridae,,Odontoscelis,,Pentatomoidea | Scutelleridae | Odontoscelini | Odontoscelis,zarudnyi Putsh. sp. nov.,,R2GWQ,,R2GWQ,
B2569:1:122,Irochrotus Am. Serv. 1843,Am. Serv. 1843,,,,,genus,,B2569:1,accepted,,,B2569:1:113,Odontoscelini Stål 1872,,,,,Scutelleridae,,Irochrotus,,Pentatomoidea | Scutelleridae | Odontoscelini,Irochrotus Am. Serv. 1843,,PLL9J,4405998,PLL9J,4405998
B2569:1:123,Irochrotus lanatus (Pall. 1773),(Pall. 1773),Irochrotus,,lanatus,,species,,B2569:1,accepted,,,B2569:1:122,Irochrotus Am. Serv. 1843,,,,,Scutelleridae,,Irochrotus,,Pentatomoidea | Scutelleridae | Odontoscelini | Irochrotus,lanatus (Pall. 1773),,PLL9Z,4486034,PLL9Z,4486034
B2569:1:124,Irochrotus caucasicus Jak. 1875,Jak. 1875,Irochrotus,,caucasicus,,species,,B2569:1,accepted,,,B2569:1:122,Irochrotus Am. Serv. 1843,,,,,Scutelleridae,,Irochrotus,,Pentatomoidea | Scutelleridae | Odontoscelini | Irochrotus,caucasicus Jak. 1875,,,,,
B2569:1:125,Irochrotus mongolicus Jak. 1902,Jak. 1902,Irochrotus,,mongolicus,,species,,B2569:1,accepted,,,B2569:1:122,Irochrotus Am. Serv. 1843,,,,,Scutelleridae,,Irochrotus,,Pentatomoidea | Scutelleridae | Odontoscelini | Irochrotus,mongolicus Jak. 1902,,,,,
B2569:1:126,Irochrotus caspius Jak. 1875,Jak. 1875,Irochrotus,,caspius,,species,,B2569:1,accepted,,,B2569:1:122,Irochrotus Am. Serv. 1843,,,,,Scutelleridae,,Irochrotus,,Pentatomoidea | Scutelleridae | Odontoscelini | Irochrotus,caspius Jak. 1875,,,4486036,,4486036
B2569:1:127,Holonotellus Horv. 1895,Horv. 1895,,,,,genus,,B2569:1,accepted,,,B2569:1:113,Odontoscelini Stål 1872,,,,,Scutelleridae,,Holonotellus,,Pentatomoidea | Scutelleridae | Odontoscelini,Holonotellus Horv. 1895,,PWL4K,4780466,PWL4K,4780466
B2569:1:128,Holonotellus maculicollis Horv. 1895,Horv. 1895,Holonotellus,,maculicollis,,species,,B2569:1,accepted,,,B2569:1:127,Holonotellus Horv. 1895,,,,,Scutelleridae,,Holonotellus,,Pentatomoidea | Scutelleridae | Odontoscelini | Holonotellus,maculicollis Horv. 1895,,PWL4N,,PWL4N,
B2569:1:129,Odontotarsini Stål 1872,Stål 1872,,,,,tribe,,B2569:1,accepted,,,B2569:1:107,Scutelleridae Leach 1815,,,,,Scutelleridae,,,,Pentatomoidea | Scutelleridae,Odontotarsini Stål 1872,,,,,
B2569:1:130,Alphocoris Germ. 1839,Germ. 1839,,,,,genus,,B2569:1,accepted,,,B2569:1:129,Odontotarsini Stål 1872,,,,,Scutelleridae,,Alphocoris,,Pentatomoidea | Scutelleridae | Odontotarsini,Alphocoris Germ. 1839,,LJHMH,4783443,LJHMH,4783443
B2569:1:131,Alphocoris curculionoides (Jak. 1877),(Jak. 1877),Alphocoris,,curculionoides,,species,,B2569:1,accepted,,,B2569:1:130,Alphocoris Germ. 1839,,,,,Scutelleridae,,Alphocoris,,Pentatomoidea | Scutelleridae | Odontotarsini | Alphocoris,curculionoides (Jak. 1877),,LJHMX,,LJHMX,
B2569:1:132,Odontotarsiellus Hoberl. 1954,Hoberl. 1954,,,,,genus,,B2569:1,accepted,,,B2569:1:129,Odontotarsini Stål 1872,,,,,Scutelleridae,,Odontotarsiellus,,Pentatomoidea | Scutelleridae | Odontotarsini,Odontotarsiellus Hoberl. 1954,,R2Q6M,4776165,R2Q6M,4776165
B2569:1:133,"Odontotarsiellus esfandiarii Hober., 1954","Hober., 1954",Odontotarsiellus,,esfandiarii,,species,,B2569:1,accepted,,,B2569:1:132,Odontotarsiellus Hoberl. 1954,,,,,Scutelleridae,,Odontotarsiellus,,Pentatomoidea | Scutelleridae | Odontotarsini | Odontotarsiellus,"esfandiarii Hober., 1954",,R2Q6Q,,R2Q6Q,
B2569:1:134,Odontotarsus Lap. 1832,Lap. 1832,,,,,genus,,B2569:1,accepted,,,B2569:1:129,Odontotarsini Stål 1872,,,,,Scutelleridae,,Odontotarsus,,Pentatomoidea | Scutelleridae | Odontotarsini,Odontotarsus Lap. 1832,,R2Q79,4486008,R2Q79,4486008
B2569:1:135,Odontotarsus robustus Jak. 1883,Jak. 1883,Odontotarsus,,robustus,,species,,B2569:1,accepted,,,B2569:1:134,Odontotarsus Lap. 1832,,,,,Scutelleridae,,Odontotarsus,,Pentatomoidea | Scutelleridae | Odontotarsini | Odontotarsus,robustus Jak. 1883,,R2QBK,4486013,R2QBK,4486013
B2569:1:136,Odontotarsus lautus Horv. 1891,Horv. 1891,Odontotarsus,,lautus,,species,,B2569:1,accepted,,,B2569:1:134,Odontotarsus Lap. 1832,,,,,Scutelleridae,,Odontotarsus,,Pentatomoidea | Scutelleridae | Odontotarsini | Odontotarsus,lautus Horv. 1891,,,,,
B2569:1:137,Odontotarsus purpureolineatus (Rossi 1790),(Rossi 1790),Odontotarsus,,purpureolineatus,,species,,B2569:1,accepted,,,B2569:1:134,Odontotarsus Lap. 1832,,,,,Scutelleridae,,Odontotarsus,,Pentatomoidea | Scutelleridae | Odontotarsini | Odontotarsus,purpureolineatus (Rossi 1790),,R2QBD,4486022,R2QBD,4486022
B2569:1:138,Odontotarsus karatasensis Hoberl. 1955,Hoberl. 1955,Odontotarsus,,karatasensis,,species,,B2569:1,accepted,,,B2569:1:134,Odontotarsus Lap. 1832,,,,,Scutelleridae,,Odontotarsus,,Pentatomoidea | Scutelleridae | Odontotarsini | Odontotarsus,karatasensis Hoberl. 1955,,,,,
B2569:1:139,Odontotarsus impictus Jak. 1885,Jak. 1885,Odontotarsus,,impictus,,species,,B2569:1,accepted,,,B2569:1:134,Odontotarsus Lap. 1832,,,,,Scutelleridae,,Odontotarsus,,Pentatomoidea | Scutelleridae | Odontotarsini | Odontotarsus,impictus Jak. 1885,,R2Q96,,R2Q96,
B2569:1:140,Odontotarsus furvus Kir. 1926,Kir. 1926,Odontotarsus,,furvus,,species,,B2569:1,accepted,,,B2569:1:134,Odontotarsus Lap. 1832,,,,,Scutelleridae,,Odontotarsus,,Pentatomoidea | Scutelleridae | Odontotarsini | Odontotarsus,furvus Kir. 1926,,,,,
B2569:1:141,Odontotarsus rufescens Fieb. 1861,Fieb. 1861,Odontotarsus,,rufescens,,species,,B2569:1,accepted,,,B2569:1:134,Odontotarsus Lap. 1832,,,,,Scutelleridae,,Odontotarsus,,Pentatomoidea | Scutelleridae | Odontotarsini | Odontotarsus,rufescens Fieb. 1861,,R2QBP,4486017,R2QBP,4486017
B2569:1:142,Odontotarsus angustatus Jak. 1883,Jak. 1883,Odontotarsus,,angustatus,,species,,B2569:1,accepted,,,B2569:1:134,Odontotarsus Lap. 1832,,,,,Scutelleridae,,Odontotarsus,,Pentatomoidea | Scutelleridae | Odontotarsini | Odontotarsus,angustatus Jak. 1883,,R2Q7N,,R2Q7N,
B2569:1:143,Odontotarsus oculatus Horv. 1881,Horv. 1881,Odontotarsus,,oculatus,,species,,B2569:1,accepted,,,B2569:1:134,Odontotarsus Lap. 1832,,,,,Scutelleridae,,Odontotarsus,,Pentatomoidea | Scutelleridae | Odontotarsini | Odontotarsus,oculatus Horv. 1881,,R2Q9X,4486021,R2Q9X,4486021
B2569:1:144,Odontotarsus plicatulus Horv. 1906,Horv. 1906,Odontotarsus,,plicatulus,,species,,B2569:1,accepted,,,B2569:1:134,Odontotarsus Lap. 1832,,,,,Scutelleridae,,Odontotarsus,,Pentatomoidea | Scutelleridae | Odontotarsini | Odontotarsus,.,,R2QB7,4486016,R2QB7,4486016
B2569:1:145,Odontotarsus armiger Kir. 1914,Kir. 1914,Odontotarsus,,armiger,,species,,B2569:1,accepted,,,B2569:1:134,Odontotarsus Lap. 1832,,,,,Scutelleridae,,Odontotarsus,,Pentatomoidea | Scutelleridae | Odontotarsini | Odontotarsus,armiger Kir. 1914,,R2Q7Y,,R2Q7Y,
B2569:1:146,Ellipsocoris Mayr 1864,Mayr 1864,,,,,genus,,B2569:1,accepted,,,B2569:1:129,Odontotarsini Stål 1872,,,,,Scutelleridae,,Ellipsocoris,,Pentatomoidea | Scutelleridae | Odontotarsini,Ellipsocoris Mayr 1864,,NPM6V,4774825,NPM6V,4774825
B2569:1:147,Ellipsocoris tamerlani Kir. 1914,Kir. 1914,Ellipsocoris,,tamerlani,,species,,B2569:1,accepted,,,B2569:1:146,Ellipsocoris Mayr 1864,,,,,Scutelleridae,,Ellipsocoris,,Pentatomoidea | Scutelleridae | Odontotarsini | Ellipsocoris,tamerlani Kir. 1914,,NPM7F,,NPM7F,
B2569:1:148,Ellipsocoris trilineatus Mayr 1864,Mayr 1864,Ellipsocoris,,trilineatus,,species,,B2569:1,accepted,,,B2569:1:146,Ellipsocoris Mayr 1864,,,,,Scutelleridae,,Ellipsocoris,,Pentatomoidea | Scutelleridae | Odontotarsini | Ellipsocoris,trilineatus Mayr 1864,,NPM7J,9787666,NPM7J,9787666
B2569:1:149,Melanodema Jak. 1880,Jak. 1880,,,,,genus,,B2569:1,accepted,,,B2569:1:129,Odontotarsini Stål 1872,,,,,Scutelleridae,,Melanodema,,Pentatomoidea | Scutelleridae | Odontotarsini,Melanodema Jak. 1880,,,4780428,,4780428
B2569:1:150,Melanodema carbonaria Jak. 1880,Jak. 1880,Melanodema,,carbonaria,,species,,B2569:1,accepted,,,B2569:1:149,Melanodema Jak. 1880,,,,,Scutelleridae,,Melanodema,,Pentatomoidea | Scutelleridae | Odontotarsini | Melanodema,carbonarium Jak. 1880,,,,,
B2569:1:151,Phimodera Germ. 1839,Germ. 1839,,,,,genus,,B2569:1,accepted,,,B2569:1:129,Odontotarsini Stål 1872,,,,,Scutelleridae,,Phimodera,,Pentatomoidea | Scutelleridae | Odontotarsini,Phimodera Germ. 1839,,RFFHN,2079352,RFFHN,2079352
B2569:1:152,Phimodera nodicollis (Burm. 1835),(Burm. 1835),Phimodera,,nodicollis,,species,,B2569:1,accepted,,,B2569:1:151,Phimodera Germ. 1839,,,,,Scutelleridae,,Phimodera,,Pentatomoidea | Scutelleridae | Odontotarsini | Phimodera,nodicollis (Burm. 1835),,,,,
B2569:1:153,Phimodera reuteri Kir. 1910,Kir. 1910,Phimodera,,reuteri,,species,,B2569:1,accepted,,,B2569:1:151,Phimodera Germ. 1839,,,,,Scutelleridae,,Phimodera,,Pentatomoidea | Scutelleridae | Odontotarsini | Phimodera,reuteri Kir. 1910,,,,,
B2569:1:154,Phimodera oculata Jak. 1880,Jak. 1880,Phimodera,,oculata,,species,,B2569:1,accepted,,,B2569:1:151,Phimodera Germ. 1839,,,,,Scutelleridae,,Phimodera,,Pentatomoidea | Scutelleridae | Odontotarsini | Phimodera,oculata Jak. 1880,,,4486024,,4486024
B2569:1:155,Phimodera bergi Jak. 1905,Jak. 1905,Phimodera,,bergi,,species,,B2569:1,accepted,,,B2569:1:151,Phimodera Germ. 1839,,,,,Scutelleridae,,Phimodera,,Pentatomoidea | Scutelleridae | Odontotarsini | Phimodera,bergi Jak. 1905,,,,,
B2569:1:156,Phimodera amblygonia Fieb. 1863,Fieb. 1863,Phimodera,,amblygonia,,species,,B2569:1,accepted,,,B2569:1:151,Phimodera Germ. 1839,,,,,Scutelleridae,,Phimodera,,Pentatomoidea | Scutelleridae | Odontotarsini | Phimodera,amblygonia Fieb. 1863,,,4486033,,4486033
B2569:1:157,Phimodera tuberculata Jak. 1874,Jak. 1874,Phimodera,,tuberculata,,species,,B2569:1,accepted,,,B2569:1:151,Phimodera Germ. 1839,,,,,Scutelleridae,,Phimodera,,Pentatomoidea | Scutelleridae | Odontotarsini | Phimodera,tuberculata Jak. 1874,,,4486029,,4486029
B2569:1:158,Phimodera fumosa Fieb. 1963,Fieb. 1963,Phimodera,,fumosa,,species,,B2569:1,accepted,,,B2569:1:151,Phimodera Germ. 1839,,,,,Scutelleridae,,Phimodera,,Pentatomoidea | Scutelleridae | Odontotarsini | Phimodera,fumosa Fieb. 1963,,RFFJM,4486025,RFFJM,4486025
B2569:1:159,Eurygastrini Stål 1872,Stål 1872,,,,,tribe,,B2569:1,accepted,,,B2569:1:107,Scutelleridae Leach 1815,,,,,Scutelleridae,,,,Pentatomoidea | Scutelleridae,Eurygastrini Stål 1872,,,,,
B2569:1:160,Ceratocranum Reut. 1890,Reut. 1890,,,,,genus,,B2569:1,accepted,,,B2569:1:159,Eurygastrini Stål 1872,,,,,Scutelleridae,,Ceratocranum,,Pentatomoidea | Scutelleridae | Eurygastrini,Ceratocranum Reut. 1890,,MRTKZ,4771975,MRTKZ,4771975
B2569:1:161,Ceratocranum caucasicum (Jak. 1879),(Jak. 1879),Ceratocranum,,caucasicum,,species,,B2569:1,accepted,,,B2569:1:160,Ceratocranum Reut. 1890,,,,,Scutelleridae,,Ceratocranum,,Pentatomoidea | Scutelleridae | Eurygastrini | Ceratocranum,caucasicum (Jak. 1879),,MRTL6,,MRTL6,
B2569:1:162,Peryphima Jak. 1890,Jak. 1890,,,,,genus,,B2569:1,accepted,,,B2569:1:159,Eurygastrini Stål 1872,,,,,Scutelleridae,,Peryphima,,Pentatomoidea | Scutelleridae | Eurygastrini,Peryphima Jak. 1890,,,,,
B2569:1:163,Peryphima batesoni Jak. 1890,Jak. 1890,Peryphima,,batesoni,,species,,B2569:1,accepted,,,B2569:1:162,Peryphima Jak. 1890,,,,,Scutelleridae,,Peryphima,,Pentatomoidea | Scutelleridae | Eurygastrini | Peryphima,batesoni Jak. 1890,,,,,
B2569:1:164,Promecocoris Put. 1886,Put. 1886,,,,,genus,,B2569:1,accepted,,,B2569:1:159,Eurygastrini Stål 1872,,,,,Scutelleridae,,Promecocoris,,Pentatomoidea | Scutelleridae | Eurygastrini,Promecocoris Put. 1886,,RTZ9D,4783355,RTZ9D,4783355
B2569:1:165,Promecocoris testaceus (Reut. 1900),(Reut. 1900),Promecocoris,,testaceus,,species,,B2569:1,accepted,,,B2569:1:164,Promecocoris Put. 1886,,,,,Scutelleridae,,Promecocoris,,Pentatomoidea | Scutelleridae | Eurygastrini | Promecocoris,testaceus (Reut. 1900),,RTZ9M,,RTZ9M,
B2569:1:166,Promecocoris pictus Jak. 1887,Jak. 1887,Promecocoris,,pictus,,species,,B2569:1,accepted,,,B2569:1:164,Promecocoris Put. 1886,,,,,Scutelleridae,,Promecocoris,,Pentatomoidea | Scutelleridae | Eurygastrini | Promecocoris,pictus Jak. 1887,,,,,
B2569:1:167,Promecocoris laticollis (Jak. 1885),(Jak. 1885),Promecocoris,,laticollis,,species,,B2569:1,accepted,,,B2569:1:164,Promecocoris Put. 1886,,,,,Scutelleridae,,Promecocoris,,Pentatomoidea | Scutelleridae | Eurygastrini | Promecocoris,laticollis (Jak. 1885),,RTZ9P,,RTZ9P,
B2569:1:168,Psacasta Germ. 1839,Germ. 1839,,,,,genus,,B2569:1,accepted,,,B2569:1:159,Eurygastrini Stål 1872,,,,,Scutelleridae,,Psacasta,,Pentatomoidea | Scutelleridae | Eurygastrini,Psacasta Germ. 1839,,S6GQB,4404628,S6GQB,4404628
B2569:1:169,Psacasta Mls. R. 1865,Mls. R. 1865,Psacasta,,,,subgenus,,B2569:1,accepted,,,B2569:1:168,Psacasta Germ. 1839,,,,,Scutelleridae,,Psacasta,Psacasta,Pentatomoidea | Scutelleridae | Eurygastrini | Psacasta,Psacasta Mls. R. 1865,,S6GQB,,S6GQB,
B2569:1:170,Psacasta exanthematica (Scop. 1763),(Scop. 1763),Psacasta,Psacasta,exanthematica,,species,,B2569:1,accepted,,,B2569:1:169,Psacasta Mls. R. 1865,,,,,Scutelleridae,,Psacasta,Psacasta,Pentatomoidea | Scutelleridae | Eurygastrini | Psacasta | Psacasta,exanthematica (Scop. 1763),,S6GR4,4486072,S6GR4,4486072
B2569:1:171,Psacasta exanthematica subsp. herculeana Horv. 1891,Horv. 1891,Psacasta,Psacasta,exanthematica,herculeana,subspecies,,B2569:1,accepted,,,B2569:1:170,Psacasta exanthematica (Scop. 1763),,,,,Scutelleridae,,Psacasta,Psacasta,Pentatomoidea | Scutelleridae | Eurygastrini | Psacasta | Psacasta | Psacasta exanthematica,exanthematica herculeana Horv. 1891,,S6GSD,11040937,S6GRB,4486074
B2569:1:172,Cryptodonthus Mls. R. 1865,Mls. R. 1865,Psacasta,,,,subgenus,,B2569:1,accepted,,,B2569:1:168,Psacasta Germ. 1839,,,,,Scutelleridae,,Psacasta,Cryptodonthus,Pentatomoidea | Scutelleridae | Eurygastrini | Psacasta,Cryptodonthus Mls. R. 1865,,,,,
B2569:1:173,Psacasta neglecta (H.-S. 1837),(H.-S. 1837),Psacasta,Cryptodonthus,neglecta,,species,,B2569:1,accepted,,,B2569:1:172,Cryptodonthus Mls. R. 1865,,,,,Scutelleridae,,Psacasta,Cryptodonthus,Pentatomoidea | Scutelleridae | Eurygastrini | Psacasta | Cryptodonthus,neglecta (H.-S. 1837),,S6GQM,4486067,S6GQM,4486067
B2569:1:174,Psacasta tuberculata (F. 1781),(F. 1781),Psacasta,Cryptodonthus,tuberculata,,species,,B2569:1,accepted,,,B2569:1:172,Cryptodonthus Mls. R. 1865,,,,,Scutelleridae,,Psacasta,Cryptodonthus,Pentatomoidea | Scutelleridae | Eurygastrini | Psacasta | Cryptodonthus,tuberculata (F. 1781),,S6GQS,4486065,S6GQS,4486065
B2569:1:175,Polyphyma Jak. 1877,Jak. 1877,,,,,genus,,B2569:1,accepted,,,B2569:1:159,Eurygastrini Stål 1872,,,,,Scutelleridae,,Polyphyma,,Pentatomoidea | Scutelleridae | Eurygastrini,Polyphyma Jak. 1877,,RNLS8,3265465,RNLS8,3265465
B2569:1:176,Polyphyma scrobiculata Jak. 1877,Jak. 1877,Polyphyma,,scrobiculata,,species,,B2569:1,accepted,,,B2569:1:175,Polyphyma Jak. 1877,,,,,Scutelleridae,,Polyphyma,,Pentatomoidea | Scutelleridae | Eurygastrini | Polyphyma,scrobiculata Jak. 1877,,RNLT4,,RNLT4,
B2569:1:177,Polyphyma koenigi Jak. 1889,Jak. 1889,Polyphyma,,koenigi,,species,,B2569:1,accepted,,,B2569:1:175,Polyphyma Jak. 1877,,,,,Scutelleridae,,Polyphyma,,Pentatomoidea | Scutelleridae | Eurygastrini | Polyphyma,koenigi Jak. 1889,,,,,
B2569:1:178,Eurygaster Lap. 1832,Lap. 1832,,,,,genus,,B2569:1,accepted,,,B2569:1:159,Eurygastrini Stål 1872,,,,,Scutelleridae,,Eurygaster,,Pentatomoidea | Scutelleridae | Eurygastrini,Eurygaster Lap. 1832,,P49BY,2079334,P49BY,2079334
B2569:1:179,Eurygaster austriacus (Schr. 1778),(Schr. 1778),Eurygaster,,austriacus,,species,,B2569:1,accepted,,,B2569:1:178,Eurygaster Lap. 1832,,,,,Scutelleridae,,Eurygaster,,Pentatomoidea | Scutelleridae | Eurygastrini | Eurygaster,austriacus (Schr. 1778),,P49DB,5758791,P49DB,5758791
B2569:1:180,Eurygaster dilaticollis Dohrn 1860,Dohrn 1860,Eurygaster,,dilaticollis,,species,,B2569:1,accepted,,,B2569:1:178,Eurygaster Lap. 1832,,,,,Scutelleridae,,Eurygaster,,Pentatomoidea | Scutelleridae | Eurygastrini | Eurygaster,dilaticollis Dohrn 1860,,P49GT,8094697,P49GT,8094697
B2569:1:181,Eurygaster schreiberi Mont. 1885,Mont. 1885,Eurygaster,,schreiberi,,species,,B2569:1,accepted,,,B2569:1:178,Eurygaster Lap. 1832,,,,,Scutelleridae,,Eurygaster,,Pentatomoidea | Scutelleridae | Eurygastrini | Eurygaster,schreiberi Mont. 1885,,,,,
B2569:1:182,Eurygaster integriceps Put. 1881,Put. 1881,Eurygaster,,integriceps,,species,,B2569:1,accepted,,,B2569:1:178,Eurygaster Lap. 1832,,,,,Scutelleridae,,Eurygaster,,Pentatomoidea | Scutelleridae | Eurygastrini | Eurygaster,integriceps Put. 1881,,P49J8,9157433,P49J8,9157433
B2569:1:183,Eurygaster maurus (L. 1758),(L. 1758),Eurygaster,,maurus,,species,,B2569:1,accepted,,,B2569:1:178,Eurygaster Lap. 1832,,,,,Scutelleridae,,Eurygaster,,Pentatomoidea | Scutelleridae | Eurygastrini | Eurygaster,maurus (L. 1758),,P49KS,5758789,P49KS,5758789
B2569:1:184,Eurygaster testudinarius (Geoffr. 1785),(Geoffr. 1785),Eurygaster,,testudinarius,,species,,B2569:1,accepted,,,B2569:1:178,Eurygaster Lap. 1832,,,,,Scutelleridae,,Eurygaster,,Pentatomoidea | Scutelleridae | Eurygastrini | Eurygaster,testudinarius (Geoffr. 1785),,P49QW,5758794,P49QW,5758794
B2569:1:185,Pentatomidae Leach 1815,Leach 1815,,,,,family,,B2569:1,accepted,,,B2569:1:1,Pentatomoidea Reut. 1910,,,,,Pentatomidae,,,,Pentatomoidea,Pentatomidae Leach 1815,,BXWJD,9650,BXWJD,9650
B2569:1:186,Podopinae Dallas 1853,Dallas 1853,,,,,subfamily,,B2569:1,accepted,,,B2569:1:185,Pentatomidae Leach 1815,,,,,Pentatomidae,Podopinae,,,Pentatomoidea | Pentatomidae,Podopinae Dallas 1853,,,,,
B2569:1:187,Tarisini Stål 1872,Stål 1872,,,,,tribe,,B2569:1,accepted,,,B2569:1:186,Podopinae Dallas 1853,,,,,Pentatomidae,Podopinae,,,Pentatomoidea | Pentatomidae | Podopinae,Tarisini Stål 1872,,,,,
B2569:1:188,Tarisa Am. Serv. 1843,Am. Serv. 1843,,,,,genus,,B2569:1,accepted,,,B2569:1:187,Tarisini Stål 1872,,,,,Pentatomidae,Podopinae,Tarisa,,Pentatomoidea | Pentatomidae | Podopinae | Tarisini,Tarisa Am. Serv. 1843,,TCBC7,4405244,TCBC7,4405244
B2569:1:189,Tarisa ciliaris Jak. 1901,Jak. 1901,Tarisa,,ciliaris,,species,,B2569:1,accepted,,,B2569:1:188,Tarisa Am. Serv. 1843,,,,,Pentatomidae,Podopinae,Tarisa,,Pentatomoidea | Pentatomidae | Podopinae | Tarisini | Tarisa,ciliaris Jak. 1901,,,,,
B2569:1:190,Tarisa flavescens Am. Serv. 1843,Am. Serv. 1843,Tarisa,,flavescens,,species,,B2569:1,accepted,,,B2569:1:188,Tarisa Am. Serv. 1843,,,,,Pentatomidae,Podopinae,Tarisa,,Pentatomoidea | Pentatomidae | Podopinae | Tarisini | Tarisa,flavescens Am. Serv. 1843,,TCBCJ,4485694,TCBCJ,4485694
B2569:1:191,Tarisa elevata Reut. 1900,Reut. 1900,Tarisa,,elevata,,species,,B2569:1,accepted,,,B2569:1:188,Tarisa Am. Serv. 1843,,,,,Pentatomidae,Podopinae,Tarisa,,Pentatomoidea | Pentatomidae | Podopinae | Tarisini | Tarisa,elevata Reut. 1900,,TCBCG,4485696,TCBCG,4485696
B2569:1:192,"Tarisa virescens H.-S., 1847","H.-S., 1847",Tarisa,,virescens,,species,,B2569:1,accepted,,,B2569:1:188,Tarisa Am. Serv. 1843,,,,,Pentatomidae,Podopinae,Tarisa,,Pentatomoidea | Pentatomidae | Podopinae | Tarisini | Tarisa,"virescens H.-S., 1847",,TCBDM,,TCBDM,
B2569:1:193,Tarisa salsae Kerzh. 1964,Kerzh. 1964,Tarisa,,salsae,,species,,B2569:1,accepted,,,B2569:1:188,Tarisa Am. Serv. 1843,,,,,Pentatomidae,Podopinae,Tarisa,,Pentatomoidea | Pentatomidae | Podopinae | Tarisini | Tarisa,salsae Kerzh. 1964,,,,,
B2569:1:194,Tarisa camelus Reut. 1900,Reut. 1900,Tarisa,,camelus,,species,,B2569:1,accepted,,,B2569:1:188,Tarisa Am. Serv. 1843,,,,,Pentatomidae,Podopinae,Tarisa,,Pentatomoidea | Pentatomidae | Podopinae | Tarisini | Tarisa,camelus Reut. 1900,,,,,
B2569:1:195,Tarisa pallescens Jak. 1871,Jak. 1871,Tarisa,,pallescens,,species,,B2569:1,accepted,,,B2569:1:188,Tarisa Am. Serv. 1843,,,,,Pentatomidae,Podopinae,Tarisa,,Pentatomoidea | Pentatomidae | Podopinae | Tarisini | Tarisa,pallescens Jak. 1871,,V6LBX,4485697,V6LBX,4485697
B2569:1:196,Tarisa fraudatrix Horv. 1891,Horv. 1891,Tarisa,,fraudatrix,,species,,B2569:1,accepted,,,B2569:1:188,Tarisa Am. Serv. 1843,,,,,Pentatomidae,Podopinae,Tarisa,,Pentatomoidea | Pentatomidae | Podopinae | Tarisini | Tarisa,fraudatrix Horv. 1891,,,,,
B2569:1:197,Trigonosomini Stål 1872,Stål 1872,,,,,tribe,,B2569:1,accepted,,,B2569:1:186,Podopinae Dallas 1853,,,,,Pentatomidae,Podopinae,,,Pentatomoidea | Pentatomidae | Podopinae,Trigonosomini Stål 1872,,,,,
B2569:1:198,Trigonosoma Lap. 1832,Lap. 1832,,,,,genus,,B2569:1,accepted,,,B2569:1:197,Trigonosomini Stål 1872,,,,,Pentatomidae,Podopinae,Trigonosoma,,Pentatomoidea | Pentatomidae | Podopinae | Trigonosomini,Trigonosoma Lap. 1832,,TMTBK,6007121,TMTBK,6007121
B2569:1:199,Trigonosoma Lap. 1832,Lap. 1832,Trigonosoma,,,,subgenus,s. str.,B2569:1,accepted,,,B2569:1:198,Trigonosoma Lap. 1832,,,,,Pentatomidae,Podopinae,Trigonosoma,Trigonosoma,Pentatomoidea | Pentatomidae | Podopinae | Trigonosomini | Trigonosoma,Trigonosoma Lap. 1832 s. str.,,BYS5M,,BYS5M,
B2569:1:200,Trigonosoma trigonum (Kryn. 1871),(Kryn. 1871),Trigonosoma,Trigonosoma,trigonum,,species,,B2569:1,accepted,,,B2569:1:199,Trigonosoma Lap. 1832,,,,,Pentatomidae,Podopinae,Trigonosoma,Trigonosoma,Pentatomoidea | Pentatomidae | Podopinae | Trigonosomini | Trigonosoma | Trigonosoma,trigonum (Kryn. 1871),,,9199141,,4485742
B2569:1:201,Trigonosoma advenum Horv. 1896,Horv. 1896,Trigonosoma,Trigonosoma,advenum,,species,,B2569:1,accepted,,,B2569:1:199,Trigonosoma Lap. 1832,,,,,Pentatomidae,Podopinae,Trigonosoma,Trigonosoma,Pentatomoidea | Pentatomidae | Podopinae | Trigonosomini | Trigonosoma | Trigonosoma,advenum Horv. 1896,,,,,
B2569:1:202,Trigonosoma horvathi Put. 1896,Put. 1896,Trigonosoma,Trigonosoma,horvathi,,species,,B2569:1,accepted,,,B2569:1:199,Trigonosoma Lap. 1832,,,,,Pentatomidae,Podopinae,Trigonosoma,Trigonosoma,Pentatomoidea | Pentatomidae | Podopinae | Trigonosomini | Trigonosoma | Trigonosoma,horvathi Put. 1896,,VBCLF,,TLJQL,
B2569:1:203,Trigonosoma frater J. Popov. 1964,J. Popov. 1964,Trigonosoma,Trigonosoma,frater,,species,,B2569:1,accepted,,,B2569:1:199,Trigonosoma Lap. 1832,,,,,Pentatomidae,Podopinae,Trigonosoma,Trigonosoma,Pentatomoidea | Pentatomidae | Podopinae | Trigonosomini | Trigonosoma | Trigonosoma,frater J. Popov. sp. n.,,,,,
B2569:1:204,Selenodera Horv. 1889,Horv. 1889,Trigonosoma,,,,subgenus,,B2569:1,accepted,,,B2569:1:198,Trigonosoma Lap. 1832,,,,,Pentatomidae,Podopinae,Trigonosoma,Selenodera,Pentatomoidea | Pentatomidae | Podopinae | Trigonosomini | Trigonosoma,Selenodera Horv. 1889,,,,,
B2569:1:205,Trigonosoma halopilum Jak. 1879,Jak. 1879,Trigonosoma,Selenodera,halopilum,,species,,B2569:1,accepted,,,B2569:1:204,Selenodera Horv. 1889,,,,,Pentatomidae,Podopinae,Trigonosoma,Selenodera,Pentatomoidea | Pentatomidae | Podopinae | Trigonosomini | Trigonosoma | Selenodera,halopilum Jak. 1879,,,8914661,,4485751
B2569:1:206,Trigonosoma cribrosum Horv. 1889,Horv. 1889,Trigonosoma,Selenodera,cribrosum,,species,,B2569:1,accepted,,,B2569:1:204,Selenodera Horv. 1889,,,,,Pentatomidae,Podopinae,Trigonosoma,Selenodera,Pentatomoidea | Pentatomidae | Podopinae | Trigonosomini | Trigonosoma | Selenodera,cribrosum Horv. 1889,,,,,
B2569:1:207,Trigonosoma fischeri (H.-S. 1851(),(H.-S. 1851(),Trigonosoma,Selenodera,fischeri,,species,,B2569:1,accepted,,,B2569:1:204,Selenodera Horv. 1889,,,,,Pentatomidae,Podopinae,Trigonosoma,Selenodera,Pentatomoidea | Pentatomidae | Podopinae | Trigonosomini | Trigonosoma | Selenodera,fischeri (H.-S). 1851),,TMTCF,9040301,TLJPL,4485744
B2569:1:208,Trigonosoma productum Jak. 1885,Jak. 1885,Trigonosoma,Selenodera,productum,,species,,B2569:1,accepted,,,B2569:1:204,Selenodera Horv. 1889,,,,,Pentatomidae,Podopinae,Trigonosoma,Selenodera,Pentatomoidea | Pentatomidae | Podopinae | Trigonosomini | Trigonosoma | Selenodera,productum Jak. 1885,,,,,
B2569:1:209,Trigonosoma falcatum (Cyrill. 1787),(Cyrill. 1787),Trigonosoma,Selenodera,falcatum,,species,,B2569:1,accepted,,,B2569:1:204,Selenodera Horv. 1889,,,,,Pentatomidae,Podopinae,Trigonosoma,Selenodera,Pentatomoidea | Pentatomidae | Podopinae | Trigonosomini | Trigonosoma | Selenodera,falcatum (Cyrill. 1787),,TMTCB,10943855,TLJQ3,4485749
B2569:1:210,Trigonosoma ceriferum Horv. 1889,Horv. 1889,Trigonosoma,Selenodera,ceriferum,,species,,B2569:1,accepted,,,B2569:1:204,Selenodera Horv. 1889,,,,,Pentatomidae,Podopinae,Trigonosoma,Selenodera,Pentatomoidea | Pentatomidae | Podopinae | Trigonosomini | Trigonosoma | Selenodera,ceriferum Horv. 1889,,,,,
B2569:1:211,Trigonosoma putoni Jak. 1877,Jak. 1877,Trigonosoma,Selenodera,putoni,,species,,B2569:1,accepted,,,B2569:1:204,Selenodera Horv. 1889,,,,,Pentatomidae,Podopinae,Trigonosoma,Selenodera,Pentatomoidea | Pentatomidae | Podopinae | Trigonosomini | Trigonosoma | Selenodera,putoni Jak. 1877,,,,,
B2569:1:212,Trigonosoma amerniacum Kir. 1938,Kir. 1938,Trigonosoma,Selenodera,amerniacum,,species,,B2569:1,accepted,,,B2569:1:204,Selenodera Horv. 1889,,,,,Pentatomidae,Podopinae,Trigonosoma,Selenodera,Pentatomoidea | Pentatomidae | Podopinae | Trigonosomini | Trigonosoma | Selenodera,amerniacum Kir. 1938,,,,,
B2569:1:213,Trigonosoma tataricum Kirk. 1909,Kirk. 1909,Trigonosoma,Selenodera,tataricum,,species,,B2569:1,accepted,,,B2569:1:204,Selenodera Horv. 1889,,,,,Pentatomidae,Podopinae,Trigonosoma,Selenodera,Pentatomoidea | Pentatomidae | Podopinae | Trigonosomini | Trigonosoma | Selenodera,tataricum Kirk. 1909,,,,,
B2569:1:214,Trigonosoma oshanini Horv. 1889,Horv. 1889,Trigonosoma,Selenodera,oshanini,,species,,B2569:1,accepted,,,B2569:1:204,Selenodera Horv. 1889,,,,,Pentatomidae,Podopinae,Trigonosoma,Selenodera,Pentatomoidea | Pentatomidae | Podopinae | Trigonosomini | Trigonosoma | Selenodera,oshanini Horv. 1889,,,,,
B2569:1:215,Trigonosoma modestum Jak. 1880,Jak. 1880,Trigonosoma,Selenodera,modestum,,species,,B2569:1,accepted,,,B2569:1:204,Selenodera Horv. 1889,,,,,Pentatomidae,Podopinae,Trigonosoma,Selenodera,Pentatomoidea | Pentatomidae | Podopinae | Trigonosomini | Trigonosoma | Selenodera,modestum Jak. 1880,,58TLS,8947100,58TMN,4485746
B2569:1:216,Trigonosoma martini Horv. 1889,Horv. 1889,Trigonosoma,Selenodera,martini,,species,,B2569:1,accepted,,,B2569:1:204,Selenodera Horv. 1889,,,,,Pentatomidae,Podopinae,Trigonosoma,Selenodera,Pentatomoidea | Pentatomidae | Podopinae | Trigonosomini | Trigonosoma | Selenodera,martini Horv. 1889,,,8858696,,4485746
B2569:1:217,Trigonosoma oblongum Horv. 1889,Horv. 1889,Trigonosoma,Selenodera,oblongum,,species,,B2569:1,accepted,,,B2569:1:204,Selenodera Horv. 1889,,,,,Pentatomidae,Podopinae,Trigonosoma,Selenodera,Pentatomoidea | Pentatomidae | Podopinae | Trigonosomini | Trigonosoma | Selenodera,oblongum Horv. 1889,,VBCLD,,TLJPT,
B2569:1:218,Vilpianus Stål 1860,Stål 1860,,,,,genus,,B2569:1,accepted,,,B2569:1:197,Trigonosomini Stål 1872,,,,,Pentatomidae,Podopinae,Vilpianus,,Pentatomoidea | Pentatomidae | Podopinae | Trigonosomini,Vilpianus Stål 1860,,TRTL8,4405833,TRTL8,4405833
B2569:1:219,Vilpianus galii (Wolff 1802),(Wolff 1802),Vilpianus,,galii,,species,,B2569:1,accepted,,,B2569:1:218,Vilpianus Stål 1860,,,,,Pentatomidae,Podopinae,Vilpianus,,Pentatomoidea | Pentatomidae | Podopinae | Trigonosomini | Vilpianus,galii (Wolff 1802),,TRTLG,4485720,TRTLG,4485720
B2569:1:220,"Leprosoma Baer, 1859","Baer, 1859",,,,,genus,,B2569:1,accepted,,,B2569:1:197,Trigonosomini Stål 1872,,,,,Pentatomidae,Podopinae,Leprosoma,,Pentatomoidea | Pentatomidae | Podopinae | Trigonosomini,"Leprosoma Baer, 1859",,Q8TQX,3266140,Q8TQX,3266140
B2569:1:221,Leprosoma inconspicuum Baer. 1859,Baer. 1859,Leprosoma,,inconspicuum,,species,,B2569:1,accepted,,,B2569:1:220,"Leprosoma Baer, 1859",,,,,Pentatomidae,Podopinae,Leprosoma,,Pentatomoidea | Pentatomidae | Podopinae | Trigonosomini | Leprosoma,inconspicuum Baer. 1859,,Q8TSC,7561885,Q8TSC,7561885
B2569:1:222,Leprosoma tuberculatum Jak. 1874,Jak. 1874,Leprosoma,,tuberculatum,,species,,B2569:1,accepted,,,B2569:1:220,"Leprosoma Baer, 1859",,,,,Pentatomidae,Podopinae,Leprosoma,,Pentatomoidea | Pentatomidae | Podopinae | Trigonosomini | Leprosoma,tuberculatum Jak. 1874,,Q8TTC,9184716,Q8TTC,9184716
B2569:1:223,Leprosoma inaequale Horv. 1911,Horv. 1911,Leprosoma,,inaequale,,species,,B2569:1,accepted,,,B2569:1:220,"Leprosoma Baer, 1859",,,,,Pentatomidae,Podopinae,Leprosoma,,Pentatomoidea | Pentatomidae | Podopinae | Trigonosomini | Leprosoma,inaequale Horv. 1911,,,,,
B2569:1:224,Leprosoma stali Dgl. Sc. 1868,Dgl. Sc. 1868,Leprosoma,,stali,,species,,B2569:1,accepted,,,B2569:1:220,"Leprosoma Baer, 1859",,,,,Pentatomidae,Podopinae,Leprosoma,,Pentatomoidea | Pentatomidae | Podopinae | Trigonosomini | Leprosoma,stali Dgl. Sc. 1868,,Q8TT3,8936141,Q8TT3,8936141
B2569:1:225,Putonia Stål 1872,Stål 1872,,,,,genus,,B2569:1,accepted,,,B2569:1:197,Trigonosomini Stål 1872,,,,,Pentatomidae,Podopinae,Putonia,,Pentatomoidea | Pentatomidae | Podopinae | Trigonosomini,Putonia Stål 1872,,S5RFF,3266051,S5RFF,3266051
B2569:1:226,Putonia asiatica Jak. 1885,Jak. 1885,Putonia,,asiatica,,species,,B2569:1,accepted,,,B2569:1:225,Putonia Stål 1872,,,,,Pentatomidae,Podopinae,Putonia,,Pentatomoidea | Pentatomidae | Podopinae | Trigonosomini | Putonia,asiatica Jak. 1885,,S5RFT,,S5RFT,
B2569:1:227,Tshingisella Kir. 1913,Kir. 1913,,,,,genus,,B2569:1,accepted,,,B2569:1:197,Trigonosomini Stål 1872,,,,,Pentatomidae,Podopinae,Tshingisella,,Pentatomoidea | Pentatomidae | Podopinae | Trigonosomini,Tshingisella Kir. 1913,,TVWW9,4781972,TVWW9,4781972
B2569:1:228,Tshingisella bella Kir. 1913,Kir. 1913,Tshingisella,,bella,,species,,B2569:1,accepted,,,B2569:1:227,Tshingisella Kir. 1913,,,,,Pentatomidae,Podopinae,Tshingisella,,Pentatomoidea | Pentatomidae | Podopinae | Trigonosomini | Tshingisella,bella Kir. 1913,,TVWWH,,TVWWH,
B2569:1:229,Crypsinus Dohrn 1860,Dohrn 1860,,,,,genus,,B2569:1,accepted,,,B2569:1:197,Trigonosomini Stål 1872,,,,,Pentatomidae,Podopinae,Crypsinus,,Pentatomoidea | Pentatomidae | Podopinae | Trigonosomini,Crypsinus Dohrn 1860,,,3265994,,3265994
B2569:1:230,Crypsinus angustatus (Baer. 1859),(Baer. 1859),Crypsinus,,angustatus,,species,,B2569:1,accepted,,,B2569:1:229,Crypsinus Dohrn 1860,,,,,Pentatomidae,Podopinae,Crypsinus,,Pentatomoidea | Pentatomidae | Podopinae | Trigonosomini | Crypsinus,angustatus (Baer. 1859),,,8768799,,8768799
B2569:1:231,Asaroticus Jak. 1884,Jak. 1884,,,,,genus,,B2569:1,accepted,,,B2569:1:197,Trigonosomini Stål 1872,,,,,Pentatomidae,Podopinae,Asaroticus,,Pentatomoidea | Pentatomidae | Podopinae | Trigonosomini,Asaroticus Jak. 1884,,,4405495,,4405495
B2569:1:232,Asaroticus solskyi (Jak. 1873),(Jak. 1873),Asaroticus,,solskyi,,species,,B2569:1,accepted,,,B2569:1:231,Asaroticus Jak. 1884,,,,,Pentatomidae,Podopinae,Asaroticus,,Pentatomoidea | Pentatomidae | Podopinae | Trigonosomini | Asaroticus,solskyi (Jak. 1873),,,4485727,,4485727
B2569:1:233,Asaroticus ogloblini Kir. 1926,Kir. 1926,Asaroticus,,ogloblini,,species,,B2569:1,accepted,,,B2569:1:231,Asaroticus Jak. 1884,,,,,Pentatomidae,Podopinae,Asaroticus,,Pentatomoidea | Pentatomidae | Podopinae | Trigonosomini | Asaroticus,ogloblini Kir. 1926,,,,,
B2569:1:234,Hybocoris Lap. 1832,Lap. 1832,,,,,genus,,B2569:1,accepted,,,B2569:1:197,Trigonosomini Stål 1872,,,,,Pentatomidae,Podopinae,Hybocoris,,Pentatomoidea | Pentatomidae | Podopinae | Trigonosomini,Hybocoris Lap. 1832,,,5431436,,5431436
B2569:1:235,Hybocoris brachypterus Kir. 1913,Kir. 1913,Hybocoris,,brachypterus,,species,,B2569:1,accepted,,,B2569:1:234,Hybocoris Lap. 1832,,,,,Pentatomidae,Podopinae,Hybocoris,,Pentatomoidea | Pentatomidae | Podopinae | Trigonosomini | Hybocoris,brachypterus Kir. 1913,,,,,
B2569:1:236,Ancyrosomini Putsh. 1961,Putsh. 1961,,,,,tribe,,B2569:1,accepted,,,B2569:1:186,Podopinae Dallas 1853,,,,,Pentatomidae,Podopinae,,,Pentatomoidea | Pentatomidae | Podopinae,Ancyrosomini Putsh. 1961,,,,,
B2569:1:237,Ancyrosoma Am. Serv.,Am. Serv.,,,,,genus,,B2569:1,accepted,,,B2569:1:236,Ancyrosomini Putsh. 1961,,,,,Pentatomidae,Podopinae,Ancyrosoma,,Pentatomoidea | Pentatomidae | Podopinae | Ancyrosomini,Ancyrosoma Am. Serv.,,LPD7N,4407729,LPD7N,4407729
B2569:1:238,Ancyrosoma leucogrammes (Gmel. 1789),(Gmel. 1789),Ancyrosoma,,leucogrammes,,species,,B2569:1,accepted,,,B2569:1:237,Ancyrosoma Am. Serv.,,,,,Pentatomidae,Podopinae,Ancyrosoma,,Pentatomoidea | Pentatomidae | Podopinae | Ancyrosomini | Ancyrosoma,leucogrammes (Gmel. 1789),,LPD7T,4485722,LPD7T,4485722
B2569:1:239,Sternodontus Mls. R. 1856,Mls. R. 1856,,,,,genus,,B2569:1,accepted,,,B2569:1:236,Ancyrosomini Putsh. 1961,,,,,Pentatomidae,Podopinae,Sternodontus,,Pentatomoidea | Pentatomidae | Podopinae | Ancyrosomini,Sternodontus Mls. R. 1856,,TC739,4406944,TC739,4406944
B2569:1:240,Sternodontus binodulus Jak. 1893,Jak. 1893,Sternodontus,,binodulus,,species,,B2569:1,accepted,,,B2569:1:239,Sternodontus Mls. R. 1856,,,,,Pentatomidae,Podopinae,Sternodontus,,Pentatomoidea | Pentatomidae | Podopinae | Ancyrosomini | Sternodontus,binodulus Jak. 1893,,,4485737,,4485737
B2569:1:241,Sternodontus obtusus Mls. R. 1856,Mls. R. 1856,Sternodontus,,obtusus,,species,,B2569:1,accepted,,,B2569:1:239,Sternodontus Mls. R. 1856,,,,,Pentatomidae,Podopinae,Sternodontus,,Pentatomoidea | Pentatomidae | Podopinae | Ancyrosomini | Sternodontus,obtusus Mls. R. 1856,,TC73J,4485736,TC73J,4485736
B2569:1:242,Sternodontus ampliatus Jak. 1887,Jak. 1887,Sternodontus,,ampliatus,,species,,B2569:1,accepted,,,B2569:1:239,Sternodontus Mls. R. 1856,,,,,Pentatomidae,Podopinae,Sternodontus,,Pentatomoidea | Pentatomidae | Podopinae | Ancyrosomini | Sternodontus,ampliatus Jak. 1887,,TC73C,,TC73C,
B2569:1:243,Sternodontus similis (Stål 1854),(Stål 1854),Sternodontus,,similis,,species,,B2569:1,accepted,,,B2569:1:239,Sternodontus Mls. R. 1856,,,,,Pentatomidae,Podopinae,Sternodontus,,Pentatomoidea | Pentatomidae | Podopinae | Ancyrosomini | Sternodontus,similis (Stål 1854),,,,,
B2569:1:244,Oplistochilus Jak. 1887,Jak. 1887,,,,,genus,,B2569:1,accepted,,,B2569:1:236,Ancyrosomini Putsh. 1961,,,,,Pentatomidae,Podopinae,Oplistochilus,,Pentatomoidea | Pentatomidae | Podopinae | Ancyrosomini,Oplistochilus Jak. 1887,,R5QY6,4781623,R5QY6,4781623
B2569:1:245,Oplistochilus pallidus Jak. 1887,Jak. 1887,Oplistochilus,,pallidus,,species,,B2569:1,accepted,,,B2569:1:244,Oplistochilus Jak. 1887,,,,,Pentatomidae,Podopinae,Oplistochilus,,Pentatomoidea | Pentatomidae | Podopinae | Ancyrosomini | Oplistochilus,pallidus Jak. 1887,,,,,
B2569:1:246,Tholagmus Stål. 1860,Stål. 1860,,,,,genus,,B2569:1,accepted,,,B2569:1:236,Ancyrosomini Putsh. 1961,,,,,Pentatomidae,Podopinae,Tholagmus,,Pentatomoidea | Pentatomidae | Podopinae | Ancyrosomini,Tholagmus Stål. 1860,,TGR77,4485715,TGR77,4485715
B2569:1:247,Tholagmus nigricornis Reut. 1900,Reut. 1900,Tholagmus,,nigricornis,,species,,B2569:1,accepted,,,B2569:1:246,Tholagmus Stål. 1860,,,,,Pentatomidae,Podopinae,Tholagmus,,Pentatomoidea | Pentatomidae | Podopinae | Ancyrosomini | Tholagmus,nigricornis Reut. 1900,,,,,
B2569:1:248,Tholagmus breviceps Jak. 1883,Jak. 1883,Tholagmus,,breviceps,,species,,B2569:1,accepted,,,B2569:1:246,Tholagmus Stål. 1860,,,,,Pentatomidae,Podopinae,Tholagmus,,Pentatomoidea | Pentatomidae | Podopinae | Ancyrosomini | Tholagmus,breviceps Jak. 1883,,TGR7N,,TGR7N,
B2569:1:249,Tholagmus chobauti Put. 1898,Put. 1898,Tholagmus,,chobauti,,species,,B2569:1,accepted,,,B2569:1:246,Tholagmus Stål. 1860,,,,,Pentatomidae,Podopinae,Tholagmus,,Pentatomoidea | Pentatomidae | Podopinae | Ancyrosomini | Tholagmus,chobauti Put. 1898,,,,,
B2569:1:250,Tholagmus confinis Horv. 1898,Horv. 1898,Tholagmus,,confinis,,species,,B2569:1,accepted,,,B2569:1:246,Tholagmus Stål. 1860,,,,,Pentatomidae,Podopinae,Tholagmus,,Pentatomoidea | Pentatomidae | Podopinae | Ancyrosomini | Tholagmus,confinis Horv. 1898,,,,,
B2569:1:251,Tholagmus flavolineatus (F. 1798),(F. 1798),Tholagmus,,flavolineatus,,species,,B2569:1,accepted,,,B2569:1:246,Tholagmus Stål. 1860,,,,,Pentatomidae,Podopinae,Tholagmus,,Pentatomoidea | Pentatomidae | Podopinae | Ancyrosomini | Tholagmus,flavolineatus (F. 1798),,TGR7X,4485718,TGR7X,4485718
B2569:1:252,Dybowskyia Jak. 1876,Jak. 1876,,,,,genus,,B2569:1,accepted,,,B2569:1:236,Ancyrosomini Putsh. 1961,,,,,Pentatomidae,Podopinae,Dybowskyia,,Pentatomoidea | Pentatomidae | Podopinae | Ancyrosomini,Dybowskyia Jak. 1876,,NT9CP,4406321,NT9CP,4406321
B2569:1:253,"Dybowskyia reticulata (Dall., 1851)","(Dall., 1851)",Dybowskyia,,reticulata,,species,,B2569:1,accepted,,,B2569:1:252,Dybowskyia Jak. 1876,,,,,Pentatomidae,Podopinae,Dybowskyia,,Pentatomoidea | Pentatomidae | Podopinae | Ancyrosomini | Dybowskyia,"reticulata (Dall., 1851)",,NT9D2,4485689,NT9D2,4485689
B2569:1:254,Graphosomini Stål 1872,Stål 1872,,,,,tribe,,B2569:1,accepted,,,B2569:1:186,Podopinae Dallas 1853,,,,,Pentatomidae,Podopinae,,,Pentatomoidea | Pentatomidae | Podopinae,Graphosomini Stål 1872,,,,,
B2569:1:255,Graphosoma Lap. 1832,Lap. 1832,,,,,genus,,B2569:1,accepted,,,B2569:1:254,Graphosomini Stål 1872,,,,,Pentatomidae,Podopinae,Graphosoma,,Pentatomoidea | Pentatomidae | Podopinae | Graphosomini,Graphosoma Lap. 1832,,PJYKB,4405318,PJYKB,4405318
B2569:1:256,Graphosoma semipunctatum (F. 1775),(F. 1775),Graphosoma,,semipunctatum,,species,,B2569:1,accepted,,,B2569:1:255,Graphosoma Lap. 1832,,,,,Pentatomidae,Podopinae,Graphosoma,,Pentatomoidea | Pentatomidae | Podopinae | Graphosomini | Graphosoma,semipunctatum (F. 1775),,PJYL7,4485731,PJYL7,4485731
B2569:1:257,Graphosoma consimile Horv. 1903,Horv. 1903,Graphosoma,,consimile,,species,,B2569:1,accepted,,,B2569:1:255,Graphosoma Lap. 1832,,,,,Pentatomidae,Podopinae,Graphosoma,,Pentatomoidea | Pentatomidae | Podopinae | Graphosomini | Graphosoma,consimile Horv. 1903,,PJYKK,,PJYKK,
B2569:1:258,Graphosoma stali Horv. 1881,Horv. 1881,Graphosoma,,stali,,species,,B2569:1,accepted,,,B2569:1:255,Graphosoma Lap. 1832,,,,,Pentatomidae,Podopinae,Graphosoma,,Pentatomoidea | Pentatomidae | Podopinae | Graphosomini | Graphosoma,stali Horv. 1881,,PJYL8,9381708,PJYL8,9381708
B2569:1:259,Graphosoma melanoxanthum Horv. 1903,Horv. 1903,Graphosoma,,melanoxanthum,,species,,B2569:1,accepted,,,B2569:1:255,Graphosoma Lap. 1832,,,,,Pentatomidae,Podopinae,Graphosoma,,Pentatomoidea | Pentatomidae | Podopinae | Graphosomini | Graphosoma,melanoxanthum Horv. 1903,,PJYL2,4485735,PJYL2,4485735
B2569:1:260,Graphosoma lineatum (L. 1758),(L. 1758),Graphosoma,,lineatum,,species,,B2569:1,accepted,,,B2569:1:255,Graphosoma Lap. 1832,,,,,Pentatomidae,Podopinae,Graphosoma,,Pentatomoidea | Pentatomidae | Podopinae | Graphosomini | Graphosoma,lineatum (L. 1758),,PJYN5,4485729,PJYMB,4485729
B2569:1:261,Graphosoma lineatum f. italicum Müll.,Müll.,Graphosoma,,lineatum,italicum,form,,B2569:1,accepted,,,B2569:1:260,Graphosoma lineatum (L. 1758),,,,,Pentatomidae,Podopinae,Graphosoma,,Pentatomoidea | Pentatomidae | Podopinae | Graphosomini | Graphosoma | Graphosoma lineatum,f. italicum Müll.,,PJYKM,,PJYMB,
B2569:1:262,Graphosoma lineatum f. lineatum L.,L.,Graphosoma,,lineatum,lineatum,form,,B2569:1,accepted,,,B2569:1:260,Graphosoma lineatum (L. 1758),,,,,Pentatomidae,Podopinae,Graphosoma,,Pentatomoidea | Pentatomidae | Podopinae | Graphosomini | Graphosoma | Graphosoma lineatum,f. lineatum L.,,GBDZC,,GBDZC,
B2569:1:263,Derula Mls. R. 1856,Mls. R. 1856,,,,,genus,,B2569:1,accepted,,,B2569:1:254,Graphosomini Stål 1872,,,,,Pentatomidae,Podopinae,Derula,,Pentatomoidea | Pentatomidae | Podopinae | Graphosomini,Derula Mls. R. 1856,,NF84Q,4485713,NF84Q,4485713
B2569:1:264,Derula longipennis Osh. 1870,Osh. 1870,Derula,,longipennis,,species,,B2569:1,accepted,,,B2569:1:263,Derula Mls. R. 1856,,,,,Pentatomidae,Podopinae,Derula,,Pentatomoidea | Pentatomidae | Podopinae | Graphosomini | Derula,longipennis Osh. 1870,,,,,
B2569:1:265,Derula flavoguttata Mls. R.,Mls. R.,Derula,,flavoguttata,,species,,B2569:1,accepted,,,B2569:1:263,Derula Mls. R. 1856,,,,,Pentatomidae,Podopinae,Derula,,Pentatomoidea | Pentatomidae | Podopinae | Graphosomini | Derula,flavoguttata Mls. R.,,NF84Y,4485714,NF84Y,4485714
B2569:1:266,Derula delagrangei Put. 1892,Put. 1892,Derula,,delagrangei,,species,,B2569:1,accepted,,,B2569:1:263,Derula Mls. R. 1856,,,,,Pentatomidae,Podopinae,Derula,,Pentatomoidea | Pentatomidae | Podopinae | Graphosomini | Derula,delagrandei Put. 1892,,NF84R,,NF84R,
B2569:1:267,Podopini Stål 1872,Stål 1872,,,,,tribe,,B2569:1,accepted,,,B2569:1:186,Podopinae Dallas 1853,,,,,Pentatomidae,Podopinae,,,Pentatomoidea | Pentatomidae | Podopinae,Podopini Stål 1872,,,,,
B2569:1:268,Podops Lap. 1832,Lap. 1832,,,,,genus,,B2569:1,accepted,,,B2569:1:267,Podopini Stål 1872,,,,,Pentatomidae,Podopinae,Podops,,Pentatomoidea | Pentatomidae | Podopinae | Podopini,Podops Lap. 1832,"{""identifiable"":false}",RWM6J,8882580,RWM6J,8882580
B2569:1:269,Pentatominae Stål 1864,Stål 1864,,,,,subfamily,,B2569:1,accepted,,,B2569:1:185,Pentatomidae Leach 1815,,,,,Pentatomidae,Pentatominae,,,Pentatomoidea | Pentatomidae,Pentatominae Stål 1864,,,,,
B2569:1:270,Halyini Stål 1872,Stål 1872,,,,,tribe,,B2569:1,accepted,,,B2569:1:269,Pentatominae Stål 1864,,,,,Pentatomidae,Pentatominae,,,Pentatomoidea | Pentatomidae | Pentatominae,Halyini Stål 1872,,,,,
B2569:1:271,Mustha Am. Serv. 1843,Am. Serv. 1843,,,,,genus,,B2569:1,accepted,,,B2569:1:270,Halyini Stål 1872,,,,,Pentatomidae,Pentatominae,Mustha,,Pentatomoidea | Pentatomidae | Pentatominae | Halyini,Mustha Am. Serv. 1843,,QW6BV,4407437,QW6BV,4407437
B2569:1:272,Mustha incana Stål 1876,Stål 1876,Mustha,,incana,,species,,B2569:1,accepted,,,B2569:1:271,Mustha Am. Serv. 1843,,,,,Pentatomidae,Pentatominae,Mustha,,Pentatomoidea | Pentatomidae | Pentatominae | Halyini | Mustha,incana Stål 1876,,QW6CM,9633180,QW6CM,9633180
B2569:1:273,Mustha morgani Horv. 1906,Horv. 1906,Mustha,,morgani,,species,,B2569:1,accepted,,,B2569:1:271,Mustha Am. Serv. 1843,,,,,Pentatomidae,Pentatominae,Mustha,,Pentatomoidea | Pentatomidae | Pentatominae | Halyini | Mustha,morgani Horv. 1906,,QW6CX,,QW6CX,
B2569:1:274,Mustha baranovi Kir. 1952,Kir. 1952,Mustha,,baranovi,,species,,B2569:1,accepted,,,B2569:1:271,Mustha Am. Serv. 1843,,,,,Pentatomidae,Pentatominae,Mustha,,Pentatomoidea | Pentatomidae | Pentatominae | Halyini | Mustha,baranovi Kir. 1952,,QW6C7,,QW6C7,
B2569:1:275,Mustha gigantea Horv. 1906,Horv. 1906,Mustha,,gigantea,,species,,B2569:1,accepted,,,B2569:1:271,Mustha Am. Serv. 1843,,,,,Pentatomidae,Pentatominae,Mustha,,Pentatomoidea | Pentatomidae | Pentatominae | Halyini | Mustha,gigantea Horv. 1906,,QW6CH,,QW6CH,
B2569:1:276,Mustha longispinis Reut. 1890,Reut. 1890,Mustha,,longispinis,,species,,B2569:1,accepted,,,B2569:1:271,Mustha Am. Serv. 1843,,,,,Pentatomidae,Pentatominae,Mustha,,Pentatomoidea | Pentatomidae | Pentatominae | Halyini | Mustha,longispinis Reut. 1890,,,,,
B2569:1:277,Mustha spinosula (Lef. 1831),(Lef. 1831),Mustha,,spinosula,,species,,B2569:1,accepted,,,B2569:1:271,Mustha Am. Serv. 1843,,,,,Pentatomidae,Pentatominae,Mustha,,Pentatomoidea | Pentatomidae | Pentatominae | Halyini | Mustha,spinosula (Lef. 1831),,QW6DH,4485841,QW6DH,4485841
B2569:1:278,Apodiphus Spin. 1837,Spin. 1837,,,,,genus,,B2569:1,accepted,,,B2569:1:270,Halyini Stål 1872,,,,,Pentatomidae,Pentatominae,Apodiphus,,Pentatomoidea | Pentatomidae | Pentatominae | Halyini,Apodiphus Spin. 1837,,LKB6B,4406525,LKB6B,4406525
B2569:1:279,Apodiphus integriceps Horv. 1888,Horv. 1888,Apodiphus,,integriceps,,species,,B2569:1,accepted,,,B2569:1:278,Apodiphus Spin. 1837,,,,,Pentatomidae,Pentatominae,Apodiphus,,Pentatomoidea | Pentatomidae | Pentatominae | Halyini | Apodiphus,integriceps Horv. 1888,,LKB6N,,LKB6N,
B2569:1:280,Apodiphus amygdali (Germ. 1817),(Germ. 1817),Apodiphus,,amygdali,,species,,B2569:1,accepted,,,B2569:1:278,Apodiphus Spin. 1837,,,,,Pentatomidae,Pentatominae,Apodiphus,,Pentatomoidea | Pentatomidae | Pentatominae | Halyini | Apodiphus,amygdali (Germ. 1817),,LKB6K,4485839,PJH8C,4485839
B2569:1:281,Apodiphus pilipes Horv. 1889,Horv. 1889,Apodiphus,,pilipes,,species,,B2569:1,accepted,,,B2569:1:278,Apodiphus Spin. 1837,,,,,Pentatomidae,Pentatominae,Apodiphus,,Pentatomoidea | Pentatomidae | Pentatominae | Halyini | Apodiphus,pilipes Horv. 1889,,,,,
B2569:1:282,Dalpada Am. Serv. 1843,Am. Serv. 1843,,,,,genus,,B2569:1,accepted,,,B2569:1:270,Halyini Stål 1872,,,,,Pentatomidae,Pentatominae,Dalpada,,Pentatomoidea | Pentatomidae | Pentatominae | Halyini,Dalpada Am. Serv. 1843,,NKVP2,4782388,NKVP2,4782388
B2569:1:283,Dalpada pavlovskii Kir. 1952,Kir. 1952,Dalpada,,pavlovskii,,species,,B2569:1,accepted,,,B2569:1:282,Dalpada Am. Serv. 1843,,,,,Pentatomidae,Pentatominae,Dalpada,,Pentatomoidea | Pentatomidae | Pentatominae | Halyini | Dalpada,pavlovskii Kir. 1952,,,,,
B2569:1:284,Iskenderia Kir. 1952,Kir. 1952,,,,,genus,,B2569:1,accepted,,,B2569:1:270,Halyini Stål 1872,,,,,Pentatomidae,Pentatominae,Iskenderia,,Pentatomoidea | Pentatomidae | Pentatominae | Halyini,Iskenderia Kir. 1952,,,4777897,,4777897
B2569:1:285,Iskenderia fedtshenkoi Kir. 1952,Kir. 1952,Iskenderia,,fedtshenkoi,,species,,B2569:1,accepted,,,B2569:1:284,Iskenderia Kir. 1952,,,,,Pentatomidae,Pentatominae,Iskenderia,,Pentatomoidea | Pentatomidae | Pentatominae | Halyini | Iskenderia,fedtshenkoi Kir. 1952,,,,,
B2569:1:286,Halys F. 1803,F. 1803,,,,,genus,,B2569:1,accepted,,,B2569:1:270,Halyini Stål 1872,,,,,Pentatomidae,Pentatominae,Halys,,Pentatomoidea | Pentatomidae | Pentatominae | Halyini,Halys F. 1803,,BYZH8,2079010,BYZH8,2079010
B2569:1:287,Carenoplistus Jak. 1881,Jak. 1881,,,,,genus,,B2569:1,accepted,,,B2569:1:270,Halyini Stål 1872,,,,,Pentatomidae,Pentatominae,Carenoplistus,,Pentatomoidea | Pentatomidae | Pentatominae | Halyini,Carenoplistus Jak. 1881,,MF94S,4778188,MF94S,4778188
B2569:1:288,Carenoplistus acutus (Sign. 1880),(Sign. 1880),Carenoplistus,,acutus,,species,,B2569:1,accepted,,,B2569:1:287,Carenoplistus Jak. 1881,,,,,Pentatomidae,Pentatominae,Carenoplistus,,Pentatomoidea | Pentatomidae | Pentatominae | Halyini | Carenoplistus,acutus (Sign. 1880),,MF94Z,11174325,MF94Z,11174325
B2569:1:289,Carenoplistus brevis Kir. 1963,Kir. 1963,Carenoplistus,,brevis,,species,,B2569:1,accepted,,,B2569:1:287,Carenoplistus Jak. 1881,,,,,Pentatomidae,Pentatominae,Carenoplistus,,Pentatomoidea | Pentatomidae | Pentatominae | Halyini | Carenoplistus,brevis Kir. 1963,,,,,
B2569:1:290,Sciocorini Stål 1872,Stål 1872,,,,,tribe,,B2569:1,accepted,,,B2569:1:269,Pentatominae Stål 1864,,,,,Pentatomidae,Pentatominae,,,Pentatomoidea | Pentatomidae | Pentatominae,Sciocorini Stål 1872,,,,,
B2569:1:291,Menaccarus Am. Serv. 1843,Am. Serv. 1843,,,,,genus,,B2569:1,accepted,,,B2569:1:290,Sciocorini Stål 1872,,,,,Pentatomidae,Pentatominae,Menaccarus,,Pentatomoidea | Pentatomidae | Pentatominae | Sciocorini,Menaccarus Am. Serv. 1843,,QJV3R,4404951,QJV3R,4404951
B2569:1:292,Menaccarus arenicola (Scholtz. 1846),(Scholtz. 1846),Menaccarus,,arenicola,,species,,B2569:1,accepted,,,B2569:1:291,Menaccarus Am. Serv. 1843,,,,,Pentatomidae,Pentatominae,Menaccarus,,Pentatomoidea | Pentatomidae | Pentatominae | Sciocorini | Menaccarus,arenicola (Scholtz. 1846),,QJV3T,4485849,QJV3T,4485849
B2569:1:293,Menaccarus ovalis Put. 1873,Put. 1873,Menaccarus,,ovalis,,species,,B2569:1,accepted,,,B2569:1:291,Menaccarus Am. Serv. 1843,,,,,Pentatomidae,Pentatominae,Menaccarus,,Pentatomoidea | Pentatomidae | Pentatominae | Sciocorini | Menaccarus,ovalis Put. 1873,,,,,
B2569:1:294,Menaccarus dohrnianus (Mls. R. 1866),(Mls. R. 1866),Menaccarus,,dohrnianus,,species,,B2569:1,accepted,,,B2569:1:291,Menaccarus Am. Serv. 1843,,,,,Pentatomidae,Pentatominae,Menaccarus,,Pentatomoidea | Pentatomidae | Pentatominae | Sciocorini | Menaccarus,dohrnianus (Mls. R. 1866),,QJV48,4485852,QJV48,4485852
B2569:1:295,Menaccarus divaricatus Jakovlev 1877,Jakovlev 1877,Menaccarus,,divaricatus,,species,syn. nov.,B2569:1,synonym,B2569:1:294,Menaccarus dohrnianus (Mls. R. 1866),,,,,,,Pentatomidae,Pentatominae,Menaccarus,,Pentatomoidea | Pentatomidae | Pentatominae | Sciocorini | Menaccarus,Menaccarus divaricatus Jakovlev 1877 syn. nov.,,QJV43,,QJV43,
B2569:1:296,Sciocoris Fall. 1829,Fall. 1829,,,,,genus,,B2569:1,accepted,,,B2569:1:290,Sciocorini Stål 1872,,,,,Pentatomidae,Pentatominae,Sciocoris,,Pentatomoidea | Pentatomidae | Pentatominae | Sciocorini,Sciocoris Fall. 1829,,SRR75,2079251,SRR75,2079251
B2569:1:297,Sciocoris macrocephalus Fieb. 1852,Fieb. 1852,Sciocoris,,macrocephalus,,species,,B2569:1,accepted,,,B2569:1:296,Sciocoris Fall. 1829,,,,,Pentatomidae,Pentatominae,Sciocoris,,Pentatomoidea | Pentatomidae | Pentatominae | Sciocorini | Sciocoris,macrocephalus Fieb. 1852,,SRR7K,4485868,SRR7K,4485868
B2569:1:298,Sciocoris luteolus Fieb. 1861,Fieb. 1861,Sciocoris,,luteolus,,species,,B2569:1,accepted,,,B2569:1:296,Sciocoris Fall. 1829,,,,,Pentatomidae,Pentatominae,Sciocoris,,Pentatomoidea | Pentatomidae | Pentatominae | Sciocorini | Sciocoris,luteolus Fieb. 1861,,SRR7J,4485870,SRR7J,4485870
B2569:1:299,Sciocoris kiritschenkoi Wagn. 1965,Wagn. 1965,Sciocoris,,kiritschenkoi,,species,,B2569:1,accepted,,,B2569:1:296,Sciocoris Fall. 1829,,,,,Pentatomidae,Pentatominae,Sciocoris,,Pentatomoidea | Pentatomidae | Pentatominae | Sciocorini | Sciocoris,kiritschenkoi Wagn. 1965,,SRR8P,,SRR8P,
B2569:1:300,Sciocoris pictus Wagn. 1959,Wagn. 1959,Sciocoris,,pictus,,species,,B2569:1,accepted,,,B2569:1:296,Sciocoris Fall. 1829,,,,,Pentatomidae,Pentatominae,Sciocoris,,Pentatomoidea | Pentatomidae | Pentatominae | Sciocorini | Sciocoris,pictus Wagn. 1959,,SRR7Q,4485869,SRR7Q,4485869
B2569:1:301,Sciocoris agnatus Jak. 1903,Jak. 1903,Sciocoris,,agnatus,,species,,B2569:1,accepted,,,B2569:1:296,Sciocoris Fall. 1829,,,,,Pentatomidae,Pentatominae,Sciocoris,,Pentatomoidea | Pentatomidae | Pentatominae | Sciocorini | Sciocoris,agnatus Jak. 1903,,,,,
B2569:1:302,Sciocoris lautus Horv. 1903,Horv. 1903,Sciocoris,,lautus,,species,,B2569:1,accepted,,,B2569:1:296,Sciocoris Fall. 1829,,,,,Pentatomidae,Pentatominae,Sciocoris,,Pentatomoidea | Pentatomidae | Pentatominae | Sciocorini | Sciocoris,lautus Horv. 1903,,V2VW9,,V2VW9,
B2569:1:303,Sciocoris sulcatus Fieb. 1852,Fieb. 1852,Sciocoris,,sulcatus,,species,,B2569:1,accepted,,,B2569:1:296,Sciocoris Fall. 1829,,,,,Pentatomidae,Pentatominae,Sciocoris,,Pentatomoidea | Pentatomidae | Pentatominae | Sciocorini | Sciocoris,sulcatus Fieb. 1852,,SRR9Z,4485857,SRR9Z,4485857
B2569:1:304,Sciocoris hoberlandti Wagn. 1954,Wagn. 1954,Sciocoris,,hoberlandti,,species,,B2569:1,accepted,,,B2569:1:296,Sciocoris Fall. 1829,,,,,Pentatomidae,Pentatominae,Sciocoris,,Pentatomoidea | Pentatomidae | Pentatominae | Sciocorini | Sciocoris,hoberlandti Wagn. 1954,,SRR7Z,4485858,SRR7Z,4485858
B2569:1:305,Sciocoris conspurcatus (Klug. 1845),(Klug. 1845),Sciocoris,,conspurcatus,,species,,B2569:1,accepted,,,B2569:1:296,Sciocoris Fall. 1829,,,,,Pentatomidae,Pentatominae,Sciocoris,,Pentatomoidea | Pentatomidae | Pentatominae | Sciocorini | Sciocoris,conspurcatus (Klug. 1845),,SRR83,4485879,SRR83,4485879
B2569:1:306,Sciocoris maculatus Fieb. 1852,Fieb. 1852,Sciocoris,,maculatus,,species,,B2569:1,accepted,,,B2569:1:296,Sciocoris Fall. 1829,,,,,Pentatomidae,Pentatominae,Sciocoris,,Pentatomoidea | Pentatomidae | Pentatominae | Sciocorini | Sciocoris,maculatus Fieb. 1852,,SRR8B,4485875,SRR8B,4485875
B2569:1:307,Sciocoris deltocephalus Fieb. 1861,Fieb. 1861,Sciocoris,,deltocephalus,,species,,B2569:1,accepted,,,B2569:1:296,Sciocoris Fall. 1829,,,,,Pentatomidae,Pentatominae,Sciocoris,,Pentatomoidea | Pentatomidae | Pentatominae | Sciocorini | Sciocoris,deltocephalus Fieb. 1861,,SRR9F,4485865,SRR9F,4485865
B2569:1:308,Sciocoris capitatus Jak. 1881,Jak. 1881,Sciocoris,,capitatus,,species,,B2569:1,accepted,,,B2569:1:296,Sciocoris Fall. 1829,,,,,Pentatomidae,Pentatominae,Sciocoris,,Pentatomoidea | Pentatomidae | Pentatominae | Sciocorini | Sciocoris,capitatus Jak. 1881,,SRR8S,,SRR8S,
B2569:1:309,Sciocoris dilutus Jak. 1903,Jak. 1903,Sciocoris,,dilutus,,species,,B2569:1,accepted,,,B2569:1:296,Sciocoris Fall. 1829,,,,,Pentatomidae,Pentatominae,Sciocoris,,Pentatomoidea | Pentatomidae | Pentatominae | Sciocorini | Sciocoris,dilutus Jak. 1903,,SRR9G,,SRR9G,
B2569:1:310,Sciocoris safavii Hober. 1959,Hober. 1959,Sciocoris,,safavii,,species,,B2569:1,accepted,,,B2569:1:296,Sciocoris Fall. 1829,,,,,Pentatomidae,Pentatominae,Sciocoris,,Pentatomoidea | Pentatomidae | Pentatominae | Sciocorini | Sciocoris,safavii Hober. 1959,,SRR7T,,SRR7T,
B2569:1:311,Sciocoris ogivus Jak. 1894,Jak. 1894,Sciocoris,,ogivus,,species,,B2569:1,accepted,,,B2569:1:296,Sciocoris Fall. 1829,,,,,Pentatomidae,Pentatominae,Sciocoris,,Pentatomoidea | Pentatomidae | Pentatominae | Sciocorini | Sciocoris,ogivus Jak. 1894,,SRR9T,,SRR9T,
B2569:1:312,Sciocoris cursitans (F. 1794),(F. 1794),Sciocoris,,cursitans,,species,,B2569:1,accepted,,,B2569:1:296,Sciocoris Fall. 1829,,,,,Pentatomidae,Pentatominae,Sciocoris,,Pentatomoidea | Pentatomidae | Pentatominae | Sciocorini | Sciocoris,cursitans (F. 1794),,SRR9B,2079253,SRR9B,2079253
B2569:1:313,Sciocoris helferi Fieb. 1852,Fieb. 1852,Sciocoris,,helferi,,species,,B2569:1,accepted,,,B2569:1:296,Sciocoris Fall. 1829,,,,,Pentatomidae,Pentatominae,Sciocoris,,Pentatomoidea | Pentatomidae | Pentatominae | Sciocorini | Sciocoris,helferi Fieb. 1852,,SRR9M,4485864,SRR9M,4485864
B2569:1:314,Sciocoris ochraceus Fieb. 1861,Fieb. 1861,Sciocoris,,ochraceus,,species,,B2569:1,accepted,,,B2569:1:296,Sciocoris Fall. 1829,,,,,Pentatomidae,Pentatominae,Sciocoris,,Pentatomoidea | Pentatomidae | Pentatominae | Sciocorini | Sciocoris,ochraceus Fieb. 1861,,SRR9S,4485854,SRR9S,4485854
B2569:1:315,Sciocoris consobrinus Kir. 1952,Kir. 1952,Sciocoris,,consobrinus,,species,,B2569:1,accepted,,,B2569:1:296,Sciocoris Fall. 1829,,,,,Pentatomidae,Pentatominae,Sciocoris,,Pentatomoidea | Pentatomidae | Pentatominae | Sciocorini | Sciocoris,consobrinus Kir. 1952,,SRR97,,SRR97,
B2569:1:316,Sciocoris distinctus Fieb. 1852,Fieb. 1852,Sciocoris,,distinctus,,species,,B2569:1,accepted,,,B2569:1:296,Sciocoris Fall. 1829,,,,,Pentatomidae,Pentatominae,Sciocoris,,Pentatomoidea | Pentatomidae | Pentatominae | Sciocorini | Sciocoris,distinctus Fieb. 1852,,,4485859,,6096794
B2569:1:317,Sciocoris microphthalmus Flor. 1860,Flor. 1860,Sciocoris,,microphthalmus,,species,,B2569:1,accepted,,,B2569:1:296,Sciocoris Fall. 1829,,,,,Pentatomidae,Pentatominae,Sciocoris,,Pentatomoidea | Pentatomidae | Pentatominae | Sciocorini | Sciocoris,microphthalmus Flor. 1860,,SRR7N,2079252,SRR7N,2079252
B2569:1:318,Sciocoris homalonotus Fieb. 1852,Fieb. 1852,Sciocoris,,homalonotus,,species,,B2569:1,accepted,,,B2569:1:296,Sciocoris Fall. 1829,,,,,Pentatomidae,Pentatominae,Sciocoris,,Pentatomoidea | Pentatomidae | Pentatominae | Sciocorini | Sciocoris,homalonotus Fieb. 1852,,SRR7F,4485866,SRR7F,4485866
B2569:1:319,Sciocoris umbrinus (Wolff 1804),(Wolff 1804),Sciocoris,,umbrinus,,species,,B2569:1,accepted,,,B2569:1:296,Sciocoris Fall. 1829,,,,,Pentatomidae,Pentatominae,Sciocoris,,Pentatomoidea | Pentatomidae | Pentatominae | Sciocorini | Sciocoris,umbrinus (Wolff 1804),,SRR7V,2079255,SRR9B,2079255
B2569:1:320,Sciocoris sahlbergi Wagn. 1952,Wagn. 1952,Sciocoris,,sahlbergi,,species,,B2569:1,accepted,,,B2569:1:296,Sciocoris Fall. 1829,,,,,Pentatomidae,Pentatominae,Sciocoris,,Pentatomoidea | Pentatomidae | Pentatominae | Sciocorini | Sciocoris,sahlbergi Wagn. 1952,,,,,
B2569:1:321,Dyroderes Spin. 1837,Spin. 1837,,,,,genus,,B2569:1,accepted,,,B2569:1:290,Sciocorini Stål 1872,,,,,Pentatomidae,Pentatominae,Dyroderes,,Pentatomoidea | Pentatomidae | Pentatominae | Sciocorini,Dyroderes Spin. 1837,,NTW3P,4406297,NTW3P,4406297
B2569:1:322,Dyroderes umbraculatus (F. 1775),(F. 1775),Dyroderes,,umbraculatus,,species,,B2569:1,accepted,,,B2569:1:321,Dyroderes Spin. 1837,,,,,Pentatomidae,Pentatominae,Dyroderes,,Pentatomoidea | Pentatomidae | Pentatominae | Sciocorini | Dyroderes,umbraculatus (F. 1775),,NTW44,4485845,NTW44,4485845
B2569:1:323,Phaeocoris Jak. 1887,Jak. 1887,,,,,genus,,B2569:1,accepted,,,B2569:1:290,Sciocorini Stål 1872,,,,,Pentatomidae,Pentatominae,Phaeocoris,,Pentatomoidea | Pentatomidae | Pentatominae | Sciocorini,Phaeocoris Jak. 1887,,,4783106,,4783106
B2569:1:324,"Phaeocoris alpicola Kiritshenko, 1912","Kiritshenko, 1912",Phaeocoris,,alpicola,,species,,B2569:1,accepted,,,B2569:1:323,Phaeocoris Jak. 1887,,,,,Pentatomidae,Pentatominae,Phaeocoris,,Pentatomoidea | Pentatomidae | Pentatominae | Sciocorini | Phaeocoris,"alpicola Kiritshenko, 1912",,,,,
B2569:1:325,Phaeocoris melanocerus (Horv. 1903),(Horv. 1903),Phaeocoris,,melanocerus,,species,,B2569:1,accepted,,,B2569:1:323,Phaeocoris Jak. 1887,,,,,Pentatomidae,Pentatominae,Phaeocoris,,Pentatomoidea | Pentatomidae | Pentatominae | Sciocorini | Phaeocoris,melanocerus (Horv. 1903),,,,,
B2569:1:326,Masthletinus Reut. 1878,Reut. 1878,,,,,genus,,B2569:1,accepted,,,B2569:1:290,Sciocorini Stål 1872,,,,,Pentatomidae,Pentatominae,Masthletinus,,Pentatomoidea | Pentatomidae | Pentatominae | Sciocorini,Masthletinus Reut. 1878,,,4783283,,4783283
B2569:1:327,Masthletinus abbreviatus Reut. 1879,Reut. 1879,Masthletinus,,abbreviatus,,species,,B2569:1,accepted,,,B2569:1:326,Masthletinus Reut. 1878,,,,,Pentatomidae,Pentatominae,Masthletinus,,Pentatomoidea | Pentatomidae | Pentatominae | Sciocorini | Masthletinus,abbreviatus Reut. 1879,,,,,
B2569:1:328,Masthletinus nigriventris Jak. 1889,Jak. 1889,Masthletinus,,nigriventris,,species,,B2569:1,synonym,B2569:1:327,Masthletinus abbreviatus Reut. 1879,,,,,,,Pentatomidae,Pentatominae,Masthletinus,,Pentatomoidea | Pentatomidae | Pentatominae | Sciocorini | Masthletinus,nigriventris Jak. 1889,,,,,
B2569:1:329,Aelini Stål 1872,Stål 1872,,,,,tribe,,B2569:1,accepted,,,B2569:1:269,Pentatominae Stål 1864,,,,,Pentatomidae,Pentatominae,,,Pentatomoidea | Pentatomidae | Pentatominae,Aelini Stål 1872,,,,,
B2569:1:330,Aelia F. 1803,F. 1803,,,,,genus,,B2569:1,accepted,,,B2569:1:329,Aelini Stål 1872,,,,,Pentatomidae,Pentatominae,Aelia,,Pentatomoidea | Pentatomidae | Pentatominae | Aelini,Aelia F. 1803,,L6T9Y,2079121,L6T9Y,2079121
B2569:1:331,Aelia melanota Fieb. 1868,Fieb. 1868,Aelia,,melanota,,species,,B2569:1,accepted,,,B2569:1:330,Aelia F. 1803,,,,,Pentatomidae,Pentatominae,Aelia,,Pentatomoidea | Pentatomidae | Pentatominae | Aelini | Aelia,melanota Fieb. 1868,,L6TCH,,L6TCH,
B2569:1:332,Aelia furcula Fieb. 1868,Fieb. 1868,Aelia,,furcula,,species,,B2569:1,accepted,,,B2569:1:330,Aelia F. 1803,,,,,Pentatomidae,Pentatominae,Aelia,,Pentatomoidea | Pentatomidae | Pentatominae | Aelini | Aelia,furcula Fieb. 1868,,L6TC2,8720831,L6TC2,8720831
B2569:1:333,Aelia rostrata Boh. 1852,Boh. 1852,Aelia,,rostrata,,species,,B2569:1,accepted,,,B2569:1:330,Aelia F. 1803,,,,,Pentatomidae,Pentatominae,Aelia,,Pentatomoidea | Pentatomidae | Pentatominae | Aelini | Aelia,rostrata Boh. 1852,,L6TCR,7906393,L6TCR,7906393
B2569:1:334,Aelia syriaca Horv. 1903,Horv. 1903,Aelia,,syriaca,,species,,B2569:1,accepted,,,B2569:1:330,Aelia F. 1803,,,,,Pentatomidae,Pentatominae,Aelia,,Pentatomoidea | Pentatomidae | Pentatominae | Aelini | Aelia,syriaca Horv. 1903,,,,,
B2569:1:335,Aelia acuminata (L. 1758),(L. 1758),Aelia,,acuminata,,species,,B2569:1,accepted,,,B2569:1:330,Aelia F. 1803,,,,,Pentatomidae,Pentatominae,Aelia,,Pentatomoidea | Pentatomidae | Pentatominae | Aelini | Aelia,acuminata (L. 1758),,L6TB6,2079123,L6TB6,2079123
B2569:1:336,Aelia turanica Horv. 1895,Horv. 1895,Aelia,,turanica,,species,,B2569:1,accepted,,,B2569:1:330,Aelia F. 1803,,,,,Pentatomidae,Pentatominae,Aelia,,Pentatomoidea | Pentatomidae | Pentatominae | Aelini | Aelia,turanica Horv. 1895,,,,,
B2569:1:337,Aelia klugi Hahn. 1833,Hahn. 1833,Aelia,,klugi,,species,,B2569:1,accepted,,,B2569:1:330,Aelia F. 1803,,,,,Pentatomidae,Pentatominae,Aelia,,Pentatomoidea | Pentatomidae | Pentatominae | Aelini | Aelia,klugi Hahn. 1833,,L6TCD,6096804,L6TCD,6096804
B2569:1:338,Aelia sibirica Reut. 1886,Reut. 1886,Aelia,,sibirica,,species,,B2569:1,accepted,,,B2569:1:330,Aelia F. 1803,,,,,Pentatomidae,Pentatominae,Aelia,,Pentatomoidea | Pentatomidae | Pentatominae | Aelini | Aelia,sibirica Reut. 1886,,L6TD2,8895825,L6TD2,8895825
B2569:1:339,Aelia alticola Kir. 1914,Kir. 1914,Aelia,,alticola,,species,,B2569:1,accepted,,,B2569:1:330,Aelia F. 1803,,,,,Pentatomidae,Pentatominae,Aelia,,Pentatomoidea | Pentatomidae | Pentatominae | Aelini | Aelia,alticola Kir. 1914,,L6TBH,,L6TBH,
B2569:1:340,Aelia granum Jak. 1903,Jak. 1903,Aelia,,granum,,species,,B2569:1,accepted,,,B2569:1:330,Aelia F. 1803,,,,,Pentatomidae,Pentatominae,Aelia,,Pentatomoidea | Pentatomidae | Pentatominae | Aelini | Aelia,granum Jak. 1903,,,,,
B2569:1:341,Aelia albovittata Fieb. 1868,Fieb. 1868,Aelia,,albovittata,,species,,B2569:1,accepted,,,B2569:1:330,Aelia F. 1803,,,,,Pentatomidae,Pentatominae,Aelia,,Pentatomoidea | Pentatomidae | Pentatominae | Aelini | Aelia,albovittata Fieb. 1868,,L6TBG,8494381,L6TBG,8494381
B2569:1:342,Aelia contorta Kir. 1930,Kir. 1930,Aelia,,contorta,,species,,B2569:1,accepted,,,B2569:1:330,Aelia F. 1803,,,,,Pentatomidae,Pentatominae,Aelia,,Pentatomoidea | Pentatomidae | Pentatominae | Aelini | Aelia,contorta Kir. 1930,,,,,
B2569:1:343,Aelia virgata (Klug. 1841),(Klug. 1841),Aelia,,virgata,,species,,B2569:1,accepted,,,B2569:1:330,Aelia F. 1803,,,,,Pentatomidae,Pentatominae,Aelia,,Pentatomoidea | Pentatomidae | Pentatominae | Aelini | Aelia,virgata (Klug. 1841),,L6TD6,8853728,L6TD6,8853728
B2569:1:344,Neottiglossa Krby. 1837,Krby. 1837,,,,,genus,,B2569:1,accepted,,,B2569:1:329,Aelini Stål 1872,,,,,Pentatomidae,Pentatominae,Neottiglossa,,Pentatomoidea | Pentatomidae | Pentatominae | Aelini,Neottiglossa Krby. 1837,,QKRQ3,2078911,QKRQ3,2078911
B2569:1:345,Neottiglossa leporina (H.-S. 1830),(H.-S. 1830),Neottiglossa,,leporina,,species,,B2569:1,accepted,,,B2569:1:344,Neottiglossa Krby. 1837,,,,,Pentatomidae,Pentatominae,Neottiglossa,,Pentatomoidea | Pentatomidae | Pentatominae | Aelini | Neottiglossa,leporina (H.-S. 1830),,QKRQC,4485944,QKRQC,4485944
B2569:1:346,Neottiglossa pusilla (Gmel. 1789),(Gmel. 1789),Neottiglossa,,pusilla,,species,,B2569:1,accepted,,,B2569:1:344,Neottiglossa Krby. 1837,,,,,Pentatomidae,Pentatominae,Neottiglossa,,Pentatomoidea | Pentatomidae | Pentatominae | Aelini | Neottiglossa,pusilla (Gmel. 1789),,QKRS5,4485936,QKRS5,4485936
B2569:1:347,Neottiglossa lineolata (Mls. R. 1852),(Mls. R. 1852),Neottiglossa,,lineolata,,species,,B2569:1,accepted,,,B2569:1:344,Neottiglossa Krby. 1837,,,,,Pentatomidae,Pentatominae,Neottiglossa,,Pentatomoidea | Pentatomidae | Pentatominae | Aelini | Neottiglossa,lineolata (Mls. R. 1852),,QKRRW,4485940,QKRRW,4485940
B2569:1:348,Neottiglossa flavomarginata Luc. 1849,Luc. 1849,Neottiglossa,,flavomarginata,,species,,B2569:1,accepted,,,B2569:1:344,Neottiglossa Krby. 1837,,,,,Pentatomidae,Pentatominae,Neottiglossa,,Pentatomoidea | Pentatomidae | Pentatominae | Aelini | Neottiglossa,flavomarginata Luc. 1849,,QKRRF,4485938,QKRRF,4485938
B2569:1:349,Neottiglossa bifida Costa 1847,Costa 1847,Neottiglossa,,bifida,,species,,B2569:1,accepted,,,B2569:1:344,Neottiglossa Krby. 1837,,,,,Pentatomidae,Pentatominae,Neottiglossa,,Pentatomoidea | Pentatomidae | Pentatominae | Aelini | Neottiglossa,bifida Costa 1847,,QKRQ9,4485942,QKRQ9,4485942
B2569:1:350,Aeliomorpha Stål 1858,Stål 1858,,,,,genus,,B2569:1,accepted,,,B2569:1:329,Aelini Stål 1872,,,,,Pentatomidae,Pentatominae,Aeliomorpha,,Pentatomoidea | Pentatomidae | Pentatominae | Aelini,Aeliomorpha Stål 1858,,L6TDL,4782931,L6TDL,4782931
B2569:1:351,Aeliomorpha lineaticollis (Westw.),(Westw.),Aeliomorpha,,lineaticollis,,species,,B2569:1,accepted,,,B2569:1:350,Aeliomorpha Stål 1858,,,,,Pentatomidae,Pentatominae,Aeliomorpha,,Pentatomoidea | Pentatomidae | Pentatominae | Aelini | Aeliomorpha,lineaticollis (Westw.),,V3QQ3,11557901,V3QQ3,11557901
B2569:1:352,Eysarcorini Stål 1872,Stål 1872,,,,,tribe,,B2569:1,accepted,,,B2569:1:269,Pentatominae Stål 1864,,,,,Pentatomidae,Pentatominae,,,Pentatomoidea | Pentatomidae | Pentatominae,Eysarcorini Stål 1872,,,,,
B2569:1:353,Stagonomus Gorski 1852,Gorski 1852,,,,,genus,,B2569:1,accepted,,,B2569:1:352,Eysarcorini Stål 1872,,,,,Pentatomidae,Pentatominae,Stagonomus,,Pentatomoidea | Pentatomidae | Pentatominae | Eysarcorini,Stagonomus Gorski 1852,,SZMKD,9131176,SZMKD,9131176
B2569:1:354,Stagonomus amoenus (Brullé 1832),(Brullé 1832),Stagonomus,,amoenus,,species,,B2569:1,accepted,,,B2569:1:353,Stagonomus Gorski 1852,,,,,Pentatomidae,Pentatominae,Stagonomus,,Pentatomoidea | Pentatomidae | Pentatominae | Eysarcorini | Stagonomus,amoenus (Brullé 1832),,SZMKR,5758761,SZMKR,5758761
B2569:1:355,Stagonomus pusillus (H.-S. 1830),(H.-S. 1830),Stagonomus,,pusillus,,species,,B2569:1,accepted,,,B2569:1:353,Stagonomus Gorski 1852,,,,,Pentatomidae,Pentatominae,Stagonomus,,Pentatomoidea | Pentatomidae | Pentatominae | Eysarcorini | Stagonomus,pusillus (H.-S. 1830),,SZML6,6096802,SZMKY,5758763
B2569:1:356,Stagonomus bipunctatus (L. 1758),(L. 1758),Stagonomus,,bipunctatus,,species,,B2569:1,accepted,,,B2569:1:353,Stagonomus Gorski 1852,,,,,Pentatomidae,Pentatominae,Stagonomus,,Pentatomoidea | Pentatomidae | Pentatominae | Eysarcorini | Stagonomus,bipunctatus (L. 1758),,SZMKL,5758763,SZMKL,5758763
B2569:1:357,Stagonomus plataspis (Horv. 1883),(Horv. 1883),Stagonomus,,plataspis,,species,,B2569:1,accepted,,,B2569:1:353,Stagonomus Gorski 1852,,,,,Pentatomidae,Pentatominae,Stagonomus,,Pentatomoidea | Pentatomidae | Pentatominae | Eysarcorini | Stagonomus,plataspis (Horv. 1883),,,,,
B2569:1:358,Eysarcoris Hahn 1834,Hahn 1834,,,,,genus,,B2569:1,accepted,,,B2569:1:352,Eysarcorini Stål 1872,,,,,Pentatomidae,Pentatominae,Eysarcoris,,Pentatomoidea | Pentatomidae | Pentatominae | Eysarcorini,Eysarcoris Hahn 1834,,NP8NW,2078841,NP8NW,2078841
B2569:1:359,Eysarcoris aeneus (Scop. 1763),(Scop. 1763),Eysarcoris,,aeneus,,species,,B2569:1,accepted,,,B2569:1:358,Eysarcoris Hahn 1834,,,,,Pentatomidae,Pentatominae,Eysarcoris,,Pentatomoidea | Pentatomidae | Pentatominae | Eysarcorini | Eysarcoris,aeneus (Scop. 1763),,NP8P8,4485955,NP8P8,4485955
B2569:1:360,Eysarcoris fabricii Kirk. 1904,Kirk. 1904,Eysarcoris,,fabricii,,species,,B2569:1,accepted,,,B2569:1:358,Eysarcoris Hahn 1834,,,,,Pentatomidae,Pentatominae,Eysarcoris,,Pentatomoidea | Pentatomidae | Pentatominae | Eysarcorini | Eysarcoris,fabricii Kirk. 1904,,NP8PY,6096801,NP8VZ,4485952
B2569:1:361,Eysarcoris venustissimus Schrck.,Schrck.,Eysarcoris,,venustissimus,,species,,B2569:1,synonym,B2569:1:360,Eysarcoris fabricii Kirk. 1904,,,,,,,Pentatomidae,Pentatominae,Eysarcoris,,Pentatomoidea | Pentatomidae | Pentatominae | Eysarcorini | Eysarcoris,venustissimus Schrck.,,NP8VZ,4485952,NP8VZ,4485952
B2569:1:362,Eysarcoris inconspicuus (H.-S. 1844),(H.-S. 1844),Eysarcoris,,inconspicuus,,species,,B2569:1,accepted,,,B2569:1:358,Eysarcoris Hahn 1834,,,,,Pentatomidae,Pentatominae,Eysarcoris,,Pentatomoidea | Pentatomidae | Pentatominae | Eysarcorini | Eysarcoris,inconspicuus (H.-S. 1844),,NP8QS,10372583,NP8VW,2078842
B2569:1:363,Carbula Stål 1864,Stål 1864,,,,,genus,,B2569:1,accepted,,,B2569:1:352,Eysarcorini Stål 1872,,,,,Pentatomidae,Pentatominae,Carbula,,Pentatomoidea | Pentatomidae | Pentatominae | Eysarcorini,Carbula Stål 1864,,MCJWF,4782393,MCJWF,4782393
B2569:1:364,Carbula putoni Jak.,Jak.,Carbula,,putoni,,species,,B2569:1,accepted,,,B2569:1:363,Carbula Stål 1864,,,,,Pentatomidae,Pentatominae,Carbula,,Pentatomoidea | Pentatomidae | Pentatominae | Eysarcorini | Carbula,putoni Jak.,,MCJY6,10894976,MCJY6,10894976
B2569:1:365,Carpocorini Dist. 1902,Dist. 1902,,,,,tribe,,B2569:1,accepted,,,B2569:1:269,Pentatominae Stål 1864,,,,,Pentatomidae,Pentatominae,,,Pentatomoidea | Pentatomidae | Pentatominae,Carpocorini Dist. 1902,,,,,
B2569:1:366,Staria Dohrn 1860,Dohrn 1860,,,,,genus,,B2569:1,accepted,,,B2569:1:365,Carpocorini Dist. 1902,,,,,Pentatomidae,Pentatominae,Staria,,Pentatomoidea | Pentatomidae | Pentatominae | Carpocorini,Staria Dohrn 1860,,T2PGM,4407458,T2PGM,4407458
B2569:1:367,Cnephosa Jak. 1880,Jak. 1880,,,,,genus,,B2569:1,accepted,,,B2569:1:365,Carpocorini Dist. 1902,,,,,Pentatomidae,Pentatominae,Cnephosa,,Pentatomoidea | Pentatomidae | Pentatominae | Carpocorini,Cnephosa Jak. 1880,,MZR9Z,4772403,MZR9Z,4772403
B2569:1:368,"Cnephosa flavomarginata Jak., 1880","Jak., 1880",Cnephosa,,flavomarginata,,species,,B2569:1,accepted,,,B2569:1:367,Cnephosa Jak. 1880,,,,,Pentatomidae,Pentatominae,Cnephosa,,Pentatomoidea | Pentatomidae | Pentatominae | Carpocorini | Cnephosa,"flavomarginata Jak., 1880",,MZRBG,,MZRBG,
B2569:1:369,Gomphocranum Jak. 1877,Jak. 1877,,,,,genus,,B2569:1,accepted,,,B2569:1:365,Carpocorini Dist. 1902,,,,,Pentatomidae,Pentatominae,Gomphocranum,,Pentatomoidea | Pentatomidae | Pentatominae | Carpocorini,Gomphocranum Jak. 1877,,P73L6,4573362,P73L6,4573362
B2569:1:370,Gomphocranum christophi Jak. 1877,Jak. 1877,Gomphocranum,,christophi,,species,,B2569:1,accepted,,,B2569:1:369,Gomphocranum Jak. 1877,,,,,Pentatomidae,Pentatominae,Gomphocranum,,Pentatomoidea | Pentatomidae | Pentatominae | Carpocorini | Gomphocranum,christophi Jak. 1877,,P73LY,,P73LY,
B2569:1:371,Rubiconia Dohrn 1860,Dohrn 1860,,,,,genus,,B2569:1,accepted,,,B2569:1:365,Carpocorini Dist. 1902,,,,,Pentatomidae,Pentatominae,Rubiconia,,Pentatomoidea | Pentatomidae | Pentatominae | Carpocorini,Rubiconia Dohrn 1860,,SGJWG,4406106,SGJWG,4406106
B2569:1:372,Mormidella Horv. 1889,Horv. 1889,,,,,genus,,B2569:1,accepted,,,B2569:1:365,Carpocorini Dist. 1902,,,,,Pentatomidae,Pentatominae,Mormidella,,Pentatomoidea | Pentatomidae | Pentatominae | Carpocorini,Mormidella Horv. 1889,,,4772727,,4772727
B2569:1:373,Mormidella paulii Horv. 1889,Horv. 1889,Mormidella,,paulii,,species,,B2569:1,accepted,,,B2569:1:372,Mormidella Horv. 1889,,,,,Pentatomidae,Pentatominae,Mormidella,,Pentatomoidea | Pentatomidae | Pentatominae | Carpocorini | Mormidella,paulii Horv. 1889,,,,,
B2569:1:374,Risibia Horv. 1888,Horv. 1888,,,,,genus,,B2569:1,accepted,,,B2569:1:365,Carpocorini Dist. 1902,,,,,Pentatomidae,Pentatominae,Risibia,,Pentatomoidea | Pentatomidae | Pentatominae | Carpocorini,Risibia Horv. 1888,,S7HWX,4774929,S7HWX,4774929
B2569:1:375,Risibia mimula (Kir. 1911),(Kir. 1911),Risibia,,mimula,,species,,B2569:1,accepted,,,B2569:1:374,Risibia Horv. 1888,,,,,Pentatomidae,Pentatominae,Risibia,,Pentatomoidea | Pentatomidae | Pentatominae | Carpocorini | Risibia,mimula (Kir. 1911),,,,,
B2569:1:376,Risibia obscura (Jak. 1880),(Jak. 1880),Risibia,,obscura,,species,,B2569:1,accepted,,,B2569:1:374,Risibia Horv. 1888,,,,,Pentatomidae,Pentatominae,Risibia,,Pentatomoidea | Pentatomidae | Pentatominae | Carpocorini | Risibia,obscura (Jak. 1880),,S7HX8,,S7HX8,
B2569:1:377,Risibia christophi (Jak. 1885),(Jak. 1885),Risibia,,christophi,,species,,B2569:1,accepted,,,B2569:1:374,Risibia Horv. 1888,,,,,Pentatomidae,Pentatominae,Risibia,,Pentatomoidea | Pentatomidae | Pentatominae | Carpocorini | Risibia,christophi (Jak. 1885),,S7HX3,,S7HX3,
B2569:1:378,Mimula Jak. 1890,Jak. 1890,,,,,genus,,B2569:1,accepted,,,B2569:1:365,Carpocorini Dist. 1902,,,,,Pentatomidae,Pentatominae,Mimula,,Pentatomoidea | Pentatomidae | Pentatominae | Carpocorini,Mimula Jak. 1890,,,4778213,,4778213
B2569:1:379,Oressibia Kir. 1926,Kir. 1926,Mimula,,,,subgenus,nov. comb.,B2569:1,accepted,,,B2569:1:378,Mimula Jak. 1890,,,,,Pentatomidae,Pentatominae,Mimula,Oressibia,Pentatomoidea | Pentatomidae | Pentatominae | Carpocorini | Mimula,Oressibia Kir. 1926 nov. comb.,,,,,
B2569:1:380,Mimula anacra (Kir. 1912),(Kir. 1912),Mimula,Oressibia,anacra,,species,comb. nov.,B2569:1,accepted,,,B2569:1:379,Oressibia Kir. 1926,,,,,Pentatomidae,Pentatominae,Mimula,Oressibia,Pentatomoidea | Pentatomidae | Pentatominae | Carpocorini | Mimula | Oressibia,anacra (Kir. 1912) comb. nov.,,,,,
B2569:1:381,Mimula nana Putsh.,Putsh.,Mimula,Oressibia,nana,,species,sp. n.,B2569:1,accepted,,,B2569:1:379,Oressibia Kir. 1926,,,,,Pentatomidae,Pentatominae,Mimula,Oressibia,Pentatomoidea | Pentatomidae | Pentatominae | Carpocorini | Mimula | Oressibia,nana Putsh. sp. n.,,73KG7,5991299,73KG7,5991299
B2569:1:382,Mimula Jak. 1890,Jak. 1890,Mimula,,,,subgenus,s. str.,B2569:1,accepted,,,B2569:1:378,Mimula Jak. 1890,,,,,Pentatomidae,Pentatominae,Mimula,Mimula,Pentatomoidea | Pentatomidae | Pentatominae | Carpocorini | Mimula,Mimula Jak. 1890 s. str.,,,,,
B2569:1:383,Mimula maureri Jak. 1889,Jak. 1889,Mimula,Mimula,maureri,,species,,B2569:1,accepted,,,B2569:1:382,Mimula Jak. 1890,,,,,Pentatomidae,Pentatominae,Mimula,Mimula,Pentatomoidea | Pentatomidae | Pentatominae | Carpocorini | Mimula | Mimula,maureri Jak. 1889,,,,,
B2569:1:384,Mimula scutellaris Kir. 1931,Kir. 1931,Mimula,Mimula,scutellaris,,species,,B2569:1,accepted,,,B2569:1:382,Mimula Jak. 1890,,,,,Pentatomidae,Pentatominae,Mimula,Mimula,Pentatomoidea | Pentatomidae | Pentatominae | Carpocorini | Mimula | Mimula,scutellaris Kir. 1931,,,,,
B2569:1:385,Mimula nigrita Jak. 1890,Jak. 1890,Mimula,Mimula,nigrita,,species,,B2569:1,accepted,,,B2569:1:382,Mimula Jak. 1890,,,,,Pentatomidae,Pentatominae,Mimula,Mimula,Pentatomoidea | Pentatomidae | Pentatominae | Carpocorini | Mimula | Mimula,nigrita Jak. 1890,,,,,
B2569:1:386,Mimula dungana (Kir. 1912),(Kir. 1912),Mimula,Mimula,dungana,,species,,B2569:1,accepted,,,B2569:1:382,Mimula Jak. 1890,,,,,Pentatomidae,Pentatominae,Mimula,Mimula,Pentatomoidea | Pentatomidae | Pentatominae | Carpocorini | Mimula | Mimula,dungana (Kir. 1912),,,,,
B2569:1:387,Mimula alatavica (Kir. 1931),(Kir. 1931),Mimula,Mimula,alatavica,,species,,B2569:1,accepted,,,B2569:1:382,Mimula Jak. 1890,,,,,Pentatomidae,Pentatominae,Mimula,Mimula,Pentatomoidea | Pentatomidae | Pentatominae | Carpocorini | Mimula | Mimula,alatavica (Kir. 1931),,,,,
B2569:1:388,Mimula hohlbecki (Kir. 1912),(Kir. 1912),Mimula,Mimula,hohlbecki,,species,,B2569:1,accepted,,,B2569:1:382,Mimula Jak. 1890,,,,,Pentatomidae,Pentatominae,Mimula,Mimula,Pentatomoidea | Pentatomidae | Pentatominae | Carpocorini | Mimula | Mimula,hohlbecki (Kir. 1912),,,,,
B2569:1:389,Mimula anthracina Kir. 1914,Kir. 1914,Mimula,Mimula,anthracina,,species,,B2569:1,accepted,,,B2569:1:382,Mimula Jak. 1890,,,,,Pentatomidae,Pentatominae,Mimula,Mimula,Pentatomoidea | Pentatomidae | Pentatominae | Carpocorini | Mimula | Mimula,anthracina Kir. 1914,,,,,
B2569:1:390,Mimula vicina Kir. 1931,Kir. 1931,Mimula,Mimula,vicina,,species,,B2569:1,accepted,,,B2569:1:382,Mimula Jak. 1890,,,,,Pentatomidae,Pentatominae,Mimula,Mimula,Pentatomoidea | Pentatomidae | Pentatominae | Carpocorini | Mimula | Mimula,vicina Kir. 1931,,,,,
B2569:1:391,Holcostethus Fieb. 1860,Fieb. 1860,,,,,genus,,B2569:1,accepted,,,B2569:1:365,Carpocorini Dist. 1902,,,,,Pentatomidae,Pentatominae,Holcostethus,,Pentatomoidea | Pentatomidae | Pentatominae | Carpocorini,Holcostethus Fieb. 1860,,PVWDX,2079189,PVWDX,2079189
B2569:1:392,Holcostethus peltatus (Jak. 1894),(Jak. 1894),Holcostethus,,peltatus,,species,,B2569:1,accepted,,,B2569:1:391,Holcostethus Fieb. 1860,,,,,Pentatomidae,Pentatominae,Holcostethus,,Pentatomoidea | Pentatomidae | Pentatominae | Carpocorini | Holcostethus,peltatus (Jak. 1894),,,,,
B2569:1:393,Holcostethus vernalis (Wolff 1804),(Wolff 1804),Holcostethus,,vernalis,,species,,B2569:1,accepted,,,B2569:1:391,Holcostethus Fieb. 1860,,,,,Pentatomidae,Pentatominae,Holcostethus,,Pentatomoidea | Pentatomidae | Pentatominae | Carpocorini | Holcostethus,vernalis (Wolff 1804),,PVWK8,7534232,RCMRR,6096794
B2569:1:394,Holcostethus manifestus Kir. 1952,Kir. 1952,Holcostethus,,manifestus,,species,,B2569:1,accepted,,,B2569:1:391,Holcostethus Fieb. 1860,,,,,Pentatomidae,Pentatominae,Holcostethus,,Pentatomoidea | Pentatomidae | Pentatominae | Carpocorini | Holcostethus,manifestus Kir. 1952,,V2MTY,,V2MV9,
B2569:1:395,Holcostethus nitidus (Kir. 1914),(Kir. 1914),Holcostethus,,nitidus,,species,,B2569:1,accepted,,,B2569:1:391,Holcostethus Fieb. 1860,,,,,Pentatomidae,Pentatominae,Holcostethus,,Pentatomoidea | Pentatomidae | Pentatominae | Carpocorini | Holcostethus,nitidus (Kir. 1914),,,,,
B2569:1:396,Holcostethus inclusus (Dohrn 1860),(Dohrn 1860),Holcostethus,,inclusus,,species,,B2569:1,accepted,,,B2569:1:391,Holcostethus Fieb. 1860,,,,,Pentatomidae,Pentatominae,Holcostethus,,Pentatomoidea | Pentatomidae | Pentatominae | Carpocorini | Holcostethus,inclusus (Dohrn 1860),,,,,
B2569:1:397,Holcostethus congenitus Putsh.,Putsh.,Holcostethus,,congenitus,,species,sp. n.,B2569:1,accepted,,,B2569:1:391,Holcostethus Fieb. 1860,,,,,Pentatomidae,Pentatominae,Holcostethus,,Pentatomoidea | Pentatomidae | Pentatominae | Carpocorini | Holcostethus,congenitus Putsh. sp. n.,,PVWG3,,RCMRC,
B2569:1:398,Holcostethus classeyi Hob. 1964,Hob. 1964,Holcostethus,,classeyi,,species,,B2569:1,accepted,,,B2569:1:391,Holcostethus Fieb. 1860,,,,,Pentatomidae,Pentatominae,Holcostethus,,Pentatomoidea | Pentatomidae | Pentatominae | Carpocorini | Holcostethus,classeyi Hob. 1964,,V2MV4,,V2MVN,
B2569:1:399,Holcostethus strictus (F. 1803),(F. 1803),Holcostethus,,strictus,,species,,B2569:1,accepted,,,B2569:1:391,Holcostethus Fieb. 1860,,,,,Pentatomidae,Pentatominae,Holcostethus,,Pentatomoidea | Pentatomidae | Pentatominae | Carpocorini | Holcostethus,strictus (F. 1803),,PVWJJ,6096794,RCMRR,6096794
B2569:1:400,Holcostethus albipes F. 1781,F. 1781,Holcostethus,,albipes,,species,,B2569:1,accepted,,,B2569:1:391,Holcostethus Fieb. 1860,,,,,Pentatomidae,Pentatominae,Holcostethus,,Pentatomoidea | Pentatomidae | Pentatominae | Carpocorini | Holcostethus,albipes F. 1781,"{""indistinguishableFrom"":[""B2569:1:401"",""B2569:1:402""]}",PVWF8,4485780,PVWF8,4485780
B2569:1:401,Holcostethus sphacelatus F. 1794,F. 1794,Holcostethus,,sphacelatus,,species,,B2569:1,accepted,,,B2569:1:391,Holcostethus Fieb. 1860,,,,,Pentatomidae,Pentatominae,Holcostethus,,Pentatomoidea | Pentatomidae | Pentatominae | Carpocorini | Holcostethus,sphacelatus F. 1794,"{""indistinguishableFrom"":[""B2569:1:400"",""B2569:1:402""]}",PVWFG,2079190,PVWFG,2079190
B2569:1:402,Holcostethus fissiceps How. 1905,How. 1905,Holcostethus,,fissiceps,,species,,B2569:1,accepted,,,B2569:1:391,Holcostethus Fieb. 1860,,,,,Pentatomidae,Pentatominae,Holcostethus,,Pentatomoidea | Pentatomidae | Pentatominae | Carpocorini | Holcostethus,fissiceps How. 1905,"{""indistinguishableFrom"":[""B2569:1:400"",""B2569:1:401""]}",V2MV8,,V2MV8,
B2569:1:403,Alloeoglypta Kir. 1952,Kir. 1952,,,,,genus,,B2569:1,accepted,,,B2569:1:365,Carpocorini Dist. 1902,,,,,Pentatomidae,Pentatominae,Alloeoglypta,,Pentatomoidea | Pentatomidae | Pentatominae | Carpocorini,Alloeoglypta Kir. 1952,,,4771028,,4771028
B2569:1:404,Alloeoglypta pretiosa Kir. 1952,Kir. 1952,Alloeoglypta,,pretiosa,,species,,B2569:1,accepted,,,B2569:1:403,Alloeoglypta Kir. 1952,,,,,Pentatomidae,Pentatominae,Alloeoglypta,,Pentatomoidea | Pentatomidae | Pentatominae | Carpocorini | Alloeoglypta,pretiosa Kir. 1952,,,,,
B2569:1:405,Palomena Mls. R. 1866,Mls. R. 1866,,,,,genus,,B2569:1,accepted,,,B2569:1:365,Carpocorini Dist. 1902,,,,,Pentatomidae,Pentatominae,Palomena,,Pentatomoidea | Pentatomidae | Pentatominae | Carpocorini,Palomena Mls. R. 1866,,RPN38,4406712,RPN38,4406712
B2569:1:406,Palomena reuteri Dist. 1879,Dist. 1879,Palomena,,reuteri,,species,,B2569:1,accepted,,,B2569:1:405,Palomena Mls. R. 1866,,,,,Pentatomidae,Pentatominae,Palomena,,Pentatomoidea | Pentatomidae | Pentatominae | Carpocorini | Palomena,reuteri Dist. 1879,,,,,
B2569:1:407,Palomena spinosa Dist. 1880,Dist. 1880,Palomena,,spinosa,,species,,B2569:1,accepted,,,B2569:1:405,Palomena Mls. R. 1866,,,,,Pentatomidae,Pentatominae,Palomena,,Pentatomoidea | Pentatomidae | Pentatominae | Carpocorini | Palomena,spinosa Dist. 1880,,,10051601,,10051601
B2569:1:408,Palomena prasina (L. 1761),(L. 1761),Palomena,,prasina,,species,,B2569:1,accepted,,,B2569:1:405,Palomena Mls. R. 1866,,,,,Pentatomidae,Pentatominae,Palomena,,Pentatomoidea | Pentatomidae | Pentatominae | Carpocorini | Palomena,prasina (L. 1761),,RPN47,4485776,RPN47,4485776
B2569:1:409,Palomena viridissima (Poda 1761),(Poda 1761),Palomena,,viridissima,,species,,B2569:1,accepted,,,B2569:1:405,Palomena Mls. R. 1866,,,,,Pentatomidae,Pentatominae,Palomena,,Pentatomoidea | Pentatomidae | Pentatominae | Carpocorini | Palomena,viridissima (Poda 1761),,RPN57,4485774,RPN57,4485774
B2569:1:410,Palomena limbata Jak. 1904,Jak. 1904,Palomena,,limbata,,species,,B2569:1,accepted,,,B2569:1:405,Palomena Mls. R. 1866,,,,,Pentatomidae,Pentatominae,Palomena,,Pentatomoidea | Pentatomidae | Pentatominae | Carpocorini | Palomena,limbata Jak. 1904,,,,,
B2569:1:411,Cellobius Jak. 1885,Jak. 1885,,,,,genus,,B2569:1,accepted,,,B2569:1:365,Carpocorini Dist. 1902,,,,,Pentatomidae,Pentatominae,Cellobius,,Pentatomoidea | Pentatomidae | Pentatominae | Carpocorini,Cellobius Jak. 1885,,,4777767,,4777767
B2569:1:412,Cellobius abdominalis Jak. 1885,Jak. 1885,Cellobius,,abdominalis,,species,,B2569:1,accepted,,,B2569:1:411,Cellobius Jak. 1885,,,,,Pentatomidae,Pentatominae,Cellobius,,Pentatomoidea | Pentatomidae | Pentatominae | Carpocorini | Cellobius,abdominalis Jak. 1885,,,,,
B2569:1:413,Rhombocoris Mayr 1864,Mayr 1864,,,,,genus,,B2569:1,accepted,,,B2569:1:365,Carpocorini Dist. 1902,,,,,Pentatomidae,Pentatominae,Rhombocoris,,Pentatomoidea | Pentatomidae | Pentatominae | Carpocorini,Rhombocoris Mayr 1864,,SKZHR,3265741,SKZHR,3265741
B2569:1:414,Rhombocoris regularis (H.-S. 1851),(H.-S. 1851),Rhombocoris,,regularis,,species,,B2569:1,accepted,,,B2569:1:413,Rhombocoris Mayr 1864,,,,,Pentatomidae,Pentatominae,Rhombocoris,,Pentatomoidea | Pentatomidae | Pentatominae | Carpocorini | Rhombocoris,regularis (H.-S. 1851),,SKZJ3,,SKZJ3,
B2569:1:415,Agatharchus Stål 1876,Stål 1876,,,,,genus,,B2569:1,accepted,,,B2569:1:365,Carpocorini Dist. 1902,,,,,Pentatomidae,Pentatominae,Agatharchus,,Pentatomoidea | Pentatomidae | Pentatominae | Carpocorini,Agatharchus Stål 1876,,LBN8X,4783190,LBN8X,4783190
B2569:1:416,Agatharchus tritaenia Horv. 1897,Horv. 1897,Agatharchus,,tritaenia,,species,,B2569:1,accepted,,,B2569:1:415,Agatharchus Stål 1876,,,,,Pentatomidae,Pentatominae,Agatharchus,,Pentatomoidea | Pentatomidae | Pentatominae | Carpocorini | Agatharchus,tritaenia Horv. 1897,,,,,
B2569:1:417,Agatharchus linea (Klug 1845),(Klug 1845),Agatharchus,,linea,,species,,B2569:1,accepted,,,B2569:1:415,Agatharchus Stål 1876,,,,,Pentatomidae,Pentatominae,Agatharchus,,Pentatomoidea | Pentatomidae | Pentatominae | Carpocorini | Agatharchus,.,,LBN98,,LBN98,
B2569:1:418,Barbiger furvus Jak. 1877,Jak. 1877,Barbiger,,furvus,,species,,B2569:1,synonym,B2569:1:417,Agatharchus linea (Klug 1845),,,,,,,Pentatomidae,Pentatominae,Agatharchus,,Pentatomoidea | Pentatomidae | Pentatominae | Carpocorini | Agatharchus,Barbiger furvus Jak. 1877,,,,,
B2569:1:419,Agatharchus herrichi Kol. 1846,Kol. 1846,Agatharchus,,herrichi,,species,,B2569:1,accepted,,,B2569:1:415,Agatharchus Stål 1876,,,,,Pentatomidae,Pentatominae,Agatharchus,,Pentatomoidea | Pentatomidae | Pentatominae | Carpocorini | Agatharchus,herrichi Kol. 1846,,LBN97,,PY8HR,
B2569:1:420,Agatharchus jalloides Stål 1876,Stål 1876,Agatharchus,,jalloides,,species,,B2569:1,accepted,,,B2569:1:415,Agatharchus Stål 1876,,,,,Pentatomidae,Pentatominae,Agatharchus,,Pentatomoidea | Pentatomidae | Pentatominae | Carpocorini | Agatharchus,jalloides Stål 1876,,,,,
B2569:1:421,Barbiger saundersi Jak. 1877,Jak. 1877,Barbiger,,saundersi,,species,,B2569:1,synonym,B2569:1:420,Agatharchus jalloides Stål 1876,,,,,,,Pentatomidae,Pentatominae,Agatharchus,,Pentatomoidea | Pentatomidae | Pentatominae | Carpocorini | Agatharchus,Barbiger saundersi Jak. 1877,,,,,
B2569:1:422,Agatharchus mimula Putsh.,Putsh.,Agatharchus,,mimula,,species,sp. n.,B2569:1,accepted,,,B2569:1:415,Agatharchus Stål 1876,,,,,Pentatomidae,Pentatominae,Agatharchus,,Pentatomoidea | Pentatomidae | Pentatominae | Carpocorini | Agatharchus,mimula Putsh. sp. n.,,,,,
B2569:1:423,Pitedia Reut. 1888,Reut. 1888,,,,,genus,,B2569:1,accepted,,,B2569:1:365,Carpocorini Dist. 1902,,,,,Pentatomidae,Pentatominae,Pitedia,,Pentatomoidea | Pentatomidae | Pentatominae | Carpocorini,Pitedia Reut. 1888,,RS3KN,5431415,MJ2KC,2064707
B2569:1:424,Pitedia juniperina (L. 1758),(L. 1758),Pitedia,,juniperina,,species,,B2569:1,accepted,,,B2569:1:423,Pitedia Reut. 1888,,,,,Pentatomidae,Pentatominae,Pitedia,,Pentatomoidea | Pentatomidae | Pentatominae | Carpocorini | Pitedia,juniperina (L. 1758),,RS3KW,6096800,MJ2XY,4485816
B2569:1:425,Chroantha Stål 1872,Stål 1872,,,,,genus,,B2569:1,accepted,,,B2569:1:365,Carpocorini Dist. 1902,,,,,Pentatomidae,Pentatominae,Chroantha,,Pentatomoidea | Pentatomidae | Pentatominae | Carpocorini,Chroantha Stål 1872,,MNLY4,4408015,MNLY4,4408015
B2569:1:426,Chroantha ornatula (H.-S. 1842),(H.-S. 1842),Chroantha,,ornatula,,species,,B2569:1,accepted,,,B2569:1:425,Chroantha Stål 1872,,,,,Pentatomidae,Pentatominae,Chroantha,,Pentatomoidea | Pentatomidae | Pentatominae | Carpocorini | Chroantha,ornatula (H.-S. 1842),,MNLYD,4485785,MNLYD,9235322
B2569:1:427,Carpocoris Kol. 1846,Kol. 1846,,,,,genus,,B2569:1,accepted,,,B2569:1:365,Carpocorini Dist. 1902,,,,,Pentatomidae,Pentatominae,Carpocoris,,Pentatomoidea | Pentatomidae | Pentatominae | Carpocorini,Carpocoris Kol. 1846,,M3SZ2,4405367,M3SZ2,4405367
B2569:1:428,Carpocoris purpureipennis (Deg. 1773),(Deg. 1773),Carpocoris,,purpureipennis,,species,,B2569:1,accepted,,,B2569:1:427,Carpocoris Kol. 1846,,,,,Pentatomidae,Pentatominae,Carpocoris,,Pentatomoidea | Pentatomidae | Pentatominae | Carpocorini | Carpocoris,purpureipennis (Deg. 1773),,M3SZS,4485798,M3SZS,4485798
B2569:1:429,Carpocoris mediterraneus Tam. 1958,Tam. 1958,Carpocoris,,mediterraneus,,species,,B2569:1,accepted,,,B2569:1:427,Carpocoris Kol. 1846,,,,,Pentatomidae,Pentatominae,Carpocoris,,Pentatomoidea | Pentatomidae | Pentatominae | Carpocorini | Carpocoris,mediterraneus Tam. 1958,,M3T3S,4485802,M3T3S,4485802
B2569:1:430,Carpocoris coreanus Dist. 1899,Dist. 1899,Carpocoris,,coreanus,,species,,B2569:1,accepted,,,B2569:1:427,Carpocoris Kol. 1846,,,,,Pentatomidae,Pentatominae,Carpocoris,,Pentatomoidea | Pentatomidae | Pentatominae | Carpocorini | Carpocoris,coreanus Dist. 1899,,M3SZ7,4485805,M3SZ7,4485805
B2569:1:431,Carpocoris coreanus subsp. iranus Tam. 1958,Tam. 1958,Carpocoris,,coreanus,iranus,subspecies,,B2569:1,accepted,,,B2569:1:430,Carpocoris coreanus Dist. 1899,,,,,Pentatomidae,Pentatominae,Carpocoris,,Pentatomoidea | Pentatomidae | Pentatominae | Carpocorini | Carpocoris | Carpocoris coreanus,coreanus iranus Tam. 1958,,,,,
B2569:1:432,Carpocoris fuscispinus (Boh. 1850),(Boh. 1850),Carpocoris,,fuscispinus,,species,,B2569:1,accepted,,,B2569:1:427,Carpocoris Kol. 1846,,,,,Pentatomidae,Pentatominae,Carpocoris,,Pentatomoidea | Pentatomidae | Pentatominae | Carpocorini | Carpocoris,fuscispinus (Boh. 1850),,M3SZ9,4485800,M3SZS,4485800
B2569:1:433,Carpocoris pudicus (Poda 1761),(Poda 1761),Carpocoris,,pudicus,,species,,B2569:1,accepted,,,B2569:1:427,Carpocoris Kol. 1846,,,,,Pentatomidae,Pentatominae,Carpocoris,,Pentatomoidea | Pentatomidae | Pentatominae | Carpocorini | Carpocoris,pudicus (Poda 1761),,M3SZP,11357937,M3SZS,4485798
B2569:1:434,Carpocoris melanocerus (Mls. R. 1852),(Mls. R. 1852),Carpocoris,,melanocerus,,species,,B2569:1,accepted,,,B2569:1:427,Carpocoris Kol. 1846,,,,,Pentatomidae,Pentatominae,Carpocoris,,Pentatomoidea | Pentatomidae | Pentatominae | Carpocorini | Carpocoris,melanocerus (Mls. R. 1852),,M3SZK,4485806,M3SZK,4485806
B2569:1:435,Codophila Mls. R. 1866,Mls. R. 1866,,,,,genus,,B2569:1,accepted,,,B2569:1:365,Carpocorini Dist. 1902,,,,,Pentatomidae,Pentatominae,Codophila,,Pentatomoidea | Pentatomidae | Pentatominae | Carpocorini,Codophila Mls. R. 1866,,N55Z8,2078906,N55Z8,2078906
B2569:1:436,Codophila Mls. R. 1866,Mls. R. 1866,Codophila,,,,subgenus,s. str.,B2569:1,accepted,,,B2569:1:435,Codophila Mls. R. 1866,,,,,Pentatomidae,Pentatominae,Codophila,Codophila,Pentatomoidea | Pentatomidae | Pentatominae | Carpocorini | Codophila,Codophila Mls. R. 1866 s. str.,,N55Z8,,N55Z8,
B2569:1:437,Codophila varia (F. 1787),(F. 1787),Codophila,Codophila,varia,,species,,B2569:1,accepted,,,B2569:1:436,Codophila Mls. R. 1866,,,,,Pentatomidae,Pentatominae,Codophila,Codophila,Pentatomoidea | Pentatomidae | Pentatominae | Carpocorini | Codophila | Codophila,varia (F. 1787),,N55ZZ,2078908,N55ZZ,9660344
B2569:1:438,Codophila maculicollis (Dall. 1891),(Dall. 1891),Codophila,Codophila,maculicollis,,species,,B2569:1,accepted,,,B2569:1:436,Codophila Mls. R. 1866,,,,,Pentatomidae,Pentatominae,Codophila,Codophila,Pentatomoidea | Pentatomidae | Pentatominae | Carpocorini | Codophila | Codophila,maculicollis (Dall. 1891),,N55ZN,,N55ZN,
B2569:1:439,Antheminia Mls. R. 1866,Mls. R. 1866,,,,,genus,st. nov.,B2569:1,accepted,,,B2569:1:365,Carpocorini Dist. 1902,,,,,Pentatomidae,Pentatominae,Antheminia,,Pentatomoidea | Pentatomidae | Pentatominae | Carpocorini,Antheminia Mls. R. 1866 st. nov.,,LLCLJ,4407209,LLCLJ,4407209
B2569:1:440,Antheminia varicornis (Jak. 1874),(Jak. 1874),Antheminia,,varicornis,,species,,B2569:1,accepted,,,B2569:1:439,Antheminia Mls. R. 1866,,,,,Pentatomidae,Pentatominae,Antheminia,,Pentatomoidea | Pentatomidae | Pentatominae | Carpocorini | Antheminia,varicornis (Jak. 1874),,LLCN6,4485760,LLCN6,4485760
B2569:1:441,Antheminia pusio (Kol. 1846),(Kol. 1846),Antheminia,,pusio,,species,,B2569:1,accepted,,,B2569:1:439,Antheminia Mls. R. 1866,,,,,Pentatomidae,Pentatominae,Antheminia,,Pentatomoidea | Pentatomidae | Pentatominae | Carpocorini | Antheminia,pusio (Kol. 1846),,KNNLF,4485766,KNNLF,4485766
B2569:1:442,Antheminia lunulata (Goeze 1778),(Goeze 1778),Antheminia,,lunulata,,species,,B2569:1,accepted,,,B2569:1:439,Antheminia Mls. R. 1866,,,,,Pentatomidae,Pentatominae,Antheminia,,Pentatomoidea | Pentatomidae | Pentatominae | Carpocorini | Antheminia,lunulata (Goeze 1778),,LLCM7,4485762,LLCM7,4485762
B2569:1:443,Antheminia eurynota (Horv. 1907),(Horv. 1907),Antheminia,,eurynota,,species,,B2569:1,accepted,,,B2569:1:439,Antheminia Mls. R. 1866,,,,,Pentatomidae,Pentatominae,Antheminia,,Pentatomoidea | Pentatomidae | Pentatominae | Carpocorini | Antheminia,eurynota (Horv. 1907),,,,,
B2569:1:444,Antheminia aliena (Reut. 1891),(Reut. 1891),Antheminia,,aliena,,species,,B2569:1,accepted,,,B2569:1:439,Antheminia Mls. R. 1866,,,,,Pentatomidae,Pentatominae,Antheminia,,Pentatomoidea | Pentatomidae | Pentatominae | Carpocorini | Antheminia,aliena (Reut. 1891),,LLCLW,4485764,LLCLW,4485764
B2569:1:445,Dolycoris Mls. R. 1866,Mls. R. 1866,,,,,genus,,B2569:1,accepted,,,B2569:1:365,Carpocorini Dist. 1902,,,,,Pentatomidae,Pentatominae,Dolycoris,,Pentatomoidea | Pentatomidae | Pentatominae | Carpocorini,Dolycoris Mls. R. 1866,,NCM9S,4406875,NCM9S,4406875
B2569:1:446,Dolycoris baccarum (L. 1758),(L. 1758),Dolycoris,,baccarum,,species,,B2569:1,accepted,,,B2569:1:445,Dolycoris Mls. R. 1866,,,,,Pentatomidae,Pentatominae,Dolycoris,,Pentatomoidea | Pentatomidae | Pentatominae | Carpocorini | Dolycoris,baccarum (L. 1758),,NCMB7,4485824,NCMB7,4485824
B2569:1:447,Dolycoris penicillatus Horv. 1904,Horv. 1904,Dolycoris,,penicillatus,,species,,B2569:1,accepted,,,B2569:1:445,Dolycoris Mls. R. 1866,,,,,Pentatomidae,Pentatominae,Dolycoris,,Pentatomoidea | Pentatomidae | Pentatominae | Carpocorini | Dolycoris,penicillatus Horv. 1904,,NCMD4,,NCMD4,
B2569:1:448,Brachynema Mls. R. 1852,Mls. R. 1852,,,,,genus,,B2569:1,accepted,,,B2569:1:365,Carpocorini Dist. 1902,,,,,Pentatomidae,Pentatominae,Brachynema,,Pentatomoidea | Pentatomidae | Pentatominae | Carpocorini,Brachynema Mls. R. 1852,,LZJ6R,3265995,LZJ6R,3265995
B2569:1:449,"Brachynema germari (Kol, 1846)","(Kol, 1846)",Brachynema,,germari,,species,,B2569:1,accepted,,,B2569:1:448,Brachynema Mls. R. 1852,,,,,Pentatomidae,Pentatominae,Brachynema,,Pentatomoidea | Pentatomidae | Pentatominae | Carpocorini | Brachynema,"germari (Kol, 1846)",,LZJ7Y,8053493,LZJ7Y,8053493
B2569:1:450,Brachynema virens Klug 1845,Klug 1845,Brachynema,,virens,,species,,B2569:1,synonym,B2569:1:449,"Brachynema germari (Kol, 1846)",,,,,,,Pentatomidae,Pentatominae,Brachynema,,Pentatomoidea | Pentatomidae | Pentatominae | Carpocorini | Brachynema,virens Klug 1845,,,,,
B2569:1:451,Brachynema cinctum (F. 1775),(F. 1775),Brachynema,,cinctum,,species,,B2569:1,accepted,,,B2569:1:448,Brachynema Mls. R. 1852,,,,,Pentatomidae,Pentatominae,Brachynema,,Pentatomoidea | Pentatomidae | Pentatominae | Carpocorini | Brachynema,cinctum (F. 1775),,LZJ7P,7955961,LZJ7P,7955961
B2569:1:452,Brachynema signatum Jak. 1879,Jak. 1879,Brachynema,,signatum,,species,,B2569:1,accepted,,,B2569:1:448,Brachynema Mls. R. 1852,,,,,Pentatomidae,Pentatominae,Brachynema,,Pentatomoidea | Pentatomidae | Pentatominae | Carpocorini | Brachynema,signatum Jak. 1879,,LZJ9B,,LZJ9B,
B2569:1:453,Brachynema hypocrita Put. 1876,Put. 1876,Brachynema,,hypocrita,,species,,B2569:1,accepted,,,B2569:1:448,Brachynema Mls. R. 1852,,,,,Pentatomidae,Pentatominae,Brachynema,,Pentatomoidea | Pentatomidae | Pentatominae | Carpocorini | Brachynema,hypocrita Put. 1876,,,,,
B2569:1:454,Ochyrotylus Jak. 1885,Jak. 1885,,,,,genus,,B2569:1,accepted,,,B2569:1:365,Carpocorini Dist. 1902,,,,,Pentatomidae,Pentatominae,Ochyrotylus,,Pentatomoidea | Pentatomidae | Pentatominae | Carpocorini,Ochyrotylus Jak. 1885,,,4773762,,4773762
B2569:1:455,Ochyrotylus helvinus Jak. 1885,Jak. 1885,Ochyrotylus,,helvinus,,species,,B2569:1,accepted,,,B2569:1:454,Ochyrotylus Jak. 1885,,,,,Pentatomidae,Pentatominae,Ochyrotylus,,Pentatomoidea | Pentatomidae | Pentatominae | Carpocorini | Ochyrotylus,helvinus Jak. 1885,,,,,
B2569:1:456,Holcogaster Fieb. 1860,Fieb. 1860,,,,,genus,,B2569:1,accepted,,,B2569:1:365,Carpocorini Dist. 1902,,,,,Pentatomidae,Pentatominae,Holcogaster,,Pentatomoidea | Pentatomidae | Pentatominae | Carpocorini,Holcogaster Fieb. 1860,,PVSDW,3265984,PVSDW,3265984
B2569:1:457,Pentatomini Osh. 1906,Osh. 1906,,,,,tribe,,B2569:1,accepted,,,B2569:1:269,Pentatominae Stål 1864,,,,,Pentatomidae,Pentatominae,,,Pentatomoidea | Pentatomidae | Pentatominae,Pentatomini Osh. 1906,,,,,
B2569:1:458,Pentatoma Oliv. 1789,Oliv. 1789,,,,,genus,,B2569:1,accepted,,,B2569:1:457,Pentatomini Osh. 1906,,,,,Pentatomidae,Pentatominae,Pentatoma,,Pentatomoidea | Pentatomidae | Pentatominae | Pentatomini,Pentatoma Oliv. 1789,,RYZRG,8368535,RYZRG,8368535
B2569:1:459,Pentatoma rufipes (L.),(L.),Pentatoma,,rufipes,,species,,B2569:1,accepted,,,B2569:1:458,Pentatoma Oliv. 1789,,,,,Pentatomidae,Pentatominae,Pentatoma,,Pentatomoidea | Pentatomidae | Pentatominae | Pentatomini | Pentatoma,rufipes (L.),,RYZS4,5758737,RYZS4,5758737
B2569:1:460,Nezara Am. Serv. 1843,Am. Serv. 1843,,,,,genus,,B2569:1,accepted,,,B2569:1:457,Pentatomini Osh. 1906,,,,,Pentatomidae,Pentatominae,Nezara,,Pentatomoidea | Pentatomidae | Pentatominae | Pentatomini,Nezara Am. Serv. 1843,,QSBV4,2078851,QSBV4,2078851
B2569:1:461,Nezara viridula (L. 1758),(L. 1758),Nezara,,viridula,,species,,B2569:1,accepted,,,B2569:1:460,Nezara Am. Serv. 1843,,,,,Pentatomidae,Pentatominae,Nezara,,Pentatomoidea | Pentatomidae | Pentatominae | Pentatomini | Nezara,viridula (L. 1758),,QSBYQ,2078852,QSBYQ,2078852
B2569:1:462,Acrosternum Fieb. 1860,Fieb. 1860,,,,,genus,,B2569:1,accepted,,,B2569:1:457,Pentatomini Osh. 1906,,,,,Pentatomidae,Pentatominae,Acrosternum,,Pentatomoidea | Pentatomidae | Pentatominae | Pentatomini,Acrosternum Fieb. 1860,,L4YX5,2079173,L4YX5,2079173
B2569:1:463,Acrosternum breviceps (Jak. 1890),(Jak. 1890),Acrosternum,,breviceps,,species,,B2569:1,accepted,,,B2569:1:462,Acrosternum Fieb. 1860,,,,,Pentatomidae,Pentatominae,Acrosternum,,Pentatomoidea | Pentatomidae | Pentatominae | Pentatomini | Acrosternum,breviceps (Jak. 1890),,L4YXL,,L4YXL,
B2569:1:464,Acrosternum arabicum Wagn. 1959,Wagn. 1959,Acrosternum,,arabicum,,species,,B2569:1,accepted,,,B2569:1:462,Acrosternum Fieb. 1860,,,,,Pentatomidae,Pentatominae,Acrosternum,,Pentatomoidea | Pentatomidae | Pentatominae | Pentatomini | Acrosternum,arabicum Wagn. 1959,,L4YXK,4485828,L4YXK,4485828
B2569:1:465,Acrosternum millierei (Mls. R. 1866),(Mls. R. 1866),Acrosternum,,millierei,,species,,B2569:1,accepted,,,B2569:1:462,Acrosternum Fieb. 1860,,,,,Pentatomidae,Pentatominae,Acrosternum,,Pentatomoidea | Pentatomidae | Pentatominae | Pentatomini | Acrosternum,millierei (Mls. R. 1866),,L4YXR,4485826,L4YXR,4485826
B2569:1:466,Acrosternum heegeri Fieb. 1861,Fieb. 1861,Acrosternum,,heegeri,,species,,B2569:1,accepted,,,B2569:1:462,Acrosternum Fieb. 1860,,,,,Pentatomidae,Pentatominae,Acrosternum,,Pentatomoidea | Pentatomidae | Pentatominae | Pentatomini | Acrosternum,heegeri Fieb. 1861,,L4YXN,2079176,L4YXN,2079176
B2569:1:467,Priassus Stål 1867,Stål 1867,,,,,genus,,B2569:1,accepted,,,B2569:1:457,Pentatomini Osh. 1906,,,,,Pentatomidae,Pentatominae,Priassus,,Pentatomoidea | Pentatomidae | Pentatominae | Pentatomini,Priassus Stål 1867,,S8ZRK,4780985,S8ZRK,4780985
B2569:1:468,Priassus exemptus (Walker 1868),(Walker 1868),Priassus,,exemptus,,species,,B2569:1,accepted,,,B2569:1:467,Priassus Stål 1867,,,,,Pentatomidae,Pentatominae,Priassus,,Pentatomoidea | Pentatomidae | Pentatominae | Pentatomini | Priassus,exemptus (Walker 1868),,S8ZRR,6129972,S8ZRR,6129972
B2569:1:469,Desertomenida Kir. 1913,Kir. 1913,,,,,genus,,B2569:1,accepted,,,B2569:1:457,Pentatomini Osh. 1906,,,,,Pentatomidae,Pentatominae,Desertomenida,,Pentatomoidea | Pentatomidae | Pentatominae | Pentatomini,Desertomenida Kir. 1913,,NFKVT,4775258,NFKVT,4775258
B2569:1:470,Desertomenida jakovlevi (Horv. 1907),(Horv. 1907),Desertomenida,,jakovlevi,,species,,B2569:1,accepted,,,B2569:1:469,Desertomenida Kir. 1913,,,,,Pentatomidae,Pentatominae,Desertomenida,,Pentatomoidea | Pentatomidae | Pentatominae | Pentatomini | Desertomenida,jakovlevi (Horv. 1907),,,,,
B2569:1:471,Desertomenida quadrimaculata (Horv. 1892),(Horv. 1892),Desertomenida,,quadrimaculata,,species,,B2569:1,accepted,,,B2569:1:469,Desertomenida Kir. 1913,,,,,Pentatomidae,Pentatominae,Desertomenida,,Pentatomoidea | Pentatomidae | Pentatominae | Pentatomini | Desertomenida,quadrimaculata (Horv. 1892),,,11896989,,11896989
B2569:1:472,Desertomenida albula Kir. 1914,Kir. 1914,Desertomenida,,albula,,species,,B2569:1,accepted,,,B2569:1:469,Desertomenida Kir. 1913,,,,,Pentatomidae,Pentatominae,Desertomenida,,Pentatomoidea | Pentatomidae | Pentatominae | Pentatomini | Desertomenida,albula Kir. 1914,,NFKW6,,NFKW6,
B2569:1:473,Kaschmirocoris Lindberg 1939,Lindberg 1939,,,,,genus,,B2569:1,accepted,,,B2569:1:457,Pentatomini Osh. 1906,,,,,Pentatomidae,Pentatominae,Kaschmirocoris,,Pentatomoidea | Pentatomidae | Pentatominae | Pentatomini,Kaschmirocoris Lindberg 1939,,,4779128,,4779128
B2569:1:474,"Kaschmirocoris jarringi Lindb., 1939","Lindb., 1939",Kaschmirocoris,,jarringi,,species,,B2569:1,accepted,,,B2569:1:473,Kaschmirocoris Lindberg 1939,,,,,Pentatomidae,Pentatominae,Kaschmirocoris,,Pentatomoidea | Pentatomidae | Pentatominae | Pentatomini | Kaschmirocoris,"jarringi Lindb., 1939","{""identifiable"":false}",,,,
B2569:1:475,Kaschmirocoris klapperichi Hoberlandt,Hoberlandt,Kaschmirocoris,,klapperichi,,species,,B2569:1,accepted,,,B2569:1:473,Kaschmirocoris Lindberg 1939,,,,,Pentatomidae,Pentatominae,Kaschmirocoris,,Pentatomoidea | Pentatomidae | Pentatominae | Pentatomini | Kaschmirocoris,klapperichi Hoberlandt,"{""identifiable"":false}",,,,
B2569:1:476,Piezodorus Fieb. 1860,Fieb. 1860,,,,,genus,,B2569:1,accepted,,,B2569:1:457,Pentatomini Osh. 1906,,,,,Pentatomidae,Pentatominae,Piezodorus,,Pentatomoidea | Pentatomidae | Pentatominae | Pentatomini,Piezodorus Fieb. 1860,,RGXYG,2078820,RGXYG,2078820
B2569:1:477,Piezodorus lituratus (F. 1794),(F. 1794),Piezodorus,,lituratus,,species,,B2569:1,accepted,,,B2569:1:476,Piezodorus Fieb. 1860,,,,,Pentatomidae,Pentatominae,Piezodorus,,Pentatomoidea | Pentatomidae | Pentatominae | Pentatomini | Piezodorus,lituratus (F. 1794),,RGY28,2078821,RGY28,2078821
B2569:1:478,Pausias Jak. 1905,Jak. 1905,,,,,genus,,B2569:1,accepted,,,B2569:1:457,Pentatomini Osh. 1906,,,,,Pentatomidae,Pentatominae,Pausias,,Pentatomoidea | Pentatomidae | Pentatominae | Pentatomini,Pausias Jak. 1905,,RL6YB,4779986,RL6YB,4779986
B2569:1:479,Pausias martini (Put. 1890),(Put. 1890),Pausias,,martini,,species,,B2569:1,accepted,,,B2569:1:478,Pausias Jak. 1905,,,,,Pentatomidae,Pentatominae,Pausias,,Pentatomoidea | Pentatomidae | Pentatominae | Pentatomini | Pausias,martini (Put. 1890),,RL6YC,,RL6YC,
B2569:1:480,Rhaphigaster Lap. 1832,Lap. 1832,,,,,genus,,B2569:1,accepted,,,B2569:1:457,Pentatomini Osh. 1906,,,,,Pentatomidae,Pentatominae,Rhaphigaster,,Pentatomoidea | Pentatomidae | Pentatominae | Pentatomini,Rhaphigaster Lap. 1832,,SCYD8,2079011,SCYD8,2079011
B2569:1:481,Rhaphigaster nebulosa (Poda 1761),(Poda 1761),Rhaphigaster,,nebulosa,,species,,B2569:1,accepted,,,B2569:1:480,Rhaphigaster Lap. 1832,,,,,Pentatomidae,Pentatominae,Rhaphigaster,,Pentatomoidea | Pentatomidae | Pentatominae | Pentatomini | Rhaphigaster,nebulosa (Poda 1761),,SCYFT,5758736,SCYFT,5758736
B2569:1:482,Rhaphigaster brevispina Horv. 1889,Horv. 1889,Rhaphigaster,,brevispina,,species,,B2569:1,accepted,,,B2569:1:480,Rhaphigaster Lap. 1832,,,,,Pentatomidae,Pentatominae,Rhaphigaster,,Pentatomoidea | Pentatomidae | Pentatominae | Pentatomini | Rhaphigaster,brevispina Horv. 1889,,SCYDV,,SCYDV,
B2569:1:483,Rhaphigaster mongolica Put. 1898,Put. 1898,Rhaphigaster,,mongolica,,species,,B2569:1,accepted,,,B2569:1:480,Rhaphigaster Lap. 1832,,,,,Pentatomidae,Pentatominae,Rhaphigaster,,Pentatomoidea | Pentatomidae | Pentatominae | Pentatomini | Rhaphigaster,mongolica Put. 1898,,,,,
B2569:1:484,Apines Dall. 1851,Dall. 1851,,,,,genus,,B2569:1,accepted,,,B2569:1:457,Pentatomini Osh. 1906,,,,,Pentatomidae,Pentatominae,Apines,,Pentatomoidea | Pentatomidae | Pentatominae | Pentatomini,Apines Dall. 1851,,LH9MB,4782096,LH9MB,4782096
B2569:1:485,Apines insignata (Berg. 1919),(Berg. 1919),Apines,,insignata,,species,,B2569:1,accepted,,,B2569:1:484,Apines Dall. 1851,,,,,Pentatomidae,Pentatominae,Apines,,Pentatomoidea | Pentatomidae | Pentatominae | Pentatomini | Apines,insignata (Berg. 1919),,LH9MP,,LH9MP,
B2569:1:486,Actuarius satrapes Osh. 1922,Osh. 1922,Actuarius,,satrapes,,species,,B2569:1,synonym,B2569:1:485,Apines insignata (Berg. 1919),,,,,,,Pentatomidae,Pentatominae,Apines,,Pentatomoidea | Pentatomidae | Pentatominae | Pentatomini | Apines,Actuarius satrapes Osh. 1922,,,,,
B2569:1:487,Solenocoris Osh. 1922,Osh. 1922,,,,,genus,,B2569:1,accepted,,,B2569:1:457,Pentatomini Osh. 1906,,,,,Pentatomidae,Pentatominae,Solenocoris,,Pentatomoidea | Pentatomidae | Pentatominae | Pentatomini,Solenocoris Osh. 1922,,SRT2P,4774927,SRT2P,4774927
B2569:1:488,Solenocoris zarudnyi Osh.,Osh.,Solenocoris,,zarudnyi,,species,,B2569:1,accepted,,,B2569:1:487,Solenocoris Osh. 1922,,,,,Pentatomidae,Pentatominae,Solenocoris,,Pentatomoidea | Pentatomidae | Pentatominae | Pentatomini | Solenocoris,zarudnyi Osh.,,SRT2S,,SRT2S,
B2569:1:489,Eurydemini Dist. 1902,Dist. 1902,,,,,tribe,,B2569:1,accepted,,,B2569:1:269,Pentatominae Stål 1864,,,,,Pentatomidae,Pentatominae,,,Pentatomoidea | Pentatomidae | Pentatominae,Eurydemini Dist. 1902,,,,,
B2569:1:490,Eurydema Lap. 1832,Lap. 1832,,,,,genus,,B2569:1,accepted,,,B2569:1:489,Eurydemini Dist. 1902,,,,,Pentatomidae,Pentatominae,Eurydema,,Pentatomoidea | Pentatomidae | Pentatominae | Eurydemini,Eurydema Lap. 1832,,P464H,8781759,P464H,8781759
B2569:1:491,Eurydema wilkinsi Dist. 1879,Dist. 1879,Eurydema,,wilkinsi,,species,,B2569:1,accepted,,,B2569:1:490,Eurydema Lap. 1832,,,,,Pentatomidae,Pentatominae,Eurydema,,Pentatomoidea | Pentatomidae | Pentatominae | Eurydemini | Eurydema,wilkinsi Dist. 1879,,,,,
B2569:1:492,Eurydema maracandica Osh. 1870,Osh. 1870,Eurydema,,maracandica,,species,,B2569:1,accepted,,,B2569:1:490,Eurydema Lap. 1832,,,,,Pentatomidae,Pentatominae,Eurydema,,Pentatomoidea | Pentatomidae | Pentatominae | Eurydemini | Eurydema,maracandica Osh. 1870,,P4648,4485894,P4648,4485894
B2569:1:493,Eurydema ventrale Kol. 1846,Kol. 1846,Eurydema,,ventrale,,species,,B2569:1,accepted,,,B2569:1:490,Eurydema Lap. 1832,,,,,Pentatomidae,Pentatominae,Eurydema,,Pentatomoidea | Pentatomidae | Pentatominae | Eurydemini | Eurydema,ventrale Kol. 1846,,P466N,4485895,P466N,4485895
B2569:1:494,Eurydema mrugowskyi Stichel 1944,Stichel 1944,Eurydema,,mrugowskyi,,species,,B2569:1,accepted,,,B2569:1:490,Eurydema Lap. 1832,,,,,Pentatomidae,Pentatominae,Eurydema,,Pentatomoidea | Pentatomidae | Pentatominae | Eurydemini | Eurydema,mrugowskyi Stichel 1944,,,,,
B2569:1:495,Eurydema leucogaster Kir. 1963,Kir. 1963,Eurydema,,leucogaster,,species,,B2569:1,accepted,,,B2569:1:490,Eurydema Lap. 1832,,,,,Pentatomidae,Pentatominae,Eurydema,,Pentatomoidea | Pentatomidae | Pentatominae | Eurydemini | Eurydema,leucogaster Kir. 1963,"{""identifiable"":false}",,,,
B2569:1:496,Eurydema blandum Horv. 1903,Horv. 1903,Eurydema,,blandum,,species,,B2569:1,accepted,,,B2569:1:490,Eurydema Lap. 1832,,,,,Pentatomidae,Pentatominae,Eurydema,,Pentatomoidea | Pentatomidae | Pentatominae | Eurydemini | Eurydema,blandum Horv. 1903,,VNGGT,9430239,VNGGT,9430239
B2569:1:497,Eurydema ornatum (L. 1758),(L. 1758),Eurydema,,ornatum,,species,[Stich. 1926],B2569:1,accepted,,,B2569:1:490,Eurydema Lap. 1832,,,,,Pentatomidae,Pentatominae,Eurydema,,Pentatomoidea | Pentatomidae | Pentatominae | Eurydemini | Eurydema,ornatum (L. 1758) [Stich. 1926],,P4655,4485906,P4655,4485906
B2569:1:498,Eurydema dominulus (Scop. 1763),(Scop. 1763),Eurydema,,dominulus,,species,,B2569:1,accepted,,,B2569:1:490,Eurydema Lap. 1832,,,,,Pentatomidae,Pentatominae,Eurydema,,Pentatomoidea | Pentatomidae | Pentatominae | Eurydemini | Eurydema,dominulus (Scop. 1763),,P466C,4485896,P466C,4485896
B2569:1:499,Eurydema fieberi Fieb. 1836,Fieb. 1836,Eurydema,,fieberi,,species,,B2569:1,accepted,,,B2569:1:490,Eurydema Lap. 1832,,,,,Pentatomidae,Pentatominae,Eurydema,,Pentatomoidea | Pentatomidae | Pentatominae | Eurydemini | Eurydema,fieberi Fieb. 1836,,P465H,4408056,P465H,4408056
B2569:1:500,Eurydema gussakovskii Kir. 1952,Kir. 1952,Eurydema,,gussakovskii,,species,,B2569:1,accepted,,,B2569:1:490,Eurydema Lap. 1832,,,,,Pentatomidae,Pentatominae,Eurydema,,Pentatomoidea | Pentatomidae | Pentatominae | Eurydemini | Eurydema,gussakovskii Kir. 1952,,,,,
B2569:1:501,Eurydema rugulosum (Dohrn 1860),(Dohrn 1860),Eurydema,,rugulosum,,species,,B2569:1,accepted,,,B2569:1:490,Eurydema Lap. 1832,,,,,Pentatomidae,Pentatominae,Eurydema,,Pentatomoidea | Pentatomidae | Pentatominae | Eurydemini | Eurydema,rugulosum (Dohrn 1860),,P465P,4408057,P465P,4408057
B2569:1:502,Eurydema pulchrigrena Kir. 1925,Kir. 1925,Eurydema,,pulchrigrena,,species,,B2569:1,accepted,,,B2569:1:490,Eurydema Lap. 1832,,,,,Pentatomidae,Pentatominae,Eurydema,,Pentatomoidea | Pentatomidae | Pentatominae | Eurydemini | Eurydema,pulchrigrena Kir. 1925,,P46F5,,P46F5,
B2569:1:503,Eurydema putoni (Jak. 1877),(Jak. 1877),Eurydema,,putoni,,species,,B2569:1,accepted,,,B2569:1:490,Eurydema Lap. 1832,,,,,Pentatomidae,Pentatominae,Eurydema,,Pentatomoidea | Pentatomidae | Pentatominae | Eurydemini | Eurydema,putoni (Jak. 1877),,P4659,,P4659,
B2569:1:504,"Eurydema gebleri Kol, 1846","Kol, 1846",Eurydema,,gebleri,,species,,B2569:1,accepted,,,B2569:1:490,Eurydema Lap. 1832,,,,,Pentatomidae,Pentatominae,Eurydema,,Pentatomoidea | Pentatomidae | Pentatominae | Eurydemini | Eurydema,"gebleri Kol, 1846",,,4485905,,4485905
B2569:1:505,Eurydema oleracea (L. 1758),(L. 1758),Eurydema,,oleracea,,species,,B2569:1,accepted,,,B2569:1:490,Eurydema Lap. 1832,,,,,Pentatomidae,Pentatominae,Eurydema,,Pentatomoidea | Pentatomidae | Pentatominae | Eurydemini | Eurydema,oleracea (L. 1758),,P464Y,4485898,P464Y,4485898
B2569:1:506,Eurydema formosum Put. 1895,Put. 1895,Eurydema,,formosum,,species,,B2569:1,accepted,,,B2569:1:490,Eurydema Lap. 1832,,,,,Pentatomidae,Pentatominae,Eurydema,,Pentatomoidea | Pentatomidae | Pentatominae | Eurydemini | Eurydema,formosum Put. 1895,,,,,
B2569:1:507,Capnoda Jak. 1887,Jak. 1887,,,,,genus,,B2569:1,accepted,,,B2569:1:489,Eurydemini Dist. 1902,,,,,Pentatomidae,Pentatominae,Capnoda,,Pentatomoidea | Pentatomidae | Pentatominae | Eurydemini,Capnoda Jak. 1887,,,4405787,,4405787
B2569:1:508,Capnoda batesoni Jak. 1890,Jak. 1890,Capnoda,,batesoni,,species,,B2569:1,accepted,,,B2569:1:507,Capnoda Jak. 1887,,,,,Pentatomidae,Pentatominae,Capnoda,,Pentatomoidea | Pentatomidae | Pentatominae | Eurydemini | Capnoda,batesoni Jak. 1890,,,4485882,,4485882
B2569:1:509,Capnoda nigroaenea Jak. 1887,Jak. 1887,Capnoda,,nigroaenea,,species,,B2569:1,accepted,,,B2569:1:507,Capnoda Jak. 1887,,,,,Pentatomidae,Pentatominae,Capnoda,,Pentatomoidea | Pentatomidae | Pentatominae | Eurydemini | Capnoda,nigroaenea Jak. 1887,,,,,
B2569:1:510,Bagrada Stål 1862,Stål 1862,,,,,genus,,B2569:1,accepted,,,B2569:1:489,Eurydemini Dist. 1902,,,,,Pentatomidae,Pentatominae,Bagrada,,Pentatomoidea | Pentatomidae | Pentatominae | Eurydemini,Bagrada Stål 1862,,MLFJZ,4485910,MLFJZ,4485910
B2569:1:511,Nitilia,,Bagrada,,,,subgenus,,B2569:1,accepted,,,B2569:1:510,Bagrada Stål 1862,,,,,Pentatomidae,Pentatominae,Bagrada,Nitilia,Pentatomoidea | Pentatomidae | Pentatominae | Eurydemini | Bagrada,N.,,,,,
B2569:1:512,Bagrada monticola Horv. 1936,Horv. 1936,Bagrada,Nitilia,monticola,,species,,B2569:1,accepted,,,B2569:1:511,Nitilia,,,,,Pentatomidae,Pentatominae,Bagrada,Nitilia,Pentatomoidea | Pentatomidae | Pentatominae | Eurydemini | Bagrada | Nitilia,monticola Horv. 1936,,MLFL6,,MLFL6,
B2569:1:513,Bagrada kaufmanni (Osh. 1870),(Osh. 1870),Bagrada,Nitilia,kaufmanni,,species,,B2569:1,accepted,,,B2569:1:511,Nitilia,,,,,Pentatomidae,Pentatominae,Bagrada,Nitilia,Pentatomoidea | Pentatomidae | Pentatominae | Eurydemini | Bagrada | Nitilia,kaufmanni (Osh. 1870),,MLFL5,,MLFL5,
B2569:1:514,Bagrada rubria Horv. 1936,Horv. 1936,Bagrada,Nitilia,rubria,,species,,B2569:1,accepted,,,B2569:1:511,Nitilia,,,,,Pentatomidae,Pentatominae,Bagrada,Nitilia,Pentatomoidea | Pentatomidae | Pentatominae | Eurydemini | Bagrada | Nitilia,rubria Horv. 1936,,,,,
B2569:1:515,Bagrada abeillei Put. 1881,Put. 1881,Bagrada,Nitilia,abeillei,,species,,B2569:1,accepted,,,B2569:1:511,Nitilia,,,,,Pentatomidae,Pentatominae,Bagrada,Nitilia,Pentatomoidea | Pentatomidae | Pentatominae | Eurydemini | Bagrada | Nitilia,abeillei Put. 1881,,MLFKR,4485917,MLFKR,4485917
B2569:1:516,Bagrada stolata Horv. 1936,Horv. 1936,Bagrada,Nitilia,stolata,,species,,B2569:1,accepted,,,B2569:1:511,Nitilia,,,,,Pentatomidae,Pentatominae,Bagrada,Nitilia,Pentatomoidea | Pentatomidae | Pentatominae | Eurydemini | Bagrada | Nitilia,stolata Horv. 1936,,,10312444,,10312444
B2569:1:517,Stenozygum Fieb. 1861,Fieb. 1861,,,,,genus,,B2569:1,accepted,,,B2569:1:489,Eurydemini Dist. 1902,,,,,Pentatomidae,Pentatominae,Stenozygum,,Pentatomoidea | Pentatomidae | Pentatominae | Eurydemini,Stenozygum Fieb. 1861,,T8YDM,4407024,T8YDM,4407024
B2569:1:518,Stenozygum coloratum Klug.,Klug.,Stenozygum,,coloratum,,species,,B2569:1,accepted,,,B2569:1:517,Stenozygum Fieb. 1861,,,,,Pentatomidae,Pentatominae,Stenozygum,,Pentatomoidea | Pentatomidae | Pentatominae | Eurydemini | Stenozygum,coloratum Klug.,,T8YDV,4485888,T8YDV,4485888
B2569:1:519,Trochiscocoris Reut. 1860,Reut. 1860,,,,,genus,,B2569:1,accepted,,,B2569:1:489,Eurydemini Dist. 1902,,,,,Pentatomidae,Pentatominae,Trochiscocoris,,Pentatomoidea | Pentatomidae | Pentatominae | Eurydemini,Trochiscocoris Reut. 1860,,TRBTY,4407404,TRBTY,4407404
B2569:1:520,Trochiscocoris rotundatus Horv. 1895,Horv. 1895,Trochiscocoris,,rotundatus,,species,,B2569:1,accepted,,,B2569:1:519,Trochiscocoris Reut. 1860,,,,,Pentatomidae,Pentatominae,Trochiscocoris,,Pentatomoidea | Pentatomidae | Pentatominae | Eurydemini | Trochiscocoris,rotundatus Horv. 1895,,,4485885,,4485885
B2569:1:521,Trochiscocoris hemipterus (Jak. 1879),(Jak. 1879),Trochiscocoris,,hemipterus,,species,,B2569:1,accepted,,,B2569:1:519,Trochiscocoris Reut. 1860,,,,,Pentatomidae,Pentatominae,Trochiscocoris,,Pentatomoidea | Pentatomidae | Pentatominae | Eurydemini | Trochiscocoris,hemipterus (Jak. 1879),,TRBV8,4485883,TRBV8,4485883
B2569:1:522,Mecideini Dist. 1902,Dist. 1902,,,,,tribe,,B2569:1,accepted,,,B2569:1:269,Pentatominae Stål 1864,,,,,Pentatomidae,Pentatominae,,,Pentatomoidea | Pentatomidae | Pentatominae,Mecideini Dist. 1902,,,,,
B2569:1:523,Mecidea Dall. 1851,Dall. 1851,,,,,genus,,B2569:1,accepted,,,B2569:1:522,Mecideini Dist. 1902,,,,,Pentatomidae,Pentatominae,Mecidea,,Pentatomoidea | Pentatomidae | Pentatominae | Mecideini,Mecidea Dall. 1851,,QGLJJ,2079048,QGLJJ,2079048
B2569:1:524,Mecidea lindbergi Wagn. 1954,Wagn. 1954,Mecidea,,lindbergi,,species,,B2569:1,accepted,,,B2569:1:523,Mecidea Dall. 1851,,,,,Pentatomidae,Pentatominae,Mecidea,,Pentatomoidea | Pentatomidae | Pentatominae | Mecideini | Mecidea,lindbergi Wagn. 1954,,QGLK8,4485921,QGLK8,4485921
B2569:1:525,Asopinae Am. Serv. 1843,Am. Serv. 1843,,,,,subfamily,,B2569:1,accepted,,,B2569:1:185,Pentatomidae Leach 1815,,,,,Pentatomidae,Asopinae,,,Pentatomoidea | Pentatomidae,Asopinae Am. Serv. 1843,,,,,
B2569:1:526,Pinthaeus Stål 1867,Stål 1867,,,,,genus,,B2569:1,accepted,,,B2569:1:525,Asopinae Am. Serv. 1843,,,,,Pentatomidae,Asopinae,Pinthaeus,,Pentatomoidea | Pentatomidae | Asopinae,Pinthaeus Stål 1867,,RMHV9,4407624,RMHV9,4407624
B2569:1:527,Picromerus Am. Serv. 1843,Am. Serv. 1843,,,,,genus,,B2569:1,accepted,,,B2569:1:525,Asopinae Am. Serv. 1843,,,,,Pentatomidae,Asopinae,Picromerus,,Pentatomoidea | Pentatomidae | Asopinae,Picromerus Am. Serv. 1843,,RG2K9,2079126,RG2K9,2079126
B2569:1:528,Picromerus bidens (L. 1758),(L. 1758),Picromerus,,bidens,,species,,B2569:1,accepted,,,B2569:1:527,Picromerus Am. Serv. 1843,,,,,Pentatomidae,Asopinae,Picromerus,,Pentatomoidea | Pentatomidae | Asopinae | Picromerus,bidens (L. 1758),,RG2L5,5160015,RG2L5,5160015
B2569:1:529,Picromerus nigridens (F. 1803),(F. 1803),Picromerus,,nigridens,,species,,B2569:1,accepted,,,B2569:1:527,Picromerus Am. Serv. 1843,,,,,Pentatomidae,Asopinae,Picromerus,,Pentatomoidea | Pentatomidae | Asopinae | Picromerus,nigridens (F. 1803),,RG2MM,7569720,RG2MM,7569720
B2569:1:530,Picromerus conformis (H.-S. 1841),(H.-S. 1841),Picromerus,,conformis,,species,,B2569:1,accepted,,,B2569:1:527,Picromerus Am. Serv. 1843,,,,,Pentatomidae,Asopinae,Picromerus,,Pentatomoidea | Pentatomidae | Asopinae | Picromerus,conformis (H.-S. 1841),,RG2LP,8773552,RG2LP,8773552
B2569:1:531,Andrallus Berg. 1906,Berg. 1906,,,,,genus,,B2569:1,accepted,,,B2569:1:525,Asopinae Am. Serv. 1843,,,,,Pentatomidae,Asopinae,Andrallus,,Pentatomoidea | Pentatomidae | Asopinae,Andrallus Berg. 1906,,LPQQS,2078856,LPQQS,2078856
B2569:1:532,Andrallus spinidens (F. 1787),(F. 1787),Andrallus,,spinidens,,species,,B2569:1,accepted,,,B2569:1:531,Andrallus Berg. 1906,,,,,Pentatomidae,Asopinae,Andrallus,,Pentatomoidea | Pentatomidae | Asopinae | Andrallus,spinidens (F. 1787),,LPQR6,2078857,LPQR6,2078857
B2569:1:533,Troilus Stål. 1867,Stål. 1867,,,,,genus,,B2569:1,accepted,,,B2569:1:525,Asopinae Am. Serv. 1843,,,,,Pentatomidae,Asopinae,Troilus,,Pentatomoidea | Pentatomidae | Asopinae,Troilus Stål. 1867,,TSGLY,4407233,TSGLY,4407233
B2569:1:534,Troilus luridus (F. 1775),(F. 1775),Troilus,,luridus,,species,,B2569:1,accepted,,,B2569:1:533,Troilus Stål. 1867,,,,,Pentatomidae,Asopinae,Troilus,,Pentatomoidea | Pentatomidae | Asopinae | Troilus,luridus (F. 1775),,TSGM3,4485973,TSGM3,4485973
B2569:1:535,Arma Hahn 1832,Hahn 1832,,,,,genus,,B2569:1,accepted,,,B2569:1:525,Asopinae Am. Serv. 1843,,,,,Pentatomidae,Asopinae,Arma,,Pentatomoidea | Pentatomidae | Asopinae,Arma Hahn 1832,,LFMDC,8888117,LFMDC,8888117
B2569:1:536,Arma custos (F. 1794),(F. 1794),Arma,,custos,,species,,B2569:1,accepted,,,B2569:1:535,Arma Hahn 1832,,,,,Pentatomidae,Asopinae,Arma,,Pentatomoidea | Pentatomidae | Asopinae | Arma,custos (F. 1794),,LFMFH,4485971,LFMFH,4485971
B2569:1:537,Rhacognathus Fieb. 1860,Fieb. 1860,,,,,genus,,B2569:1,accepted,,,B2569:1:525,Asopinae Am. Serv. 1843,,,,,Pentatomidae,Asopinae,Rhacognathus,,Pentatomoidea | Pentatomidae | Asopinae,Rhacognathus Fieb. 1860,,S9WB7,2078994,S9WB7,2078994
B2569:1:538,Jalla Hahn 1832,Hahn 1832,,,,,genus,,B2569:1,accepted,,,B2569:1:525,Asopinae Am. Serv. 1843,,,,,Pentatomidae,Asopinae,Jalla,,Pentatomoidea | Pentatomidae | Asopinae,Jalla Hahn 1832,,PY8HF,3266040,PY8HF,3266040
B2569:1:539,Jalla dumosa (L. 1758),(L. 1758),Jalla,,dumosa,,species,,B2569:1,accepted,,,B2569:1:538,Jalla Hahn 1832,,,,,Pentatomidae,Asopinae,Jalla,,Pentatomoidea | Pentatomidae | Asopinae | Jalla,dumosa (L. 1758),,PY8HX,5758771,PY8HX,5758771
B2569:1:540,Jalla subcalcarata Jak. 1884,Jak. 1884,Jalla,,subcalcarata,,species,,B2569:1,accepted,,,B2569:1:538,Jalla Hahn 1832,,,,,Pentatomidae,Asopinae,Jalla,,Pentatomoidea | Pentatomidae | Asopinae | Jalla,subcalcarata Jak. 1884,,PY8JR,,PY8JR,
B2569:1:541,Zicrona Am. Serv. 1843,Am. Serv. 1843,,,,,genus,,B2569:1,accepted,,,B2569:1:525,Asopinae Am. Serv. 1843,,,,,Pentatomidae,Asopinae,Zicrona,,Pentatomoidea | Pentatomidae | Asopinae,Zicrona Am. Serv. 1843,,TWMP2,2078941,TWMP2,2078941
B2569:1:542,Zicrona coerulea (L. 1758),(L. 1758),Zicrona,,coerulea,,species,,B2569:1,accepted,,,B2569:1:541,Zicrona Am. Serv. 1843,,,,,Pentatomidae,Asopinae,Zicrona,,Pentatomoidea | Pentatomidae | Asopinae | Zicrona,coerulea (L. 1758),,TWMPK,9378976,TWMPC,2078942
B2569:1:543,Dinidorinae Stål 1870,Stål 1870,,,,,subfamily,,B2569:1,accepted,,,B2569:1:185,Pentatomidae Leach 1815,,,,,Pentatomidae,Dinidorinae,,,Pentatomoidea | Pentatomidae,Dinidorinae Stål 1870,,JFX,,JFX,
B2569:1:544,Coridius,,,,,,genus,,B2569:1,accepted,,,B2569:1:543,Dinidorinae Stål 1870,,,,,Pentatomidae,Dinidorinae,Coridius,,Pentatomoidea | Pentatomidae | Dinidorinae,Coridius,,62MQ2,4781489,62MQ2,4781489
B2569:1:545,Aspongopus,,,,,,genus,,B2569:1,synonym,B2569:1:544,Coridius,,,,,,,Pentatomidae,Dinidorinae,Aspongopus,,Pentatomoidea | Pentatomidae | Dinidorinae,Aspongopus,,LTBGZ,,62MQ2,
B2569:1:546,Coridius viduatus (F.),(F.),Coridius,,viduatus,,species,,B2569:1,accepted,,,B2569:1:544,Coridius,,,,,Pentatomidae,Dinidorinae,Coridius,,Pentatomoidea | Pentatomidae | Dinidorinae | Coridius,viduatus (F.),,6B38G,9619250,6B38G,9619250
B2569:1:547,Phyllocephalinae Am. Serv. 1843,Am. Serv. 1843,,,,,subfamily,,B2569:1,accepted,,,B2569:1:185,Pentatomidae Leach 1815,,,,,Pentatomidae,Phyllocephalinae,,,Pentatomoidea | Pentatomidae,Phyllocephalinae Am. Serv. 1843,,,,,
B2569:1:548,Schyzops,,,,,,genus,,B2569:1,accepted,,,B2569:1:547,Phyllocephalinae Am. Serv. 1843,,,,,Pentatomidae,Phyllocephalinae,Schyzops,,Pentatomoidea | Pentatomidae | Phyllocephalinae,Schyzops,,SQNGB,4404922,SQNGB,4404922
B2569:1:549,Schyzops aegyptiaca (Lef.),(Lef.),Schyzops,,aegyptiaca,,species,,B2569:1,accepted,,,B2569:1:548,Schyzops,,,,,Pentatomidae,Phyllocephalinae,Schyzops,,Pentatomoidea | Pentatomidae | Phyllocephalinae | Schyzops,aegyptiaca (Lef.),,SQNGD,4485757,SQNGD,4485757
B2569:1:550,Urostylididae,,,,,,family,,B2569:1,accepted,,,B2569:1:1,Pentatomoidea Reut. 1910,,,,,Urostylididae,,,,Pentatomoidea,Urostilidae Dall. 1851,,BYZ2T,,BYZ2T,