scientificNameID,scientificName,scientificNameAuthorship,genericName,infragenericEpithet,specificEpithet,infraspecificEpithet,taxonRank,taxonRemarks,collectionCode,taxonomicStatus,acceptedNameUsageID,acceptedNameUsage,parentNameUsageID,parentNameUsage,kingdom,phylum,class,order,family,subfamily,genus,subgenus,higherClassification,verbatimIdentification,dynamicProperties,colTaxonID,gbifTaxonID,colAcceptedTaxonID,gbifAcceptedTaxonID
B2973:1:1,"Halticinae Kirkaldy, 1902","Kirkaldy, 1902",,,,,subfamily,nov. stat.,B2973:1,accepted,,,,,,,,,,Halticinae,,,,"HALTICINAE KIRKALDY, 1902, nov. stat.",,,,,
B2973:1:2,"Labopini Reuter, 1883","Reuter, 1883",,,,,subfamily,,B2973:1,synonym,B2973:1:1,"Halticinae Kirkaldy, 1902",,,,,,,,Labopini,,,,"Labopini Reuter, 1883",,,,,
B2973:1:3,Halticini,,,,,,tribe,s. str.,B2973:1,accepted,,,B2973:1:1,"Halticinae Kirkaldy, 1902",,,,,,Halticinae,,,Halticinae,Halticini s. str.,,,,,
B2973:1:4,"Myrmecophyaria Reuter, 1891","Reuter, 1891",,,,,subtribe,,B2973:1,accepted,,,B2973:1:3,Halticini,,,,,,Halticinae,,,Halticinae | Halticini,"Myrmecophyaria Reuter, 1891",,,,,
B2973:1:5,"Myrmecophyes Fieber, 1870","Fieber, 1870",,,,,genus,,B2973:1,accepted,,,B2973:1:4,"Myrmecophyaria Reuter, 1891",,,,,,Halticinae,Myrmecophyes,,Halticinae | Halticini | Myrmecophyaria,"Myrmecophyes Fieber, 1870",,5WMS,2011007,5WMS,2011007
B2973:1:6,"Myrmecophyes alboornatus (Stål, 1858)","(Stål, 1858)",Myrmecophyes,,alboornatus,,species,,B2973:1,accepted,,,B2973:1:5,"Myrmecophyes Fieber, 1870",,,,,,Halticinae,Myrmecophyes,,Halticinae | Halticini | Myrmecophyaria | Myrmecophyes,"alboornatus (Stål, 1858)",,45B7X,2011009,45B7X,2011009
B2973:1:7,"Halticaria Kirkaildy, 1902","Kirkaildy, 1902",,,,,subtribe,,B2973:1,accepted,,,B2973:1:3,Halticini,,,,,,Halticinae,,,Halticinae | Halticini,"Halticaria Kirkaildy, 1902",,,,,
B2973:1:8,"Halticus Hahn, 1831","Hahn, 1831",,,,,genus,,B2973:1,accepted,,,B2973:1:7,"Halticaria Kirkaildy, 1902",,,,,,Halticinae,Halticus,,Halticinae | Halticini | Halticaria,"Halticus Hahn, 1831",,4T2Q,2010238,4T2Q,2010238
B2973:1:9,"Halticus luteicollis (Panzer, 1805)","(Panzer, 1805)",Halticus,,luteicollis,,species,,B2973:1,accepted,,,B2973:1:8,"Halticus Hahn, 1831",,,,,,Halticinae,Halticus,,Halticinae | Halticini | Halticaria | Halticus,"luteicollis (Panzer, 1805)",,3JGSD,5759126,3JGSD,5759126
B2973:1:10,Halticus luteicollis var. typica,,Halticus,,luteicollis,typica,variety,,B2973:1,accepted,,,B2973:1:9,"Halticus luteicollis (Panzer, 1805)",,,,,,Halticinae,Halticus,,Halticinae | Halticini | Halticaria | Halticus | Halticus luteicollis,var. typica,,,,,
B2973:1:11,Halticus luteicollis var. propinqua Horv.,Horv.,Halticus,,luteicollis,propinqua,variety,,B2973:1,accepted,,,B2973:1:9,"Halticus luteicollis (Panzer, 1805)",,,,,,Halticinae,Halticus,,Halticinae | Halticini | Halticaria | Halticus | Halticus luteicollis,var. propinqua HORV.,,,,,
B2973:1:12,Halticus luteicollis var. vitticeps Reut.,Reut.,Halticus,,luteicollis,vitticeps,variety,,B2973:1,accepted,,,B2973:1:9,"Halticus luteicollis (Panzer, 1805)",,,,,,Halticinae,Halticus,,Halticinae | Halticini | Halticaria | Halticus | Halticus luteicollis,var. vitticeps REUT.,,5HL8G,9223206,3JGSD,5759126
B2973:1:13,"Halticus puncticollis Fieber, 1870","Fieber, 1870",Halticus,,puncticollis,,species,,B2973:1,accepted,,,B2973:1:8,"Halticus Hahn, 1831",,,,,,Halticinae,Halticus,,Halticinae | Halticini | Halticaria | Halticus,"puncticollis Fieber, 1870",,3JGSR,7892611,3JGSR,7892611
B2973:1:14,"Halticus rugosus Reuter, 1894","Reuter, 1894",Halticus,,rugosus,,species,,B2973:1,accepted,,,B2973:1:8,"Halticus Hahn, 1831",,,,,,Halticinae,Halticus,,Halticinae | Halticini | Halticaria | Halticus,"rugosus Reuter, 1894",,3JGSV,7806322,3JGSV,7806322
B2973:1:15,"Halticus asperulus Horvath, 1898","Horvath, 1898",Halticus,,asperulus,,species,,B2973:1,accepted,,,B2973:1:8,"Halticus Hahn, 1831",,,,,,Halticinae,Halticus,,Halticinae | Halticini | Halticaria | Halticus,"asperulus Horvath, 1898",,3JGRX,8206227,3JGRX,8206227
B2973:1:16,"Halticus macrocephalus Fieber, 1858","Fieber, 1858",Halticus,,macrocephalus,,species,,B2973:1,accepted,,,B2973:1:8,"Halticus Hahn, 1831",,,,,,Halticinae,Halticus,,Halticinae | Halticini | Halticaria | Halticus,"macrocephalus Fieber, 1858",,6LB3K,8124509,6LB3K,8124509
B2973:1:17,"Halticus saltator (Geoffroy, 1785)","(Geoffroy, 1785)",Halticus,,saltator,,species,,B2973:1,accepted,,,B2973:1:8,"Halticus Hahn, 1831",,,,,,Halticinae,Halticus,,Halticinae | Halticini | Halticaria | Halticus,"saltator (Geoffroy, 1785)",,3JGSW,5759133,3JGSW,5759133
B2973:1:18,"Halticus apterus (Linné, 1761)","(Linné, 1761)",Halticus,,apterus,,species,,B2973:1,accepted,,,B2973:1:8,"Halticus Hahn, 1831",,,,,,Halticinae,Halticus,,Halticinae | Halticini | Halticaria | Halticus,"apterus (Linné, 1761)",,3JGRV,5152740,3JGRV,5152740
B2973:1:19,"Halticus major E. Wagner, 1951","E. Wagner, 1951",Halticus,,major,,species,,B2973:1,accepted,,,B2973:1:8,"Halticus Hahn, 1831",,,,,,Halticinae,Halticus,,Halticinae | Halticini | Halticaria | Halticus,"major E. Wagner, 1951",,3JGSF,8396141,3JGSF,8396141
B2973:1:20,"Halticus pusillus (Herrich-Schäffer, 1835)","(Herrich-Schäffer, 1835)",Halticus,,pusillus,,species,,B2973:1,accepted,,,B2973:1:8,"Halticus Hahn, 1831",,,,,,Halticinae,Halticus,,Halticinae | Halticini | Halticaria | Halticus,"pusillus (Herrich-Schäffer, 1835)",,3JGST,7607640,3JGST,7607640
B2973:1:21,"Halticus henschi Reuter, 1888","Reuter, 1888",Halticus,,henschi,,species,,B2973:1,accepted,,,B2973:1:8,"Halticus Hahn, 1831",,,,,,Halticinae,Halticus,,Halticinae | Halticini | Halticaria | Halticus,"henschi Reuter, 1888",,3JGS8,7392696,3JGS8,7392696
B2973:1:22,"Halticidea Reuter, 1901","Reuter, 1901",,,,,genus,,B2973:1,accepted,,,B2973:1:7,"Halticaria Kirkaildy, 1902",,,,,,Halticinae,Halticidea,,Halticinae | Halticini | Halticaria,"Halticidea Reuter, 1901",,PJBBY,6007350,5TKG,6007350
B2973:1:23,"Halticidea punctulata Reuter, 1958","Reuter, 1958",Halticidea,,punctulata,,species,,B2973:1,accepted,,,B2973:1:22,"Halticidea Reuter, 1901",,,,,,Halticinae,Halticidea,,Halticinae | Halticini | Halticaria | Halticidea,"punctulata Reuter, 1958",,,,,
B2973:1:24,"Halticidea decalvata Seidenstücker, 1962","Seidenstücker, 1962",Halticidea,,decalvata,,species,,B2973:1,accepted,,,B2973:1:22,"Halticidea Reuter, 1901",,,,,,Halticinae,Halticidea,,Halticinae | Halticini | Halticaria | Halticidea,"decalvata Seidenstücker, 1962",,3JGNN,8373603,KM7B,7852263
B2973:1:25,"Halticidea punctulata Seid. nec Reuter, 1958","Seid. nec Reuter, 1958",Halticidea,,punctulata,,species,,B2973:1,synonym,B2973:1:24,"Halticidea decalvata Seidenstücker, 1962",,,,,,,,Halticinae,Halticidea,,Halticinae | Halticini | Halticaria | Halticidea,"punctulata SEID. nec REUTER, 1958",,,,,
B2973:1:26,"Laboparia Reuter, 1883","Reuter, 1883",,,,,subtribe,,B2973:1,accepted,,,B2973:1:3,Halticini,,,,,,Halticinae,,,Halticinae | Halticini,"Laboparia Reuter, 1883",,,,,
B2973:1:27,"Strongylocoris Blanchard, 1840","Blanchard, 1840",,,,,genus,,B2973:1,accepted,,,B2973:1:26,"Laboparia Reuter, 1883",,,,,,Halticinae,Strongylocoris,,Halticinae | Halticini | Laboparia,"Strongylocoris Blanchard, 1840",,7PFN,4406543,7PFN,4406543
B2973:1:28,"Strongylocoris coerulescens Lindeberg, 1926","Lindeberg, 1926",Strongylocoris,,coerulescens,,species,,B2973:1,accepted,,,B2973:1:27,"Strongylocoris Blanchard, 1840",,,,,,Halticinae,Strongylocoris,,Halticinae | Halticini | Laboparia | Strongylocoris,"coerulescens Lindeberg, 1926",,534MX,8342878,534MX,8342878
B2973:1:29,"Strongylocoris atrocoeruleus (Fieber, 1864)","(Fieber, 1864)",Strongylocoris,,atrocoeruleus,,species,,B2973:1,accepted,,,B2973:1:27,"Strongylocoris Blanchard, 1840",,,,,,Halticinae,Strongylocoris,,Halticinae | Halticini | Laboparia | Strongylocoris,"atrocoeruleus (Fieber, 1864)",,534MV,4487912,534MV,4487912
B2973:1:30,"Strongylocoris niger (Herrich-Schäffer, 1835)","(Herrich-Schäffer, 1835)",Strongylocoris,,niger,,species,,B2973:1,accepted,,,B2973:1:27,"Strongylocoris Blanchard, 1840",,,,,,Halticinae,Strongylocoris,,Halticinae | Halticini | Laboparia | Strongylocoris,"niger (Herrich-Schäffer, 1835)",,6ZYYX,4487904,6ZYYX,4487904
B2973:1:31,"Euryopicoris reuteri Jakovleff, 1879","Jakovleff, 1879",Euryopicoris,,reuteri,,species,,B2973:1,synonym,B2973:1:30,"Strongylocoris niger (Herrich-Schäffer, 1835)",,,,,,,,Halticinae,Strongylocoris,,Halticinae | Halticini | Laboparia | Strongylocoris,"Euryopicoris reuteri JAKOVLEFF, 1879",,3D5J8,7823350,6ZYYX,4487904
B2973:1:32,"Strongylocoris cicadifrons Costa, 1852","Costa, 1852",Strongylocoris,,cicadifrons,,species,,B2973:1,accepted,,,B2973:1:27,"Strongylocoris Blanchard, 1840",,,,,,Halticinae,Strongylocoris,,Halticinae | Halticini | Laboparia | Strongylocoris,"cicadifrons Costa, 1852",,534MW,4487902,534MW,4487902
B2973:1:33,Strongylocoris cicadifrons var. coqueberti Stich.,Stich.,Strongylocoris,,cicadifrons,coqueberti,variety,,B2973:1,accepted,,,B2973:1:32,"Strongylocoris cicadifrons Costa, 1852",,,,,,Halticinae,Strongylocoris,,Halticinae | Halticini | Laboparia | Strongylocoris | Strongylocoris cicadifrons,var. coqueberti STICH.,,5LBZ6,8763909,534MW,4487902
B2973:1:34,Strongylocoris cicadifrons var. testacea Stich.,Stich.,Strongylocoris,,cicadifrons,testacea,variety,,B2973:1,accepted,,,B2973:1:32,"Strongylocoris cicadifrons Costa, 1852",,,,,,Halticinae,Strongylocoris,,Halticinae | Halticini | Laboparia | Strongylocoris | Strongylocoris cicadifrons,var. testacea STICH.,,5LBZ7,9153468,534MW,4487902
B2973:1:35,"Strongylocoris leucocephalus (Linné, 1758)","(Linné, 1758)",Strongylocoris,,leucocephalus,,species,,B2973:1,accepted,,,B2973:1:27,"Strongylocoris Blanchard, 1840",,,,,,Halticinae,Strongylocoris,,Halticinae | Halticini | Laboparia | Strongylocoris,"leucocephalus (Linné, 1758)",,534N7,4487908,534N7,4487908
B2973:1:36,Strongylocoris leucocephalus subsp. steganoides Shlbg.,Shlbg.,Strongylocoris,,leucocephalus,steganoides,subspecies,,B2973:1,accepted,,,B2973:1:35,"Strongylocoris leucocephalus (Linné, 1758)",,,,,,Halticinae,Strongylocoris,,Halticinae | Halticini | Laboparia | Strongylocoris | Strongylocoris leucocephalus,subsp. steganoides SHLBG.,,,,,
B2973:1:37,Strongylocoris leucocephalus var. sibirica Reut.,Reut.,Strongylocoris,,leucocephalus,sibirica,variety,,B2973:1,accepted,,,B2973:1:36,Strongylocoris leucocephalus subsp. steganoides Shlbg.,,,,,,Halticinae,Strongylocoris,,Halticinae | Halticini | Laboparia | Strongylocoris | Strongylocoris leucocephalus | Strongylocoris leucocephalus subsp. steganoides,var. sibirica REUT.,,T7NG2,8941870,534N7,4487908
B2973:1:38,Strongylocoris leucocephalus var. alpina Strobl.,Strobl.,Strongylocoris,,leucocephalus,alpina,variety,,B2973:1,accepted,,,B2973:1:36,Strongylocoris leucocephalus subsp. steganoides Shlbg.,,,,,,Halticinae,Strongylocoris,,Halticinae | Halticini | Laboparia | Strongylocoris | Strongylocoris leucocephalus | Strongylocoris leucocephalus subsp. steganoides,var. alpina STROBL.,,5LBZ8,8954711,534N7,4487908
B2973:1:39,"Strongylocoris franzi E. Wagner, 1955","E. Wagner, 1955",Strongylocoris,,franzi,,species,,B2973:1,accepted,,,B2973:1:27,"Strongylocoris Blanchard, 1840",,,,,,Halticinae,Strongylocoris,,Halticinae | Halticini | Laboparia | Strongylocoris,"franzi E. Wagner, 1955",,534N6,4487903,534N6,4487903
B2973:1:40,"Strongylocoris erythroleptus Costa, 1852","Costa, 1852",Strongylocoris,,erythroleptus,,species,,B2973:1,accepted,,,B2973:1:27,"Strongylocoris Blanchard, 1840",,,,,,Halticinae,Strongylocoris,,Halticinae | Halticini | Laboparia | Strongylocoris,"erythroleptus Costa, 1852",,534N4,4487907,534N4,4487907
B2973:1:41,"Strongylocoris amabilis (Douglas & Scott, 1868)","(Douglas & Scott, 1868)",Strongylocoris,,amabilis,,species,,B2973:1,accepted,,,B2973:1:27,"Strongylocoris Blanchard, 1840",,,,,,Halticinae,Strongylocoris,,Halticinae | Halticini | Laboparia | Strongylocoris,"amabilis (Douglas & Scott, 1868)",,534MT,7748823,534MT,7748823
B2973:1:42,"Strongylocoris luridus (Fallen, 1807)","(Fallen, 1807)",Strongylocoris,,luridus,,species,,B2973:1,accepted,,,B2973:1:27,"Strongylocoris Blanchard, 1840",,,,,,Halticinae,Strongylocoris,,Halticinae | Halticini | Laboparia | Strongylocoris,"luridus (Fallen, 1807)",,534N9,4487915,534N9,4487915
B2973:1:43,"Strongylocoris seabrai K. Schmidt, 1939","K. Schmidt, 1939",Strongylocoris,,seabrai,,species,,B2973:1,accepted,,,B2973:1:27,"Strongylocoris Blanchard, 1840",,,,,,Halticinae,Strongylocoris,,Halticinae | Halticini | Laboparia | Strongylocoris,"seabrai K. Schmidt, 1939",,534NQ,4487911,534NQ,4487911
B2973:1:44,"Strongylocoris oberthuri Reuter, 1905","Reuter, 1905",Strongylocoris,,oberthuri,,species,,B2973:1,accepted,,,B2973:1:27,"Strongylocoris Blanchard, 1840",,,,,,Halticinae,Strongylocoris,,Halticinae | Halticini | Laboparia | Strongylocoris,"oberthuri Reuter, 1905",,534NF,4487910,534NF,4487910
B2973:1:45,"Strongylocoris obscurus (Rambur, 1842)","(Rambur, 1842)",Strongylocoris,,obscurus,,species,,B2973:1,accepted,,,B2973:1:27,"Strongylocoris Blanchard, 1840",,,,,,Halticinae,Strongylocoris,,Halticinae | Halticini | Laboparia | Strongylocoris,"obscurus (Rambur, 1842)",,534NJ,4487917,534NJ,4487917
B2973:1:46,"Strongylocoris nigritarsus (Costa, 1860)","(Costa, 1860)",Strongylocoris,,nigritarsus,,species,,B2973:1,accepted,,,B2973:1:27,"Strongylocoris Blanchard, 1840",,,,,,Halticinae,Strongylocoris,,Halticinae | Halticini | Laboparia | Strongylocoris,"nigritarsus (Costa, 1860)",,534ND,7376648,534NJ,4487917
B2973:1:47,"Piezocranum Horvath, 1877","Horvath, 1877",,,,,genus,,B2973:1,accepted,,,B2973:1:26,"Laboparia Reuter, 1883",,,,,,Halticinae,Piezocranum,,Halticinae | Halticini | Laboparia,"Piezocranum Horvath, 1877",,6QC8,4407715,6QC8,4407715
B2973:1:48,"Lamprella Reuter, 1891","Reuter, 1891",,,,,genus,,B2973:1,synonym,B2973:1:47,"Piezocranum Horvath, 1877",,,,,,,,Halticinae,Lamprella,,Halticinae | Halticini | Laboparia,"Lamprella Reuter, 1891",,Q46TG,3265205,8MTLN,3265205
B2973:1:49,"Piezocranum simulans Horvath, 1877","Horvath, 1877",Piezocranum,,simulans,,species,,B2973:1,accepted,,,B2973:1:47,"Piezocranum Horvath, 1877",,,,,,Halticinae,Piezocranum,,Halticinae | Halticini | Laboparia | Piezocranum,"simulans Horvath, 1877",,4HS5F,4487881,4HS5F,4487881
B2973:1:50,"Piezocranum seminulum Horvath, 1898","Horvath, 1898",Piezocranum,,seminulum,,species,,B2973:1,accepted,,,B2973:1:47,"Piezocranum Horvath, 1877",,,,,,Halticinae,Piezocranum,,Halticinae | Halticini | Laboparia | Piezocranum,"seminulum Horvath, 1898",,6VKCY,4487883,6VKCY,4487883
B2973:1:51,"Piezocranum corvinum Puton, 1895","Puton, 1895",Piezocranum,,corvinum,,species,,B2973:1,accepted,,,B2973:1:47,"Piezocranum Horvath, 1877",,,,,,Halticinae,Piezocranum,,Halticinae | Halticini | Laboparia | Piezocranum,"corvinum Puton, 1895",,77J7K,4487882,77J7K,4487882
B2973:1:52,"Dasyscytus Fieber, 1864","Fieber, 1864",,,,,genus,,B2973:1,accepted,,,B2973:1:26,"Laboparia Reuter, 1883",,,,,,Halticinae,Dasyscytus,,Halticinae | Halticini | Laboparia,"Dasyscytus Fieber, 1864",,424X,4487866,424X,4487866
B2973:1:53,"Kilicanata Seidenstücker, 1956","Seidenstücker, 1956",,,,,genus,,B2973:1,synonym,B2973:1:52,"Dasyscytus Fieber, 1864",,,,,,,,Halticinae,Kilicanata,,Halticinae | Halticini | Laboparia,"Kilicanata Seidenstücker, 1956",,,,,
B2973:1:54,"Dasyscytus sordidus Fieber, 1864","Fieber, 1864",Dasyscytus,,sordidus,,species,,B2973:1,accepted,,,B2973:1:52,"Dasyscytus Fieber, 1864",,,,,,Halticinae,Dasyscytus,,Halticinae | Halticini | Laboparia | Dasyscytus,"sordidus Fieber, 1864",,6CCX2,4487867,6CCX2,4487867
B2973:1:55,"Pachytomella tiontosa (Horvath, 1898)","(Horvath, 1898)",Pachytomella,,tiontosa,,species,,B2973:1,synonym,B2973:1:54,"Dasyscytus sordidus Fieber, 1864",,,,,,,,Halticinae,Dasyscytus,,Halticinae | Halticini | Laboparia | Dasyscytus,"Pachytomella tiontosa (Horvath, 1898)",,,,,
B2973:1:56,"Kilicanata pilifera Seidenstücker, 1956","Seidenstücker, 1956",Kilicanata,,pilifera,,species,,B2973:1,synonym,B2973:1:54,"Dasyscytus sordidus Fieber, 1864",,,,,,,,Halticinae,Dasyscytus,,Halticinae | Halticini | Laboparia | Dasyscytus,"Kilicanata pilifera Seidenstücker, 1956",,6NKKJ,7626108,6CCX2,4487867
B2973:1:57,"Pachytomella aenescens Reuter, 1900","Reuter, 1900",Pachytomella,,aenescens,,species,,B2973:1,synonym,B2973:1:54,"Dasyscytus sordidus Fieber, 1864",,,,,,,,Halticinae,Dasyscytus,,Halticinae | Halticini | Laboparia | Dasyscytus,"Pachytomella aenescens Reuter, 1900",,4BVQV,7374400,6CCX2,4487867
B2973:1:58,"Pachytomella Reuter, 1891","Reuter, 1891",,,,,genus,,B2973:1,accepted,,,B2973:1:26,"Laboparia Reuter, 1883",,,,,,Halticinae,Pachytomella,,Halticinae | Halticini | Laboparia,"Pachytomella Reuter, 1891",,6C3Y,6007191,6C3Y,6007191
B2973:1:59,"Pachytomella alutacea (Puton, 1874)","(Puton, 1874)",Pachytomella,,alutacea,,species,,B2973:1,accepted,,,B2973:1:58,"Pachytomella Reuter, 1891",,,,,,Halticinae,Pachytomella,,Halticinae | Halticini | Laboparia | Pachytomella,"alutacea (PUTON, 1874)",,4BVQW,7724381,4BVQW,7724381
B2973:1:60,"Pachytomella phoenicea (Horvath, 1884)","(Horvath, 1884)",Pachytomella,,phoenicea,,species,,B2973:1,accepted,,,B2973:1:58,"Pachytomella Reuter, 1891",,,,,,Halticinae,Pachytomella,,Halticinae | Halticini | Laboparia | Pachytomella,"phoenicea (HORVATH, 1884)",,75J8Z,7606226,75J8Z,7606226
B2973:1:61,Pachytomella phoenicea var. typica,,Pachytomella,,phoenicea,typica,variety,,B2973:1,accepted,,,B2973:1:60,"Pachytomella phoenicea (Horvath, 1884)",,,,,,Halticinae,Pachytomella,,Halticinae | Halticini | Laboparia | Pachytomella | Pachytomella phoenicea,var. typica,,,,,
B2973:1:62,Pachytomella phoenicea var. antennalis Reut.,Reut.,Pachytomella,,phoenicea,antennalis,variety,,B2973:1,accepted,,,B2973:1:60,"Pachytomella phoenicea (Horvath, 1884)",,,,,,Halticinae,Pachytomella,,Halticinae | Halticini | Laboparia | Pachytomella | Pachytomella phoenicea,var. antennalis REUT.,,5K533,9130896,75J8Z,7606226
B2973:1:63,Pachytomella phoenicea var. nigricornis Reut.,Reut.,Pachytomella,,phoenicea,nigricornis,variety,,B2973:1,accepted,,,B2973:1:60,"Pachytomella phoenicea (Horvath, 1884)",,,,,,Halticinae,Pachytomella,,Halticinae | Halticini | Laboparia | Pachytomella | Pachytomella phoenicea,var. nigricornis REUT.,,5K534,9070488,75J8Z,7606226
B2973:1:64,Pachytomella phoenicea var. pedalis Reut.,Reut.,Pachytomella,,phoenicea,pedalis,variety,,B2973:1,accepted,,,B2973:1:60,"Pachytomella phoenicea (Horvath, 1884)",,,,,,Halticinae,Pachytomella,,Halticinae | Halticini | Laboparia | Pachytomella | Pachytomella phoenicea,var. pedalis REUT.,,5K535,8977309,75J8Z,7606226
B2973:1:65,"Pachytomella passerinii (Costa, 1841)","(Costa, 1841)",Pachytomella,,passerinii,,species,,B2973:1,accepted,,,B2973:1:58,"Pachytomella Reuter, 1891",,,,,,Halticinae,Pachytomella,,Halticinae | Halticini | Laboparia | Pachytomella,"passerinii (COSTA, 1841)",,4BVR8,7417600,4BVR8,7417600
B2973:1:66,"P. rugicollis (Lucas, 1849)","(Lucas, 1849)",P.,,rugicollis,,species,,B2973:1,synonym,B2973:1:65,"Pachytomella passerinii (Costa, 1841)",,,,,,,,Halticinae,Pachytomella,,Halticinae | Halticini | Laboparia | Pachytomella,"P. rugicollis (LUCAS, 1849)",,,,,
B2973:1:67,"Pachytomella parallela (Meyer-Dür, 1843)","(Meyer-Dür, 1843)",Pachytomella,,parallela,,species,,B2973:1,accepted,,,B2973:1:58,"Pachytomella Reuter, 1891",,,,,,Halticinae,Pachytomella,,Halticinae | Halticini | Laboparia | Pachytomella,"parallela (MEYER-DÜR, 1843)",,4BVR7,7582240,4BVR7,7582240
B2973:1:68,"Pachytomella doriai (Reuter, 1884)","(Reuter, 1884)",Pachytomella,,doriai,,species,,B2973:1,accepted,,,B2973:1:58,"Pachytomella Reuter, 1891",,,,,,Halticinae,Pachytomella,,Halticinae | Halticini | Laboparia | Pachytomella,"doriai (REUTER, 1884)",,4BVQZ,8040212,4BVQZ,8040212
B2973:1:69,"Pachytomella cursitans Reuter, 1905","Reuter, 1905",Pachytomella,,cursitans,,species,,B2973:1,accepted,,,B2973:1:58,"Pachytomella Reuter, 1891",,,,,,Halticinae,Pachytomella,,Halticinae | Halticini | Laboparia | Pachytomella,"cursitans REUTER, 1905",,4BVQY,8239855,4BVQY,8239855
B2973:1:70,"Oraniella Reuter, 1894","Reuter, 1894",,,,,genus,,B2973:1,accepted,,,B2973:1:26,"Laboparia Reuter, 1883",,,,,,Halticinae,Oraniella,,Halticinae | Halticini | Laboparia,"Oraniella REUTER, 1894",,,3266407,,3266407
B2973:1:71,Smicromerus Reuter 1901,Reuter 1901,,,,,genus,,B2973:1,synonym,B2973:1:70,"Oraniella Reuter, 1894",,,,,,,,Halticinae,Smicromerus,,Halticinae | Halticini | Laboparia,Smicromerus REUTER 1901,,,4774503,,4774503
B2973:1:72,"Oraniella tibialis Reuter, 1894","Reuter, 1894",Oraniella,,tibialis,,species,,B2973:1,accepted,,,B2973:1:70,"Oraniella Reuter, 1894",,,,,,Halticinae,Oraniella,,Halticinae | Halticini | Laboparia | Oraniella,"tibialis REUTER, 1894",,,,,
B2973:1:73,"Oraniella saltans (Reuter, 1901)","(Reuter, 1901)",Oraniella,,saltans,,species,,B2973:1,accepted,,,B2973:1:70,"Oraniella Reuter, 1894",,,,,,Halticinae,Oraniella,,Halticinae | Halticini | Laboparia | Oraniella,"saltans (REUTER, 1901)",,,,,
B2973:1:74,"Oraniella tristis Reuter, 1894","Reuter, 1894",Oraniella,,tristis,,species,,B2973:1,accepted,,,B2973:1:70,"Oraniella Reuter, 1894",,,,,,Halticinae,Oraniella,,Halticinae | Halticini | Laboparia | Oraniella,"tristis REUTER, 1894",,,,,
B2973:1:75,"Orthocephalus Fieber, 1858","Fieber, 1858",,,,,genus,,B2973:1,accepted,,,B2973:1:26,"Laboparia Reuter, 1883",,,,,,Halticinae,Orthocephalus,,Halticinae | Halticini | Laboparia,"Orthocephalus FIEBER, 1858",,63H4S,2010163,63H4S,2010163
B2973:1:76,"Orthocephalus brevis (Panzer, 1798)","(Panzer, 1798)",Orthocephalus,,brevis,,species,,B2973:1,accepted,,,B2973:1:75,"Orthocephalus Fieber, 1858",,,,,,Halticinae,Orthocephalus,,Halticinae | Halticini | Laboparia | Orthocephalus,"brevis (PANZER, 1798)",,6T979,2010166,6T979,2010166
B2973:1:77,"Orthocephalus proserpinae (Mulsant & Rey, 1852)","(Mulsant & Rey, 1852)",Orthocephalus,,proserpinae,,species,,B2973:1,accepted,,,B2973:1:75,"Orthocephalus Fieber, 1858",,,,,,Halticinae,Orthocephalus,,Halticinae | Halticini | Laboparia | Orthocephalus,"proserpinae (MULSANT & REY, 1852)",,6SWTB,8305960,6SWTB,8305960
B2973:1:78,Orthocephalus coracinus Puton 1874,Puton 1874,Orthocephalus,,coracinus,,species,,B2973:1,synonym,B2973:1:77,"Orthocephalus proserpinae (Mulsant & Rey, 1852)",,,,,,,,Halticinae,Orthocephalus,,Halticinae | Halticini | Laboparia | Orthocephalus,coracinus PUTON 1874,,7596X,8026192,6SWTB,8305960
B2973:1:79,"Orthocephalus coriaceus (Fabricius, 1776)","(Fabricius, 1776)",Orthocephalus,,coriaceus,,species,,B2973:1,accepted,,,B2973:1:75,"Orthocephalus Fieber, 1858",,,,,,Halticinae,Orthocephalus,,Halticinae | Halticini | Laboparia | Orthocephalus,"coriaceus (FABRICIUS, 1776)",,75979,2010164,75979,2010164
B2973:1:80,Orthocephalus mutabilis Fallén,Fallén,Orthocephalus,,mutabilis,,species,1807;,B2973:1,synonym,B2973:1:79,"Orthocephalus coriaceus (Fabricius, 1776)",,,,,,,,Halticinae,Orthocephalus,,Halticinae | Halticini | Laboparia | Orthocephalus,mutabilis FALLÉN 1807;,,6SX4Z,6096791,75979,2010164
B2973:1:81,"Orthocephalus melas Seidenstücker, 1962","Seidenstücker, 1962",Orthocephalus,,melas,,species,,B2973:1,accepted,,,B2973:1:75,"Orthocephalus Fieber, 1858",,,,,,Halticinae,Orthocephalus,,Halticinae | Halticini | Laboparia | Orthocephalus,"melas SEIDENSTÜCKER, 1962",,7594Y,8119935,7594Y,8119935
B2973:1:82,Orthocephalus styx Reut.,Reut.,Orthocephalus,,styx,,species,,B2973:1,accepted,,,B2973:1:75,"Orthocephalus Fieber, 1858",,,,,,Halticinae,Orthocephalus,,Halticinae | Halticini | Laboparia | Orthocephalus,styx REUT.,,74WTC,7376877,74WTC,7376877
B2973:1:83,"Orthocephalus rhyparopus Fieber, 1864","Fieber, 1864",Orthocephalus,,rhyparopus,,species,,B2973:1,accepted,,,B2973:1:75,"Orthocephalus Fieber, 1858",,,,,,Halticinae,Orthocephalus,,Halticinae | Halticini | Laboparia | Orthocephalus,"rhyparopus FIEBER, 1864",,6T95B,8101841,6T95B,8101841
B2973:1:84,"Orthocephalus tenuicornis (Mulsant & Rey, 1852)","(Mulsant & Rey, 1852)",Orthocephalus,,tenuicornis,,species,,B2973:1,accepted,,,B2973:1:75,"Orthocephalus Fieber, 1858",,,,,,Halticinae,Orthocephalus,,Halticinae | Halticini | Laboparia | Orthocephalus,"tenuicornis (MULSANT & REY, 1852)",,74X5C,8272958,7596Z,8058494
B2973:1:85,"Orthocephalus ferrarii Reuter, 1891","Reuter, 1891",Orthocephalus,,ferrarii,,species,,B2973:1,accepted,,,B2973:1:75,"Orthocephalus Fieber, 1858",,,,,,Halticinae,Orthocephalus,,Halticinae | Halticini | Laboparia | Orthocephalus,"ferrarii REUTER, 1891",,7596Y,6096790,74X5B,2010165
B2973:1:86,"Orthocephalus saltator (Hahn, 1835)","(Hahn, 1835)",Orthocephalus,,saltator,,species,,B2973:1,accepted,,,B2973:1:75,"Orthocephalus Fieber, 1858",,,,,,Halticinae,Orthocephalus,,Halticinae | Halticini | Laboparia | Orthocephalus,"saltator (HAHN, 1835)",,74X5B,2010165,74X5B,2010165
B2973:1:87,"Orthocephalus parvulus Reuter, 1891","Reuter, 1891",Orthocephalus,,parvulus,,species,,B2973:1,accepted,,,B2973:1:75,"Orthocephalus Fieber, 1858",,,,,,Halticinae,Orthocephalus,,Halticinae | Halticini | Laboparia | Orthocephalus,"parvulus REUTER, 1891",,7594Z,8302446,74X5B,2010165
B2973:1:88,"Orthocephalus bivittatus Fieber, 1864","Fieber, 1864",Orthocephalus,,bivittatus,,species,,B2973:1,accepted,,,B2973:1:75,"Orthocephalus Fieber, 1858",,,,,,Halticinae,Orthocephalus,,Halticinae | Halticini | Laboparia | Orthocephalus,"bivittatus FIEBER, 1864",,6SX79,7741957,6SX79,7741957
B2973:1:89,"Orthocephalus vittipennis (Herrich-Schäffer, 1835)","(Herrich-Schäffer, 1835)",Orthocephalus,,vittipennis,,species,,B2973:1,accepted,,,B2973:1:75,"Orthocephalus Fieber, 1858",,,,,,Halticinae,Orthocephalus,,Halticinae | Halticini | Laboparia | Orthocephalus,"vittipennis (HERRICH-SCHÄFFER, 1835)",,6T95D,7434737,6T95D,7434737
B2973:1:90,"Orthocephalus sefrensis Reuter, 1895","Reuter, 1895",Orthocephalus,,sefrensis,,species,,B2973:1,accepted,,,B2973:1:75,"Orthocephalus Fieber, 1858",,,,,,Halticinae,Orthocephalus,,Halticinae | Halticini | Laboparia | Orthocephalus,"sefrensis REUTER, 1895",,6T8TC,7830211,6T8TC,7830211
B2973:1:91,"Orthocephalus championi Saunders, 1894","Saunders, 1894",Orthocephalus,,championi,,species,,B2973:1,accepted,,,B2973:1:75,"Orthocephalus Fieber, 1858",,,,,,Halticinae,Orthocephalus,,Halticinae | Halticini | Laboparia | Orthocephalus,"championi SAUNDERS, 1894",,74WV9,7801986,74WV9,7801986
B2973:1:92,"Euryopicoris Reuter, 1875","Reuter, 1875",,,,,genus,,B2973:1,accepted,,,B2973:1:26,"Laboparia Reuter, 1883",,,,,,Halticinae,Euryopicoris,,Halticinae | Halticini | Laboparia,"Euryopicoris REUTER, 1875",,4GVN,5431392,4GVN,5431392
B2973:1:93,"Euryopicoris nitidus (Meyer-Dür, 1843)","(Meyer-Dür, 1843)",Euryopicoris,,nitidus,,species,,B2973:1,accepted,,,B2973:1:92,"Euryopicoris Reuter, 1875",,,,,,Halticinae,Euryopicoris,,Halticinae | Halticini | Laboparia | Euryopicoris,"nitidus (MEYER-DÜR, 1843)",,3D5J7,5759136,3D5J7,5759136
B2973:1:94,"Platyporus Reuter, 1890","Reuter, 1890",,,,,genus,,B2973:1,accepted,,,B2973:1:26,"Laboparia Reuter, 1883",,,,,,Halticinae,Platyporus,,Halticinae | Halticini | Laboparia,"Platyporus REUTER, 1890",,V4MQV,4774719,V4MQV,4774719
B2973:1:95,"Platyporus dorsalis Reuter, 1890","Reuter, 1890",Platyporus,,dorsalis,,species,,B2973:1,accepted,,,B2973:1:94,"Platyporus Reuter, 1890",,,,,,Halticinae,Platyporus,,Halticinae | Halticini | Laboparia | Platyporus,"dorsalis REUTER, 1890",,S6KSV,8597594,S6KSV,7413637
B2973:1:96,Scirtetellus Reut.,Reut.,,,,,genus,,B2973:1,accepted,,,B2973:1:26,"Laboparia Reuter, 1883",,,,,,Halticinae,Scirtetellus,,Halticinae | Halticini | Laboparia,Scirtelellus REUT.,,63TB3,4780273,63TB3,4780273
B2973:1:97,"Schoenocoris Reuter, 1891","Reuter, 1891",,,,,genus,,B2973:1,accepted,,,B2973:1:26,"Laboparia Reuter, 1883",,,,,,Halticinae,Schoenocoris,,Halticinae | Halticini | Laboparia,"Schoenocoris REUTER, 1891",,63RF2,4404972,63RF2,4404972
B2973:1:98,Schoenocoris flavomarginatus (Costa),(Costa),Schoenocoris,,flavomarginatus,,species,1841,B2973:1,accepted,,,B2973:1:97,"Schoenocoris Reuter, 1891",,,,,,Halticinae,Schoenocoris,,Halticinae | Halticini | Laboparia | Schoenocoris,flavomarginatus (COSTA) 1841,,6XX69,4487940,6XX69,4487940
B2973:1:99,"Anapus Stål, 1858","Stål, 1858",,,,,genus,,B2973:1,accepted,,,B2973:1:26,"Laboparia Reuter, 1883",,,,,,Halticinae,Anapus,,Halticinae | Halticini | Laboparia,"Anapus STÅL, 1858",,V6Y,2010104,V6Y,2010104
B2973:1:100,"Anapus kirschbaumi Stål, 1858","Stål, 1858",Anapus,,kirschbaumi,,species,,B2973:1,accepted,,,B2973:1:99,"Anapus Stål, 1858",,,,,,Halticinae,Anapus,,Halticinae | Halticini | Laboparia | Anapus,"kirschbaumi STÅL, 1858",,DG75,2010105,DG75,2010105
B2973:1:101,"Anapus pachymerus (Reuter, 1881)","(Reuter, 1881)",Anapus,,pachymerus,,species,,B2973:1,accepted,,,B2973:1:99,"Anapus Stål, 1858",,,,,,Halticinae,Anapus,,Halticinae | Halticini | Laboparia | Anapus,"pachymerus (REUTER, 1881)",,DG79,8082912,DG79,8082912
B2973:1:102,Anapus longicornis Jak.,Jak.,Anapus,,longicornis,,species,,B2973:1,accepted,,,B2973:1:99,"Anapus Stål, 1858",,,,,,Halticinae,Anapus,,Halticinae | Halticini | Laboparia | Anapus,longicornis JAK.,,DG76,7647056,DG76,7647056
B2973:1:103,"Dimorphocoris Reuter, 1891","Reuter, 1891",,,,,genus,,B2973:1,accepted,,,B2973:1:26,"Laboparia Reuter, 1883",,,,,,Halticinae,Dimorphocoris,,Halticinae | Halticini | Laboparia,"Dimorphocoris REUTER, 1891",,45MH,4407634,45MH,4407634
B2973:1:104,Homoeocoris de subsp. la Fuente 1918,Fuente 1918,Homoeocoris,,de,la,subspecies,,B2973:1,synonym,B2973:1:103,"Dimorphocoris Reuter, 1891",,,,,,,,Halticinae,Dimorphocoris,,Halticinae | Halticini | Laboparia,Homoeocoris de la FUENTE 1918,,,,,
B2973:1:105,Dimorphocoris satyriscus (Scott),(Scott),Dimorphocoris,,satyriscus,,species,1870,B2973:1,accepted,,,B2973:1:103,"Dimorphocoris Reuter, 1891",,,,,,Halticinae,Dimorphocoris,,Halticinae | Halticini | Laboparia | Dimorphocoris,satyriscus (SCOTT) 1870,,367LT,4487846,367LT,4487846
B2973:1:106,"Dimorphocoris ribauti E. Wagner, 1954","E. Wagner, 1954",Dimorphocoris,,ribauti,,species,,B2973:1,accepted,,,B2973:1:103,"Dimorphocoris Reuter, 1891",,,,,,Halticinae,Dimorphocoris,,Halticinae | Halticini | Laboparia | Dimorphocoris,"ribauti E. WAGNER, 1954",,367LP,7744460,367KR,4487848
B2973:1:107,"Dimorphocoris putoni (Reuter, 1882)","(Reuter, 1882)",Dimorphocoris,,putoni,,species,,B2973:1,accepted,,,B2973:1:103,"Dimorphocoris Reuter, 1891",,,,,,Halticinae,Dimorphocoris,,Halticinae | Halticini | Laboparia | Dimorphocoris,"putoni (REUTER, 1882)",,367LL,4487842,367LL,4487842
B2973:1:108,Dimorphocoris albipilis Kerz.,Kerz.,Dimorphocoris,,albipilis,,species,,B2973:1,accepted,,,B2973:1:103,"Dimorphocoris Reuter, 1891",,,,,,Halticinae,Dimorphocoris,,Halticinae | Halticini | Laboparia | Dimorphocoris,albipilis KERZ.,,367K5,7610655,367K5,7610655
B2973:1:109,"Dimorphocoris fuscus Joakimoff, 1909","Joakimoff, 1909",Dimorphocoris,,fuscus,,species,,B2973:1,accepted,,,B2973:1:103,"Dimorphocoris Reuter, 1891",,,,,,Halticinae,Dimorphocoris,,Halticinae | Halticini | Laboparia | Dimorphocoris,"fuscus JOAKIMOFF, 1909",,367KR,4487848,367KR,4487848
B2973:1:110,"Dimorphocoris tauricus (Horvath, 1880)","(Horvath, 1880)",Dimorphocoris,,tauricus,,species,,B2973:1,accepted,,,B2973:1:103,"Dimorphocoris Reuter, 1891",,,,,,Halticinae,Dimorphocoris,,Halticinae | Halticini | Laboparia | Dimorphocoris,"tauricus (HORVATH, 1880)",,367M2,4487819,367M2,4487819
B2973:1:111,"Dimorphocoris gallicus E. Wagner, 1965","E. Wagner, 1965",Dimorphocoris,,gallicus,,species,,B2973:1,accepted,,,B2973:1:103,"Dimorphocoris Reuter, 1891",,,,,,Halticinae,Dimorphocoris,,Halticinae | Halticini | Laboparia | Dimorphocoris,"gallicus E. WAGNER, 1965",,367KS,4487833,367KS,4487833
B2973:1:112,"Dimorphocoris bleusei Puton, 1898","Puton, 1898",Dimorphocoris,,bleusei,,species,,B2973:1,accepted,,,B2973:1:103,"Dimorphocoris Reuter, 1891",,,,,,Halticinae,Dimorphocoris,,Halticinae | Halticini | Laboparia | Dimorphocoris,"bleusei PUTON, 1898",,367KD,7939262,367KD,7939262
B2973:1:113,Dimorphocoris bergevini Lindberg 1956,Lindberg 1956,Dimorphocoris,,bergevini,,species,,B2973:1,synonym,B2973:1:112,"Dimorphocoris bleusei Puton, 1898",,,,,,,,Halticinae,Dimorphocoris,,Halticinae | Halticini | Laboparia | Dimorphocoris,bergevini LINDBERG 1956,,367KC,7365729,367KD,7939262
B2973:1:114,"Dimorphocoris remanei E. Wagner, 1965","E. Wagner, 1965",Dimorphocoris,,remanei,,species,,B2973:1,accepted,,,B2973:1:103,"Dimorphocoris Reuter, 1891",,,,,,Halticinae,Dimorphocoris,,Halticinae | Halticini | Laboparia | Dimorphocoris,"remanei E. WAGNER, 1965",,367LN,4487809,367LN,4487809
B2973:1:115,"Dimorphocoris schmidti (Fieber, 1858)","(Fieber, 1858)",Dimorphocoris,,schmidti,,species,,B2973:1,accepted,,,B2973:1:103,"Dimorphocoris Reuter, 1891",,,,,,Halticinae,Dimorphocoris,,Halticinae | Halticini | Laboparia | Dimorphocoris,"schmidti (FIEBER, 1858)",,367LV,4487816,367LV,4487816
B2973:1:116,"Dimorphocoris tomasii Tamanini, 1971","Tamanini, 1971",Dimorphocoris,,tomasii,,species,,B2973:1,accepted,,,B2973:1:103,"Dimorphocoris Reuter, 1891",,,,,,Halticinae,Dimorphocoris,,Halticinae | Halticini | Laboparia | Dimorphocoris,"tomasii TAMANINI, 1971",,367M4,4487836,367M4,4487836
B2973:1:117,"Dimorphocoris robustus E. Wagner, 1957","E. Wagner, 1957",Dimorphocoris,,robustus,,species,,B2973:1,accepted,,,B2973:1:103,"Dimorphocoris Reuter, 1891",,,,,,Halticinae,Dimorphocoris,,Halticinae | Halticini | Laboparia | Dimorphocoris,"robustus E. WAGNER, 1957",,367LQ,4487844,367LQ,4487844
B2973:1:118,"Dimorphocoris robustus subsp. abutilon E. Wagner, 1966","E. Wagner, 1966",Dimorphocoris,,robustus,abutilon,subspecies,,B2973:1,accepted,,,B2973:1:117,"Dimorphocoris robustus E. Wagner, 1957",,,,,,Halticinae,Dimorphocoris,,Halticinae | Halticini | Laboparia | Dimorphocoris | Dimorphocoris robustus,"subsp. abutilon E. WAGNER, 1966",,NDV66,12154698,367K4,4487839
B2973:1:119,"Dimorphocoris distylus Seidenstücker, 1964","Seidenstücker, 1964",Dimorphocoris,,distylus,,species,,B2973:1,accepted,,,B2973:1:103,"Dimorphocoris Reuter, 1891",,,,,,Halticinae,Dimorphocoris,,Halticinae | Halticini | Laboparia | Dimorphocoris,"distylus SEIDENSTÜCKER, 1964",,367KK,7680146,367KK,7680146
B2973:1:120,"Dimorphocoris toros Seidenstücker, 1962","Seidenstücker, 1962",Dimorphocoris,,toros,,species,,B2973:1,accepted,,,B2973:1:103,"Dimorphocoris Reuter, 1891",,,,,,Halticinae,Dimorphocoris,,Halticinae | Halticini | Laboparia | Dimorphocoris,"toros SEIDENSTÜCKER, 1962",,367M6,8209999,367M6,8209999
B2973:1:121,"Dimorphocoris pygmaeus E. Wagner, 1955","E. Wagner, 1955",Dimorphocoris,,pygmaeus,,species,,B2973:1,accepted,,,B2973:1:103,"Dimorphocoris Reuter, 1891",,,,,,Halticinae,Dimorphocoris,,Halticinae | Halticini | Laboparia | Dimorphocoris,"pygmaeus E. WAGNER, 1955",,367LM,4487829,367LM,4487829
B2973:1:122,"Dimorphocoris lurensis E. Wagner, 1957","E. Wagner, 1957",Dimorphocoris,,lurensis,,species,,B2973:1,accepted,,,B2973:1:103,"Dimorphocoris Reuter, 1891",,,,,,Halticinae,Dimorphocoris,,Halticinae | Halticini | Laboparia | Dimorphocoris,"lurensis E. WAGNER, 1957",,367L2,4487837,367L2,4487837
B2973:1:123,"Dimorphocoris cilix Seidenstücker, 1962","Seidenstücker, 1962",Dimorphocoris,,cilix,,species,,B2973:1,accepted,,,B2973:1:103,"Dimorphocoris Reuter, 1891",,,,,,Halticinae,Dimorphocoris,,Halticinae | Halticini | Laboparia | Dimorphocoris,"cilix SEIDENSTÜCKER, 1962",,367KF,8338332,367KF,8338332
B2973:1:124,"Dimorphocoris mutatus Seidenstücker, 1964","Seidenstücker, 1964",Dimorphocoris,,mutatus,,species,,B2973:1,accepted,,,B2973:1:103,"Dimorphocoris Reuter, 1891",,,,,,Halticinae,Dimorphocoris,,Halticinae | Halticini | Laboparia | Dimorphocoris,"mutatus SEIDENSTÜCKER, 1964",,6CW43,4487838,6CW43,4487838
B2973:1:125,Dimorphocoris putoni E. Wagner nec Reut. 1943,E. Wagner nec Reut. 1943,Dimorphocoris,,putoni,,species,,B2973:1,synonym,B2973:1:124,"Dimorphocoris mutatus Seidenstücker, 1964",,,,,,,,Halticinae,Dimorphocoris,,Halticinae | Halticini | Laboparia | Dimorphocoris,putoni E. WAGNER nec REUT. 1943,,367LL,4487842,367LL,4487842
B2973:1:126,"Dimorphocoris gracilis (Rambur, 1842)","(Rambur, 1842)",Dimorphocoris,,gracilis,,species,,B2973:1,accepted,,,B2973:1:103,"Dimorphocoris Reuter, 1891",,,,,,Halticinae,Dimorphocoris,,Halticinae | Halticini | Laboparia | Dimorphocoris,"gracilis (RAMBUR, 1842)",,6CW3R,4487850,6CW3R,4487850
B2973:1:127,"Dimorphocoris debilis (Reuter, 1880)","(Reuter, 1880)",Dimorphocoris,,debilis,,species,,B2973:1,accepted,,,B2973:1:103,"Dimorphocoris Reuter, 1891",,,,,,Halticinae,Dimorphocoris,,Halticinae | Halticini | Laboparia | Dimorphocoris,"debilis (REUTER, 1880)",,367KJ,4487810,367KJ,4487810
B2973:1:128,Dimorphocoris mariae Linnavuori 1952,Linnavuori 1952,Dimorphocoris,,mariae,,species,,B2973:1,accepted,,,B2973:1:103,"Dimorphocoris Reuter, 1891",,,,,,Halticinae,Dimorphocoris,,Halticinae | Halticini | Laboparia | Dimorphocoris,mariae LINNAVUORI 1952,,367L6,7873597,367L6,7873597
B2973:1:129,"Dimorphocoris saulii E. Wagner, 1965","E. Wagner, 1965",Dimorphocoris,,saulii,,species,,B2973:1,accepted,,,B2973:1:103,"Dimorphocoris Reuter, 1891",,,,,,Halticinae,Dimorphocoris,,Halticinae | Halticini | Laboparia | Dimorphocoris,"saulii E. WAGNER, 1965",,6D7S3,4487832,6D7S3,4487832
B2973:1:130,"Dimorphocoris marginellus (Puton, 1887)","(Puton, 1887)",Dimorphocoris,,marginellus,,species,,B2973:1,accepted,,,B2973:1:103,"Dimorphocoris Reuter, 1891",,,,,,Halticinae,Dimorphocoris,,Halticinae | Halticini | Laboparia | Dimorphocoris,"marginellus (PUTON, 1887)",,367L5,8260835,367L5,8260835
B2973:1:131,"Dimorphocoris lateralis Reuter, 1901","Reuter, 1901",Dimorphocoris,,lateralis,,species,,B2973:1,accepted,,,B2973:1:103,"Dimorphocoris Reuter, 1891",,,,,,Halticinae,Dimorphocoris,,Halticinae | Halticini | Laboparia | Dimorphocoris,"lateralis REUTER, 1901",,367KX,4487821,367KX,4487821
B2973:1:132,"Dimorphocoris eckerleini E. Wagner, 1965","E. Wagner, 1965",Dimorphocoris,,eckerleini,,species,,B2973:1,accepted,,,B2973:1:103,"Dimorphocoris Reuter, 1891",,,,,,Halticinae,Dimorphocoris,,Halticinae | Halticini | Laboparia | Dimorphocoris,"eckerleini E. WAGNER, 1965",,367KN,4487815,367KN,4487815
B2973:1:133,"Dimorphocoris punctiger (Horvath, 1881)","(Horvath, 1881)",Dimorphocoris,,punctiger,,species,,B2973:1,accepted,,,B2973:1:103,"Dimorphocoris Reuter, 1891",,,,,,Halticinae,Dimorphocoris,,Halticinae | Halticini | Laboparia | Dimorphocoris,"punctiger (HORVATH, 1881)",,367LK,8356596,367LK,8356596
B2973:1:134,"Dimorphocoris longiceps E. Wagner, 1968","E. Wagner, 1968",Dimorphocoris,,longiceps,,species,,B2973:1,accepted,,,B2973:1:103,"Dimorphocoris Reuter, 1891",,,,,,Halticinae,Dimorphocoris,,Halticinae | Halticini | Laboparia | Dimorphocoris,"longiceps E. WAGNER, 1968",,367KZ,7827669,367KZ,7827669
B2973:1:135,"Dimorphocoris tuatayae E. Wagner, 1965","E. Wagner, 1965",Dimorphocoris,,tuatayae,,species,,B2973:1,accepted,,,B2973:1:103,"Dimorphocoris Reuter, 1891",,,,,,Halticinae,Dimorphocoris,,Halticinae | Halticini | Laboparia | Dimorphocoris,"tuatayae E. WAGNER, 1965",,367M8,7662880,367M8,7662880
B2973:1:136,"Dimorphocoris tristis (Fieber, 1861)","(Fieber, 1861)",Dimorphocoris,,tristis,,species,,B2973:1,accepted,,,B2973:1:103,"Dimorphocoris Reuter, 1891",,,,,,Halticinae,Dimorphocoris,,Halticinae | Halticini | Laboparia | Dimorphocoris,"tristis (FIEBER, 1861)",,367M7,4487822,367M7,4487822
B2973:1:137,"Dimorphocoris argaeicus Hoberlandt, 1956","Hoberlandt, 1956",Dimorphocoris,,argaeicus,,species,,B2973:1,accepted,,,B2973:1:103,"Dimorphocoris Reuter, 1891",,,,,,Halticinae,Dimorphocoris,,Halticinae | Halticini | Laboparia | Dimorphocoris,"argaeicus HOBERLANDT, 1956",,367K8,8023596,367K8,8023596
B2973:1:138,"Plagiotylus Scott, 1874","Scott, 1874",,,,,genus,,B2973:1,accepted,,,B2973:1:26,"Laboparia Reuter, 1883",,,,,,Halticinae,Plagiotylus,,Halticinae | Halticini | Laboparia,"Plagiotylus SCOTT, 1874",,63LX6,4407444,63LX6,4407444
B2973:1:139,"Plagiotylus sahlbergi Reuter, 1901","Reuter, 1901",Plagiotylus,,sahlbergi,,species,,B2973:1,accepted,,,B2973:1:138,"Plagiotylus Scott, 1874",,,,,,Halticinae,Plagiotylus,,Halticinae | Halticini | Laboparia | Plagiotylus,"sahlbergi REUTER, 1901",,4JHMG,4487925,4JHMG,4487925
B2973:1:140,"Plagiotylus dispar Reuter, 1899","Reuter, 1899",Plagiotylus,,dispar,,species,,B2973:1,accepted,,,B2973:1:138,"Plagiotylus Scott, 1874",,,,,,Halticinae,Plagiotylus,,Halticinae | Halticini | Laboparia | Plagiotylus,"dispar REUTER, 1899",,4JHMC,7445231,4JHMC,7445231
B2973:1:141,"Plagiotylus maculatus Scott, 1874","Scott, 1874",Plagiotylus,,maculatus,,species,,B2973:1,accepted,,,B2973:1:138,"Plagiotylus Scott, 1874",,,,,,Halticinae,Plagiotylus,,Halticinae | Halticini | Laboparia | Plagiotylus,"maculatus SCOTT, 1874",,77MST,4487924,77MST,4487924
B2973:1:142,"Plagiotylus zorzii Tamanini, 1955","Tamanini, 1955",Plagiotylus,,zorzii,,species,,B2973:1,accepted,,,B2973:1:138,"Plagiotylus Scott, 1874",,,,,,Halticinae,Plagiotylus,,Halticinae | Halticini | Laboparia | Plagiotylus,"zorzii TAMANINI, 1955",,4JHMH,4487923,4JHMH,4487923
B2973:1:143,"Plagiotylus ruffoi Tamanini, 1960","Tamanini, 1960",Plagiotylus,,ruffoi,,species,,B2973:1,accepted,,,B2973:1:138,"Plagiotylus Scott, 1874",,,,,,Halticinae,Plagiotylus,,Halticinae | Halticini | Laboparia | Plagiotylus,"ruffoi TAMANINI, 1960",,4JHMF,4487928,4JHMF,4487928
B2973:1:144,Labops Burm.,Burm.,,,,,genus,,B2973:1,accepted,,,B2973:1:26,"Laboparia Reuter, 1883",,,,,,Halticinae,Labops,,Halticinae | Halticini | Laboparia,Labops BURM.,,59NZ,2010815,59NZ,2010815
B2973:1:145,Chorosomellini,,,,,,tribe,nov. trib.,B2973:1,accepted,,,B2973:1:1,"Halticinae Kirkaldy, 1902",,,,,,Halticinae,,,Halticinae,Chorosomellini nov. trib.,,,,,
B2973:1:146,"Chorosomella Horvath, 1906","Horvath, 1906",,,,,genus,,B2973:1,accepted,,,B2973:1:145,Chorosomellini,,,,,,Halticinae,Chorosomella,,Halticinae | Chorosomellini,"Chorosomella HORVATH, 1906",,3P6T,4408038,3P6T,4408038
B2973:1:147,"Chorosomella jakovleffi Horvath, 1906","Horvath, 1906",Chorosomella,,jakovleffi,,species,,B2973:1,accepted,,,B2973:1:146,"Chorosomella Horvath, 1906",,,,,,Halticinae,Chorosomella,,Halticinae | Chorosomellini | Chorosomella,"jakovleffi HORVATH, 1906",,5YD7F,4487897,5YD7F,4487897
B2973:1:148,"Orthotylinae Van Duzee, 1916","Van Duzee, 1916",,,,,subfamily,,B2973:1,accepted,,,,,,,,,,Orthotylinae,,,,"Orthotylinae Van DUZEE, 1916",,,,,
B2973:1:149,"Cyllecorinae Osh., 1912","Osh., 1912",,,,,subfamily,,B2973:1,synonym,B2973:1:148,"Orthotylinae Van Duzee, 1916",,,,,,,,Cyllecorinae,,,,"Cyllecorinae OSH., 1912",,,,,
B2973:1:150,"Heterotominae Reut., 1910","Reut., 1910",,,,,subfamily,,B2973:1,synonym,B2973:1:148,"Orthotylinae Van Duzee, 1916",,,,,,,,Heterotominae,,,,"Heterotominae REUT., 1910",,,,,
B2973:1:151,"Heterotoma Lepeletier & Serville, 1825","Lepeletier & Serville, 1825",,,,,genus,,B2973:1,accepted,,,B2973:1:148,"Orthotylinae Van Duzee, 1916",,,,,,Orthotylinae,Heterotoma,,Orthotylinae,"Heterotoma LEPELETIER & SERVILLE, 1825",,87GFY,2012109,87GFY,2012109
B2973:1:152,"Capsus China nec F., 1943","China nec F., 1943",,,,,genus,,B2973:1,synonym,B2973:1:151,"Heterotoma Lepeletier & Serville, 1825",,,,,,,,Orthotylinae,Capsus,,Orthotylinae,"Capsus CHINA nec F., 1943",,3H7K,11315509,3H7K,11315509
B2973:1:153,Acroderrhis Bergr. 1914,Bergr. 1914,,,,,genus,,B2973:1,synonym,B2973:1:151,"Heterotoma Lepeletier & Serville, 1825",,,,,,,,Orthotylinae,Acroderrhis,,Orthotylinae,Acroderrhis BERGR. 1914,,M8LN8,4775062,87GFY,4775062
B2973:1:154,"Heterotoma dalmatinum (E. Wagner, 1950)","(E. Wagner, 1950)",Heterotoma,,dalmatinum,,species,,B2973:1,accepted,,,B2973:1:151,"Heterotoma Lepeletier & Serville, 1825",,,,,,Orthotylinae,Heterotoma,,Orthotylinae | Heterotoma,"dalmatinum (E. WAGNER, 1950)",,3LF4N,7981324,3LF53,2012113
B2973:1:155,Heterotoma dalmatinum var. typica,,Heterotoma,,dalmatinum,typica,variety,,B2973:1,accepted,,,B2973:1:154,"Heterotoma dalmatinum (E. Wagner, 1950)",,,,,,Orthotylinae,Heterotoma,,Orthotylinae | Heterotoma | Heterotoma dalmatinum,var. typica,,,,,
B2973:1:156,Heterotoma dalmatinum var. tamaninii E. Wagn.,E. Wagn.,Heterotoma,,dalmatinum,tamaninii,variety,,B2973:1,accepted,,,B2973:1:154,"Heterotoma dalmatinum (E. Wagner, 1950)",,,,,,Orthotylinae,Heterotoma,,Orthotylinae | Heterotoma | Heterotoma dalmatinum,var. tamaninii E. WAGN.,,,,,
B2973:1:157,"Heterotoma meriopterum (Scopoli, 1763)","(Scopoli, 1763)",Heterotoma,,meriopterum,,species,,B2973:1,accepted,,,B2973:1:151,"Heterotoma Lepeletier & Serville, 1825",,,,,,Orthotylinae,Heterotoma,,Orthotylinae | Heterotoma,"meriopterum (SCOPOLI, 1763)",,V4D4D,2012113,3LF53,2012113
B2973:1:158,"Heterotoma diversipes Puton, 1876","Puton, 1876",Heterotoma,,diversipes,,species,,B2973:1,accepted,,,B2973:1:151,"Heterotoma Lepeletier & Serville, 1825",,,,,,Orthotylinae,Heterotoma,,Orthotylinae | Heterotoma,"diversipes PUTON, 1876",,3LF4R,8150767,3LF4R,8150767
B2973:1:159,"Heterotoma dentipenne (Bergroth, 1914)","(Bergroth, 1914)",Heterotoma,,dentipenne,,species,,B2973:1,accepted,,,B2973:1:151,"Heterotoma Lepeletier & Serville, 1825",,,,,,Orthotylinae,Heterotoma,,Orthotylinae | Heterotoma,"dentipenne (BERGROTH, 1914)",,3LF4Q,7405746,3LF4Q,7405746
B2973:1:160,"Heterotoma acinaciforme (O. G. Costa, 1839)","(O. G. Costa, 1839)",Heterotoma,,acinaciforme,,species,,B2973:1,accepted,,,B2973:1:151,"Heterotoma Lepeletier & Serville, 1825",,,,,,Orthotylinae,Heterotoma,,Orthotylinae | Heterotoma,"acinaciforme (O. G. COSTA, 1839)",,3LF4C,7712455,3LF56,2012110
B2973:1:161,"Excentricus Reuter, 1878","Reuter, 1878",,,,,genus,,B2973:1,accepted,,,B2973:1:148,"Orthotylinae Van Duzee, 1916",,,,,,Orthotylinae,Excentricus,,Orthotylinae,"Excentricus REUTER, 1878",,4HS8,4407574,4HS8,4407574
B2973:1:162,"Platytomatocoris Reuter, 1884","Reuter, 1884",,,,,genus,,B2973:1,synonym,B2973:1:161,"Excentricus Reuter, 1878",,,,,,,,Orthotylinae,Platytomatocoris,,Orthotylinae,"Platytomatocoris REUTER, 1884",,,4781956,,4781956
B2973:1:163,Platytomocoris,,,,,,genus,"auct., nach CARVALHO 1952",B2973:1,misapplied,B2973:1:161,"Excentricus Reuter, 1878",,,,,,,,Orthotylinae,Platytomocoris,,Orthotylinae,"Platytomocoris auct., nach CARVALHO 1952",,,,,
B2973:1:164,"Excentricus planicornis (Herrich-Schäffer, 1836)","(Herrich-Schäffer, 1836)",Excentricus,,planicornis,,species,,B2973:1,accepted,,,B2973:1:161,"Excentricus Reuter, 1878",,,,,,Orthotylinae,Excentricus,,Orthotylinae | Excentricus,"planicornis (HERRICH-SCHÄFFER, 1836)",,6HLDG,4488004,6HLDG,4488004
B2973:1:165,"Aetorhinella Noualhier, 1893","Noualhier, 1893",,,,,genus,,B2973:1,accepted,,,B2973:1:148,"Orthotylinae Van Duzee, 1916",,,,,,Orthotylinae,Aetorhinella,,Orthotylinae,"Aetorhinella NOUALHIER, 1893",,PXK,4404753,PXK,4404753
B2973:1:166,"Aetorhinella parviceps Noualhier, 1893","Noualhier, 1893",Aetorhinella,,parviceps,,species,,B2973:1,accepted,,,B2973:1:165,"Aetorhinella Noualhier, 1893",,,,,,Orthotylinae,Aetorhinella,,Orthotylinae | Aetorhinella,"parviceps NOUALHIER, 1893",,65DPT,4487958,65DPT,4487958
B2973:1:167,"Malacocoris Fieber, 1858","Fieber, 1858",,,,,genus,,B2973:1,accepted,,,B2973:1:148,"Orthotylinae Van Duzee, 1916",,,,,,Orthotylinae,Malacocoris,,Orthotylinae,"Malacocoris FIEBER, 1858",,5KCP,2009225,5KCP,2009225
B2973:1:168,"Malacocoris chlorizans (Panzer, 1794)","(Panzer, 1794)",Malacocoris,,chlorizans,,species,,B2973:1,accepted,,,B2973:1:167,"Malacocoris Fieber, 1858",,,,,,Orthotylinae,Malacocoris,,Orthotylinae | Malacocoris,"chlorizans (PANZER, 1794)",,3XKHK,2009226,3XKHK,2009226
B2973:1:169,"Zanchius Distant, 1904","Distant, 1904",,,,,genus,,B2973:1,accepted,,,B2973:1:148,"Orthotylinae Van Duzee, 1916",,,,,,Orthotylinae,Zanchius,,Orthotylinae,"Zanchius DISTANT, 1904",,6496V,4404673,6496V,4404673
B2973:1:170,Poppiella Bergr. 1911,Bergr. 1911,,,,,genus,,B2973:1,synonym,B2973:1:169,"Zanchius Distant, 1904",,,,,,,,Orthotylinae,Poppiella,,Orthotylinae,Poppiella BERGR. 1911,,RX9MF,4774858,6496V,4404673
B2973:1:171,Zonodores Dist. 1909,Dist. 1909,,,,,genus,,B2973:1,synonym,B2973:1:169,"Zanchius Distant, 1904",,,,,,,,Orthotylinae,Zonodores,,Orthotylinae,Zonodores DIST. 1909,,,,,
B2973:1:172,Habrocotis E. Wagn. 1951,E. Wagn. 1951,,,,,genus,,B2973:1,synonym,B2973:1:169,"Zanchius Distant, 1904",,,,,,,,Orthotylinae,Habrocotis,,Orthotylinae,Habrocotis E. WAGN. 1951,,,,,
B2973:1:173,"Zanchius alatanus Hoberlandt, 1955","Hoberlandt, 1955",Zanchius,,alatanus,,species,,B2973:1,accepted,,,B2973:1:169,"Zanchius Distant, 1904",,,,,,Orthotylinae,Zanchius,,Orthotylinae | Zanchius,"alatanus HOBERLANDT, 1955",,5CVW8,4488154,5CVW8,4488154
B2973:1:174,"Zanchius breviceps (E. Wagner, 1951)","(E. Wagner, 1951)",Zanchius,,breviceps,,species,,B2973:1,accepted,,,B2973:1:169,"Zanchius Distant, 1904",,,,,,Orthotylinae,Zanchius,,Orthotylinae | Zanchius,"breviceps (E. WAGNER, 1951)",,5CVWG,4488152,5CVWG,4488152
B2973:1:175,"Brachynotocoris Reuter, 1880","Reuter, 1880",,,,,genus,,B2973:1,accepted,,,B2973:1:148,"Orthotylinae Van Duzee, 1916",,,,,,Orthotylinae,Brachynotocoris,,Orthotylinae,"Brachynotocoris REUTER, 1880",,3CFX,2011933,3CFX,2011933
B2973:1:176,"Brachynotocoris puncticornis Reuter, 1880","Reuter, 1880",Brachynotocoris,,puncticornis,,species,,B2973:1,accepted,,,B2973:1:175,"Brachynotocoris Reuter, 1880",,,,,,Orthotylinae,Brachynotocoris,,Orthotylinae | Brachynotocoris,"puncticornis REUTER, 1880",,MXXV,2011934,MXXV,2011934
B2973:1:177,"Brachynotocoris parvinotum (Lindberg, 1940)","(Lindberg, 1940)",Brachynotocoris,,parvinotum,,species,,B2973:1,accepted,,,B2973:1:175,"Brachynotocoris Reuter, 1880",,,,,,Orthotylinae,Brachynotocoris,,Orthotylinae | Brachynotocoris,"parvinotum (LINDBERG, 1940)",,5WPTS,4488013,MXXV,2011934
B2973:1:178,"Brachynotocoris cyprius E. Wagner, 1960","E. Wagner, 1960",Brachynotocoris,,cyprius,,species,,B2973:1,accepted,,,B2973:1:175,"Brachynotocoris Reuter, 1880",,,,,,Orthotylinae,Brachynotocoris,,Orthotylinae | Brachynotocoris,"cyprius E. WAGNER, 1960",,MXXP,4488011,MXXP,4488011
B2973:1:179,"Brachynotocoris cyprius subsp. inermis Linnavuori, 1965","Linnavuori, 1965",Brachynotocoris,,cyprius,inermis,subspecies,,B2973:1,accepted,,,B2973:1:178,"Brachynotocoris cyprius E. Wagner, 1960",,,,,,Orthotylinae,Brachynotocoris,,Orthotylinae | Brachynotocoris | Brachynotocoris cyprius,"subsp. inermis LINNAVUORI, 1965",,,,,
B2973:1:180,"Brachynotocoris viticinus Seidenstücker, 1954","Seidenstücker, 1954",Brachynotocoris,,viticinus,,species,,B2973:1,accepted,,,B2973:1:175,"Brachynotocoris Reuter, 1880",,,,,,Orthotylinae,Brachynotocoris,,Orthotylinae | Brachynotocoris,"viticinus SEIDENSTÜCKER, 1954",,MXXY,7905532,MXXY,7905532
B2973:1:181,"Reuteria Puton, 1875","Puton, 1875",,,,,genus,,B2973:1,accepted,,,B2973:1:148,"Orthotylinae Van Duzee, 1916",,,,,,Orthotylinae,Reuteria,,Orthotylinae,"Reuteria PUTON, 1875",,77YD,2008869,77YD,2008869
B2973:1:182,"Reuteria marqueti Puton, 1875","Puton, 1875",Reuteria,,marqueti,,species,,B2973:1,accepted,,,B2973:1:181,"Reuteria Puton, 1875",,,,,,Orthotylinae,Reuteria,,Orthotylinae | Reuteria,"marqueti PUTON, 1875",,6WRYR,2008878,6WRYR,2008878
B2973:1:183,"Pachylopidea E. Wagner, 1968","E. Wagner, 1968",,,,,genus,,B2973:1,accepted,,,B2973:1:148,"Orthotylinae Van Duzee, 1916",,,,,,Orthotylinae,Pachylopidea,,Orthotylinae,"Pachylopidea E. WAGNER, 1968",,63JKR,4574257,63JKR,4574257
B2973:1:184,"Pachylopidea asniensis (E. Wagner, 1963)","(E. Wagner, 1963)",Pachylopidea,,asniensis,,species,,B2973:1,accepted,,,B2973:1:183,"Pachylopidea E. Wagner, 1968",,,,,,Orthotylinae,Pachylopidea,,Orthotylinae | Pachylopidea,"asniensis (E. WAGNER, 1963)",,4BSPR,8030825,4BSPR,8030825
B2973:1:185,"Platycranus Fieber, 1870","Fieber, 1870",,,,,genus,,B2973:1,accepted,,,B2973:1:148,"Orthotylinae Van Duzee, 1916",,,,,,Orthotylinae,Platycranus,,Orthotylinae,"Platycranus FIEBER, 1870",,6RS2,4407292,6RS2,4407292
B2973:1:186,Platycranus,,Platycranus,,,,subgenus,s. str.,B2973:1,accepted,,,B2973:1:185,"Platycranus Fieber, 1870",,,,,,Orthotylinae,Platycranus,Platycranus,Orthotylinae | Platycranus,Platycranus s. str.,,6RS2,,6RS2,
B2973:1:187,"Platycranus eckerleini E. Wagner, 1962","E. Wagner, 1962",Platycranus,Platycranus,eckerleini,,species,,B2973:1,accepted,,,B2973:1:186,Platycranus,,,,,,Orthotylinae,Platycranus,Platycranus,Orthotylinae | Platycranus | Platycranus,"eckerleini E. WAGNER, 1962",,4JQ6H,7835387,4JQ6H,7835387
B2973:1:188,"Platycranus putoni Reuter, 1879","Reuter, 1879",Platycranus,Platycranus,putoni,,species,,B2973:1,accepted,,,B2973:1:186,Platycranus,,,,,,Orthotylinae,Platycranus,Platycranus,Orthotylinae | Platycranus | Platycranus,"putoni REUTER, 1879",,4JQ6Z,4488017,4JQ6Z,4488017
B2973:1:189,"Platycranus lindbergi E. Wagner, 1954","E. Wagner, 1954",Platycranus,Platycranus,lindbergi,,species,,B2973:1,accepted,,,B2973:1:186,Platycranus,,,,,,Orthotylinae,Platycranus,Platycranus,Orthotylinae | Platycranus | Platycranus,"lindbergi E. WAGNER, 1954",,4JQ6Q,4488019,4JQ6Q,4488019
B2973:1:190,"Platycranus hartigi E. Wagner, 1951","E. Wagner, 1951",Platycranus,Platycranus,hartigi,,species,,B2973:1,accepted,,,B2973:1:186,Platycranus,,,,,,Orthotylinae,Platycranus,Platycranus,Orthotylinae | Platycranus | Platycranus,"hartigi E. WAGNER, 1951",,4JQ6L,4488016,4JQ6L,4488016
B2973:1:191,"Platycranus michalki E. Wagner, 1951","E. Wagner, 1951",Platycranus,Platycranus,michalki,,species,,B2973:1,accepted,,,B2973:1:186,Platycranus,,,,,,Orthotylinae,Platycranus,Platycranus,Orthotylinae | Platycranus | Platycranus,"michalki E. WAGNER, 1951",,4JQ6V,8230955,4JQ6J,4488018
B2973:1:192,"Platycranus erberi Fieber, 1870","Fieber, 1870",Platycranus,Platycranus,erberi,,species,,B2973:1,accepted,,,B2973:1:186,Platycranus,,,,,,Orthotylinae,Platycranus,Platycranus,Orthotylinae | Platycranus | Platycranus,"erberi FIEBER, 1870",,4JQ6J,4488018,4JQ6J,4488018
B2973:1:193,"Genistocapsus E. Wagner, 1957","E. Wagner, 1957",Platycranus,,,,subgenus,,B2973:1,accepted,,,B2973:1:185,"Platycranus Fieber, 1870",,,,,,Orthotylinae,Platycranus,Genistocapsus,Orthotylinae | Platycranus,"Genistocapsus E. WAGNER, 1957",,P7YHF,,P7YHF,
B2973:1:194,"Platycranus pictus E. Wagner, 1963","E. Wagner, 1963",Platycranus,Genistocapsus,pictus,,species,,B2973:1,accepted,,,B2973:1:193,"Genistocapsus E. Wagner, 1957",,,,,,Orthotylinae,Platycranus,Genistocapsus,Orthotylinae | Platycranus | Genistocapsus,"pictus E. WAGNER, 1963",,4JQ6Y,4488027,4JQ6Y,4488027
B2973:1:195,"Platycranus genistae Lindberg, 1948","Lindberg, 1948",Platycranus,Genistocapsus,genistae,,species,,B2973:1,accepted,,,B2973:1:193,"Genistocapsus E. Wagner, 1957",,,,,,Orthotylinae,Platycranus,Genistocapsus,Orthotylinae | Platycranus | Genistocapsus,"genistae LINDBERG, 1948",,4JQ6K,4488030,4JQ6K,4488030
B2973:1:196,"Platycranus bicolor E. Wagner, 1974","E. Wagner, 1974",Platycranus,Genistocapsus,bicolor,,species,,B2973:1,accepted,,,B2973:1:193,"Genistocapsus E. Wagner, 1957",,,,,,Orthotylinae,Platycranus,Genistocapsus,Orthotylinae | Platycranus | Genistocapsus,"bicolor E. Wagner, 1974",,7823Q,4488029,4JQ74,4488029
B2973:1:197,"Platycranus longicornis E. Wagner, 1955","E. Wagner, 1955",Platycranus,Genistocapsus,longicornis,,species,,B2973:1,accepted,,,B2973:1:193,"Genistocapsus E. Wagner, 1957",,,,,,Orthotylinae,Platycranus,Genistocapsus,Orthotylinae | Platycranus | Genistocapsus,"longicornis E. WAGNER, 1955",,4JQ6R,4488026,4JQ6R,4488026
B2973:1:198,"Platycranus metriorrhynchus Reuter, 1883","Reuter, 1883",Platycranus,Genistocapsus,metriorrhynchus,,species,,B2973:1,accepted,,,B2973:1:193,"Genistocapsus E. Wagner, 1957",,,,,,Orthotylinae,Platycranus,Genistocapsus,Orthotylinae | Platycranus | Genistocapsus,"metriorrhynchus REUTER, 1883",,4JQ6T,,4JQ6S,
B2973:1:199,"Platycranus remanei E. Wagner, 1955","E. Wagner, 1955",Platycranus,Genistocapsus,remanei,,species,,B2973:1,accepted,,,B2973:1:193,"Genistocapsus E. Wagner, 1957",,,,,,Orthotylinae,Platycranus,Genistocapsus,Orthotylinae | Platycranus | Genistocapsus,"remanei E. WAGNER, 1955",,4JQ72,4488032,4JQ72,4488032
B2973:1:200,"Platycranus minutus E. Wagner, 1955","E. Wagner, 1955",Platycranus,Genistocapsus,minutus,,species,,B2973:1,accepted,,,B2973:1:193,"Genistocapsus E. Wagner, 1957",,,,,,Orthotylinae,Platycranus,Genistocapsus,Orthotylinae | Platycranus | Genistocapsus,"minutus E. WAGNER, 1955",,4JQ6W,4488022,4JQ6W,4488022
B2973:1:201,"Platycranus orientalis Linnavuori, 1965","Linnavuori, 1965",Platycranus,Genistocapsus,orientalis,,species,,B2973:1,accepted,,,B2973:1:193,"Genistocapsus E. Wagner, 1957",,,,,,Orthotylinae,Platycranus,Genistocapsus,Orthotylinae | Platycranus | Genistocapsus,"orientalis LINNAVUORI, 1965",,4JQ6X,8252844,4JQ6X,8252844
B2973:1:202,"Pachylops Fieber, 1858","Fieber, 1858",,,,,genus,,B2973:1,accepted,,,B2973:1:148,"Orthotylinae Van Duzee, 1916",,,,,,Orthotylinae,Pachylops,,Orthotylinae,"Pachylops FIEBER, 1858",,,4574249,,4574249
B2973:1:203,Hypsitylus Fieber 1861,Fieber 1861,,,,,genus,,B2973:1,synonym,B2973:1:202,"Pachylops Fieber, 1858",,,,,,,,Orthotylinae,Hypsitylus,,Orthotylinae,Hypsitylus FIEBER 1861,,532T,4406657,532T,4406657
B2973:1:204,"Pachylops prasinus (Fieber, 1861)","(Fieber, 1861)",Pachylops,,prasinus,,species,,B2973:1,accepted,,,B2973:1:202,"Pachylops Fieber, 1858",,,,,,Orthotylinae,Pachylops,,Orthotylinae | Pachylops,"prasinus (FIEBER, 1861)",,RG4HZ,12127849,6MSRJ,4487971
B2973:1:205,"Pachylops bicolor (Douglas & Scott, 1877)","(Douglas & Scott, 1877)",Pachylops,,bicolor,,species,,B2973:1,accepted,,,B2973:1:202,"Pachylops Fieber, 1858",,,,,,Orthotylinae,Pachylops,,Orthotylinae | Pachylops,"bicolor (DOUGLAS & SCOTT, 1877)",,RG4HK,9906254,4JQ6D,4488029
B2973:1:206,"Pachylops major E. Wagner, 1969","E. Wagner, 1969",Pachylops,,major,,species,,B2973:1,accepted,,,B2973:1:202,"Pachylops Fieber, 1858",,,,,,Orthotylinae,Pachylops,,Orthotylinae | Pachylops,"major E. WAGNER, 1969",,,,,
B2973:1:207,"Pachylops fieberi (Frey-Gessner, 1864)","(Frey-Gessner, 1864)",Pachylops,,fieberi,,species,,B2973:1,accepted,,,B2973:1:202,"Pachylops Fieber, 1858",,,,,,Orthotylinae,Pachylops,,Orthotylinae | Pachylops,"fieberi (FREY-GESSNER, 1864)",,V89Q3,,6SY56,
B2973:1:208,"Pachylops fieberi subsp. punctipes Reuter, 1895","Reuter, 1895",Pachylops,,fieberi,punctipes,subspecies,,B2973:1,accepted,,,B2973:1:207,"Pachylops fieberi (Frey-Gessner, 1864)",,,,,,Orthotylinae,Pachylops,,Orthotylinae | Pachylops | Pachylops fieberi,"subsp. punctipes REUTER, 1895",,,,,
B2973:1:209,"Pachylops fieberi subsp. fieberi (Frey-Gessner, 1864)","(Frey-Gessner, 1864)",Pachylops,,fieberi,fieberi,subspecies,,B2973:1,accepted,,,B2973:1:207,"Pachylops fieberi (Frey-Gessner, 1864)",,,,,,Orthotylinae,Pachylops,,Orthotylinae | Pachylops | Pachylops fieberi,"subsp. fieberi (FREY-GESSNER, 1864)",,5K4WT,9221691,6SY56,4488109
B2973:1:210,Parahypsitylus E. Wagner. 1957,E. Wagner. 1957,,,,,genus,,B2973:1,accepted,,,B2973:1:148,"Orthotylinae Van Duzee, 1916",,,,,,Orthotylinae,Parahypsitylus,,Orthotylinae,Parahypsitylus E. WAGNER. 1957,,63K89,4406040,63K89,4406040
B2973:1:211,"Parahypsitylus nevadensis E. Wagner, 1957","E. Wagner, 1957",Parahypsitylus,,nevadensis,,species,,B2973:1,accepted,,,B2973:1:210,Parahypsitylus E. Wagner. 1957,,,,,,Orthotylinae,Parahypsitylus,,Orthotylinae | Parahypsitylus,"nevadensis E. WAGNER, 1957",,4CX6Q,4488133,4CX6Q,4488133
B2973:1:212,"Hyoidea Reuter, 1876","Reuter, 1876",,,,,genus,,B2973:1,accepted,,,B2973:1:148,"Orthotylinae Van Duzee, 1916",,,,,,Orthotylinae,Hyoidea,,Orthotylinae,"Hyoidea REUTER, 1876",,529R,4406953,529R,4406953
B2973:1:213,"Hyoidea kerzhneri Hoberlandt, 1963","Hoberlandt, 1963",Hyoidea,,kerzhneri,,species,,B2973:1,accepted,,,B2973:1:212,"Hyoidea Reuter, 1876",,,,,,Orthotylinae,Hyoidea,,Orthotylinae | Hyoidea,"kerzhneri HOBERLANDT, 1963",,6MQKS,4487949,6MQKS,4487949
B2973:1:214,Hyoidea notaticeps Reut.,Reut.,Hyoidea,,notaticeps,,species,,B2973:1,accepted,,,B2973:1:212,"Hyoidea Reuter, 1876",,,,,,Orthotylinae,Hyoidea,,Orthotylinae | Hyoidea,notaticeps REUT.,,3NLWD,4487945,3NLWD,4487945
B2973:1:215,"Hyoidea lindbergi Hoberlandt, 1963","Hoberlandt, 1963",Hyoidea,,lindbergi,,species,,B2973:1,accepted,,,B2973:1:212,"Hyoidea Reuter, 1876",,,,,,Orthotylinae,Hyoidea,,Orthotylinae | Hyoidea,"lindbergi HOBERLANDT, 1963",,3NLWB,8306210,3NLWB,8306210
B2973:1:216,"Hyoidea horvathi Montandon, 1890","Montandon, 1890",Hyoidea,,horvathi,,species,,B2973:1,accepted,,,B2973:1:212,"Hyoidea Reuter, 1876",,,,,,Orthotylinae,Hyoidea,,Orthotylinae | Hyoidea,"horvathi MONTANDON, 1890",,3NLW9,8025953,3NLW9,8025953
B2973:1:217,"Blepharidopterus Kolenati, 1845","Kolenati, 1845",,,,,genus,,B2973:1,accepted,,,B2973:1:148,"Orthotylinae Van Duzee, 1916",,,,,,Orthotylinae,Blepharidopterus,,Orthotylinae,"Blepharidopterus KOLENATI, 1845",,62HKL,2009590,62HKL,2009590
B2973:1:218,"Aetorrhinus Fieber, 1860","Fieber, 1860",,,,,genus,,B2973:1,synonym,B2973:1:217,"Blepharidopterus Kolenati, 1845",,,,,,,,Orthotylinae,Aetorrhinus,,Orthotylinae,"Aetorrhinus FIEBER, 1860",,,,,
B2973:1:219,"Blepharidopterus angulatus (Fallén, 1807)","(Fallén, 1807)",Blepharidopterus,,angulatus,,species,,B2973:1,accepted,,,B2973:1:217,"Blepharidopterus Kolenati, 1845",,,,,,Orthotylinae,Blepharidopterus,,Orthotylinae | Blepharidopterus,"angulatus (FALLÉN, 1807)",,5WLPK,2009595,5WLPK,2009595
B2973:1:220,"Blepharidopterus dubius E. Wagner, 1954","E. Wagner, 1954",Blepharidopterus,,dubius,,species,,B2973:1,accepted,,,B2973:1:217,"Blepharidopterus Kolenati, 1845",,,,,,Orthotylinae,Blepharidopterus,,Orthotylinae | Blepharidopterus,"dubius E. WAGNER, 1954",,M5QY,4487950,M5QY,4487950
B2973:1:221,"Blepharidopterus brevicornis (E. Wagner, 1947)","(E. Wagner, 1947)",Blepharidopterus,,brevicornis,,species,,B2973:1,accepted,,,B2973:1:217,"Blepharidopterus Kolenati, 1845",,,,,,Orthotylinae,Blepharidopterus,,Orthotylinae | Blepharidopterus,"brevicornis (E. WAGNER, 1947)",,M5QV,7825766,5WLPK,2009595
B2973:1:222,"Dryophilocoris Reuter, 1875","Reuter, 1875",,,,,genus,,B2973:1,accepted,,,B2973:1:148,"Orthotylinae Van Duzee, 1916",,,,,,Orthotylinae,Dryophilocoris,,Orthotylinae,"Dryophilocoris REUTER, 1875",,632WC,4406483,632WC,4406483
B2973:1:223,"Dryophilocoris luteus (Herrich-Schäffer, 1835)","(Herrich-Schäffer, 1835)",Dryophilocoris,,luteus,,species,,B2973:1,accepted,,,B2973:1:222,"Dryophilocoris Reuter, 1875",,,,,,Orthotylinae,Dryophilocoris,,Orthotylinae | Dryophilocoris,"luteus (HERRICH-SCHÄFFER, 1835)",,37VJP,4487954,37VJP,4487954
B2973:1:224,"Dryophilocoris flavoquadrimaculatus (Degeer, 1773)","(Degeer, 1773)",Dryophilocoris,,flavoquadrimaculatus,,species,,B2973:1,accepted,,,B2973:1:222,"Dryophilocoris Reuter, 1875",,,,,,Orthotylinae,Dryophilocoris,,Orthotylinae | Dryophilocoris,"flavoquadrimaculatus (DEGEER, 1773)",,37VJG,4487956,37VJG,4487956
B2973:1:225,"Dryophilocoris persimilis (Puton, 1895)","(Puton, 1895)",Dryophilocoris,,persimilis,,species,,B2973:1,accepted,,,B2973:1:222,"Dryophilocoris Reuter, 1875",,,,,,Orthotylinae,Dryophilocoris,,Orthotylinae | Dryophilocoris,"persimilis (PUTON, 1895)",,37VJT,7820523,37VJT,7820523
B2973:1:226,"Cyllecoris Hahn, 1854","Hahn, 1854",,,,,genus,,B2973:1,accepted,,,B2973:1:148,"Orthotylinae Van Duzee, 1916",,,,,,Orthotylinae,Cyllecoris,,Orthotylinae,"Cyllocoris HAHN, 1854",,63247,4404523,63247,4404523
B2973:1:227,"Cyllecoris histrionicus (Linné, 1767)","(Linné, 1767)",Cyllecoris,,histrionicus,,species,,B2973:1,accepted,,,B2973:1:226,"Cyllecoris Hahn, 1854",,,,,,Orthotylinae,Cyllecoris,,Orthotylinae | Cyllecoris,"histrionicus (LINNÉ, 1767)",,N2RMK,6096777,334Q8,4488006
B2973:1:228,"Cyllecoris marginatus (Fieber, 1870)","(Fieber, 1870)",Cyllecoris,,marginatus,,species,,B2973:1,accepted,,,B2973:1:226,"Cyllecoris Hahn, 1854",,,,,,Orthotylinae,Cyllecoris,,Orthotylinae | Cyllecoris,"marginatus (FIEBER, 1870)",,334QC,4488009,334QC,4488009
B2973:1:229,"Globiceps Lepeletier & Serville, 1825","Lepeletier & Serville, 1825",,,,,genus,,B2973:1,accepted,,,B2973:1:148,"Orthotylinae Van Duzee, 1916",,,,,,Orthotylinae,Globiceps,,Orthotylinae,"Globiceps LEPELETIER & SERVILLE, 1825",,4NYR,6007357,4NYR,6007357
B2973:1:230,Globiceps,,Globiceps,,,,subgenus,s. str.,B2973:1,accepted,,,B2973:1:229,"Globiceps Lepeletier & Serville, 1825",,,,,,Orthotylinae,Globiceps,Globiceps,Orthotylinae | Globiceps,Globiceps s. str.,,4NYR,,4NYR,
B2973:1:231,"Globiceps sphegiformis (Rossi, 1790)","(Rossi, 1790)",Globiceps,Globiceps,sphegiformis,,species,,B2973:1,accepted,,,B2973:1:230,Globiceps,,,,,,Orthotylinae,Globiceps,Globiceps,Orthotylinae | Globiceps | Globiceps,"sphegiformis (ROSSI, 1790)",,NVKK8,7843732,6KHTQ,6096751
B2973:1:232,"Globiceps rubi E. Wagner, 1964","E. Wagner, 1964",Globiceps,Globiceps,rubi,,species,,B2973:1,accepted,,,B2973:1:230,Globiceps,,,,,,Orthotylinae,Globiceps,Globiceps,Orthotylinae | Globiceps | Globiceps,"rubi E. WAGNER, 1964",,6KHSC,7700470,6KHSC,7700470
B2973:1:233,"Globiceps novaki E. Wagner, 1950","E. Wagner, 1950",Globiceps,Globiceps,novaki,,species,,B2973:1,accepted,,,B2973:1:230,Globiceps,,,,,,Orthotylinae,Globiceps,Globiceps,Orthotylinae | Globiceps | Globiceps,"novaki E. WAGNER, 1950",,6KHSD,7655217,6KHSD,7655217
B2973:1:234,"Globiceps handlirschi Reuter, 1912","Reuter, 1912",Globiceps,Globiceps,handlirschi,,species,,B2973:1,accepted,,,B2973:1:230,Globiceps,,,,,,Orthotylinae,Globiceps,Globiceps,Orthotylinae | Globiceps | Globiceps,"handlirschi REUTER, 1912",,6KHSS,7969306,6KHSS,7969306
B2973:1:235,"Aglobiceps E. Wagner, 1969","E. Wagner, 1969",Globiceps,,,,subgenus,,B2973:1,accepted,,,B2973:1:229,"Globiceps Lepeletier & Serville, 1825",,,,,,Orthotylinae,Globiceps,Aglobiceps,Orthotylinae | Globiceps,"Aglobiceps E. WAGNER, 1969",,,,,
B2973:1:236,"Globiceps parvulus Reuter, 1904","Reuter, 1904",Globiceps,Aglobiceps,parvulus,,species,,B2973:1,accepted,,,B2973:1:235,"Aglobiceps E. Wagner, 1969",,,,,,Orthotylinae,Globiceps,Aglobiceps,Orthotylinae | Globiceps | Aglobiceps,"parvulus REUTER, 1904",,6KHSG,7489127,6KHSG,7489127
B2973:1:237,"Paraglobiceps E. Wagner, 1957","E. Wagner, 1957",Globiceps,,,,subgenus,,B2973:1,accepted,,,B2973:1:229,"Globiceps Lepeletier & Serville, 1825",,,,,,Orthotylinae,Globiceps,Paraglobiceps,Orthotylinae | Globiceps,"Paraglobiceps E. WAGNER, 1957",,,,,
B2973:1:238,"Globiceps thymi Seidenstücker, 1964","Seidenstücker, 1964",Globiceps,Paraglobiceps,thymi,,species,,B2973:1,accepted,,,B2973:1:237,"Paraglobiceps E. Wagner, 1957",,,,,,Orthotylinae,Globiceps,Paraglobiceps,Orthotylinae | Globiceps | Paraglobiceps,"thymi SEIDENSTÜCKER, 1964",,6KHTN,7461675,6KHTN,7461675
B2973:1:239,"Globiceps albipennis E. Wagn., 1960","E. Wagn., 1960",Globiceps,Paraglobiceps,albipennis,,species,nec JAKOVLEFF,B2973:1,synonym,B2973:1:238,"Globiceps thymi Seidenstücker, 1964",,,,,,,,Orthotylinae,Globiceps,Paraglobiceps,Orthotylinae | Globiceps | Paraglobiceps,"albipennis E. WAGN., 1960 nec JAKOVLEFF",,3G9ZG,7769685,6KHTX,8244100
B2973:1:240,"Globiceps sordidus Reuter, 1876","Reuter, 1876",Globiceps,Paraglobiceps,sordidus,,species,,B2973:1,accepted,,,B2973:1:237,"Paraglobiceps E. Wagner, 1957",,,,,,Orthotylinae,Globiceps,Paraglobiceps,Orthotylinae | Globiceps | Paraglobiceps,"sordidus REUTER, 1876",,6KHTX,8244100,6KHTX,8244100
B2973:1:241,"Globiceps astragali Seidenstücker, 1964","Seidenstücker, 1964",Globiceps,Paraglobiceps,astragali,,species,,B2973:1,accepted,,,B2973:1:237,"Paraglobiceps E. Wagner, 1957",,,,,,Orthotylinae,Globiceps,Paraglobiceps,Orthotylinae | Globiceps | Paraglobiceps,"astragali SEIDENSTÜCKER, 1964",,3G9ZX,8214756,3G9ZX,8214756
B2973:1:242,"Globiceps genistae Seidenstücker, 1971","Seidenstücker, 1971",Globiceps,Paraglobiceps,genistae,,species,,B2973:1,accepted,,,B2973:1:237,"Paraglobiceps E. Wagner, 1957",,,,,,Orthotylinae,Globiceps,Paraglobiceps,Orthotylinae | Globiceps | Paraglobiceps,"genistae SEIDENSTÜCKER, 1971",,6KHT2,7584675,6KHT2,7584675
B2973:1:243,"Globiceps weberi E. Wagner, 1969","E. Wagner, 1969",Globiceps,Paraglobiceps,weberi,,species,,B2973:1,accepted,,,B2973:1:237,"Paraglobiceps E. Wagner, 1957",,,,,,Orthotylinae,Globiceps,Paraglobiceps,Orthotylinae | Globiceps | Paraglobiceps,"weberi E. WAGNER, 1969",,6KHTF,7896507,6KHTF,7896507
B2973:1:244,"Globiceps picteti Fieber, 1861","Fieber, 1861",Globiceps,Paraglobiceps,picteti,,species,,B2973:1,accepted,,,B2973:1:237,"Paraglobiceps E. Wagner, 1957",,,,,,Orthotylinae,Globiceps,Paraglobiceps,Orthotylinae | Globiceps | Paraglobiceps,"picteti FIEBER, 1861",,6KHSB,7610424,6KHSB,7610424
B2973:1:245,"Globiceps flavomaculatus (Fabricius, 1794)","(Fabricius, 1794)",Globiceps,Paraglobiceps,flavomaculatus,,species,,B2973:1,accepted,,,B2973:1:237,"Paraglobiceps E. Wagner, 1957",,,,,,Orthotylinae,Globiceps,Paraglobiceps,Orthotylinae | Globiceps | Paraglobiceps,"flavomaculatus (FABRICIUS, 1794)",,6KHSP,6096754,6KHSP,6096754
B2973:1:246,Globiceps caucasicus Popp.,Popp.,Globiceps,Paraglobiceps,caucasicus,,species,,B2973:1,accepted,,,B2973:1:237,"Paraglobiceps E. Wagner, 1957",,,,,,Orthotylinae,Globiceps,Paraglobiceps,Orthotylinae | Globiceps | Paraglobiceps,caucasicus POPP.,,6KHT6,7964816,6KHT6,7964816
B2973:1:247,"Globiceps syriacus E. Wagner, 1969","E. Wagner, 1969",Globiceps,Paraglobiceps,syriacus,,species,,B2973:1,accepted,,,B2973:1:237,"Paraglobiceps E. Wagner, 1957",,,,,,Orthotylinae,Globiceps,Paraglobiceps,Orthotylinae | Globiceps | Paraglobiceps,"syriacus E. WAGNER, 1969",,6KHTT,7922893,6KHTT,7922893
B2973:1:248,Globiceps horvathi E. Wagn. 1960,E. Wagn. 1960,Globiceps,Paraglobiceps,horvathi,,species,nec REUTER,B2973:1,synonym,B2973:1:247,"Globiceps syriacus E. Wagner, 1969",,,,,,,,Orthotylinae,Globiceps,Paraglobiceps,Orthotylinae | Globiceps | Paraglobiceps,horvathi E. WAGN. 1960 nec REUTER,,6KHSL,7889806,6KHSL,7889806
B2973:1:249,"Globiceps juniperi Reuter, 1902","Reuter, 1902",Globiceps,Paraglobiceps,juniperi,,species,,B2973:1,accepted,,,B2973:1:237,"Paraglobiceps E. Wagner, 1957",,,,,,Orthotylinae,Globiceps,Paraglobiceps,Orthotylinae | Globiceps | Paraglobiceps,"juniperi REUTER, 1902",,6KHSH,8412779,6KHSH,8412779
B2973:1:250,Globiceps salicicola Reut.,Reut.,Globiceps,Paraglobiceps,salicicola,,species,,B2973:1,accepted,,,B2973:1:237,"Paraglobiceps E. Wagner, 1957",,,,,,Orthotylinae,Globiceps,Paraglobiceps,Orthotylinae | Globiceps | Paraglobiceps,salicicola REUT.,,6KHTZ,8364628,6KHTZ,8364628
B2973:1:251,Globiceps woodroffei E. Wagn.,E. Wagn.,Globiceps,Paraglobiceps,woodroffei,,species,,B2973:1,accepted,,,B2973:1:237,"Paraglobiceps E. Wagner, 1957",,,,,,Orthotylinae,Globiceps,Paraglobiceps,Orthotylinae | Globiceps | Paraglobiceps,woodroffei E. WAGN.,,3G9ZS,7578210,6KHSH,8412779
B2973:1:252,Globiceps fulvicollis Jak.,Jak.,Globiceps,Paraglobiceps,fulvicollis,,species,,B2973:1,accepted,,,B2973:1:237,"Paraglobiceps E. Wagner, 1957",,,,,,Orthotylinae,Globiceps,Paraglobiceps,Orthotylinae | Globiceps | Paraglobiceps,fulvicollis JAK.,,6KHSQ,6096752,6KHSQ,6096752
B2973:1:253,"Globiceps obscuripes Lindberg, 1940","Lindberg, 1940",Globiceps,Paraglobiceps,obscuripes,,species,,B2973:1,accepted,,,B2973:1:237,"Paraglobiceps E. Wagner, 1957",,,,,,Orthotylinae,Globiceps,Paraglobiceps,Orthotylinae | Globiceps | Paraglobiceps,"obscuripes LINDBERG, 1940",,6KHSF,7603823,6KHSF,7603823
B2973:1:254,"Globiceps cruciatus Reuter, 1879","Reuter, 1879",Globiceps,Paraglobiceps,cruciatus,,species,,B2973:1,accepted,,,B2973:1:237,"Paraglobiceps E. Wagner, 1957",,,,,,Orthotylinae,Globiceps,Paraglobiceps,Orthotylinae | Globiceps | Paraglobiceps,"cruciatus REUTER, 1879",,6KHT7,6096753,6KHSQ,6096752
B2973:1:255,"Globiceps horvathi Reuter, 1912","Reuter, 1912",Globiceps,Paraglobiceps,horvathi,,species,,B2973:1,accepted,,,B2973:1:237,"Paraglobiceps E. Wagner, 1957",,,,,,Orthotylinae,Globiceps,Paraglobiceps,Orthotylinae | Globiceps | Paraglobiceps,"horvathi REUTER, 1912",,6KHSL,7889806,6KHSL,7889806
B2973:1:256,"Globiceps holtzi Reuter, 1912","Reuter, 1912",Globiceps,Paraglobiceps,holtzi,,species,,B2973:1,accepted,,,B2973:1:237,"Paraglobiceps E. Wagner, 1957",,,,,,Orthotylinae,Globiceps,Paraglobiceps,Orthotylinae | Globiceps | Paraglobiceps,"holtzi REUTER, 1912",,6KHT4,7848146,6KHT4,7848146
B2973:1:257,"Globicellus Kiritshenko, 1951","Kiritshenko, 1951",Globiceps,,,,subgenus,,B2973:1,accepted,,,B2973:1:229,"Globiceps Lepeletier & Serville, 1825",,,,,,Orthotylinae,Globiceps,Globicellus,Orthotylinae | Globiceps,"Globicellus KIRITSHENKO, 1951",,,,,
B2973:1:258,"Globiceps dispar (Boheman, 1852)","(Boheman, 1852)",Globiceps,Globicellus,dispar,,species,,B2973:1,accepted,,,B2973:1:257,"Globicellus Kiritshenko, 1951",,,,,,Orthotylinae,Globiceps,Globicellus,Orthotylinae | Globiceps | Globicellus,"dispar (BOHEMAN, 1852)",,NVKMP,9183250,3YLG9,4487974
B2973:1:259,"Laurinia Reuter, 1884","Reuter, 1884",,,,,genus,,B2973:1,accepted,,,B2973:1:148,"Orthotylinae Van Duzee, 1916",,,,,,Orthotylinae,Laurinia,,Orthotylinae,"Laurinia REUTER, 1884",,5BH5,8372300,5BH5,8372300
B2973:1:260,Formicocoris Lindberg 1940,Lindberg 1940,,,,,genus,,B2973:1,synonym,B2973:1:259,"Laurinia Reuter, 1884",,,,,,,,Orthotylinae,Formicocoris,,Orthotylinae,Formicocoris LINDBERG 1940,,,4783092,,4783092
B2973:1:261,"Laurinia fugax Reuter, 1884","Reuter, 1884",Laurinia,,fugax,,species,,B2973:1,accepted,,,B2973:1:259,"Laurinia Reuter, 1884",,,,,,Orthotylinae,Laurinia,,Orthotylinae | Laurinia,"fugax REUTER, 1884",,3SMQF,4488155,3SMQF,4488155
B2973:1:262,Formicocoris camponotideus Ldbg. 1940,Ldbg. 1940,Formicocoris,,camponotideus,,species,,B2973:1,synonym,B2973:1:261,"Laurinia fugax Reuter, 1884",,,,,,,,Orthotylinae,Laurinia,,Orthotylinae | Laurinia,Formicocoris camponotideus LDBG. 1940,,,4488157,,7540619
B2973:1:263,Formicocoris sexmaculatus E. Wagner 1943,E. Wagner 1943,Formicocoris,,sexmaculatus,,species,,B2973:1,synonym,B2973:1:261,"Laurinia fugax Reuter, 1884",,,,,,,,Orthotylinae,Laurinia,,Orthotylinae | Laurinia,Formicocoris sexmaculatus E. WAGNER 1943,,,,,
B2973:1:264,"Hyoidellus E. Wagner, 1968","E. Wagner, 1968",,,,,genus,,B2973:1,accepted,,,B2973:1:148,"Orthotylinae Van Duzee, 1916",,,,,,Orthotylinae,Hyoidellus,,Orthotylinae,"Hyoidellus E. WAGNER, 1968",,529S,4406949,529S,4406949
B2973:1:265,"Hyoidellus laticeps (E. Wagner, 1958)","(E. Wagner, 1958)",Hyoidellus,,laticeps,,species,,B2973:1,accepted,,,B2973:1:264,"Hyoidellus E. Wagner, 1968",,,,,,Orthotylinae,Hyoidellus,,Orthotylinae | Hyoidellus,"laticeps (E. WAGNER, 1958)",,3NLWF,4487943,3NLWF,4487943
B2973:1:266,"Hyoidellus verticatus E. Wagner, 1968","E. Wagner, 1968",Hyoidellus,,verticatus,,species,,B2973:1,accepted,,,B2973:1:264,"Hyoidellus E. Wagner, 1968",,,,,,Orthotylinae,Hyoidellus,,Orthotylinae | Hyoidellus,"verticatus E. WAGNER, 1968",,3NLWG,4487942,3NLWG,4487942
B2973:1:267,"Heterocordylus Fieber, 1858","Fieber, 1858",,,,,genus,,B2973:1,accepted,,,B2973:1:148,"Orthotylinae Van Duzee, 1916",,,,,,Orthotylinae,Heterocordylus,,Orthotylinae,"Heterocordylus FIEBER, 1858",,4WD2,2011424,4WD2,2011424
B2973:1:268,"Bothrocranum Reuter, 1876","Reuter, 1876",Heterocordylus,,,,subgenus,,B2973:1,accepted,,,B2973:1:267,"Heterocordylus Fieber, 1858",,,,,,Orthotylinae,Heterocordylus,Bothrocranum,Orthotylinae | Heterocordylus,"Bothrocranum REUTER, 1876",,,,,
B2973:1:269,"Heterocordylus erythrophthalmus (Hahn, 1831)","(Hahn, 1831)",Heterocordylus,Bothrocranum,erythrophthalmus,,species,,B2973:1,accepted,,,B2973:1:268,"Bothrocranum Reuter, 1876",,,,,,Orthotylinae,Heterocordylus,Bothrocranum,Orthotylinae | Heterocordylus | Bothrocranum,"erythrophthalmus (HAHN, 1831)",,3L8WH,4488134,3L8WH,4488134
B2973:1:270,"Heterocordylus erythrophthalmus subsp. rhamni E. Wagner, 1955","E. Wagner, 1955",Heterocordylus,Bothrocranum,erythrophthalmus,rhamni,subspecies,,B2973:1,accepted,,,B2973:1:269,"Heterocordylus erythrophthalmus (Hahn, 1831)",,,,,,Orthotylinae,Heterocordylus,Bothrocranum,Orthotylinae | Heterocordylus | Bothrocranum | Heterocordylus erythrophthalmus,"subsp. rhamni E. WAGNER, 1955",,5HNZS,10932260,3L8WH,4488134
B2973:1:271,"Heterocordylus carbonellus Seidenstücker, 1956","Seidenstücker, 1956",Heterocordylus,Bothrocranum,carbonellus,,species,,B2973:1,accepted,,,B2973:1:268,"Bothrocranum Reuter, 1876",,,,,,Orthotylinae,Heterocordylus,Bothrocranum,Orthotylinae | Heterocordylus | Bothrocranum,"carbonellus SEIDENSTÜCKER, 1956",,6M542,8284574,6M542,8284574
B2973:1:272,"Heterocordylus pectoralis E. Wagner, 1943","E. Wagner, 1943",Heterocordylus,Bothrocranum,pectoralis,,species,,B2973:1,accepted,,,B2973:1:268,"Bothrocranum Reuter, 1876",,,,,,Orthotylinae,Heterocordylus,Bothrocranum,Orthotylinae | Heterocordylus | Bothrocranum,"pectoralis E. WAGNER, 1943",,3L8X3,8214624,3L8X3,8214624
B2973:1:273,Heterocordylus,,Heterocordylus,,,,subgenus,s. str.,B2973:1,accepted,,,B2973:1:267,"Heterocordylus Fieber, 1858",,,,,,Orthotylinae,Heterocordylus,Heterocordylus,Orthotylinae | Heterocordylus,Heterocordylus s. str.,,4WD2,,4WD2,
B2973:1:274,"Heterocordylus tumidicornis (Herrich-Schäffer, 1836)","(Herrich-Schäffer, 1836)",Heterocordylus,Heterocordylus,tumidicornis,,species,,B2973:1,accepted,,,B2973:1:273,Heterocordylus,,,,,,Orthotylinae,Heterocordylus,Heterocordylus,Orthotylinae | Heterocordylus | Heterocordylus,"tumidicornis (HERRICH-SCHÄFFER, 1836)",,3L8X9,2011425,3L8X9,2011425
B2973:1:275,"Heterocordylus flavipes E. Wagner, 1952","E. Wagner, 1952",Heterocordylus,Heterocordylus,flavipes,,species,,B2973:1,accepted,,,B2973:1:273,Heterocordylus,,,,,,Orthotylinae,Heterocordylus,Heterocordylus,Orthotylinae | Heterocordylus | Heterocordylus,"flavipes E. WAGNER, 1952",,3L8WL,7700330,3L8WQ,4488144
B2973:1:276,"Heterocordylus leptocerus (Kirschbaum, 1856)","(Kirschbaum, 1856)",Heterocordylus,Heterocordylus,leptocerus,,species,,B2973:1,accepted,,,B2973:1:273,Heterocordylus,,,,,,Orthotylinae,Heterocordylus,Heterocordylus,Orthotylinae | Heterocordylus | Heterocordylus,"leptocerus (KIRSCHBAUM, 1856)",,3L8WS,4488149,3L8WS,4488149
B2973:1:277,"Heterocordylus farinosus Horvath, 1887","Horvath, 1887",Heterocordylus,Heterocordylus,farinosus,,species,,B2973:1,accepted,,,B2973:1:273,Heterocordylus,,,,,,Orthotylinae,Heterocordylus,Heterocordylus,Orthotylinae | Heterocordylus | Heterocordylus,"farinosus HORVATH, 1887",,3L8WJ,4488143,3L8WJ,4488143
B2973:1:278,"Heterocordylus genistae (Scopoli, 1763)","(Scopoli, 1763)",Heterocordylus,Heterocordylus,genistae,,species,,B2973:1,accepted,,,B2973:1:273,Heterocordylus,,,,,,Orthotylinae,Heterocordylus,Heterocordylus,Orthotylinae | Heterocordylus | Heterocordylus,"genistae (SCOPOLI, 1763)",,3L8WN,4488147,3L8WN,4488147
B2973:1:279,"Heterocordylus cytisi Josifov, 1958","Josifov, 1958",Heterocordylus,Heterocordylus,cytisi,,species,,B2973:1,accepted,,,B2973:1:273,Heterocordylus,,,,,,Orthotylinae,Heterocordylus,Heterocordylus,Orthotylinae | Heterocordylus | Heterocordylus,"cytisi JOSIFOV, 1958",,3L8WF,4488138,3L8WF,4488138
B2973:1:280,"Heterocordylus parvulus Reuter, 1881","Reuter, 1881",Heterocordylus,Heterocordylus,parvulus,,species,,B2973:1,accepted,,,B2973:1:273,Heterocordylus,,,,,,Orthotylinae,Heterocordylus,Heterocordylus,Orthotylinae | Heterocordylus | Heterocordylus,"parvulus REUTER, 1881",,3L8X2,4488151,3L8X2,4488151
B2973:1:281,"Heterocordylus montanus Lindberg, 1934","Lindberg, 1934",Heterocordylus,Heterocordylus,montanus,,species,,B2973:1,accepted,,,B2973:1:273,Heterocordylus,,,,,,Orthotylinae,Heterocordylus,Heterocordylus,Orthotylinae | Heterocordylus | Heterocordylus,"montanus LINDBERG, 1934",,3L8WW,4488145,3L8WW,4488145
B2973:1:282,"Heterocordylus pedestris E. Wagner, 1958","E. Wagner, 1958",Heterocordylus,Heterocordylus,pedestris,,species,,B2973:1,accepted,,,B2973:1:273,Heterocordylus,,,,,,Orthotylinae,Heterocordylus,Heterocordylus,Orthotylinae | Heterocordylus | Heterocordylus,"pedestris E. WAGNER, 1958",,3L8X4,8046993,3L8X4,8046993
B2973:1:283,"Heterocordylus tibialis (Hahn, 1831)","(Hahn, 1831)",Heterocordylus,Heterocordylus,tibialis,,species,,B2973:1,accepted,,,B2973:1:273,Heterocordylus,,,,,,Orthotylinae,Heterocordylus,Heterocordylus,Orthotylinae | Heterocordylus | Heterocordylus,"tibialis (HAHN, 1831)",,3L8X8,4488141,3L8X8,4488141
B2973:1:284,"Heterocordylus tibialis subsp. mediterraneus E. Wagner, 1967","E. Wagner, 1967",Heterocordylus,Heterocordylus,tibialis,mediterraneus,subspecies,,B2973:1,accepted,,,B2973:1:283,"Heterocordylus tibialis (Hahn, 1831)",,,,,,Orthotylinae,Heterocordylus,Heterocordylus,Orthotylinae | Heterocordylus | Heterocordylus | Heterocordylus tibialis,"subsp. mediterraneus E. WAGNER, 1967",,5HNZT,10973223,3L8X8,4488141
B2973:1:285,Heterocordylus benardi Horvath 1914,Horvath 1914,Heterocordylus,Heterocordylus,benardi,,species,,B2973:1,accepted,,,B2973:1:273,Heterocordylus,,,,,,Orthotylinae,Heterocordylus,Heterocordylus,Orthotylinae | Heterocordylus | Heterocordylus,benardi HORVATH 1914,,3L8WD,4488146,3L8WD,4488146
B2973:1:286,"Orthotylus Fieber, 1858","Fieber, 1858",,,,,genus,,B2973:1,accepted,,,B2973:1:148,"Orthotylinae Van Duzee, 1916",,,,,,Orthotylinae,Orthotylus,,Orthotylinae,"Orthotylus FIEBER, 1858",,63GYC,7821395,63GYC,7821395
B2973:1:287,Orthotylus,,Orthotylus,,,,subgenus,s. str.,B2973:1,accepted,,,B2973:1:286,"Orthotylus Fieber, 1858",,,,,,Orthotylinae,Orthotylus,Orthotylus,Orthotylinae | Orthotylus,Orthotylus s. str.,,63GYC,,63GYC,
B2973:1:288,Orthotylus obscurus-group,,Orthotylus,Orthotylus,,,group,,B2973:1,accepted,,,B2973:1:287,Orthotylus,,,,,,Orthotylinae,Orthotylus,Orthotylus,Orthotylinae | Orthotylus | Orthotylus,obscurus,,,,,
B2973:1:289,"Orthotylus obscurus Reuter, 1875","Reuter, 1875",Orthotylus,Orthotylus,obscurus,,species,,B2973:1,accepted,,,B2973:1:288,Orthotylus obscurus-group,,,,,,Orthotylinae,Orthotylus,Orthotylus,Orthotylinae | Orthotylus | Orthotylus | Orthotylus obscurus-group,"obscurus REUTER, 1875",,6SXRR,4488046,6SXRR,4488046
B2973:1:290,"Orthotylus psalloides E. Wagner, 1958","E. Wagner, 1958",Orthotylus,Orthotylus,psalloides,,species,,B2973:1,accepted,,,B2973:1:288,Orthotylus obscurus-group,,,,,,Orthotylinae,Orthotylus,Orthotylus,Orthotylinae | Orthotylus | Orthotylus | Orthotylus obscurus-group,"psalloides E. WAGNER, 1958",,6SY5Y,7579272,6SY5Y,7579272
B2973:1:291,Orthotylus diaphanus-group,,Orthotylus,Orthotylus,,,group,,B2973:1,accepted,,,B2973:1:287,Orthotylus,,,,,,Orthotylinae,Orthotylus,Orthotylus,Orthotylinae | Orthotylus | Orthotylus,diaphanus,,,,,
B2973:1:292,"Orthotylus diaphanus (Kirschbaum, 1856)","(Kirschbaum, 1856)",Orthotylus,Orthotylus,diaphanus,,species,,B2973:1,accepted,,,B2973:1:291,Orthotylus diaphanus-group,,,,,,Orthotylinae,Orthotylus,Orthotylus,Orthotylinae | Orthotylus | Orthotylus | Orthotylus diaphanus-group,"diaphanus (KIRSCHBAUM, 1856)",,RM8L3,10627598,M5QX,2009591
B2973:1:293,"Orthotylus elongatus E. Wagner, 1965","E. Wagner, 1965",Orthotylus,Orthotylus,elongatus,,species,,B2973:1,accepted,,,B2973:1:291,Orthotylus diaphanus-group,,,,,,Orthotylinae,Orthotylus,Orthotylus,Orthotylinae | Orthotylus | Orthotylus | Orthotylus diaphanus-group,"elongatus E. WAGNER, 1965",,759SS,9139860,759SS,9139860
B2973:1:294,"Orthotylus priesneri K. Schmidt, 1939","K. Schmidt, 1939",Orthotylus,Orthotylus,priesneri,,species,,B2973:1,accepted,,,B2973:1:291,Orthotylus diaphanus-group,,,,,,Orthotylinae,Orthotylus,Orthotylus,Orthotylinae | Orthotylus | Orthotylus | Orthotylus diaphanus-group,"priesneri K. SCHMIDT, 1939",,74Y3V,8253551,74Y3V,8253551
B2973:1:295,"Orthotylus acaciae E. Wagner, 1968","E. Wagner, 1968",Orthotylus,Orthotylus,acaciae,,species,,B2973:1,accepted,,,B2973:1:291,Orthotylus diaphanus-group,,,,,,Orthotylinae,Orthotylus,Orthotylus,Orthotylinae | Orthotylus | Orthotylus | Orthotylus diaphanus-group,"acaciae E. WAGNER, 1968",,74XQT,11095352,74Y3V,8253551
B2973:1:296,Orthotylus virens-group,,Orthotylus,Orthotylus,,,group,,B2973:1,accepted,,,B2973:1:287,Orthotylus,,,,,,Orthotylinae,Orthotylus,Orthotylus,Orthotylinae | Orthotylus | Orthotylus,virens,,,,,
B2973:1:297,"Orthotylus virens (Fallén, 1807)","(Fallén, 1807)",Orthotylus,Orthotylus,virens,,species,,B2973:1,accepted,,,B2973:1:296,Orthotylus virens-group,,,,,,Orthotylinae,Orthotylus,Orthotylus,Orthotylinae | Orthotylus | Orthotylus | Orthotylus virens-group,"virens (FALLÉN, 1807)",,74XSX,4488069,74XSX,4488069
B2973:1:298,"Orthotylus flavinervis (Kirschbaum, 1856)","(Kirschbaum, 1856)",Orthotylus,Orthotylus,flavinervis,,species,,B2973:1,accepted,,,B2973:1:296,Orthotylus virens-group,,,,,,Orthotylinae,Orthotylus,Orthotylus,Orthotylinae | Orthotylus | Orthotylus | Orthotylus virens-group,"flavinervis (KIRSCHBAUM, 1856)",,74Y56,4488064,74Y56,4488064
B2973:1:299,"Orthotylus marginalis Reuter, 1884","Reuter, 1884",Orthotylus,Orthotylus,marginalis,,species,,B2973:1,accepted,,,B2973:1:296,Orthotylus virens-group,,,,,,Orthotylinae,Orthotylus,Orthotylus,Orthotylinae | Orthotylus | Orthotylus | Orthotylus virens-group,"marginalis REUTER, 1884",,6T9RG,4488058,6T9RG,4488058
B2973:1:300,"Orthotylus interpositus K. Schmidt, 1938","K. Schmidt, 1938",Orthotylus,Orthotylus,interpositus,,species,,B2973:1,accepted,,,B2973:1:296,Orthotylus virens-group,,,,,,Orthotylinae,Orthotylus,Orthotylus,Orthotylinae | Orthotylus | Orthotylus | Orthotylus virens-group,"interpositus K. SCHMIDT, 1938",,74Y2W,4488045,74Y2W,4488045
B2973:1:301,"Orthotylus siuranus E. Wagner, 1964","E. Wagner, 1964",Orthotylus,Orthotylus,siuranus,,species,,B2973:1,accepted,,,B2973:1:296,Orthotylus virens-group,,,,,,Orthotylinae,Orthotylus,Orthotylus,Orthotylinae | Orthotylus | Orthotylus | Orthotylus virens-group,"siuranus E. WAGNER, 1964",,74Y6R,4488061,74Y6R,4488061
B2973:1:302,"Orthotylus stratensis E. Wagner, 1963","E. Wagner, 1963",Orthotylus,Orthotylus,stratensis,,species,,B2973:1,accepted,,,B2973:1:296,Orthotylus virens-group,,,,,,Orthotylinae,Orthotylus,Orthotylus,Orthotylinae | Orthotylus | Orthotylus | Orthotylus virens-group,"stratensis E. WAGNER, 1963",,6SXV5,4488068,6SXV5,4488068
B2973:1:303,"Orthotylus sicilianus E. Wagner, 1954","E. Wagner, 1954",Orthotylus,Orthotylus,sicilianus,,species,,B2973:1,accepted,,,B2973:1:296,Orthotylus virens-group,,,,,,Orthotylinae,Orthotylus,Orthotylus,Orthotylinae | Orthotylus | Orthotylus | Orthotylus virens-group,"sicilianus E. WAGNER, 1954",,6SXV3,4488048,6SXV3,4488048
B2973:1:304,"Orthotylus paulinoi Reuter, 1885","Reuter, 1885",Orthotylus,Orthotylus,paulinoi,,species,,B2973:1,accepted,,,B2973:1:296,Orthotylus virens-group,,,,,,Orthotylinae,Orthotylus,Orthotylus,Orthotylinae | Orthotylus | Orthotylus | Orthotylus virens-group,"paulinoi REUTER, 1885",,6SY45,4488047,6SY45,4488047
B2973:1:305,Orthotylus nassatus-group,,Orthotylus,Orthotylus,,,group,,B2973:1,accepted,,,B2973:1:287,Orthotylus,,,,,,Orthotylinae,Orthotylus,Orthotylus,Orthotylinae | Orthotylus | Orthotylus,nassatus,,,,,
B2973:1:306,"Orthotylus viridinervis (Kirschbaum, 1856)","(Kirschbaum, 1856)",Orthotylus,Orthotylus,viridinervis,,species,,B2973:1,accepted,,,B2973:1:305,Orthotylus nassatus-group,,,,,,Orthotylinae,Orthotylus,Orthotylus,Orthotylinae | Orthotylus | Orthotylus | Orthotylus nassatus-group,"viridinervis (KIRSCHBAUM, 1856)",,74Y59,2011525,74Y59,2011525
B2973:1:307,"Orthotylus nassatus (Fabricius, 1787)","(Fabricius, 1787)",Orthotylus,Orthotylus,nassatus,,species,,B2973:1,accepted,,,B2973:1:305,Orthotylus nassatus-group,,,,,,Orthotylinae,Orthotylus,Orthotylus,Orthotylinae | Orthotylus | Orthotylus | Orthotylus nassatus-group,"nassatus (FABRICIUS, 1787)",,74XRN,2011534,74XRN,2011534
B2973:1:308,Orthotylus striola Kirschbaum 1856,Kirschbaum 1856,Orthotylus,Orthotylus,striola,,species,,B2973:1,synonym,B2973:1:307,"Orthotylus nassatus (Fabricius, 1787)",,,,,,,,Orthotylinae,Orthotylus,Orthotylus,Orthotylinae | Orthotylus | Orthotylus | Orthotylus nassatus-group,striola KIRSCHBAUM 1856,,6T9V5,8260454,74XRN,2011534
B2973:1:309,"Orthotylus prasinus (Fallén, 1829)","(Fallén, 1829)",Orthotylus,Orthotylus,prasinus,,species,,B2973:1,accepted,,,B2973:1:305,Orthotylus nassatus-group,,,,,,Orthotylinae,Orthotylus,Orthotylus,Orthotylinae | Orthotylus | Orthotylus | Orthotylus nassatus-group,"prasinus (FALLÉN, 1829)",,74XS7,4488059,74XS7,4488059
B2973:1:310,"Orthotylus scotti Reuter, 1877","Reuter, 1877",Orthotylus,Orthotylus,scotti,,species,,B2973:1,synonym,B2973:1:309,"Orthotylus prasinus (Fallén, 1829)",,,,,,,,Orthotylinae,Orthotylus,Orthotylus,Orthotylinae | Orthotylus | Orthotylus | Orthotylus nassatus-group,"scotti REUTER, 1877",,74XV2,7602700,74XS7,4488059
B2973:1:311,"Orthotylus quercicola Reuter, 1885","Reuter, 1885",Orthotylus,Orthotylus,quercicola,,species,,B2973:1,accepted,,,B2973:1:305,Orthotylus nassatus-group,,,,,,Orthotylinae,Orthotylus,Orthotylus,Orthotylinae | Orthotylus | Orthotylus | Orthotylus nassatus-group,"quercicola REUTER, 1885",,74Y6B,4488067,74Y6B,4488067
B2973:1:312,"Orthotylus ochrotrichus Fieber, 1864","Fieber, 1864",Orthotylus,Orthotylus,ochrotrichus,,species,,B2973:1,accepted,,,B2973:1:305,Orthotylus nassatus-group,,,,,,Orthotylinae,Orthotylus,Orthotylus,Orthotylinae | Orthotylus | Orthotylus | Orthotylus nassatus-group,"ochrotrichus FIEBER, 1864",,6SY43,2011537,6SY43,2011537
B2973:1:313,"Orthotylus aceris Lindberg, 1940","Lindberg, 1940",Orthotylus,Orthotylus,aceris,,species,,B2973:1,accepted,,,B2973:1:305,Orthotylus nassatus-group,,,,,,Orthotylinae,Orthotylus,Orthotylus,Orthotylinae | Orthotylus | Orthotylus | Orthotylus nassatus-group,"aceris LINDBERG, 1940",,74XS8,7351121,74XS8,7351121
B2973:1:314,"Orthotylus verticatus E. Wagner, 1958","E. Wagner, 1958",Orthotylus,Orthotylus,verticatus,,species,,B2973:1,accepted,,,B2973:1:305,Orthotylus nassatus-group,,,,,,Orthotylinae,Orthotylus,Orthotylus,Orthotylinae | Orthotylus | Orthotylus | Orthotylus nassatus-group,"verticatus E. WAGNER, 1958",,6SXT9,4488062,6SXT9,4488062
B2973:1:315,"Orthotylus troodensis E. Wagner, 1961","E. Wagner, 1961",Orthotylus,Orthotylus,troodensis,,species,,B2973:1,accepted,,,B2973:1:305,Orthotylus nassatus-group,,,,,,Orthotylinae,Orthotylus,Orthotylus,Orthotylinae | Orthotylus | Orthotylus | Orthotylus nassatus-group,"troodensis E. WAGNER, 1961",,6T9V8,4488053,6T9V8,4488053
B2973:1:316,"Orthotylus bureschi Josifov, 1969","Josifov, 1969",Orthotylus,Orthotylus,bureschi,,species,,B2973:1,accepted,,,B2973:1:305,Orthotylus nassatus-group,,,,,,Orthotylinae,Orthotylus,Orthotylus,Orthotylinae | Orthotylus | Orthotylus | Orthotylus nassatus-group,"bureschi JOSIFOV, 1969",,6SY4G,4488074,6SY4G,4488074
B2973:1:317,"Orthotylus caprai E. Wagner, 1955","E. Wagner, 1955",Orthotylus,Orthotylus,caprai,,species,,B2973:1,accepted,,,B2973:1:305,Orthotylus nassatus-group,,,,,,Orthotylinae,Orthotylus,Orthotylus,Orthotylinae | Orthotylus | Orthotylus | Orthotylus nassatus-group,"caprai E. WAGNER, 1955",,6SXSH,4488082,6SXSH,4488082
B2973:1:318,Orthotylus tenellus-group,,Orthotylus,Orthotylus,,,group,,B2973:1,accepted,,,B2973:1:287,Orthotylus,,,,,,Orthotylinae,Orthotylus,Orthotylus,Orthotylinae | Orthotylus | Orthotylus,tenellus,,,,,
B2973:1:319,"Orthotylus tenellus (Fallén, 1829)","(Fallén, 1829)",Orthotylus,Orthotylus,tenellus,,species,,B2973:1,accepted,,,B2973:1:318,Orthotylus tenellus-group,,,,,,Orthotylinae,Orthotylus,Orthotylus,Orthotylinae | Orthotylus | Orthotylus | Orthotylus tenellus-group,"tenellus (FALLÉN, 1829)",,74XV7,4488049,74XV7,4488049
B2973:1:320,Orthotylus eleagni Jak.,Jak.,Orthotylus,Orthotylus,eleagni,,species,,B2973:1,accepted,,,B2973:1:318,Orthotylus tenellus-group,,,,,,Orthotylinae,Orthotylus,Orthotylus,Orthotylinae | Orthotylus | Orthotylus | Orthotylus tenellus-group,eleagni JAK.,,74Y54,4488044,74Y54,4488044
B2973:1:321,"Neomecomma Southwood, 1953","Southwood, 1953",Orthotylus,,,,subgenus,,B2973:1,accepted,,,B2973:1:286,"Orthotylus Fieber, 1858",,,,,,Orthotylinae,Orthotylus,Neomecomma,Orthotylinae | Orthotylus,"Neomecomma SOUTHWOOD, 1953",,,,,
B2973:1:322,"Orthotylus bilineatus (Fallén, 1807)","(Fallén, 1807)",Orthotylus,Neomecomma,bilineatus,,species,,B2973:1,accepted,,,B2973:1:321,"Neomecomma Southwood, 1953",,,,,,Orthotylinae,Orthotylus,Neomecomma,Orthotylinae | Orthotylus | Neomecomma,"bilineatus (FALLÉN, 1807)",,6T9SD,4488113,6T9SD,4488113
B2973:1:323,"Litocoris Fieber, 1861","Fieber, 1861",Orthotylus,,,,subgenus,,B2973:1,accepted,,,B2973:1:286,"Orthotylus Fieber, 1858",,,,,,Orthotylinae,Orthotylus,Litocoris,Orthotylinae | Orthotylus,"Litocoris FIEBER, 1861",,PWBJ7,,63GYC,
B2973:1:324,"Tichorhinus Fieber, 1858","Fieber, 1858",Orthotylus,Litocoris,,,subgenus,,B2973:1,synonym,B2973:1:323,"Litocoris Fieber, 1861",,,,,,,,Orthotylinae,Orthotylus,Tichorhinus,Orthotylinae | Orthotylus,"Tichorhinus FIEBER, 1858",,T626K,,63GYC,
B2973:1:325,"Orthotylus ericetorum (Fallén, 1807)","(Fallén, 1807)",Orthotylus,Litocoris,ericetorum,,species,,B2973:1,accepted,,,B2973:1:323,"Litocoris Fieber, 1861",,,,,,Orthotylinae,Orthotylus,Litocoris,Orthotylinae | Orthotylus | Litocoris,"ericetorum (FALLÉN, 1807)",,6T9ST,9042044,6T9ST,9042044
B2973:1:326,"Orthotylus ericetorum subsp. ericetorum (Fallén, 1807)","(Fallén, 1807)",Orthotylus,Litocoris,ericetorum,ericetorum,subspecies,,B2973:1,accepted,,,B2973:1:325,"Orthotylus ericetorum (Fallén, 1807)",,,,,,Orthotylinae,Orthotylus,Litocoris,Orthotylinae | Orthotylus | Litocoris | Orthotylus ericetorum,"subsp. ericetorum (FALLÉN, 1807)",,RM8GB,4488036,RM8GB,4488036
B2973:1:327,"Orthotylus ericetorum subsp. cinereae E. Wagner, 1956","E. Wagner, 1956",Orthotylus,Litocoris,ericetorum,cinereae,subspecies,,B2973:1,accepted,,,B2973:1:325,"Orthotylus ericetorum (Fallén, 1807)",,,,,,Orthotylinae,Orthotylus,Litocoris,Orthotylinae | Orthotylus | Litocoris | Orthotylus ericetorum,"subsp. cinereae E. WAGNER, 1956",,5K37C,9041113,6T9ST,9042044
B2973:1:328,"Orthotylus ericetorum subsp. carneae E. Wagner, 1946","E. Wagner, 1946",Orthotylus,Litocoris,ericetorum,carneae,subspecies,,B2973:1,accepted,,,B2973:1:325,"Orthotylus ericetorum (Fallén, 1807)",,,,,,Orthotylinae,Orthotylus,Litocoris,Orthotylinae | Orthotylus | Litocoris | Orthotylus ericetorum,"subsp. carneae E. WAGNER, 1946",,,,,
B2973:1:329,"Orthotylus ericetorum subsp. stysi Koziskova, 1967","Koziskova, 1967",Orthotylus,Litocoris,ericetorum,stysi,subspecies,,B2973:1,accepted,,,B2973:1:325,"Orthotylus ericetorum (Fallén, 1807)",,,,,,Orthotylinae,Orthotylus,Litocoris,Orthotylinae | Orthotylus | Litocoris | Orthotylus ericetorum,"subsp. stysi KOZISKOVA, 1967",,,,,
B2973:1:330,Orthotylus ericetorum subsp. corsicensis E. Wagner 1956,E. Wagner 1956,Orthotylus,Litocoris,ericetorum,corsicensis,subspecies,,B2973:1,accepted,,,B2973:1:325,"Orthotylus ericetorum (Fallén, 1807)",,,,,,Orthotylinae,Orthotylus,Litocoris,Orthotylinae | Orthotylus | Litocoris | Orthotylus ericetorum,subsp. corsicensis E. WAGNER 1956,,5K37D,4488037,6T9ST,9042044
B2973:1:331,"Orthotylus ericetorum subsp. arboreae E. Wagner, 1969","E. Wagner, 1969",Orthotylus,Litocoris,ericetorum,arboreae,subspecies,,B2973:1,accepted,,,B2973:1:325,"Orthotylus ericetorum (Fallén, 1807)",,,,,,Orthotylinae,Orthotylus,Litocoris,Orthotylinae | Orthotylus | Litocoris | Orthotylus ericetorum,"subsp. arboreae E. WAGNER, 1969",,,4488035,,4488035
B2973:1:332,Orthotylus ericetorum subsp. mediterraneae E. Wagner 1971,E. Wagner 1971,Orthotylus,Litocoris,ericetorum,mediterraneae,subspecies,,B2973:1,accepted,,,B2973:1:325,"Orthotylus ericetorum (Fallén, 1807)",,,,,,Orthotylinae,Orthotylus,Litocoris,Orthotylinae | Orthotylus | Litocoris | Orthotylus ericetorum,subsp. mediterraneae E. WAGNER 1971,,7KH9G,8803439,6T9ST,9042044
B2973:1:333,"Orthotylus albovittatus Reuter, 1901","Reuter, 1901",Orthotylus,Litocoris,albovittatus,,species,,B2973:1,accepted,,,B2973:1:323,"Litocoris Fieber, 1861",,,,,,Orthotylinae,Orthotylus,Litocoris,Orthotylinae | Orthotylus | Litocoris,"albovittatus REUTER, 1901",,74XRX,7638870,74XRX,7638870
B2973:1:334,"Melanotrichus Reuter, 1865","Reuter, 1865",Orthotylus,,,,subgenus,,B2973:1,accepted,,,B2973:1:286,"Orthotylus Fieber, 1858",,,,,,Orthotylinae,Orthotylus,Melanotrichus,Orthotylinae | Orthotylus,"Melanotrichus REUTER, 1865",,QX9N4,,QX9N4,
B2973:1:335,"Halocapsus Puton, 1878","Puton, 1878",Orthotylus,Melanotrichus,,,subgenus,,B2973:1,synonym,B2973:1:334,"Melanotrichus Reuter, 1865",,,,,,,,Orthotylinae,Orthotylus,Halocapsus,Orthotylinae | Orthotylus,"Halocapsus PUTON, 1878",,PGMKB,,QX9N4,
B2973:1:336,"Allocotus Puton, 1874","Puton, 1874",Orthotylus,Melanotrichus,,,subgenus,,B2973:1,synonym,B2973:1:334,"Melanotrichus Reuter, 1865",,,,,,,,Orthotylinae,Orthotylus,Allocotus,Orthotylinae | Orthotylus,"Allocotus PUTON, 1874",,LD2SR,,QX9N4,
B2973:1:337,"Orthotylus martini Puton, 1887","Puton, 1887",Orthotylus,Melanotrichus,martini,,species,,B2973:1,accepted,,,B2973:1:334,"Melanotrichus Reuter, 1865",,,,,,Orthotylinae,Orthotylus,Melanotrichus,Orthotylinae | Orthotylus | Melanotrichus,"martini PUTON, 1887",,6SXRH,7513522,6SXRH,7513522
B2973:1:338,Orthotylus nigricollis E. Wagn.,E. Wagn.,Orthotylus,Melanotrichus,nigricollis,,species,,B2973:1,accepted,,,B2973:1:334,"Melanotrichus Reuter, 1865",,,,,,Orthotylinae,Orthotylus,Melanotrichus,Orthotylinae | Orthotylus | Melanotrichus,nigricollis E. WAGN.,,6SY42,7915019,6SY42,7915019
B2973:1:339,"Orthotylus divisus Linnavuori, 1961","Linnavuori, 1961",Orthotylus,Melanotrichus,divisus,,species,,B2973:1,accepted,,,B2973:1:334,"Melanotrichus Reuter, 1865",,,,,,Orthotylinae,Orthotylus,Melanotrichus,Orthotylinae | Orthotylus | Melanotrichus,"divisus LINNAVUORI, 1961",,6SXSS,4488100,6SXSS,4488100
B2973:1:340,"Orthotylus lethierryi Reuter, 1875","Reuter, 1875",Orthotylus,Melanotrichus,lethierryi,,species,,B2973:1,accepted,,,B2973:1:334,"Melanotrichus Reuter, 1865",,,,,,Orthotylinae,Orthotylus,Melanotrichus,Orthotylinae | Orthotylus | Melanotrichus,"lethierryi REUTER, 1875",,74Y3C,4488085,74Y3C,4488085
B2973:1:341,"Orthotylus hirtulus E. Wagner, 1951","E. Wagner, 1951",Orthotylus,Melanotrichus,hirtulus,,species,,B2973:1,accepted,,,B2973:1:334,"Melanotrichus Reuter, 1865",,,,,,Orthotylinae,Orthotylus,Melanotrichus,Orthotylinae | Orthotylus | Melanotrichus,"hirtulus E. WAGNER, 1951",,6SY38,7981732,6SY38,7981732
B2973:1:342,Orthotylus arabicus E. Wagn.,E. Wagn.,Orthotylus,Melanotrichus,arabicus,,species,,B2973:1,accepted,,,B2973:1:334,"Melanotrichus Reuter, 1865",,,,,,Orthotylinae,Orthotylus,Melanotrichus,Orthotylinae | Orthotylus | Melanotrichus,arabicus E. WAGN.,,6SXRZ,7692159,6SXRZ,7692159
B2973:1:343,"Orthotylus contrarius E. Wagner, 1953","E. Wagner, 1953",Orthotylus,Melanotrichus,contrarius,,species,,B2973:1,accepted,,,B2973:1:334,"Melanotrichus Reuter, 1865",,,,,,Orthotylinae,Orthotylus,Melanotrichus,Orthotylinae | Orthotylus | Melanotrichus,"contrarius E. WAGNER, 1953",,6T9SN,4488106,6T9SN,4488106
B2973:1:344,"Orthotylus haloxyloni E. Wagner, 1956","E. Wagner, 1956",Orthotylus,Melanotrichus,haloxyloni,,species,,B2973:1,accepted,,,B2973:1:334,"Melanotrichus Reuter, 1865",,,,,,Orthotylinae,Orthotylus,Melanotrichus,Orthotylinae | Orthotylus | Melanotrichus,"haloxyloni E. WAGNER, 1956",,759QP,7521616,6SY38,7981732
B2973:1:345,"Orthotylus flavosparsus (C. Sahlberg, 1842)","(C. Sahlberg, 1842)",Orthotylus,Melanotrichus,flavosparsus,,species,,B2973:1,accepted,,,B2973:1:334,"Melanotrichus Reuter, 1865",,,,,,Orthotylinae,Orthotylus,Melanotrichus,Orthotylinae | Orthotylus | Melanotrichus,"flavosparsus (C. SAHLBERG, 1842)",,759T6,2011538,759T6,2011538
B2973:1:346,"Orthotylus viridipunctatus Reuter, 1899","Reuter, 1899",Orthotylus,Melanotrichus,viridipunctatus,,species,,B2973:1,accepted,,,B2973:1:334,"Melanotrichus Reuter, 1865",,,,,,Orthotylinae,Orthotylus,Melanotrichus,Orthotylinae | Orthotylus | Melanotrichus,"viridipunctatus REUTER, 1899",,759T9,7751383,759T6,2011538
B2973:1:347,Orthotylus argenteopunctatus E. Wagn.,E. Wagn.,Orthotylus,Melanotrichus,argenteopunctatus,,species,,B2973:1,accepted,,,B2973:1:334,"Melanotrichus Reuter, 1865",,,,,,Orthotylinae,Orthotylus,Melanotrichus,Orthotylinae | Orthotylus | Melanotrichus,argenteopunctatus E. WAGN.,,74XRZ,8256755,6SY38,7981732
B2973:1:348,"Orthotylus biskrensis E. Wagner, 1965","E. Wagner, 1965",Orthotylus,Melanotrichus,biskrensis,,species,,B2973:1,accepted,,,B2973:1:334,"Melanotrichus Reuter, 1865",,,,,,Orthotylinae,Orthotylus,Melanotrichus,Orthotylinae | Orthotylus | Melanotrichus,"biskrensis E. WAGNER, 1965",,74Y2M,8363779,74Y3C,4488085
B2973:1:349,"Orthotylus arthrophyti E. Wagner, 1969","E. Wagner, 1969",Orthotylus,Melanotrichus,arthrophyti,,species,,B2973:1,accepted,,,B2973:1:334,"Melanotrichus Reuter, 1865",,,,,,Orthotylinae,Orthotylus,Melanotrichus,Orthotylinae | Orthotylus | Melanotrichus,"arthrophyti E. WAGNER, 1969",,6SXSB,7511586,6SXSB,7511586
B2973:1:350,"Orthotylus josifovi E. Wagner, 1959","E. Wagner, 1959",Orthotylus,Melanotrichus,josifovi,,species,,B2973:1,accepted,,,B2973:1:334,"Melanotrichus Reuter, 1865",,,,,,Orthotylinae,Orthotylus,Melanotrichus,Orthotylinae | Orthotylus | Melanotrichus,"josifovi E. WAGNER, 1959",,6T9QX,4488102,6T9QX,4488102
B2973:1:351,"Orthotylus salsolae Reuter, 1875","Reuter, 1875",Orthotylus,Melanotrichus,salsolae,,species,,B2973:1,accepted,,,B2973:1:334,"Melanotrichus Reuter, 1865",,,,,,Orthotylinae,Orthotylus,Melanotrichus,Orthotylinae | Orthotylus | Melanotrichus,"salsolae REUTER, 1875",,6SY6Q,4488098,6SY6Q,4488098
B2973:1:352,"Orthotylus jordanicus E. Wagner, 1963","E. Wagner, 1963",Orthotylus,Melanotrichus,jordanicus,,species,,B2973:1,accepted,,,B2973:1:334,"Melanotrichus Reuter, 1865",,,,,,Orthotylinae,Orthotylus,Melanotrichus,Orthotylinae | Orthotylus | Melanotrichus,"jordanicus E. WAGNER, 1963",,6SY2Q,11005801,6SXRZ,7692159
B2973:1:353,"Orthotylus tantanus E. Wagner, 1971","E. Wagner, 1971",Orthotylus,Melanotrichus,tantanus,,species,,B2973:1,accepted,,,B2973:1:334,"Melanotrichus Reuter, 1865",,,,,,Orthotylinae,Orthotylus,Melanotrichus,Orthotylinae | Orthotylus | Melanotrichus,"tantanus E. WAGNER, 1971",,6SY77,7462793,6SY77,7462793
B2973:1:354,"Orthotylus dimorphus E. Wagner, 1958","E. Wagner, 1958",Orthotylus,Melanotrichus,dimorphus,,species,,B2973:1,accepted,,,B2973:1:334,"Melanotrichus Reuter, 1865",,,,,,Orthotylinae,Orthotylus,Melanotrichus,Orthotylinae | Orthotylus | Melanotrichus,"dimorphus E. WAGNER, 1958",,74XT3,4488108,74XT3,4488108
B2973:1:355,"Orthotylus minutus Jakovleff, 1877","Jakovleff, 1877",Orthotylus,Melanotrichus,minutus,,species,,B2973:1,accepted,,,B2973:1:334,"Melanotrichus Reuter, 1865",,,,,,Orthotylinae,Orthotylus,Melanotrichus,Orthotylinae | Orthotylus | Melanotrichus,"minutus JAKOVLEFF, 1877",,6T9RL,4488103,6T9RL,4488103
B2973:1:356,"Orthotylus dumosus Seidenstücker, 1971","Seidenstücker, 1971",Orthotylus,Melanotrichus,dumosus,,species,,B2973:1,accepted,,,B2973:1:334,"Melanotrichus Reuter, 1865",,,,,,Orthotylinae,Orthotylus,Melanotrichus,Orthotylinae | Orthotylus | Melanotrichus,"dumosus SEIDENSTÜCKER, 1971",,74XT4,7659163,74XT4,7659163
B2973:1:357,"Orthotylus schoberiae Reuter, 1876","Reuter, 1876",Orthotylus,Melanotrichus,schoberiae,,species,,B2973:1,accepted,,,B2973:1:334,"Melanotrichus Reuter, 1865",,,,,,Orthotylinae,Orthotylus,Melanotrichus,Orthotylinae | Orthotylus | Melanotrichus,"schoberiae REUTER, 1876",,6T9V2,4488090,6T9V2,4488090
B2973:1:358,"Orthotylus gracilis Reuter, 1900","Reuter, 1900",Orthotylus,Melanotrichus,gracilis,,species,,B2973:1,accepted,,,B2973:1:334,"Melanotrichus Reuter, 1865",,,,,,Orthotylinae,Orthotylus,Melanotrichus,Orthotylinae | Orthotylus | Melanotrichus,"gracilis REUTER, 1900",,74XSW,8047983,74XSW,8047983
B2973:1:359,"Orthotylus pusillus Reuter, 1883","Reuter, 1883",Orthotylus,Melanotrichus,pusillus,,species,,B2973:1,accepted,,,B2973:1:334,"Melanotrichus Reuter, 1865",,,,,,Orthotylinae,Orthotylus,Melanotrichus,Orthotylinae | Orthotylus | Melanotrichus,"pusillus REUTER, 1883",,759TZ,4488097,759TZ,4488097
B2973:1:360,"Orthotylus rubidus (Puton, 1874)","(Puton, 1874)",Orthotylus,Melanotrichus,rubidus,,species,,B2973:1,accepted,,,B2973:1:334,"Melanotrichus Reuter, 1865",,,,,,Orthotylinae,Orthotylus,Melanotrichus,Orthotylinae | Orthotylus | Melanotrichus,"rubidus (PUTON, 1874)",,6SY6M,4488087,6SY6M,4488087
B2973:1:361,"Orthotylus roseiceps E. Wagner, 1968","E. Wagner, 1968",Orthotylus,Melanotrichus,roseiceps,,species,,B2973:1,accepted,,,B2973:1:334,"Melanotrichus Reuter, 1865",,,,,,Orthotylinae,Orthotylus,Melanotrichus,Orthotylinae | Orthotylus | Melanotrichus,"roseiceps E. WAGNER, 1968",,74Y6K,10948469,74Y3C,4488085
B2973:1:362,"Orthotylus salicorniae Lindberg, 1953","Lindberg, 1953",Orthotylus,Melanotrichus,salicorniae,,species,,B2973:1,accepted,,,B2973:1:334,"Melanotrichus Reuter, 1865",,,,,,Orthotylinae,Orthotylus,Melanotrichus,Orthotylinae | Orthotylus | Melanotrichus,"salicorniae LINDBERG, 1953",,74Y6P,4488105,74Y6P,4488105
B2973:1:363,"Orthotylus curvipennis Reuter, 1875","Reuter, 1875",Orthotylus,Melanotrichus,curvipennis,,species,,B2973:1,accepted,,,B2973:1:334,"Melanotrichus Reuter, 1865",,,,,,Orthotylinae,Orthotylus,Melanotrichus,Orthotylinae | Orthotylus | Melanotrichus,"curvipennis REUTER, 1875",,759SQ,4488091,759SQ,4488091
B2973:1:364,"Orthotylus parvulus Reuter, 1879","Reuter, 1879",Orthotylus,Melanotrichus,parvulus,,species,,B2973:1,accepted,,,B2973:1:334,"Melanotrichus Reuter, 1865",,,,,,Orthotylinae,Orthotylus,Melanotrichus,Orthotylinae | Orthotylus | Melanotrichus,"parvulus REUTER, 1879",,759S4,4488104,759S4,4488104
B2973:1:365,Orthotylus parvistylus E. Wagner 1971,E. Wagner 1971,Orthotylus,Melanotrichus,parvistylus,,species,,B2973:1,accepted,,,B2973:1:334,"Melanotrichus Reuter, 1865",,,,,,Orthotylinae,Orthotylus,Melanotrichus,Orthotylinae | Orthotylus | Melanotrichus,parvistylus E. WAGNER 1971,,759RS,7775452,759RS,7775452
B2973:1:366,"Orthotylus halophilus Lindberg, 1953","Lindberg, 1953",Orthotylus,Melanotrichus,halophilus,,species,,B2973:1,accepted,,,B2973:1:334,"Melanotrichus Reuter, 1865",,,,,,Orthotylinae,Orthotylus,Melanotrichus,Orthotylinae | Orthotylus | Melanotrichus,"halophilus LINDBERG, 1953",,759T8,4488093,759T8,4488093
B2973:1:367,"Orthotylus moncreaffi (Douglas & Scott, 1874)","(Douglas & Scott, 1874)",Orthotylus,Melanotrichus,moncreaffi,,species,,B2973:1,accepted,,,B2973:1:334,"Melanotrichus Reuter, 1865",,,,,,Orthotylinae,Orthotylus,Melanotrichus,Orthotylinae | Orthotylus | Melanotrichus,"moncreaffi (DOUGLAS & SCOTT, 1874)",,74XRM,4488095,74XRM,4488095
B2973:1:368,Orthotylus palustris Reuter 1888,Reuter 1888,Orthotylus,Melanotrichus,palustris,,species,,B2973:1,accepted,,,B2973:1:334,"Melanotrichus Reuter, 1865",,,,,,Orthotylinae,Orthotylus,Melanotrichus,Orthotylinae | Orthotylus | Melanotrichus,palustris REUTER 1888,,74XS4,4488086,74XS4,4488086
B2973:1:369,"Pinocapsus Southwood, 1953","Southwood, 1953",Orthotylus,,,,subgenus,,B2973:1,accepted,,,B2973:1:286,"Orthotylus Fieber, 1858",,,,,,Orthotylinae,Orthotylus,Pinocapsus,Orthotylinae | Orthotylus,"Pinocapsus SOUTHWOOD, 1953",,,,,
B2973:1:370,"Orthotylus fuscescens (Kirschbaum, 1856)","(Kirschbaum, 1856)",Orthotylus,Pinocapsus,fuscescens,,species,,B2973:1,accepted,,,B2973:1:369,"Pinocapsus Southwood, 1953",,,,,,Orthotylinae,Orthotylus,Pinocapsus,Orthotylinae | Orthotylus | Pinocapsus,"fuscescens (KIRSCHBAUM, 1856)",,74XSV,4488039,74XSV,4488039
B2973:1:371,"Orthotylus cupressi Reuter, 1883","Reuter, 1883",Orthotylus,Pinocapsus,cupressi,,species,,B2973:1,accepted,,,B2973:1:369,"Pinocapsus Southwood, 1953",,,,,,Orthotylinae,Orthotylus,Pinocapsus,Orthotylinae | Orthotylus | Pinocapsus,"cupressi REUTER, 1883",,74Y52,4488042,74Y52,4488042
B2973:1:372,"Orthotylus callitris Lindberg, 1940","Lindberg, 1940",Orthotylus,Pinocapsus,callitris,,species,,B2973:1,accepted,,,B2973:1:369,"Pinocapsus Southwood, 1953",,,,,,Orthotylinae,Orthotylus,Pinocapsus,Orthotylinae | Orthotylus | Pinocapsus,"callitris LINDBERG, 1940",,74Y4G,7624194,74Y4G,7624194
B2973:1:373,"Neopachylops E. Wagner, 1956","E. Wagner, 1956",Orthotylus,,,,subgenus,,B2973:1,accepted,,,B2973:1:286,"Orthotylus Fieber, 1858",,,,,,Orthotylinae,Orthotylus,Neopachylops,Orthotylinae | Orthotylus,"Neopachylops E. WAGNER, 1956",,,,,
B2973:1:374,"Orthotylus virescens (Douglas & Scott, 1865)","(Douglas & Scott, 1865)",Orthotylus,Neopachylops,virescens,,species,,B2973:1,accepted,,,B2973:1:373,"Neopachylops E. Wagner, 1956",,,,,,Orthotylinae,Orthotylus,Neopachylops,Orthotylinae | Orthotylus | Neopachylops,"virescens (DOUGLAS & SCOTT, 1865)",,74XT9,4488119,74XT9,4488119
B2973:1:375,"Orthotylus griseinervis E. Wagner, 1960","E. Wagner, 1960",Orthotylus,Neopachylops,griseinervis,,species,,B2973:1,accepted,,,B2973:1:373,"Neopachylops E. Wagner, 1956",,,,,,Orthotylinae,Orthotylus,Neopachylops,Orthotylinae | Orthotylus | Neopachylops,"griseinervis E. WAGNER, 1960",,74XT8,4488125,74XT9,4488119
B2973:1:376,"Orthotylus membraneus Lindberg, 1940","Lindberg, 1940",Orthotylus,Neopachylops,membraneus,,species,,B2973:1,accepted,,,B2973:1:373,"Neopachylops E. Wagner, 1956",,,,,,Orthotylinae,Orthotylus,Neopachylops,Orthotylinae | Orthotylus | Neopachylops,"membraneus LINDBERG, 1940",,759RJ,7532182,759RJ,7532182
B2973:1:377,"Orthotylus carinatus E. Wagner, 1968","E. Wagner, 1968",Orthotylus,Neopachylops,carinatus,,species,,B2973:1,accepted,,,B2973:1:373,"Neopachylops E. Wagner, 1956",,,,,,Orthotylinae,Orthotylus,Neopachylops,Orthotylinae | Orthotylus | Neopachylops,"carinatus E. WAGNER, 1968",,6SY4H,7845459,6SY4H,7845459
B2973:1:378,"Orthotylus maurus E. Wagner, 1969","E. Wagner, 1969",Orthotylus,Neopachylops,maurus,,species,,B2973:1,accepted,,,B2973:1:373,"Neopachylops E. Wagner, 1956",,,,,,Orthotylinae,Orthotylus,Neopachylops,Orthotylinae | Orthotylus | Neopachylops,"maurus E. WAGNER, 1969",,759RH,7973349,759RH,7973349
B2973:1:379,"Orthotylus junipericola Linnavuori, 1965","Linnavuori, 1965",Orthotylus,Neopachylops,junipericola,,species,,B2973:1,accepted,,,B2973:1:373,"Neopachylops E. Wagner, 1956",,,,,,Orthotylinae,Orthotylus,Neopachylops,Orthotylinae | Orthotylus | Neopachylops,"junipericola LINNAVUORI, 1965",,74XQX,4488076,74XQX,4488076
B2973:1:380,Orthotylus junipericola subsp. regularis Linnavuori 1965,Linnavuori 1965,Orthotylus,Neopachylops,junipericola,regularis,subspecies,,B2973:1,accepted,,,B2973:1:379,"Orthotylus junipericola Linnavuori, 1965",,,,,,Orthotylinae,Orthotylus,Neopachylops,Orthotylinae | Orthotylus | Neopachylops | Orthotylus junipericola,subsp. regularis LINNAVUORI 1965,,RMC5F,11435174,74XQX,11435174
B2973:1:381,"Orthotylus junipericola subsp. contractulus Linnavuori, 1965","Linnavuori, 1965",Orthotylus,Neopachylops,junipericola,contractulus,subspecies,,B2973:1,accepted,,,B2973:1:379,"Orthotylus junipericola Linnavuori, 1965",,,,,,Orthotylinae,Orthotylus,Neopachylops,Orthotylinae | Orthotylus | Neopachylops | Orthotylus junipericola,"subsp. contractulus LINNAVUORI, 1965",,5K37K,8932279,74XQX,4488076
B2973:1:382,"Orthotylus junipericola subsp. terminalis Linnavuori, 1965","Linnavuori, 1965",Orthotylus,Neopachylops,junipericola,terminalis,subspecies,,B2973:1,accepted,,,B2973:1:379,"Orthotylus junipericola Linnavuori, 1965",,,,,,Orthotylinae,Orthotylus,Neopachylops,Orthotylinae | Orthotylus | Neopachylops | Orthotylus junipericola,"subsp. terminalis LINNAVUORI, 1965",,RM9SC,,74XQX,
B2973:1:383,"Orthotylus spartiicola Reuter, 1904","Reuter, 1904",Orthotylus,Neopachylops,spartiicola,,species,,B2973:1,accepted,,,B2973:1:373,"Neopachylops E. Wagner, 1956",,,,,,Orthotylinae,Orthotylus,Neopachylops,Orthotylinae | Orthotylus | Neopachylops,"spartiicola REUTER, 1904",,74XV4,7376292,74XV4,7376292
B2973:1:384,"Orthotylus thymelaeae E. Wagner, 1965","E. Wagner, 1965",Orthotylus,Neopachylops,thymelaeae,,species,,B2973:1,accepted,,,B2973:1:373,"Neopachylops E. Wagner, 1956",,,,,,Orthotylinae,Orthotylus,Neopachylops,Orthotylinae | Orthotylus | Neopachylops,"thymelaeae E. WAGNER, 1965",,6SXV8,4488124,6SXV8,4488124
B2973:1:385,"Orthotylus concolor (Kirschbaum, 1856)","(Kirschbaum, 1856)",Orthotylus,Neopachylops,concolor,,species,,B2973:1,accepted,,,B2973:1:373,"Neopachylops E. Wagner, 1956",,,,,,Orthotylinae,Orthotylus,Neopachylops,Orthotylinae | Orthotylus | Neopachylops,"concolor (KIRSCHBAUM, 1856)",,74Y4M,4488122,74Y4M,4488122
B2973:1:386,"Orthotylus adenocarpi (Perris, 1857)","(Perris, 1857)",Orthotylus,Neopachylops,adenocarpi,,species,,B2973:1,accepted,,,B2973:1:373,"Neopachylops E. Wagner, 1956",,,,,,Orthotylinae,Orthotylus,Neopachylops,Orthotylinae | Orthotylus | Neopachylops,"adenocarpi (PERRIS, 1857)",,74Y48,4488127,74Y48,4488127
B2973:1:387,"Orthotylus adenocarpi subsp. adenocarpi (Perris, 1857)","(Perris, 1857)",Orthotylus,Neopachylops,adenocarpi,adenocarpi,subspecies,,B2973:1,accepted,,,B2973:1:386,"Orthotylus adenocarpi (Perris, 1857)",,,,,,Orthotylinae,Orthotylus,Neopachylops,Orthotylinae | Orthotylus | Neopachylops | Orthotylus adenocarpi,"subsp. adenocarpi (PERRIS, 1857)",,5K37G,4488128,74Y48,4488127
B2973:1:388,"Orthotylus adenocarpi subsp. purgantis E. Wagner, 1957","E. Wagner, 1957",Orthotylus,Neopachylops,adenocarpi,purgantis,subspecies,,B2973:1,accepted,,,B2973:1:386,"Orthotylus adenocarpi (Perris, 1857)",,,,,,Orthotylinae,Orthotylus,Neopachylops,Orthotylinae | Orthotylus | Neopachylops | Orthotylus adenocarpi,"subsp. purgantis E. WAGNER, 1957",,RM9QD,4488130,74Y48,4488130
B2973:1:389,"Orthotylus adenocarpi subsp. maroccanus E. Wagner, 1958","E. Wagner, 1958",Orthotylus,Neopachylops,adenocarpi,maroccanus,subspecies,,B2973:1,accepted,,,B2973:1:386,"Orthotylus adenocarpi (Perris, 1857)",,,,,,Orthotylinae,Orthotylus,Neopachylops,Orthotylinae | Orthotylus | Neopachylops | Orthotylus adenocarpi,"subsp. maroccanus E. WAGNER, 1958",,5K37H,11025889,74Y48,4488127
B2973:1:390,"Orthotylus beieri E. Wagner, 1942","E. Wagner, 1942",Orthotylus,Neopachylops,beieri,,species,,B2973:1,accepted,,,B2973:1:373,"Neopachylops E. Wagner, 1956",,,,,,Orthotylinae,Orthotylus,Neopachylops,Orthotylinae | Orthotylus | Neopachylops,"beieri E. WAGNER, 1942",,74Y4C,4488118,74Y4C,4488118
B2973:1:391,"Orthotylus cornichus E. Wagner, 1969","E. Wagner, 1969",Orthotylus,Neopachylops,cornichus,,species,,B2973:1,accepted,,,B2973:1:373,"Neopachylops E. Wagner, 1956",,,,,,Orthotylinae,Orthotylus,Neopachylops,Orthotylinae | Orthotylus | Neopachylops,"cornichus E. WAGNER, 1969",,759SP,7766288,759SP,7766288
B2973:1:392,"Orthotylus hodiernus Linnavuori, 1961","Linnavuori, 1961",Orthotylus,Neopachylops,hodiernus,,species,,B2973:1,accepted,,,B2973:1:373,"Neopachylops E. Wagner, 1956",,,,,,Orthotylinae,Orthotylus,Neopachylops,Orthotylinae | Orthotylus | Neopachylops,"hodiernus LINNAVUORI, 1961",,6SXQW,8218379,6SXQW,8218379
B2973:1:393,"Mecomma Fieber, 1858","Fieber, 1858",,,,,genus,,B2973:1,accepted,,,B2973:1:148,"Orthotylinae Van Duzee, 1916",,,,,,Orthotylinae,Mecomma,,Orthotylinae,"Mecomma FIEBER, 1858",,5MDY,2011272,5MDY,2011272
B2973:1:394,"Mecomma ambulans (Fallén, 1807)","(Fallén, 1807)",Mecomma,,ambulans,,species,,B2973:1,accepted,,,B2973:1:393,"Mecomma Fieber, 1858",,,,,,Orthotylinae,Mecomma,,Orthotylinae | Mecomma,"ambulans (FALLÉN, 1807)",,3YLFT,2011276,3YLFT,2011276
B2973:1:395,"Cyrtorrhinus Fieber, 1858","Fieber, 1858",,,,,genus,,B2973:1,accepted,,,B2973:1:148,"Orthotylinae Van Duzee, 1916",,,,,,Orthotylinae,Cyrtorrhinus,,Orthotylinae,"Cyrtorrhinus FIEBER, 1858",,NCT8J,5430878,3YZR,1169487
B2973:1:396,"Cyrtorrhinus caricis (Fallén, 1807)","(Fallén, 1807)",Cyrtorrhinus,,caricis,,species,,B2973:1,accepted,,,B2973:1:395,"Cyrtorrhinus Fieber, 1858",,,,,,Orthotylinae,Cyrtorrhinus,,Orthotylinae | Cyrtorrhinus,"caricis (FALLÉN, 1807)",,NCT8P,12015148,33NN4,2010209
B2973:1:397,"Fieberocapsus Carvalho & Southwood, 1955","Carvalho & Southwood, 1955",,,,,genus,,B2973:1,accepted,,,B2973:1:148,"Orthotylinae Van Duzee, 1916",,,,,,Orthotylinae,Fieberocapsus,,Orthotylinae,"Fieberocapsus CARVALHO & SOUTHWOOD, 1955",,634NX,2010961,634NX,2010961
B2973:1:398,"Fieberocapsus flaveolus (Reuter, 1870)","(Reuter, 1870)",Fieberocapsus,,flaveolus,,species,,B2973:1,accepted,,,B2973:1:397,"Fieberocapsus Carvalho & Southwood, 1955",,,,,,Orthotylinae,Fieberocapsus,,Orthotylinae | Fieberocapsus,"flaveolus (REUTER, 1870)",,6HYT3,2010962,6HYT3,2010962
B2973:1:399,"Pseudoloxops Kirkaldy, 1905","Kirkaldy, 1905",,,,,genus,,B2973:1,accepted,,,B2973:1:148,"Orthotylinae Van Duzee, 1916",,,,,,Orthotylinae,Pseudoloxops,,Orthotylinae,"Pseudoloxops KIRKALDY, 1905",,72HC,2009239,72HC,2009239
B2973:1:400,Aretas Distant 1909,Distant 1909,,,,,genus,,B2973:1,synonym,B2973:1:399,"Pseudoloxops Kirkaldy, 1905",,,,,,,,Orthotylinae,Aretas,,Orthotylinae,Aretas DISTANT 1909,,LV3B5,4776679,72HC,4776679
B2973:1:401,"Pseudoloxops coccinea (Meyer-Dür, 1843)","(Meyer-Dür, 1843)",Pseudoloxops,,coccinea,,species,,B2973:1,accepted,,,B2973:1:399,"Pseudoloxops Kirkaldy, 1905",,,,,,Orthotylinae,Pseudoloxops,,Orthotylinae | Pseudoloxops,"coccinea (MEYER-DÜR, 1843)",,4NZXL,2009240,4NZXL,2009240
B2973:1:402,"Canariocoris Lindberg, 1951","Lindberg, 1951",,,,,genus,,B2973:1,accepted,,,B2973:1:148,"Orthotylinae Van Duzee, 1916",,,,,,Orthotylinae,Canariocoris,,Orthotylinae,"Canariocoris LINDBERG, 1951",,3GQ4,4405939,3GQ4,4405939
B2973:1:403,"Canariocoris viburni (Lindberg, 1953)","(Lindberg, 1953)",Canariocoris,,viburni,,species,,B2973:1,accepted,,,B2973:1:402,"Canariocoris Lindberg, 1951",,,,,,Orthotylinae,Canariocoris,,Orthotylinae | Canariocoris,"viburni (LINDBERG, 1953)",,699QX,4487959,699QX,4487959
B2973:1:404,"Canariocoris pinicola (Lindberg, 1953)","(Lindberg, 1953)",Canariocoris,,pinicola,,species,,B2973:1,accepted,,,B2973:1:402,"Canariocoris Lindberg, 1951",,,,,,Orthotylinae,Canariocoris,,Orthotylinae | Canariocoris,"pinicola (LINDBERG, 1953)",,68Y2X,4487967,68Y2X,4487967
B2973:1:405,"Canariocoris punctatus (Noualhier, 1893)","(Noualhier, 1893)",Canariocoris,,punctatus,,species,,B2973:1,accepted,,,B2973:1:402,"Canariocoris Lindberg, 1951",,,,,,Orthotylinae,Canariocoris,,Orthotylinae | Canariocoris,"punctatus (NOUALHIER, 1893)",,68Y39,4487964,68Y39,4487964
B2973:1:406,"Canariocoris argyranthemi Lindberg, 1951","Lindberg, 1951",Canariocoris,,argyranthemi,,species,,B2973:1,synonym,B2973:1:405,"Canariocoris punctatus (Noualhier, 1893)",,,,,,,,Orthotylinae,Canariocoris,,Orthotylinae | Canariocoris,"argyranthemi LINDBERG, 1951",,5X9QX,8210082,68Y39,4487964
B2973:1:407,Canariocoris zollikoferiae Ldbg. 1951,Ldbg. 1951,Canariocoris,,zollikoferiae,,species,,B2973:1,synonym,B2973:1:405,"Canariocoris punctatus (Noualhier, 1893)",,,,,,,,Orthotylinae,Canariocoris,,Orthotylinae | Canariocoris,zollikoferiae LDBG. 1951,,699R9,7389842,68Y39,4487964
B2973:1:408,"Canariocoris euphorbiae Lindberg, 1951","Lindberg, 1951",Canariocoris,,euphorbiae,,species,,B2973:1,accepted,,,B2973:1:402,"Canariocoris Lindberg, 1951",,,,,,Orthotylinae,Canariocoris,,Orthotylinae | Canariocoris,"euphorbiae LINDBERG, 1951",,68XQX,4487966,68XQX,4487966
B2973:1:409,"Canariocoris hyperici Lindberg, 1951","Lindberg, 1951",Canariocoris,,hyperici,,species,,B2973:1,accepted,,,B2973:1:402,"Canariocoris Lindberg, 1951",,,,,,Orthotylinae,Canariocoris,,Orthotylinae | Canariocoris,"hyperici LINDBERG, 1951",,68XR9,4487961,68XR9,4487961
B2973:1:410,"Canariocoris antennalis (Reuter, 1904)","(Reuter, 1904)",Canariocoris,,antennalis,,species,,B2973:1,accepted,,,B2973:1:402,"Canariocoris Lindberg, 1951",,,,,,Orthotylinae,Canariocoris,,Orthotylinae | Canariocoris,"antennalis (REUTER, 1904)",,5WY2X,4487962,5WY2X,4487962
B2973:1:411,"Philophorinae Douglas & Scott, 1876","Douglas & Scott, 1876",,,,,subfamily,,B2973:1,accepted,,,,,,,,,,Philophorinae,,,,"Philophorinae DOUGLAS & SCOTT, 1876",,,,,
B2973:1:412,"Hypseloecus Reuter, 1891","Reuter, 1891",,,,,genus,,B2973:1,accepted,,,B2973:1:411,"Philophorinae Douglas & Scott, 1876",,,,,,Philophorinae,Hypseloecus,,Philophorinae,"Hypseloecus REUTER, 1891",,52Z8,4406671,52Z8,4406671
B2973:1:413,"Hypseloecus visci (Puton, 1880)","(Puton, 1880)",Hypseloecus,,visci,,species,,B2973:1,accepted,,,B2973:1:412,"Hypseloecus Reuter, 1891",,,,,,Philophorinae,Hypseloecus,,Philophorinae | Hypseloecus,"visci (PUTON, 1880)",,3P373,4488158,3P373,4488158
B2973:1:414,"Pilophorus Hahn, 1825","Hahn, 1825",,,,,genus,,B2973:1,accepted,,,B2973:1:411,"Philophorinae Douglas & Scott, 1876",,,,,,Philophorinae,Pilophorus,,Philophorinae,"Pilophorus HAHN, 1825",,87JRQ,2010494,87JRQ,2010494
B2973:1:415,Pilophorus sinuaticollis Reut.,Reut.,Pilophorus,,sinuaticollis,,species,,B2973:1,accepted,,,B2973:1:414,"Pilophorus Hahn, 1825",,,,,,Philophorinae,Pilophorus,,Philophorinae | Pilophorus,sinuaticollis REUT.,,6VJSP,7956388,6VJSP,7956388
B2973:1:416,"Pilophorus cinnamopterus (Kirschbaum, 1856)","(Kirschbaum, 1856)",Pilophorus,,cinnamopterus,,species,,B2973:1,accepted,,,B2973:1:414,"Pilophorus Hahn, 1825",,,,,,Philophorinae,Pilophorus,,Philophorinae | Pilophorus,"cinnamopterus (KIRSCHBAUM, 1856)",,6VJTL,5759170,6VJTL,5759170
B2973:1:417,"Pilophorus scutellaris Reuter, 1902","Reuter, 1902",Pilophorus,,scutellaris,,species,,B2973:1,accepted,,,B2973:1:414,"Pilophorus Hahn, 1825",,,,,,Philophorinae,Pilophorus,,Philophorinae | Pilophorus,"scutellaris REUTER, 1902",,6VJSM,8404184,6VJSM,8404184
B2973:1:418,"Pilophorus clavatus (Linné, 1767)","(Linné, 1767)",Pilophorus,,clavatus,,species,,B2973:1,accepted,,,B2973:1:414,"Pilophorus Hahn, 1825",,,,,,Philophorinae,Pilophorus,,Philophorinae | Pilophorus,"clavatus (LINNÉ, 1767)",,6VK5L,2010559,6VK5L,2010559
B2973:1:419,"Pilophorus perplexus (Douglas & Scott, 1875)","(Douglas & Scott, 1875)",Pilophorus,,perplexus,,species,,B2973:1,accepted,,,B2973:1:414,"Pilophorus Hahn, 1825",,,,,,Philophorinae,Pilophorus,,Philophorinae | Pilophorus,"perplexus (DOUGLAS & SCOTT, 1875)",,6VJSJ,5152788,6VJSJ,5152788
B2973:1:420,"Pilophorus pusillus Reuter, 1858","Reuter, 1858",Pilophorus,,pusillus,,species,,B2973:1,accepted,,,B2973:1:414,"Pilophorus Hahn, 1825",,,,,,Philophorinae,Pilophorus,,Philophorinae | Pilophorus,"pusillus REUTER, 1858",,77JSK,6096755,77JSK,6096755
B2973:1:421,"Pilophorus confusus (Kirschbaum, 1856)","(Kirschbaum, 1856)",Pilophorus,,confusus,,species,,B2973:1,accepted,,,B2973:1:414,"Pilophorus Hahn, 1825",,,,,,Philophorinae,Pilophorus,,Philophorinae | Pilophorus,"confusus (KIRSCHBAUM, 1856)",,6VK5N,5152784,6VK5N,5152784
B2973:1:422,Pilophorus gallicus Remane 1954,Remane 1954,Pilophorus,,gallicus,,species,,B2973:1,accepted,,,B2973:1:414,"Pilophorus Hahn, 1825",,,,,,Philophorinae,Pilophorus,,Philophorinae | Pilophorus,gallicus REMANE 1954,,77JTT,8133137,77JTT,8133137
B2973:1:423,Pilophorus ponderosus Linnav. 1962,Linnav. 1962,Pilophorus,,ponderosus,,species,,B2973:1,synonym,B2973:1:422,Pilophorus gallicus Remane 1954,,,,,,,,Philophorinae,Pilophorus,,Philophorinae | Pilophorus,ponderosus LINNAV. 1962,,6VK4L,7354910,6VK5N,5152784
B2973:1:424,"Pilophorus angustulus Reuter, 1888","Reuter, 1888",Pilophorus,,angustulus,,species,,B2973:1,accepted,,,B2973:1:414,"Pilophorus Hahn, 1825",,,,,,Philophorinae,Pilophorus,,Philophorinae | Pilophorus,"angustulus REUTER, 1888",,77K3D,7660012,77K3D,7660012
B2973:1:425,"Cylapinae Kirkaldy, 1903","Kirkaldy, 1903",,,,,subfamily,,B2973:1,accepted,,,,,,,,,,Cylapinae,,,,"Cylapinae KIRKALDY, 1903",,,,,
B2973:1:426,"Fulviini Uhler, 1886","Uhler, 1886",,,,,tribe,,B2973:1,accepted,,,B2973:1:425,"Cylapinae Kirkaldy, 1903",,,,,,Cylapinae,,,Cylapinae,"Fulviini UHLER, 1886",,,,,
B2973:1:427,"Fulvius Stål, 1862)","Stål, 1862)",,,,,genus,,B2973:1,accepted,,,B2973:1:426,"Fulviini Uhler, 1886",,,,,,Cylapinae,Fulvius,,Cylapinae | Fulviini,"Fulvius STÅL, 1862)",,4LCX,2009917,4LCX,2009917
B2973:1:428,"Fulvius punctum-album (Rossi, 1790)","(Rossi, 1790)",Fulvius,,punctum-album,,species,,B2973:1,accepted,,,B2973:1:427,"Fulvius Stål, 1862)",,,,,,Cylapinae,Fulvius,,Cylapinae | Fulviini | Fulvius,"punctum-album (ROSSI, 1790)",,6JRYR,7705408,6JRYN,4487284
B2973:1:429,Fulvius oxycarenoides Reut.,Reut.,Fulvius,,oxycarenoides,,species,,B2973:1,synonym,B2973:1:428,"Fulvius punctum-album (Rossi, 1790)",,,,,,,,Cylapinae,Fulvius,,Cylapinae | Fulviini | Fulvius,oxycarenoides REUT.,,6JRYN,4487284,6JRYN,4487284
B2973:1:430,Cylapini,,,,,,tribe,s. str.,B2973:1,accepted,,,B2973:1:425,"Cylapinae Kirkaldy, 1903",,,,,,Cylapinae,,,Cylapinae,Cylapini s. str.,,,,,
B2973:1:431,Bothriomirini Kirk.,Kirk.,,,,,tribe,,B2973:1,accepted,,,B2973:1:425,"Cylapinae Kirkaldy, 1903",,,,,,Cylapinae,,,Cylapinae,Bothriomirini KIRK.,,,,,
B2973:1:432,"Hallodapinae van Duzee, 1916","van Duzee, 1916",,,,,subfamily,,B2973:1,accepted,,,,,,,,,,Hallodapinae,,,,"Hallodapinae van DUZEE, 1916",,,,,
B2973:1:433,Systellonotinae Reut. 1912,Reut. 1912,,,,,subfamily,,B2973:1,synonym,B2973:1:432,"Hallodapinae van Duzee, 1916",,,,,,,,Systellonotinae,,,,Systellonotinae REUT. 1912,,,,,
B2973:1:434,Aeolocorini E. Wagner 1970,E. Wagner 1970,,,,,tribe,,B2973:1,accepted,,,B2973:1:432,"Hallodapinae van Duzee, 1916",,,,,,Hallodapinae,,,Hallodapinae,Aelocorini E. WAGNER 1970,,,,,
B2973:1:435,"Aeolocoris Reuter, 1903","Reuter, 1903",,,,,genus,,B2973:1,accepted,,,B2973:1:434,Aeolocorini E. Wagner 1970,,,,,,Hallodapinae,Aeolocoris,,Hallodapinae | Aeolocorini,"Aelocoris REUTER, 1903",,PPS,4777476,PPS,4777476
B2973:1:436,Caxinonotus Lindberg 1956,Lindberg 1956,,,,,genus,,B2973:1,synonym,B2973:1:435,"Aeolocoris Reuter, 1903",,,,,,,,Hallodapinae,Caxinonotus,,Hallodapinae | Aeolocorini,Caxinonotus LINDBERG 1956,,,,,
B2973:1:437,Saharocylapus E. Wagner 1959,E. Wagner 1959,,,,,genus,,B2973:1,synonym,B2973:1:435,"Aeolocoris Reuter, 1903",,,,,,,,Hallodapinae,Saharocylapus,,Hallodapinae | Aeolocorini,Saharocylapus E. WAGNER 1959,,,4773714,,4773714
B2973:1:438,"Aeolocoris alboconspersus Reuter, 1903","Reuter, 1903",Aeolocoris,,alboconspersus,,species,,B2973:1,accepted,,,B2973:1:435,"Aeolocoris Reuter, 1903",,,,,,Hallodapinae,Aeolocoris,,Hallodapinae | Aeolocorini | Aeolocoris,"alboconspersus REUTER, 1903",,659KQ,7677434,659KQ,7677434
B2973:1:439,Carinonotus phytocoroides Lindberg 1956,Lindberg 1956,Carinonotus,,phytocoroides,,species,,B2973:1,synonym,B2973:1:438,"Aeolocoris alboconspersus Reuter, 1903",,,,,,,,Hallodapinae,Aeolocoris,,Hallodapinae | Aeolocorini | Aeolocoris,Carinonotus phytocoroides LINDBERG 1956,,RDPR,7556270,659KQ,7677434
B2973:1:440,"Aeolocoris vidali (E. Wagner, 1959)","(E. Wagner, 1959)",Aeolocoris,,vidali,,species,,B2973:1,accepted,,,B2973:1:435,"Aeolocoris Reuter, 1903",,,,,,Hallodapinae,Aeolocoris,,Hallodapinae | Aeolocorini | Aeolocoris,"vidali (E. WAGNER, 1959)",,659KS,8190736,659KQ,7677434
B2973:1:441,Acrorrhinium,,,,,,genus,,B2973:1,accepted,,,B2973:1:434,Aeolocorini E. Wagner 1970,,,,,,Hallodapinae,Acrorrhinium,,Hallodapinae | Aeolocorini,Acrorrhinium,,62864,3265676,62864,3265676
B2973:1:442,"Acrorrhinium conspersus Noualhier, 1895","Noualhier, 1895",Acrorrhinium,,conspersus,,species,,B2973:1,accepted,,,B2973:1:441,Acrorrhinium,,,,,,Hallodapinae,Acrorrhinium,,Hallodapinae | Aeolocorini | Acrorrhinium,"conspersus NOUALHIER, 1895",,9PHG,8367470,9PHG,8367470
B2973:1:443,"Cremnocephalini Reuter, 1909","Reuter, 1909",,,,,tribe,,B2973:1,accepted,,,B2973:1:432,"Hallodapinae van Duzee, 1916",,,,,,Hallodapinae,,,Hallodapinae,"Cremnocephalini REUTER, 1909",,,,,
B2973:1:444,"Cremnocephalus Fieber, 1861","Fieber, 1861",,,,,genus,,B2973:1,accepted,,,B2973:1:443,"Cremnocephalini Reuter, 1909",,,,,,Hallodapinae,Cremnocephalus,,Hallodapinae | Cremnocephalini,"Cremnocephalus FIEBER, 1861",,3VHX,4405671,3VHX,4405671
B2973:1:445,"Cremnocephalus albolineatus Reuter, 1875","Reuter, 1875",Cremnocephalus,,albolineatus,,species,,B2973:1,accepted,,,B2973:1:444,"Cremnocephalus Fieber, 1861",,,,,,Hallodapinae,Cremnocephalus,,Hallodapinae | Cremnocephalini | Cremnocephalus,"albolineatus REUTER, 1875",,ZBZG,4488760,ZBZG,4488760
B2973:1:446,"Cremnocephalus alpestris E. Wagner, 1941","E. Wagner, 1941",Cremnocephalus,,alpestris,,species,,B2973:1,accepted,,,B2973:1:444,"Cremnocephalus Fieber, 1861",,,,,,Hallodapinae,Cremnocephalus,,Hallodapinae | Cremnocephalini | Cremnocephalus,"alpestris E. WAGNER, 1941",,ZBZH,4488758,ZBZH,4488758
B2973:1:447,Hallodapini,,,,,,tribe,s. str.,B2973:1,accepted,,,B2973:1:432,"Hallodapinae van Duzee, 1916",,,,,,Hallodapinae,,,Hallodapinae,Hallodapini s. str.,,,,,
B2973:1:448,"Myrmicomimus Reuter, 1881","Reuter, 1881",,,,,genus,,B2973:1,accepted,,,B2973:1:447,Hallodapini,,,,,,Hallodapinae,Myrmicomimus,,Hallodapinae | Hallodapini,"Myrmecomimus REUTER, 1881",,5WPG,4407099,5WPG,4407099
B2973:1:449,"Myrmicomimus variegatus (Costa, 1838)","(Costa, 1838)",Myrmicomimus,,variegatus,,species,,B2973:1,accepted,,,B2973:1:448,"Myrmicomimus Reuter, 1881",,,,,,Hallodapinae,Myrmicomimus,,Hallodapinae | Hallodapini | Myrmicomimus,"variegatus (COSTA, 1838)",,6RT8P,4488764,6RT8P,4488764
B2973:1:450,"Omphalonotus Reuter, 1876","Reuter, 1876",,,,,genus,,B2973:1,accepted,,,B2973:1:447,Hallodapini,,,,,,Hallodapinae,Omphalonotus,,Hallodapinae | Hallodapini,"Omphalonotus REUTER, 1876",,63G96,4488766,63G96,4488766
B2973:1:451,"Omphalonotus quadriguttatus (Kirschbaum, 1856)","(Kirschbaum, 1856)",Omphalonotus,,quadriguttatus,,species,,B2973:1,accepted,,,B2973:1:450,"Omphalonotus Reuter, 1876",,,,,,Hallodapinae,Omphalonotus,,Hallodapinae | Hallodapini | Omphalonotus,"quadriguttatus (KIRSCHBAUM, 1856)",,49F2Z,4488767,49F2Z,4488767
B2973:1:452,Systellonotus motelayi Lambertie 1906,Lambertie 1906,Systellonotus,,motelayi,,species,,B2973:1,synonym,B2973:1:451,"Omphalonotus quadriguttatus (Kirschbaum, 1856)",,,,,,,,Hallodapinae,Omphalonotus,,Hallodapinae | Hallodapini | Omphalonotus,Systellonotus motelayi LAMBERTIE 1906,,544NS,7895939,49F2Z,4488767
B2973:1:453,"Alloeomimus Reuter, 1910","Reuter, 1910",,,,,genus,,B2973:1,accepted,,,B2973:1:447,Hallodapini,,,,,,Hallodapinae,Alloeomimus,,Hallodapinae | Hallodapini,"Alloeomimus REUTER, 1910",,SBJ,4488770,SBJ,4488770
B2973:1:454,"Alloeomimus unifasciatus (Reuter, 1879)","(Reuter, 1879)",Alloeomimus,,unifasciatus,,species,,B2973:1,accepted,,,B2973:1:453,"Alloeomimus Reuter, 1910",,,,,,Hallodapinae,Alloeomimus,,Hallodapinae | Hallodapini | Alloeomimus,"unifasciatus (REUTER, 1879)",,65WN9,4488771,65WN9,4488771
B2973:1:455,"Alloeomimus kurdus Hoberlandt, 1953","Hoberlandt, 1953",Alloeomimus,,kurdus,,species,,B2973:1,accepted,,,B2973:1:453,"Alloeomimus Reuter, 1910",,,,,,Hallodapinae,Alloeomimus,,Hallodapinae | Hallodapini | Alloeomimus,"kurdus HOBERLANDT, 1953",,BWJ6,7911738,BWJ6,7911738
B2973:1:456,"Systellonotus Fieber, 1858","Fieber, 1858",,,,,genus,,B2973:1,accepted,,,B2973:1:447,Hallodapini,,,,,,Hallodapinae,Systellonotus,,Hallodapinae | Hallodapini,"Systellonotus FIEBER, 1858",,7RMV,4405610,7RMV,4405610
B2973:1:457,"Systellonotus insularis E. Wagner, 1948","E. Wagner, 1948",Systellonotus,,insularis,,species,,B2973:1,accepted,,,B2973:1:456,"Systellonotus Fieber, 1858",,,,,,Hallodapinae,Systellonotus,,Hallodapinae | Hallodapini | Systellonotus,"insularis E. WAGNER, 1948",,544NK,4488796,544NK,4488796
B2973:1:458,"Systellonotus triguttatus (Linné, 1767)","(Linné, 1767)",Systellonotus,,triguttatus,,species,,B2973:1,accepted,,,B2973:1:456,"Systellonotus Fieber, 1858",,,,,,Hallodapinae,Systellonotus,,Hallodapinae | Hallodapini | Systellonotus,"triguttatus (LINNÉ, 1767)",,544P2,4488793,544P2,4488793
B2973:1:459,"Systellonotus kiritschenkoi Poppius, 1912","Poppius, 1912",Systellonotus,,kiritschenkoi,,species,,B2973:1,accepted,,,B2973:1:456,"Systellonotus Fieber, 1858",,,,,,Hallodapinae,Systellonotus,,Hallodapinae | Hallodapini | Systellonotus,"kiritschenkoi POPPIUS, 1912",,544NM,8012887,544NH,4488788
B2973:1:460,Systellonotus skopljensis Kormilev 1948,Kormilev 1948,Systellonotus,,skopljensis,,species,,B2973:1,synonym,B2973:1:459,"Systellonotus kiritschenkoi Poppius, 1912",,,,,,,,Hallodapinae,Systellonotus,,Hallodapinae | Hallodapini | Systellonotus,skopljensis KORMILEV 1948,,544NW,7996268,544NH,4488788
B2973:1:461,"Systellonotus championi Reuter, 1903","Reuter, 1903",Systellonotus,,championi,,species,,B2973:1,accepted,,,B2973:1:456,"Systellonotus Fieber, 1858",,,,,,Hallodapinae,Systellonotus,,Hallodapinae | Hallodapini | Systellonotus,"championi REUTER, 1903",,544NG,4488792,544NG,4488792
B2973:1:462,"Systellonotus weberi E. Wagner, 1955","E. Wagner, 1955",Systellonotus,,weberi,,species,,B2973:1,accepted,,,B2973:1:456,"Systellonotus Fieber, 1858",,,,,,Hallodapinae,Systellonotus,,Hallodapinae | Hallodapini | Systellonotus,"weberi E. WAGNER, 1955",,544P9,4488789,544P9,4488789
B2973:1:463,"Systellonotus alpinus (Frey-Gessner, 1873)","(Frey-Gessner, 1873)",Systellonotus,,alpinus,,species,,B2973:1,accepted,,,B2973:1:456,"Systellonotus Fieber, 1858",,,,,,Hallodapinae,Systellonotus,,Hallodapinae | Hallodapini | Systellonotus,"alpinus (FREY-GESSNER, 1873)",,7BBXD,4488797,7BBXD,4488797
B2973:1:464,"Systellonotus thymi Signoret, 1859","Signoret, 1859",Systellonotus,,thymi,,species,,B2973:1,accepted,,,B2973:1:456,"Systellonotus Fieber, 1858",,,,,,Hallodapinae,Systellonotus,,Hallodapinae | Hallodapini | Systellonotus,"thymi SIGNORET, 1859",,544NZ,4488785,544NZ,4488785
B2973:1:465,Systellonotus putoni Reuter 1890,Reuter 1890,Systellonotus,,putoni,,species,,B2973:1,synonym,B2973:1:464,"Systellonotus thymi Signoret, 1859",,,,,,,,Hallodapinae,Systellonotus,,Hallodapinae | Hallodapini | Systellonotus,putoni REUTER 1890,,,,,
B2973:1:466,"Systellonotus albofasciatus Lucas, 1849","Lucas, 1849",Systellonotus,,albofasciatus,,species,,B2973:1,accepted,,,B2973:1:456,"Systellonotus Fieber, 1858",,,,,,Hallodapinae,Systellonotus,,Hallodapinae | Hallodapini | Systellonotus,"albofasciatus LUCAS, 1849",,544ND,7579747,544ND,7579747
B2973:1:467,"Systellonotus micelii Reuter, 1886","Reuter, 1886",Systellonotus,,micelii,,species,,B2973:1,synonym,B2973:1:466,"Systellonotus albofasciatus Lucas, 1849",,,,,,,,Hallodapinae,Systellonotus,,Hallodapinae | Hallodapini | Systellonotus,"micelii REUTER, 1886",,544NR,7608825,544NR,7608825
B2973:1:468,"Systellonotus velox Horvath, 1907","Horvath, 1907",Systellonotus,,velox,,species,,B2973:1,accepted,,,B2973:1:456,"Systellonotus Fieber, 1858",,,,,,Hallodapinae,Systellonotus,,Hallodapinae | Hallodapini | Systellonotus,"velox HORVATH, 1907",,544P5,7966508,544P5,7966508
B2973:1:469,Systellonotus micelii Horvath 1894,Horvath 1894,Systellonotus,,micelii,,species,nec REUTER,B2973:1,synonym,B2973:1:468,"Systellonotus velox Horvath, 1907",,,,,,,,Hallodapinae,Systellonotus,,Hallodapinae | Hallodapini | Systellonotus,micelii HORVATH 1894 nec REUTER,,544NR,7608825,544NR,7608825
B2973:1:470,"Plagiorhamma Fieber, 1870","Fieber, 1870",,,,,genus,,B2973:1,accepted,,,B2973:1:447,Hallodapini,,,,,,Hallodapinae,Plagiorhamma,,Hallodapinae | Hallodapini,"Plagiorrhamma Fieber, 1870",,RWPC4,4776593,4STY,3265644
B2973:1:471,"Plagiorhamma concolor Reuter, 1890","Reuter, 1890",Plagiorhamma,,concolor,,species,,B2973:1,accepted,,,B2973:1:470,"Plagiorhamma Fieber, 1870",,,,,,Hallodapinae,Plagiorhamma,,Hallodapinae | Hallodapini | Plagiorhamma,"concolor REUTER, 1890",,,4488784,,8096116
B2973:1:472,"Plagiorhamma suturalis (Herrich-Schäffer, 1839)","(Herrich-Schäffer, 1839)",Plagiorhamma,,suturalis,,species,,B2973:1,accepted,,,B2973:1:470,"Plagiorhamma Fieber, 1870",,,,,,Hallodapinae,Plagiorhamma,,Hallodapinae | Hallodapini | Plagiorhamma,"suturalis (HERRICH-SCHÄFFER, 1839)",,RWPC7,,6KYJ3,
B2973:1:473,"Plagiorhamma costai (Reuter, 1890)","(Reuter, 1890)",Plagiorhamma,,costai,,species,,B2973:1,accepted,,,B2973:1:470,"Plagiorhamma Fieber, 1870",,,,,,Hallodapinae,Plagiorhamma,,Hallodapinae | Hallodapini | Plagiorhamma,"costai (REUTER, 1890)",,,,,
B2973:1:474,Hallodapus longicornis Reut. 1904,Reut. 1904,Hallodapus,,longicornis,,species,,B2973:1,synonym,B2973:1:473,"Plagiorhamma costai (Reuter, 1890)",,,,,,,,Hallodapinae,Plagiorhamma,,Hallodapinae | Hallodapini | Plagiorhamma,Hallodapus longicornis REUT. 1904,,6KYGJ,8328154,6KYH5,8203617
B2973:1:475,Hallodapus costai Reut.,Reut.,Hallodapus,,costai,,species,,B2973:1,synonym,B2973:1:473,"Plagiorhamma costai (Reuter, 1890)",,,,,,,,Hallodapinae,Plagiorhamma,,Hallodapinae | Hallodapini | Plagiorhamma,Hallodapus costai REUT.,,6KYH6,7808835,6KYH5,8203617
B2973:1:476,Plagiorrhamma costai E. Wagner 1970,E. Wagner 1970,Plagiorrhamma,,costai,,species,,B2973:1,synonym,B2973:1:473,"Plagiorhamma costai (Reuter, 1890)",,,,,,,,Hallodapinae,Plagiorhamma,,Hallodapinae | Hallodapini | Plagiorhamma,Plagiorrhamma costai E. WAGNER 1970,,,,,
B2973:1:477,"Hypomimus Lindberg, 1940","Lindberg, 1940",,,,,genus,,B2973:1,accepted,,,B2973:1:447,Hallodapini,,,,,,Hallodapinae,Hypomimus,,Hallodapinae | Hallodapini,"Hypomimus LINDBERG, 1940",,,4779697,,4779697
B2973:1:478,"Hypomimus chobauti (Puton, 1898)","(Puton, 1898)",Hypomimus,,chobauti,,species,,B2973:1,accepted,,,B2973:1:477,"Hypomimus Lindberg, 1940",,,,,,Hallodapinae,Hypomimus,,Hallodapinae | Hallodapini | Hypomimus,"chobauti (PUTON, 1898)",,,,,
B2973:1:479,Hypomimus albosellatus Lndbg. 1940,Lndbg. 1940,Hypomimus,,albosellatus,,species,,B2973:1,synonym,B2973:1:478,"Hypomimus chobauti (Puton, 1898)",,,,,,,,Hallodapinae,Hypomimus,,Hallodapinae | Hallodapini | Hypomimus,albosellatus LNDBG. 1940,,,,,
B2973:1:480,Hypomimus secundus Linnav. 1961,Linnav. 1961,Hypomimus,,secundus,,species,,B2973:1,synonym,B2973:1:478,"Hypomimus chobauti (Puton, 1898)",,,,,,,,Hallodapinae,Hypomimus,,Hallodapinae | Hallodapini | Hypomimus,secundus LINNAV. 1961,,6N35W,8415651,3G5ST,7607735
B2973:1:481,"Linoceraea Horvath, 1913","Horvath, 1913",,,,,genus,,B2973:1,accepted,,,B2973:1:447,Hallodapini,,,,,,Hallodapinae,Linoceraea,,Hallodapinae | Hallodapini,"Linoceraea HORVATH, 1913",,,4777933,,4777933
B2973:1:482,"Linoceraea lunigera Horvath, 1913","Horvath, 1913",Linoceraea,,lunigera,,species,,B2973:1,accepted,,,B2973:1:481,"Linoceraea Horvath, 1913",,,,,,Hallodapinae,Linoceraea,,Hallodapinae | Hallodapini | Linoceraea,"lunigera HORVATH, 1913",,,,,
B2973:1:483,"Linoceraea pauliani Ribaut, 1939","Ribaut, 1939",Linoceraea,,pauliani,,species,,B2973:1,accepted,,,B2973:1:481,"Linoceraea Horvath, 1913",,,,,,Hallodapinae,Linoceraea,,Hallodapinae | Hallodapini | Linoceraea,"pauliani RIBAUT, 1939",,3V3FM,7562879,3G5SP,7945713
B2973:1:484,"Mimocoris Scott, 1872","Scott, 1872",,,,,genus,,B2973:1,accepted,,,B2973:1:447,Hallodapini,,,,,,Hallodapinae,Mimocoris,,Hallodapinae | Hallodapini,"Mimocoris SCOTT, 1872",,5T3F,8253637,5T3F,8253637
B2973:1:485,"Mimocoris rugicollis (Costa, 1852)","(Costa, 1852)",Mimocoris,,rugicollis,,species,,B2973:1,accepted,,,B2973:1:484,"Mimocoris Scott, 1872",,,,,,Hallodapinae,Mimocoris,,Hallodapinae | Hallodapini | Mimocoris,"rugicollis (COSTA, 1852)",,43FFC,5759282,43FFC,5759282
B2973:1:486,"Mimocoris coarctatus (Mulsant & Rey, 1852)","(Mulsant & Rey, 1852)",Mimocoris,,coarctatus,,species,,B2973:1,accepted,,,B2973:1:484,"Mimocoris Scott, 1872",,,,,,Hallodapinae,Mimocoris,,Hallodapinae | Hallodapini | Mimocoris,"coarctatus (MULSANT & REY, 1852)",,43FF9,5759284,43FF9,5759284
B2973:1:487,Mimocoris angusticollis E. Wagner 1948,E. Wagner 1948,Mimocoris,,angusticollis,,species,,B2973:1,synonym,B2973:1:486,"Mimocoris coarctatus (Mulsant & Rey, 1852)",,,,,,,,Hallodapinae,Mimocoris,,Hallodapinae | Hallodapini | Mimocoris,angusticollis E. WAGNER 1948,,43FF7,8144623,43FF9,5759284
B2973:1:488,Mimocoris coarctatus E. Wagner 1955,E. Wagner 1955,Mimocoris,,coarctatus,,species,,B2973:1,synonym,B2973:1:486,"Mimocoris coarctatus (Mulsant & Rey, 1852)",,,,,,,,Hallodapinae,Mimocoris,,Hallodapinae | Hallodapini | Mimocoris,coarctatus E. WAGNER 1955,,43FF9,5759284,43FF9,5759284
B2973:1:489,Mimocapsus E. Wagner 1953,E. Wagner 1953,,,,,genus,,B2973:1,accepted,,,B2973:1:447,Hallodapini,,,,,,Hallodapinae,Mimocapsus,,Hallodapinae | Hallodapini,Mimocapsus E. WAGNER 1953,,,4772386,,4772386
B2973:1:490,"Mimocapsus quinquemaculatus (E. Wagner, 1951)","(E. Wagner, 1951)",Mimocapsus,,quinquemaculatus,,species,,B2973:1,accepted,,,B2973:1:489,Mimocapsus E. Wagner 1953,,,,,,Hallodapinae,Mimocapsus,,Hallodapinae | Hallodapini | Mimocapsus,"quinquemaculatus (E. WAGNER, 1951)",,,,,
B2973:1:491,"Laemocoris Reuter, 1879","Reuter, 1879",,,,,genus,,B2973:1,accepted,,,B2973:1:447,Hallodapini,,,,,,Hallodapinae,Laemocoris,,Hallodapinae | Hallodapini,"Laemocoris REUTER, 1879",,59ZL,5431352,59ZL,5431352
B2973:1:492,"Laemocoris remanei E. Wagner, 1960","E. Wagner, 1960",Laemocoris,,remanei,,species,,B2973:1,accepted,,,B2973:1:491,"Laemocoris Reuter, 1879",,,,,,Hallodapinae,Laemocoris,,Hallodapinae | Hallodapini | Laemocoris,"remanei E. WAGNER, 1960",,6NRTX,5759281,6NRTX,5759281
B2973:1:493,"Laemocoris dispar K. Schmidt, 1939","K. Schmidt, 1939",Laemocoris,,dispar,,species,,B2973:1,accepted,,,B2973:1:491,"Laemocoris Reuter, 1879",,,,,,Hallodapinae,Laemocoris,,Hallodapinae | Hallodapini | Laemocoris,"dispar K. SCHMIDT, 1939",,6NS4C,7672488,6NS4C,7672488
B2973:1:494,"Laemocoris reuteri (Jakovleff, 1879)","(Jakovleff, 1879)",Laemocoris,,reuteri,,species,,B2973:1,accepted,,,B2973:1:491,"Laemocoris Reuter, 1879",,,,,,Hallodapinae,Laemocoris,,Hallodapinae | Hallodapini | Laemocoris,"reuteri (JAKOVLEFF, 1879)",,6NS5X,7554866,6NS5X,7554866
B2973:1:495,"Laemocoris facetus Horvath, 1907","Horvath, 1907",Laemocoris,,facetus,,species,,B2973:1,accepted,,,B2973:1:491,"Laemocoris Reuter, 1879",,,,,,Hallodapinae,Laemocoris,,Hallodapinae | Hallodapini | Laemocoris,"facetus HORVATH, 1907",,6NS3Y,8262229,6NS3Y,8262229
B2973:1:496,"Laemocoris divisus Linnavuori, 1964","Linnavuori, 1964",Laemocoris,,divisus,,species,,B2973:1,accepted,,,B2973:1:491,"Laemocoris Reuter, 1879",,,,,,Hallodapinae,Laemocoris,,Hallodapinae | Hallodapini | Laemocoris,"divisus LINNAVUORI, 1964",,6NRRY,8424097,6NRRY,8424097
B2973:1:497,"Paralaemocoris Linnavuori, 1964","Linnavuori, 1964",,,,,genus,,B2973:1,accepted,,,B2973:1:447,Hallodapini,,,,,,Hallodapinae,Paralaemocoris,,Hallodapinae | Hallodapini,"Paralaemocoris LINNAVUORI, 1964",,6F4X,8118309,6F4X,8118309
B2973:1:498,"Paralaemocoris strigifrons (Reuter, 1895)","(Reuter, 1895)",Paralaemocoris,,strigifrons,,species,,B2973:1,accepted,,,B2973:1:497,"Paralaemocoris Linnavuori, 1964",,,,,,Hallodapinae,Paralaemocoris,,Hallodapinae | Hallodapini | Paralaemocoris,"strigifrons (REUTER, 1895)",,4CXS9,7995802,4CXS9,7995802
B2973:1:499,"Hallodapus Fieber, 1858","Fieber, 1858",,,,,genus,,B2973:1,accepted,,,B2973:1:447,Hallodapini,,,,,,Hallodapinae,Hallodapus,,Hallodapinae | Hallodapini,"Hallodapus FIEBER, 1858",,4STY,3265644,4STY,3265644
B2973:1:500,"Allodapus Fieb., 1861","Fieb., 1861",,,,,genus,,B2973:1,synonym,B2973:1:499,"Hallodapus Fieber, 1858",,,,,,,,Hallodapinae,Allodapus,,Hallodapinae | Hallodapini,"Allodapus FIEB., 1861",,LD7GM,3265645,4STY,3265644
B2973:1:501,"Hallodapus rufescens (Burmeister, 1835)","(Burmeister, 1835)",Hallodapus,,rufescens,,species,,B2973:1,accepted,,,B2973:1:499,"Hallodapus Fieber, 1858",,,,,,Hallodapinae,Hallodapus,,Hallodapinae | Hallodapini | Hallodapus,"rufescens (BURMEISTER, 1835)",,6KYHG,4488778,6KYHG,4488778
B2973:1:502,"Hallodapus montandoni Reuter, 1895","Reuter, 1895",Hallodapus,,montandoni,,species,,B2973:1,accepted,,,B2973:1:499,"Hallodapus Fieber, 1858",,,,,,Hallodapinae,Hallodapus,,Hallodapinae | Hallodapini | Hallodapus,"montandoni REUTER, 1895",,6KYHZ,4488780,6KYHZ,4488780
B2973:1:503,"Ribautocapsus E. Wagner, 1962","E. Wagner, 1962",,,,,genus,,B2973:1,accepted,,,B2973:1:447,Hallodapini,,,,,,Hallodapinae,Ribautocapsus,,Hallodapinae | Hallodapini,"Ribautocapsus E. WAGNER, 1962",,643YG,4406405,643YG,4406405
B2973:1:504,"Ribautocapsus brucki (Reuter, 1879)","(Reuter, 1879)",Ribautocapsus,,brucki,,species,,B2973:1,accepted,,,B2973:1:503,"Ribautocapsus E. Wagner, 1962",,,,,,Hallodapinae,Ribautocapsus,,Hallodapinae | Hallodapini | Ribautocapsus,"brucki (REUTER, 1879)",,4SY54,4488762,4SY54,4488762
B2973:1:505,"Phylinae Douglas & Scott, 1865","Douglas & Scott, 1865",,,,,subfamily,,B2973:1,accepted,,,,,,,,,,Phylinae,,,,"Phylinae DOUGLAS & SCOTT, 1865",,,,,
B2973:1:506,"Oncotylinae Douglas & Scott, 1865","Douglas & Scott, 1865",,,,,subfamily,,B2973:1,synonym,B2973:1:505,"Phylinae Douglas & Scott, 1865",,,,,,,,Oncotylinae,,,,"Oncotylinae DOUGLAS & SCOTT, 1865",,,,,
B2973:1:507,"Plagiognathinae Oschanin, 1912","Oschanin, 1912",,,,,subfamily,,B2973:1,synonym,B2973:1:505,"Phylinae Douglas & Scott, 1865",,,,,,,,Plagiognathinae,,,,"Plagiognathinae OSCHANIN, 1912",,,,,
B2973:1:508,"Ectagelini E. Wagner, 1969","E. Wagner, 1969",,,,,tribe,,B2973:1,accepted,,,B2973:1:505,"Phylinae Douglas & Scott, 1865",,,,,,Phylinae,,,Phylinae,"Ectagelini E. WAGNER, 1969",,,,,
B2973:1:509,"Ectagela K. Schmidt, 1939","K. Schmidt, 1939",,,,,genus,,B2973:1,accepted,,,B2973:1:508,"Ectagelini E. Wagner, 1969",,,,,,Phylinae,Ectagela,,Phylinae | Ectagelini,"Ectagela K. SCHMIDT, 1939",,49V9,4405886,49V9,4405886
B2973:1:510,"Ectagela punctata E. Wagner, 1969","E. Wagner, 1969",Ectagela,,punctata,,species,,B2973:1,accepted,,,B2973:1:509,"Ectagela K. Schmidt, 1939",,,,,,Phylinae,Ectagela,,Phylinae | Ectagelini | Ectagela,"punctata E. WAGNER, 1969",,38P5F,7678397,38P5F,7678397
B2973:1:511,"Ectagela guttata K. Schmidt, 1939","K. Schmidt, 1939",Ectagela,,guttata,,species,,B2973:1,accepted,,,B2973:1:509,"Ectagela K. Schmidt, 1939",,,,,,Phylinae,Ectagela,,Phylinae | Ectagelini | Ectagela,"guttata K. SCHMIDT, 1939",,38P58,4488391,38P58,4488391
B2973:1:512,Ectagela remanei E. Wagn.,E. Wagn.,Ectagela,,remanei,,species,,B2973:1,accepted,,,B2973:1:509,"Ectagela K. Schmidt, 1939",,,,,,Phylinae,Ectagela,,Phylinae | Ectagelini | Ectagela,remanei E. WAGN.,,38P5G,8217973,38P5G,8217973
B2973:1:513,"Ectagela major E. Wagner, 1970","E. Wagner, 1970",Ectagela,,major,,species,,B2973:1,accepted,,,B2973:1:509,"Ectagela K. Schmidt, 1939",,,,,,Phylinae,Ectagela,,Phylinae | Ectagelini | Ectagela,"major E. WAGNER, 1970",,6DWCY,8018764,38P5L,7486194
B2973:1:514,"Ectagela subfasciata E. Wagner, 1970","E. Wagner, 1970",Ectagela,,subfasciata,,species,,B2973:1,accepted,,,B2973:1:509,"Ectagela K. Schmidt, 1939",,,,,,Phylinae,Ectagela,,Phylinae | Ectagelini | Ectagela,"subfasciata E. WAGNER, 1970",,38P5L,7486194,38P5L,7486194
B2973:1:515,Ectagela furcata E. Wagn.,E. Wagn.,Ectagela,,furcata,,species,,B2973:1,accepted,,,B2973:1:509,"Ectagela K. Schmidt, 1939",,,,,,Phylinae,Ectagela,,Phylinae | Ectagelini | Ectagela,furcata E. WAGN.,,38P56,8191707,38P56,8191707
B2973:1:516,"Exaeretini Puton, 1875","Puton, 1875",,,,,tribe,,B2973:1,accepted,,,B2973:1:505,"Phylinae Douglas & Scott, 1865",,,,,,Phylinae,,,Phylinae,"Exaeretini PUTON, 1875",,,,,
B2973:1:517,"Camptotylini Reuter, 1891","Reuter, 1891",,,,,tribe,,B2973:1,synonym,B2973:1:516,"Exaeretini Puton, 1875",,,,,,,,Phylinae,,,Phylinae,"Camptotylini REUTER, 1891",,,,,
B2973:1:518,"Camptotylus Fieber, 1861","Fieber, 1861",,,,,genus,,B2973:1,accepted,,,B2973:1:516,"Exaeretini Puton, 1875",,,,,,Phylinae,Camptotylus,,Phylinae | Exaeretini,"Camptotylus FIEBER, 1861",,3GKZ,4406034,3GKZ,4406034
B2973:1:519,"Camptotylus yersini (Mulsant & Rey, 1856)","(Mulsant & Rey, 1856)",Camptotylus,,yersini,,species,,B2973:1,accepted,,,B2973:1:518,"Camptotylus Fieber, 1861",,,,,,Phylinae,Camptotylus,,Phylinae | Exaeretini | Camptotylus,"yersini (MULSANT & REY, 1856)",,QG6Z,4488457,QG6Z,4488457
B2973:1:520,"Camptotylus linae (Puton, 1881)","(Puton, 1881)",Camptotylus,,linae,,species,,B2973:1,accepted,,,B2973:1:518,"Camptotylus Fieber, 1861",,,,,,Phylinae,Camptotylus,,Phylinae | Exaeretini | Camptotylus,"linae (PUTON, 1881)",,5WXZK,4488459,5WXZK,4488459
B2973:1:521,"Camptotylus bipunctatus (Reuter, 1879)","(Reuter, 1879)",Camptotylus,,bipunctatus,,species,,B2973:1,accepted,,,B2973:1:518,"Camptotylus Fieber, 1861",,,,,,Phylinae,Camptotylus,,Phylinae | Exaeretini | Camptotylus,"bipunctatus (REUTER, 1879)",,QG6S,8113923,QG6S,8113923
B2973:1:522,"Camptotylus reuteri Jakovleff, 1881","Jakovleff, 1881",Camptotylus,,reuteri,,species,,B2973:1,accepted,,,B2973:1:518,"Camptotylus Fieber, 1861",,,,,,Phylinae,Camptotylus,,Phylinae | Exaeretini | Camptotylus,"reuteri JAKOVLEFF, 1881",,QG6Y,4488455,QG6Y,4488455
B2973:1:523,Exaeretus Fieb.,Fieb.,,,,,genus,,B2973:1,accepted,,,B2973:1:516,"Exaeretini Puton, 1875",,,,,,Phylinae,Exaeretus,,Phylinae | Exaeretini,Exaeretus FIEB.,,,3265328,,3265328
B2973:1:524,"Cremnorrhinini Reuter, 1883","Reuter, 1883",,,,,tribe,,B2973:1,accepted,,,B2973:1:505,"Phylinae Douglas & Scott, 1865",,,,,,Phylinae,,,Phylinae,"Cremnorrhinini REUTER, 1883",,,,,
B2973:1:525,"Cremnorrhinus Reuter, 1880","Reuter, 1880",,,,,genus,,B2973:1,accepted,,,B2973:1:524,"Cremnorrhinini Reuter, 1883",,,,,,Phylinae,Cremnorrhinus,,Phylinae | Cremnorrhinini,"Cremnorrhinus REUTER, 1880",,3VJD,4405632,3VJD,4405632
B2973:1:526,"Cremnorrhinus basalis Reuter, 1880","Reuter, 1880",Cremnorrhinus,,basalis,,species,,B2973:1,accepted,,,B2973:1:525,"Cremnorrhinus Reuter, 1880",,,,,,Phylinae,Cremnorrhinus,,Phylinae | Cremnorrhinini | Cremnorrhinus,"basalis REUTER, 1880",,ZC69,4488582,ZC69,4488582
B2973:1:527,Cremnorrhinus basalis subsp. minor E. Wagner 1961,E. Wagner 1961,Cremnorrhinus,,basalis,minor,subspecies,,B2973:1,accepted,,,B2973:1:526,"Cremnorrhinus basalis Reuter, 1880",,,,,,Phylinae,Cremnorrhinus,,Phylinae | Cremnorrhinini | Cremnorrhinus | Cremnorrhinus basalis,subsp. minor E. WAGNER 1961,,,,,
B2973:1:528,"Macrotylus Fieber, 1858","Fieber, 1858",,,,,genus,,B2973:1,accepted,,,B2973:1:524,"Cremnorrhinini Reuter, 1883",,,,,,Phylinae,Macrotylus,,Phylinae | Cremnorrhinini,"Macrotylus FIEBER, 1858",,5JS2,2011992,5JS2,2011992
B2973:1:529,"Alloeonycha Reut., 1904","Reut., 1904",,,,,genus,syn. E. WAGNER 1952,B2973:1,synonym,B2973:1:528,"Macrotylus Fieber, 1858",,,,,,,,Phylinae,Alloeonycha,,Phylinae | Cremnorrhinini,"Alloeonycha REUT., 1904 syn. E. WAGNER 1952",,LDFLX,4776576,LDFLX,4776576
B2973:1:530,"Pontodemus E. Wagner, 1969","E. Wagner, 1969",Macrotylus,,,,subgenus,,B2973:1,accepted,,,B2973:1:528,"Macrotylus Fieber, 1858",,,,,,Phylinae,Macrotylus,Pontodemus,Phylinae | Cremnorrhinini | Macrotylus,"Pontodemus E. WAGNER, 1969",,,,,
B2973:1:531,"Macrotylus ponticus Seidenstücker, 1967","Seidenstücker, 1967",Macrotylus,Pontodemus,ponticus,,species,,B2973:1,accepted,,,B2973:1:530,"Pontodemus E. Wagner, 1969",,,,,,Phylinae,Macrotylus,Pontodemus,Phylinae | Cremnorrhinini | Macrotylus | Pontodemus,"ponticus SEIDENSTÜCKER, 1967",,3XCSR,7811346,3XCSR,7811346
B2973:1:532,Macrotylus,,Macrotylus,,,,subgenus,s. str.,B2973:1,accepted,,,B2973:1:528,"Macrotylus Fieber, 1858",,,,,,Phylinae,Macrotylus,Macrotylus,Phylinae | Cremnorrhinini | Macrotylus,Macrotylus s. str.,,5JS2,,5JS2,
B2973:1:533,"Macrotylus lindbergi E. Wagner, 1953","E. Wagner, 1953",Macrotylus,Macrotylus,lindbergi,,species,,B2973:1,accepted,,,B2973:1:532,Macrotylus,,,,,,Phylinae,Macrotylus,Macrotylus,Phylinae | Cremnorrhinini | Macrotylus | Macrotylus,"lindbergi E. WAGNER, 1953",,3XCRZ,4488341,3XCRZ,4488341
B2973:1:534,"Macrotylus quadrilineatus (Schrank, 1785)","(Schrank, 1785)",Macrotylus,Macrotylus,quadrilineatus,,species,,B2973:1,accepted,,,B2973:1:532,Macrotylus,,,,,,Phylinae,Macrotylus,Macrotylus,Phylinae | Cremnorrhinini | Macrotylus | Macrotylus,"quadrilineatus (SCHRANK, 1785)",,3XCST,2012008,3XCST,2012008
B2973:1:535,"Macrotylus seidenstuekkeri E. Wagner, 1954","E. Wagner, 1954",Macrotylus,Macrotylus,seidenstuekkeri,,species,,B2973:1,accepted,,,B2973:1:532,Macrotylus,,,,,,Phylinae,Macrotylus,Macrotylus,Phylinae | Cremnorrhinini | Macrotylus | Macrotylus,"seidenstuekkeri E. WAGNER, 1954",,3XCQC,7732649,3XCSY,8282805
B2973:1:536,"Macrotylus scutellaris E. Wagner, 1966","E. Wagner, 1966",Macrotylus,Macrotylus,scutellaris,,species,,B2973:1,accepted,,,B2973:1:532,Macrotylus,,,,,,Phylinae,Macrotylus,Macrotylus,Phylinae | Cremnorrhinini | Macrotylus | Macrotylus,"scutellaris E. WAGNER, 1966",,3XCSX,4488349,3XCSX,4488349
B2973:1:537,"Macrotylus soosi Josifov, 1962","Josifov, 1962",Macrotylus,Macrotylus,soosi,,species,,B2973:1,accepted,,,B2973:1:532,Macrotylus,,,,,,Phylinae,Macrotylus,Macrotylus,Phylinae | Cremnorrhinini | Macrotylus | Macrotylus,"soosi JOSIFOV, 1962",,3XCT5,4488344,3XCT5,4488344
B2973:1:538,"Macrotylus syriacus E. Wagner, 1963","E. Wagner, 1963",Macrotylus,Macrotylus,syriacus,,species,,B2973:1,accepted,,,B2973:1:532,Macrotylus,,,,,,Phylinae,Macrotylus,Macrotylus,Phylinae | Cremnorrhinini | Macrotylus | Macrotylus,"syriacus E. WAGNER, 1963",,3XCTB,8248464,3XCTB,8248464
B2973:1:539,"Macrotylus herrichi (Reuter, 1873)","(Reuter, 1873)",Macrotylus,Macrotylus,herrichi,,species,,B2973:1,accepted,,,B2973:1:532,Macrotylus,,,,,,Phylinae,Macrotylus,Macrotylus,Phylinae | Cremnorrhinini | Macrotylus | Macrotylus,"herrichi (REUTER, 1873)",,3XCRQ,4488346,3XCRQ,4488346
B2973:1:540,"Macrotylus herrichi var. unicolor Polentz, 1954","Polentz, 1954",Macrotylus,Macrotylus,herrichi,unicolor,variety,,B2973:1,accepted,,,B2973:1:539,"Macrotylus herrichi (Reuter, 1873)",,,,,,Phylinae,Macrotylus,Macrotylus,Phylinae | Cremnorrhinini | Macrotylus | Macrotylus | Macrotylus herrichi,"var. unicolor POLENTZ, 1954",,5JHH5,8919202,3XCRQ,4488346
B2973:1:541,"Macrotylus herrichi var. flava Polentz, 1954","Polentz, 1954",Macrotylus,Macrotylus,herrichi,flava,variety,,B2973:1,accepted,,,B2973:1:539,"Macrotylus herrichi (Reuter, 1873)",,,,,,Phylinae,Macrotylus,Macrotylus,Phylinae | Cremnorrhinini | Macrotylus | Macrotylus | Macrotylus herrichi,"var. flava POLENTZ, 1954",,5JHH4,9131266,3XCRQ,4488346
B2973:1:542,"Macrotylus gravesteini E. Wagner, 1967","E. Wagner, 1967",Macrotylus,Macrotylus,gravesteini,,species,,B2973:1,accepted,,,B2973:1:532,Macrotylus,,,,,,Phylinae,Macrotylus,Macrotylus,Phylinae | Cremnorrhinini | Macrotylus | Macrotylus,"gravesteini E. WAGNER, 1967",,3XCRM,4488351,3XCRM,4488351
B2973:1:543,"Macrotylus mactensis E. Wagner, 1968","E. Wagner, 1968",Macrotylus,Macrotylus,mactensis,,species,,B2973:1,accepted,,,B2973:1:532,Macrotylus,,,,,,Phylinae,Macrotylus,Macrotylus,Phylinae | Cremnorrhinini | Macrotylus | Macrotylus,"mactensis E. WAGNER, 1968",,3XCS6,8024717,3XCS6,8024717
B2973:1:544,"Macrotylus perdictus Kiritschenko, 1938","Kiritschenko, 1938",Macrotylus,Macrotylus,perdictus,,species,,B2973:1,accepted,,,B2973:1:532,Macrotylus,,,,,,Phylinae,Macrotylus,Macrotylus,Phylinae | Cremnorrhinini | Macrotylus | Macrotylus,"perdictus KIRITSCHENKO, 1938",,3XCSL,4488350,3XCSL,4488350
B2973:1:545,"Utopnia echinopis Lindberg, 1948","Lindberg, 1948",Utopnia,,echinopis,,species,,B2973:1,synonym,B2973:1:544,"Macrotylus perdictus Kiritschenko, 1938",,,,,,,,Phylinae,Macrotylus,Macrotylus,Phylinae | Cremnorrhinini | Macrotylus | Macrotylus,"Utopnia echinopis LINDBERG, 1948",,,,,
B2973:1:546,"Macrotylus galatinus Seidenstücker, 1968","Seidenstücker, 1968",Macrotylus,Macrotylus,galatinus,,species,,B2973:1,accepted,,,B2973:1:532,Macrotylus,,,,,,Phylinae,Macrotylus,Macrotylus,Phylinae | Cremnorrhinini | Macrotylus | Macrotylus,"galatinus SEIDENSTÜCKER, 1968",,3XCRG,7546488,3XCRG,7546488
B2973:1:547,"Macrotylus anahtaris Seidenstücker, 1959","Seidenstücker, 1959",Macrotylus,Macrotylus,anahtaris,,species,,B2973:1,accepted,,,B2973:1:532,Macrotylus,,,,,,Phylinae,Macrotylus,Macrotylus,Phylinae | Cremnorrhinini | Macrotylus | Macrotylus,"anahtaris SEIDENSTÜCKER, 1959",,3XCQK,7501933,3XCQK,7501933
B2973:1:548,"Macrotylus hamatus Seidenstücker, 1963","Seidenstücker, 1963",Macrotylus,Macrotylus,hamatus,,species,,B2973:1,accepted,,,B2973:1:532,Macrotylus,,,,,,Phylinae,Macrotylus,Macrotylus,Phylinae | Cremnorrhinini | Macrotylus | Macrotylus,"hamatus SEIDENSTÜCKER, 1963",,3XCRN,8006978,3XCRN,8006978
B2973:1:549,"Macrotylus longulus Poppius, 1912","Poppius, 1912",Macrotylus,Macrotylus,longulus,,species,,B2973:1,accepted,,,B2973:1:532,Macrotylus,,,,,,Phylinae,Macrotylus,Macrotylus,Phylinae | Cremnorrhinini | Macrotylus | Macrotylus,"longulus POPPIUS, 1912",,3XCS3,8153947,3XCS3,8153947
B2973:1:550,M. bipunctatus Popp. 1912,Popp. 1912,M.,,bipunctatus,,species,,B2973:1,synonym,B2973:1:549,"Macrotylus longulus Poppius, 1912",,,,,,,,Phylinae,Macrotylus,Macrotylus,Phylinae | Cremnorrhinini | Macrotylus | Macrotylus,M. bipunctatus POPP. 1912,,,,,
B2973:1:551,"Macrotylus ancoratus Seidenstücker, 1959","Seidenstücker, 1959",Macrotylus,Macrotylus,ancoratus,,species,,B2973:1,accepted,,,B2973:1:532,Macrotylus,,,,,,Phylinae,Macrotylus,Macrotylus,Phylinae | Cremnorrhinini | Macrotylus | Macrotylus,"ancoratus SEIDENSTÜCKER, 1959",,3XCQM,7642157,3XCQM,7642157
B2973:1:552,"Macrotylus antennalis Horvath, 1905","Horvath, 1905",Macrotylus,Macrotylus,antennalis,,species,,B2973:1,accepted,,,B2973:1:532,Macrotylus,,,,,,Phylinae,Macrotylus,Macrotylus,Phylinae | Cremnorrhinini | Macrotylus | Macrotylus,"antennalis HORVATH, 1905",,3XCQQ,7984539,3XCQQ,7984539
B2973:1:553,"Alloenycha Reuter, 1904","Reuter, 1904",Macrotylus,,,,subgenus,,B2973:1,accepted,,,B2973:1:528,"Macrotylus Fieber, 1858",,,,,,Phylinae,Macrotylus,Alloenycha,Phylinae | Cremnorrhinini | Macrotylus,"Alloenycha REUTER, 1904",,,,,
B2973:1:554,"Macrotylus nigricornis Fieber, 1864","Fieber, 1864",Macrotylus,Alloenycha,nigricornis,,species,,B2973:1,accepted,,,B2973:1:553,"Alloenycha Reuter, 1904",,,,,,Phylinae,Macrotylus,Alloenycha,Phylinae | Cremnorrhinini | Macrotylus | Alloenycha,"nigricornis FIEBER, 1864",,3XCSG,4488375,3XCSG,4488375
B2973:1:555,Macrotylus lutescens Fieber 1870,Fieber 1870,Macrotylus,Alloenycha,lutescens,,species,,B2973:1,synonym,B2973:1:554,"Macrotylus nigricornis Fieber, 1864",,,,,,,,Phylinae,Macrotylus,Alloenycha,Phylinae | Cremnorrhinini | Macrotylus | Alloenycha,lutescens FIEBER 1870,,3XCS5,7903262,3XCSG,4488375
B2973:1:556,Macrotylus nigricornis var. melanocera Put.,Put.,Macrotylus,Alloenycha,nigricornis,melanocera,variety,,B2973:1,accepted,,,B2973:1:554,"Macrotylus nigricornis Fieber, 1864",,,,,,Phylinae,Macrotylus,Alloenycha,Phylinae | Cremnorrhinini | Macrotylus | Alloenycha | Macrotylus nigricornis,var. melanocera PUT.,,5JHHB,8907745,3XCSG,4488375
B2973:1:557,Macrotylus nigricornis var. typica,,Macrotylus,Alloenycha,nigricornis,typica,variety,,B2973:1,accepted,,,B2973:1:554,"Macrotylus nigricornis Fieber, 1864",,,,,,Phylinae,Macrotylus,Alloenycha,Phylinae | Cremnorrhinini | Macrotylus | Alloenycha | Macrotylus nigricornis,var. typica,,,,,
B2973:1:558,Macrotylus nigricornis var. lutescens Fieb.,Fieb.,Macrotylus,Alloenycha,nigricornis,lutescens,variety,,B2973:1,accepted,,,B2973:1:554,"Macrotylus nigricornis Fieber, 1864",,,,,,Phylinae,Macrotylus,Alloenycha,Phylinae | Cremnorrhinini | Macrotylus | Alloenycha | Macrotylus nigricornis,var. lutescens FIEB.,,7JZV4,8818141,3XCSG,4488375
B2973:1:559,Macrotylus nigricornis var. garibaldiana Rag.,Rag.,Macrotylus,Alloenycha,nigricornis,garibaldiana,variety,,B2973:1,accepted,,,B2973:1:554,"Macrotylus nigricornis Fieber, 1864",,,,,,Phylinae,Macrotylus,Alloenycha,Phylinae | Cremnorrhinini | Macrotylus | Alloenycha | Macrotylus nigricornis,var. garibaldiana RAG.,,5JHH9,8897696,3XCSG,4488375
B2973:1:560,Macrotylus nigricornis var. tusca Stich.,Stich.,Macrotylus,Alloenycha,nigricornis,tusca,variety,,B2973:1,accepted,,,B2973:1:554,"Macrotylus nigricornis Fieber, 1864",,,,,,Phylinae,Macrotylus,Alloenycha,Phylinae | Cremnorrhinini | Macrotylus | Alloenycha | Macrotylus nigricornis,var. tusca STICH.,,5JHH8,8755087,3XCSG,4488375
B2973:1:561,"Macrotylus bicolor Fieber, 1861","Fieber, 1861",Macrotylus,Alloenycha,bicolor,,species,,B2973:1,accepted,,,B2973:1:553,"Alloenycha Reuter, 1904",,,,,,Phylinae,Macrotylus,Alloenycha,Phylinae | Cremnorrhinini | Macrotylus | Alloenycha,"bicolor FIEBER, 1861",,6R3VD,8135860,6R3VD,8135860
B2973:1:562,"Macrotylus fuentei Horvath, 1889","Horvath, 1889",Macrotylus,Alloenycha,fuentei,,species,,B2973:1,accepted,,,B2973:1:553,"Alloenycha Reuter, 1904",,,,,,Phylinae,Macrotylus,Alloenycha,Phylinae | Cremnorrhinini | Macrotylus | Alloenycha,"fuentei HORVATH, 1889",,3XCRB,4488373,3XCRB,4488373
B2973:1:563,"Macrotylus spergulariae Lindberg, 1953","Lindberg, 1953",Macrotylus,Alloenycha,spergulariae,,species,,B2973:1,accepted,,,B2973:1:553,"Alloenycha Reuter, 1904",,,,,,Phylinae,Macrotylus,Alloenycha,Phylinae | Cremnorrhinini | Macrotylus | Alloenycha,"spergulariae LINDBERG, 1953",,3XCT8,4488361,3XCT8,4488361
B2973:1:564,"Macrotylus elevatus Fieber, 1858","Fieber, 1858",Macrotylus,Alloenycha,elevatus,,species,,B2973:1,accepted,,,B2973:1:553,"Alloenycha Reuter, 1904",,,,,,Phylinae,Macrotylus,Alloenycha,Phylinae | Cremnorrhinini | Macrotylus | Alloenycha,"elevatus FIEBER, 1858",,3XCR8,4488365,3XCR8,4488365
B2973:1:565,"Macrotylus geniculatus Reuter, 1900","Reuter, 1900",Macrotylus,Alloenycha,geniculatus,,species,,B2973:1,accepted,,,B2973:1:553,"Alloenycha Reuter, 1904",,,,,,Phylinae,Macrotylus,Alloenycha,Phylinae | Cremnorrhinini | Macrotylus | Alloenycha,"geniculatus REUTER, 1900",,3XCRK,4488356,3XCRK,4488356
B2973:1:566,Macrotylus dentifer E. Wagner 1969,E. Wagner 1969,Macrotylus,Alloenycha,dentifer,,species,,B2973:1,accepted,,,B2973:1:553,"Alloenycha Reuter, 1904",,,,,,Phylinae,Macrotylus,Alloenycha,Phylinae | Cremnorrhinini | Macrotylus | Alloenycha,dentifer E. WAGNER 1969,,3XCR3,4488355,3XCR3,4488355
B2973:1:567,"Macrotylus attenuatus Jakovleff, 1882","Jakovleff, 1882",Macrotylus,Alloenycha,attenuatus,,species,,B2973:1,accepted,,,B2973:1:553,"Alloenycha Reuter, 1904",,,,,,Phylinae,Macrotylus,Alloenycha,Phylinae | Cremnorrhinini | Macrotylus | Alloenycha,"attenuatus JAKOVLEFF, 1882",,3XCQS,4488371,3XCQS,4488371
B2973:1:568,"Macrotylus paykulli (Fallén, 1807)","(Fallén, 1807)",Macrotylus,Alloenycha,paykulli,,species,,B2973:1,accepted,,,B2973:1:553,"Alloenycha Reuter, 1904",,,,,,Phylinae,Macrotylus,Alloenycha,Phylinae | Cremnorrhinini | Macrotylus | Alloenycha,"paykulli (FALLÉN, 1807)",,3XCSK,4488359,3XCSK,4488359
B2973:1:569,Macrotylus paykulli var. typica,,Macrotylus,Alloenycha,paykulli,typica,variety,,B2973:1,accepted,,,B2973:1:568,"Macrotylus paykulli (Fallén, 1807)",,,,,,Phylinae,Macrotylus,Alloenycha,Phylinae | Cremnorrhinini | Macrotylus | Alloenycha | Macrotylus paykulli,var. typica,,,,,
B2973:1:570,Macrotylus paykulli var. nigriceps Reut.,Reut.,Macrotylus,Alloenycha,paykulli,nigriceps,variety,,B2973:1,accepted,,,B2973:1:568,"Macrotylus paykulli (Fallén, 1807)",,,,,,Phylinae,Macrotylus,Alloenycha,Phylinae | Cremnorrhinini | Macrotylus | Alloenycha | Macrotylus paykulli,var. nigriceps REUT.,,5JHHD,9175292,3XCSK,4488359
B2973:1:571,Macrotylus paykulli var. nigripes Put.,Put.,Macrotylus,Alloenycha,paykulli,nigripes,variety,,B2973:1,accepted,,,B2973:1:568,"Macrotylus paykulli (Fallén, 1807)",,,,,,Phylinae,Macrotylus,Alloenycha,Phylinae | Cremnorrhinini | Macrotylus | Alloenycha | Macrotylus paykulli,var. nigripes PUT.,,,,,
B2973:1:572,Macrotylus paykulli var. fusconotata Stich.,Stich.,Macrotylus,Alloenycha,paykulli,fusconotata,variety,,B2973:1,accepted,,,B2973:1:568,"Macrotylus paykulli (Fallén, 1807)",,,,,,Phylinae,Macrotylus,Alloenycha,Phylinae | Cremnorrhinini | Macrotylus | Alloenycha | Macrotylus paykulli,var. fusconotata STICH.,,5JHHC,9027029,3XCSK,4488359
B2973:1:573,"Macrotylus interpositus E. Wagner, 1951","E. Wagner, 1951",Macrotylus,Alloenycha,interpositus,,species,,B2973:1,accepted,,,B2973:1:553,"Alloenycha Reuter, 1904",,,,,,Phylinae,Macrotylus,Alloenycha,Phylinae | Cremnorrhinini | Macrotylus | Alloenycha,"interpositus E. WAGNER, 1951",,3XCRW,7352392,3XCSK,4488359
B2973:1:574,"Macrotylus atricapillus (Scott, 1872)","(Scott, 1872)",Macrotylus,Alloenycha,atricapillus,,species,,B2973:1,accepted,,,B2973:1:553,"Alloenycha Reuter, 1904",,,,,,Phylinae,Macrotylus,Alloenycha,Phylinae | Cremnorrhinini | Macrotylus | Alloenycha,"atricapillus (SCOTT, 1872)",,3XCQR,4488362,3XCQR,4488362
B2973:1:575,"Macrotylus nasutus E. Wagner, 1958","E. Wagner, 1958",Macrotylus,Alloenycha,nasutus,,species,,B2973:1,accepted,,,B2973:1:553,"Alloenycha Reuter, 1904",,,,,,Phylinae,Macrotylus,Alloenycha,Phylinae | Cremnorrhinini | Macrotylus | Alloenycha,"nasutus E. WAGNER, 1958",,3XCSD,4488369,3XCSD,4488369
B2973:1:576,"Macrotylus ancyranus Seidenstücker, 1969","Seidenstücker, 1969",Macrotylus,Alloenycha,ancyranus,,species,,B2973:1,accepted,,,B2973:1:553,"Alloenycha Reuter, 1904",,,,,,Phylinae,Macrotylus,Alloenycha,Phylinae | Cremnorrhinini | Macrotylus | Alloenycha,"ancyranus SEIDENSTÜCKER, 1969",,3XCQN,7364662,3XCQN,7364662
B2973:1:577,"Macrotylus bipunctatus Reuter, 1879","Reuter, 1879",Macrotylus,Alloenycha,bipunctatus,,species,,B2973:1,accepted,,,B2973:1:553,"Alloenycha Reuter, 1904",,,,,,Phylinae,Macrotylus,Alloenycha,Phylinae | Cremnorrhinini | Macrotylus | Alloenycha,"bipunctatus REUTER, 1879",,3XCQW,4488364,3XCQW,4488364
B2973:1:578,"Macrotylus montandoni Reuter, 1900","Reuter, 1900",Macrotylus,Alloenycha,montandoni,,species,,B2973:1,accepted,,,B2973:1:553,"Alloenycha Reuter, 1904",,,,,,Phylinae,Macrotylus,Alloenycha,Phylinae | Cremnorrhinini | Macrotylus | Alloenycha,"montandoni REUTER, 1900",,3XCPT,7956001,9QS2,4488665
B2973:1:579,"Macrotylus colon Reuter, 1880","Reuter, 1880",Macrotylus,Alloenycha,colon,,species,,B2973:1,accepted,,,B2973:1:553,"Alloenycha Reuter, 1904",,,,,,Phylinae,Macrotylus,Alloenycha,Phylinae | Cremnorrhinini | Macrotylus | Alloenycha,"colon REUTER, 1880",,3XCQY,4488372,3XCQY,4488372
B2973:1:580,"Macrotylus horvathi Reuter, 1876","Reuter, 1876",Macrotylus,Alloenycha,horvathi,,species,,B2973:1,accepted,,,B2973:1:553,"Alloenycha Reuter, 1904",,,,,,Phylinae,Macrotylus,Alloenycha,Phylinae | Cremnorrhinini | Macrotylus | Alloenycha,"horvathi REUTER, 1876",,3XCRR,4488367,3XCRR,4488367
B2973:1:581,"Macrotylus solitarius (Meyer-Dür, 1843)","(Meyer-Dür, 1843)",Macrotylus,Alloenycha,solitarius,,species,,B2973:1,accepted,,,B2973:1:553,"Alloenycha Reuter, 1904",,,,,,Phylinae,Macrotylus,Alloenycha,Phylinae | Cremnorrhinini | Macrotylus | Alloenycha,"solitarius (MEYER-DÜR, 1843)",,3XCT4,4488376,3XCT4,4488376
B2973:1:582,"Macrotylus mayri (Reuter, 1904)","(Reuter, 1904)",Macrotylus,Alloenycha,mayri,,species,,B2973:1,accepted,,,B2973:1:553,"Alloenycha Reuter, 1904",,,,,,Phylinae,Macrotylus,Alloenycha,Phylinae | Cremnorrhinini | Macrotylus | Alloenycha,"mayri (REUTER, 1904)",,3XCS8,4488357,3XCT4,4488376
B2973:1:583,"Utopnia Reuter, 1881","Reuter, 1881",,,,,genus,,B2973:1,accepted,,,B2973:1:524,"Cremnorrhinini Reuter, 1883",,,,,,Phylinae,Utopnia,,Phylinae | Cremnorrhinini,"Utopnia REUTER, 1881",,85J8,4406306,85J8,4406306
B2973:1:584,"Utopnia torquata (Puton, 1881)","(Puton, 1881)",Utopnia,,torquata,,species,,B2973:1,accepted,,,B2973:1:583,"Utopnia Reuter, 1881",,,,,,Phylinae,Utopnia,,Phylinae | Cremnorrhinini | Utopnia,"torquata (PUTON, 1881)",,7F5QX,4488568,7F5QX,4488568
B2973:1:585,Phylini,,,,,,tribe,s. str.,B2973:1,accepted,,,B2973:1:505,"Phylinae Douglas & Scott, 1865",,,,,,Phylinae,,,Phylinae,Phylini s. str.,,,,,
B2973:1:586,"Nasocoraria Reuter, 1883","Reuter, 1883",,,,,subtribe,,B2973:1,accepted,,,B2973:1:585,Phylini,,,,,,Phylinae,,,Phylinae | Phylini,"Nasocoraria REUTER, 1883",,,,,
B2973:1:587,"Nasocoris Reuter, 1879","Reuter, 1879",,,,,genus,,B2973:1,accepted,,,B2973:1:586,"Nasocoraria Reuter, 1883",,,,,,Phylinae,Nasocoris,,Phylinae | Phylini | Nasocoraria,"Nasocoris REUTER, 1879",,5XQP,4406768,5XQP,4406768
B2973:1:588,"Nasocoris breviceps E. Wagner, 1968","E. Wagner, 1968",Nasocoris,,breviceps,,species,,B2973:1,accepted,,,B2973:1:587,"Nasocoris Reuter, 1879",,,,,,Phylinae,Nasocoris,,Phylinae | Phylini | Nasocoraria | Nasocoris,"breviceps E. WAGNER, 1968",,45QHW,8067856,45QHW,8067856
B2973:1:589,"Nasocoris psyche Linnavuori, 1968","Linnavuori, 1968",Nasocoris,,psyche,,species,,B2973:1,accepted,,,B2973:1:587,"Nasocoris Reuter, 1879",,,,,,Phylinae,Nasocoris,,Phylinae | Phylini | Nasocoraria | Nasocoris,"psyche LINNAVUORI, 1968",,45QJ7,4488435,45QJ7,4488435
B2973:1:590,"Nasocoris albipennis Lindberg, 1939","Lindberg, 1939",Nasocoris,,albipennis,,species,,B2973:1,accepted,,,B2973:1:587,"Nasocoris Reuter, 1879",,,,,,Phylinae,Nasocoris,,Phylinae | Phylini | Nasocoraria | Nasocoris,"albipennis LINDBERG, 1939",,45QHQ,8139688,45QHQ,8139688
B2973:1:591,"Nasocoris ephedrae Reuter, 1902","Reuter, 1902",Nasocoris,,ephedrae,,species,,B2973:1,accepted,,,B2973:1:587,"Nasocoris Reuter, 1879",,,,,,Phylinae,Nasocoris,,Phylinae | Phylini | Nasocoraria | Nasocoris,"ephedrae REUTER, 1902",,45QJ2,4488436,45QJ2,4488436
B2973:1:592,"Nasocoris platycranoides Montandon, 1890","Montandon, 1890",Nasocoris,,platycranoides,,species,,B2973:1,accepted,,,B2973:1:587,"Nasocoris Reuter, 1879",,,,,,Phylinae,Nasocoris,,Phylinae | Phylini | Nasocoraria | Nasocoris,"platycranoides MONTANDON, 1890",,45QJ6,4488437,45QJ6,4488437
B2973:1:593,"Nasocoris artemis Linnavuori, 1968","Linnavuori, 1968",Nasocoris,,artemis,,species,,B2973:1,accepted,,,B2973:1:587,"Nasocoris Reuter, 1879",,,,,,Phylinae,Nasocoris,,Phylinae | Phylini | Nasocoraria | Nasocoris,"artemis LINNAVUORI, 1968",,6S6F6,8186880,6S6F6,8186880
B2973:1:594,Atomophoraria,,,,,,subtribe,nov. subtrib.,B2973:1,accepted,,,B2973:1:585,Phylini,,,,,,Phylinae,,,Phylinae | Phylini,Atomophoraria nov. subtrib.,,,,,
B2973:1:595,"Atomophora Reuter, 1879","Reuter, 1879",,,,,genus,,B2973:1,accepted,,,B2973:1:594,Atomophoraria,,,,,,Phylinae,Atomophora,,Phylinae | Phylini | Atomophoraria,"Atomophora REUTER, 1879",,356F,3265948,356F,3265948
B2973:1:596,"Atomophora fuscomaculata Reuter, 1879","Reuter, 1879",Atomophora,,fuscomaculata,,species,,B2973:1,accepted,,,B2973:1:595,"Atomophora Reuter, 1879",,,,,,Phylinae,Atomophora,,Phylinae | Phylini | Atomophoraria | Atomophora,"fuscomaculata REUTER, 1879",,JH9Y,8321993,QG62,4488540
B2973:1:597,"Atomophora subpallida E. Wagner, 1965","E. Wagner, 1965",Atomophora,,subpallida,,species,,B2973:1,accepted,,,B2973:1:595,"Atomophora Reuter, 1879",,,,,,Phylinae,Atomophora,,Phylinae | Phylini | Atomophoraria | Atomophora,"subpallida E. WAGNER, 1965",,5W8MM,8392492,5W8MM,8392492
B2973:1:598,"Atomophora pantherina Reuter, 1879","Reuter, 1879",Atomophora,,pantherina,,species,,B2973:1,accepted,,,B2973:1:595,"Atomophora Reuter, 1879",,,,,,Phylinae,Atomophora,,Phylinae | Phylini | Atomophoraria | Atomophora,"pantherina REUTER, 1879",,5VWMN,8341625,5VWMN,8341625
B2973:1:599,"Atomophora macrophthalma Poppius, 1909","Poppius, 1909",Atomophora,,macrophthalma,,species,,B2973:1,accepted,,,B2973:1:595,"Atomophora Reuter, 1879",,,,,,Phylinae,Atomophora,,Phylinae | Phylini | Atomophoraria | Atomophora,"macrophthalma POPPIUS, 1909",,JH9Z,8190378,JH9Z,8190378
B2973:1:600,"Harpoceraria Douglas & Scott, 1865","Douglas & Scott, 1865",,,,,subtribe,,B2973:1,accepted,,,B2973:1:585,Phylini,,,,,,Phylinae,,,Phylinae | Phylini,"Harpoceraria DOUGLAS & SCOTT, 1865",,,,,
B2973:1:601,"Harpocera Curtis, 1838","Curtis, 1838",,,,,genus,,B2973:1,accepted,,,B2973:1:600,"Harpoceraria Douglas & Scott, 1865",,,,,,Phylinae,Harpocera,,Phylinae | Phylini | Harpoceraria,"Harpocera CURTIS, 1838",,635T4,4488226,635T4,4488226
B2973:1:602,"Harpocera hellenica Reuter, 1876","Reuter, 1876",Harpocera,,hellenica,,species,,B2973:1,accepted,,,B2973:1:601,"Harpocera Curtis, 1838",,,,,,Phylinae,Harpocera,,Phylinae | Phylini | Harpoceraria | Harpocera,"hellenica REUTER, 1876",,6LF2K,4488229,6LF2K,4488229
B2973:1:603,"Harpocera atlantica E. Wagner, 1963","E. Wagner, 1963",Harpocera,,atlantica,,species,,B2973:1,accepted,,,B2973:1:601,"Harpocera Curtis, 1838",,,,,,Phylinae,Harpocera,,Phylinae | Phylini | Harpoceraria | Harpocera,"atlantica E. WAGNER, 1963",,6LF2T,7859498,6LF2T,7859498
B2973:1:604,"Harpocera thoracica (Fallén, 1807)","(Fallén, 1807)",Harpocera,,thoracica,,species,,B2973:1,accepted,,,B2973:1:601,"Harpocera Curtis, 1838",,,,,,Phylinae,Harpocera,,Phylinae | Phylini | Harpoceraria | Harpocera,"thoracica (FALLÉN, 1807)",,6LF2C,4488227,6LF2C,4488227
B2973:1:605,Harpocera thoracica var. typica,,Harpocera,,thoracica,typica,variety,,B2973:1,accepted,,,B2973:1:604,"Harpocera thoracica (Fallén, 1807)",,,,,,Phylinae,Harpocera,,Phylinae | Phylini | Harpoceraria | Harpocera | Harpocera thoracica,var. typica,,,,,
B2973:1:606,Harpocera thoracica var. grisescens Stich.,Stich.,Harpocera,,thoracica,grisescens,variety,,B2973:1,accepted,,,B2973:1:604,"Harpocera thoracica (Fallén, 1807)",,,,,,Phylinae,Harpocera,,Phylinae | Phylini | Harpoceraria | Harpocera | Harpocera thoracica,var. grisescens STICH.,,5HLL4,8782623,6LF2C,4488227
B2973:1:607,Harpocera thoracica var. confusa Stich.,Stich.,Harpocera,,thoracica,confusa,variety,,B2973:1,accepted,,,B2973:1:604,"Harpocera thoracica (Fallén, 1807)",,,,,,Phylinae,Harpocera,,Phylinae | Phylini | Harpoceraria | Harpocera | Harpocera thoracica,var. confusa STICH.,,5HLL3,9160156,6LF2C,4488227
B2973:1:608,Harpocera thoracica var. ruficollis Westh.,Westh.,Harpocera,,thoracica,ruficollis,variety,,B2973:1,accepted,,,B2973:1:604,"Harpocera thoracica (Fallén, 1807)",,,,,,Phylinae,Harpocera,,Phylinae | Phylini | Harpoceraria | Harpocera | Harpocera thoracica,var. ruficollis WESTH.,,5HLL6,8878613,6LF2C,4488227
B2973:1:609,Harpocera thoracica var. nigra Stich.,Stich.,Harpocera,,thoracica,nigra,variety,,B2973:1,accepted,,,B2973:1:604,"Harpocera thoracica (Fallén, 1807)",,,,,,Phylinae,Harpocera,,Phylinae | Phylini | Harpoceraria | Harpocera | Harpocera thoracica,var. nigra STICH.,,5HLL5,9063895,6LF2C,4488227
B2973:1:610,"Harpocera cypria E. Wagner, 1968","E. Wagner, 1968",Harpocera,,cypria,,species,,B2973:1,accepted,,,B2973:1:601,"Harpocera Curtis, 1838",,,,,,Phylinae,Harpocera,,Phylinae | Phylini | Harpoceraria | Harpocera,"cypria E. WAGNER, 1968",,6LF32,4488230,6LF32,4488230
B2973:1:611,Phylaria,,,,,,subtribe,,B2973:1,accepted,,,B2973:1:585,Phylini,,,,,,Phylinae,,,Phylinae | Phylini,Phylaria,,,,,