scientificNameID,scientificName,scientificNameAuthorship,genericName,infragenericEpithet,specificEpithet,infraspecificEpithet,taxonRank,taxonRemarks,collectionCode,taxonomicStatus,acceptedNameUsageID,acceptedNameUsage,parentNameUsageID,parentNameUsage,kingdom,phylum,class,order,family,subfamily,genus,subgenus,higherClassification,verbatimIdentification,dynamicProperties,colTaxonID,gbifTaxonID,colAcceptedTaxonID,gbifAcceptedTaxonID
B3029:1:1,Phylaria,,,,,,subtribe,s. str.,B3029:1,accepted,,,,,,,,,,,,,,Phylaria s. str.,,,,,
B3029:1:2,Plagiognathus,,,,,,section,,B3029:1,accepted,,,B3029:1:1,Phylaria,,,,,,,,,Phylaria,Plagiognathus,,6R94,,6R94,
B3029:1:3,"Campylomma Reuter, 1878","Reuter, 1878",,,,,genus,,B3029:1,accepted,,,B3029:1:2,Plagiognathus,,,,,,,Campylomma,,Phylaria | Plagiognathus,"Campylomma REUTER, 1878",,3GMC,2011326,3GMC,2011326
B3029:1:4,Orthopidea Carvalho 1952,Carvalho 1952,,,,,genus,,B3029:1,synonym,B3029:1:3,"Campylomma Reuter, 1878",,,,,,,,,Orthopidea,,Phylaria | Plagiognathus,Orthopidea CARVALHO 1952,,63GWK,4407833,63GWK,4407833
B3029:1:5,"Campylomma celata E. Wagner, 1969","E. Wagner, 1969",Campylomma,,celata,,species,,B3029:1,accepted,,,B3029:1:3,"Campylomma Reuter, 1878",,,,,,,Campylomma,,Phylaria | Plagiognathus | Campylomma,"celata E. WAGNER, 1969",,QGZG,7862668,QGZG,7862668
B3029:1:6,"Campylomma oertzeni Reuter, 1888","Reuter, 1888",Campylomma,,oertzeni,,species,,B3029:1,accepted,,,B3029:1:3,"Campylomma Reuter, 1878",,,,,,,Campylomma,,Phylaria | Plagiognathus | Campylomma,"oertzeni REUTER, 1888",,QH4J,4488177,QH4J,4488177
B3029:1:7,Campylomma diversicornis var. infuscatus Reut.,Reut.,Campylomma,,diversicornis,infuscatus,variety,,B3029:1,synonym,B3029:1:6,"Campylomma oertzeni Reuter, 1888",,,,,,,,,Campylomma,,Phylaria | Plagiognathus | Campylomma,diversicornis var. infuscatus REUT.,,5G6T3,9199977,QH4J,4488177
B3029:1:8,Campylomma diversicornis Reut.,Reut.,Campylomma,,diversicornis,,species,,B3029:1,accepted,,,B3029:1:3,"Campylomma Reuter, 1878",,,,,,,Campylomma,,Phylaria | Plagiognathus | Campylomma,diversicornis REUT.,,QGZW,8092331,QGZW,8092331
B3029:1:9,"Campylomma obscura E. Wagner, 1974","E. Wagner, 1974",Campylomma,,obscura,,species,,B3029:1,accepted,,,B3029:1:3,"Campylomma Reuter, 1878",,,,,,,Campylomma,,Phylaria | Plagiognathus | Campylomma,"obscura E. WAGNER, 1974",,QH4F,8168677,QH4F,8168677
B3029:1:10,"Campylomma annulicornis (Signoret, 1865)","(Signoret, 1865)",Campylomma,,annulicornis,,species,,B3029:1,accepted,,,B3029:1:3,"Campylomma Reuter, 1878",,,,,,,Campylomma,,Phylaria | Plagiognathus | Campylomma,"annulicornis (SIGNORET, 1865)",,5X9P6,8403092,5X9P6,8403092
B3029:1:11,Campylomma simillima Jak.,Jak.,Campylomma,,simillima,,species,,B3029:1,accepted,,,B3029:1:3,"Campylomma Reuter, 1878",,,,,,,Campylomma,,Phylaria | Plagiognathus | Campylomma,simillima JAK.,,QH5K,7950002,QH5K,7950002
B3029:1:12,"Campylomma angustula Reuter, 1904","Reuter, 1904",Campylomma,,angustula,,species,,B3029:1,accepted,,,B3029:1:3,"Campylomma Reuter, 1878",,,,,,,Campylomma,,Phylaria | Plagiognathus | Campylomma,"angustula REUTER, 1904",,QGYS,7577193,QGYS,7577193
B3029:1:13,"Campylomma nigrifemur E. Wagner, 1975","E. Wagner, 1975",Campylomma,,nigrifemur,,species,,B3029:1,accepted,,,B3029:1:3,"Campylomma Reuter, 1878",,,,,,,Campylomma,,Phylaria | Plagiognathus | Campylomma,"nigrifemur E. WAGNER, 1975",,QH47,8211742,QH47,8211742
B3029:1:14,"Campylomma lindbergi Hoberlandt, 1952","Hoberlandt, 1952",Campylomma,,lindbergi,,species,,B3029:1,accepted,,,B3029:1:3,"Campylomma Reuter, 1878",,,,,,,Campylomma,,Phylaria | Plagiognathus | Campylomma,"lindbergi HOBERLANDT, 1952",,QH35,4488182,QH35,4488182
B3029:1:15,Campylomma nigronasuta Reut.,Reut.,Campylomma,,nigronasuta,,species,,B3029:1,accepted,,,B3029:1:3,"Campylomma Reuter, 1878",,,,,,,Campylomma,,Phylaria | Plagiognathus | Campylomma,nigronasuta REUT.,,QH49,2011328,QH49,2011328
B3029:1:16,"Campylomma impicta E. Wagner, 1956","E. Wagner, 1956",Campylomma,,impicta,,species,,B3029:1,accepted,,,B3029:1:3,"Campylomma Reuter, 1878",,,,,,,Campylomma,,Phylaria | Plagiognathus | Campylomma,"impicta E. WAGNER, 1956",,QH2K,7549440,QH63,7712438
B3029:1:17,"Campylomma acaciae Linnavuori, 1961","Linnavuori, 1961",Campylomma,,acaciae,,species,,B3029:1,accepted,,,B3029:1:3,"Campylomma Reuter, 1878",,,,,,,Campylomma,,Phylaria | Plagiognathus | Campylomma,"acaciae LINNAVUORI, 1961",,QGYJ,8179946,QGYJ,8179946
B3029:1:18,"Campylomma verticata E. Wagner, 1961","E. Wagner, 1961",Campylomma,,verticata,,species,,B3029:1,accepted,,,B3029:1:3,"Campylomma Reuter, 1878",,,,,,,Campylomma,,Phylaria | Plagiognathus | Campylomma,"verticata E. WAGNER, 1961",,QH67,8200623,QH2L,7811803
B3029:1:19,"Campylomma zizyphi Reuter, 1886","Reuter, 1886",Campylomma,,zizyphi,,species,,B3029:1,accepted,,,B3029:1:3,"Campylomma Reuter, 1878",,,,,,,Campylomma,,Phylaria | Plagiognathus | Campylomma,"zizyphi REUTER, 1886",,68XPM,8400344,QH66,2011329
B3029:1:20,"Campylomma viticis Lindberg, 1948","Lindberg, 1948",Campylomma,,viticis,,species,,B3029:1,accepted,,,B3029:1:3,"Campylomma Reuter, 1878",,,,,,,Campylomma,,Phylaria | Plagiognathus | Campylomma,"viticis LINDBERG, 1948",,QH6B,4488180,QH6B,4488180
B3029:1:21,"Campylomma nicolasi Reuter, 1883","Reuter, 1883",Campylomma,,nicolasi,,species,,B3029:1,accepted,,,B3029:1:3,"Campylomma Reuter, 1878",,,,,,,Campylomma,,Phylaria | Plagiognathus | Campylomma,"nicolasi REUTER, 1883",,QH44,8132605,QH66,2011329
B3029:1:22,"Campylomma verbasci (Meyer-Dür, 1843)","(Meyer-Dür, 1843)",Campylomma,,verbasci,,species,,B3029:1,accepted,,,B3029:1:3,"Campylomma Reuter, 1878",,,,,,,Campylomma,,Phylaria | Plagiognathus | Campylomma,"verbasci (MEYER-DÜR, 1843)",,QH66,2011329,QH66,2011329
B3029:1:23,"Campylomma novaki E. Wagner, 1952","E. Wagner, 1952",Campylomma,,novaki,,species,,B3029:1,accepted,,,B3029:1:3,"Campylomma Reuter, 1878",,,,,,,Campylomma,,Phylaria | Plagiognathus | Campylomma,"novaki E. WAGNER, 1952",,QH4B,7378500,QH66,2011329
B3029:1:24,"Yotvata Linnavuori, 1964","Linnavuori, 1964",,,,,genus,,B3029:1,accepted,,,B3029:1:2,Plagiognathus,,,,,,,Yotvata,,Phylaria | Plagiognathus,"Yotvata LINNAVUORI, 1964",,89YM,8321041,89YM,8321041
B3029:1:25,"Yotvata picticornis (Horvath, 1913)","(Horvath, 1913)",Yotvata,,picticornis,,species,,B3029:1,accepted,,,B3029:1:24,"Yotvata Linnavuori, 1964",,,,,,,Yotvata,,Phylaria | Plagiognathus | Yotvata,"picticornis (HORVATH, 1913)",,7GBBK,7434613,7GBBK,7434613
B3029:1:26,"Sthenarus Fieber, 1858","Fieber, 1858",,,,,genus,,B3029:1,accepted,,,B3029:1:2,Plagiognathus,,,,,,,Sthenarus,,Phylaria | Plagiognathus,"Sthenarus FIEBER, 1858",,7NDP,2010225,7NDP,2010225
B3029:1:27,Sthenarus,,Sthenarus,,,,subgenus,s. str.,B3029:1,accepted,,,B3029:1:26,"Sthenarus Fieber, 1858",,,,,,,Sthenarus,Sthenarus,Phylaria | Plagiognathus | Sthenarus,Sthenarus s. str.,,7NDP,,7NDP,
B3029:1:28,"Sthenarus rottermundi (Scholtz, 1846)","(Scholtz, 1846)",Sthenarus,Sthenarus,rottermundi,,species,,B3029:1,accepted,,,B3029:1:27,Sthenarus,,,,,,,Sthenarus,Sthenarus,Phylaria | Plagiognathus | Sthenarus | Sthenarus,"rottermundi (SCHOLTZ, 1846)",,52HCH,2010226,52HCH,2010226
B3029:1:29,Sthenarus rottermundi var. cunealis Stich.,Stich.,Sthenarus,Sthenarus,rottermundi,cunealis,variety,,B3029:1,accepted,,,B3029:1:28,"Sthenarus rottermundi (Scholtz, 1846)",,,,,,,Sthenarus,Sthenarus,Phylaria | Plagiognathus | Sthenarus | Sthenarus | Sthenarus rottermundi,var. cunealis STICH.,,5LB2H,8892791,52HCH,2010226
B3029:1:30,Sthenarus rottermundi var. pallidior Stich.,Stich.,Sthenarus,Sthenarus,rottermundi,pallidior,variety,,B3029:1,accepted,,,B3029:1:28,"Sthenarus rottermundi (Scholtz, 1846)",,,,,,,Sthenarus,Sthenarus,Phylaria | Plagiognathus | Sthenarus | Sthenarus | Sthenarus rottermundi,var. pallidior STICH.,,5LB2K,8750497,52HCH,2010226
B3029:1:31,Sthenarus rottermundi var. fuscata Stich.,Stich.,Sthenarus,Sthenarus,rottermundi,fuscata,variety,,B3029:1,accepted,,,B3029:1:28,"Sthenarus rottermundi (Scholtz, 1846)",,,,,,,Sthenarus,Sthenarus,Phylaria | Plagiognathus | Sthenarus | Sthenarus | Sthenarus rottermundi,var. fuscata STICH.,,5LB2J,9159353,52HCH,2010226
B3029:1:32,"Sthenarus albipilis E. Wagner, 1958","E. Wagner, 1958",Sthenarus,Sthenarus,albipilis,,species,,B3029:1,accepted,,,B3029:1:27,Sthenarus,,,,,,,Sthenarus,Sthenarus,Phylaria | Plagiognathus | Sthenarus | Sthenarus,"albipilis E. WAGNER, 1958",,52HBZ,7769908,52HBZ,7769908
B3029:1:33,"Asthenarius Kerzhner, 1962","Kerzhner, 1962",Sthenarus,,,,subgenus,,B3029:1,accepted,,,B3029:1:26,"Sthenarus Fieber, 1858",,,,,,,Sthenarus,Asthenarius,Phylaria | Plagiognathus | Sthenarus,"Asthenarius KERZHNER, 1962",,,,,
B3029:1:34,"Sthenarus wagneri Carvalho, 1952","Carvalho, 1952",Sthenarus,Asthenarius,wagneri,,species,,B3029:1,accepted,,,B3029:1:33,"Asthenarius Kerzhner, 1962",,,,,,,Sthenarus,Asthenarius,Phylaria | Plagiognathus | Sthenarus | Asthenarius,"wagneri CARVALHO, 1952",,TCRD5,12304257,78B4D,4488747
B3029:1:35,Sthenarus bicolor Mls. & R. 1852,Mls. & R. 1852,Sthenarus,Asthenarius,bicolor,,species,,B3029:1,synonym,B3029:1:34,"Sthenarus wagneri Carvalho, 1952",,,,,,,,,Sthenarus,Asthenarius,Phylaria | Plagiognathus | Sthenarus | Asthenarius,bicolor MLS. & R. 1852,,TCRJ2,12377326,78B4D,4488747
B3029:1:36,Psallus dichrous Kerzhner 1962,Kerzhner 1962,Psallus,,dichrous,,species,,B3029:1,synonym,B3029:1:34,"Sthenarus wagneri Carvalho, 1952",,,,,,,,,Sthenarus,Asthenarius,Phylaria | Plagiognathus | Sthenarus | Asthenarius,Psallus dichrous KERZHNER 1962,,78B4D,4488747,78B4D,4488747
B3029:1:37,Sthenarus wagneri Carv.,Carv.,Sthenarus,Asthenarius,wagneri,,species,,B3029:1,synonym,B3029:1:34,"Sthenarus wagneri Carvalho, 1952",,,,,,,,,Sthenarus,Asthenarius,Phylaria | Plagiognathus | Sthenarus | Asthenarius,wagneri CARV.,,TCRD5,12304257,78B4D,4488747
B3029:1:38,"Sthenarus flavipes Reuter, 1899","Reuter, 1899",Sthenarus,Asthenarius,flavipes,,species,,B3029:1,accepted,,,B3029:1:33,"Asthenarius Kerzhner, 1962",,,,,,,Sthenarus,Asthenarius,Phylaria | Plagiognathus | Sthenarus | Asthenarius,"flavipes REUTER, 1899",,52HBF,7842385,78BP3,8168994
B3029:1:39,"Sthenarus ocularis Mulsant & Rey, 1852","Mulsant & Rey, 1852",Sthenarus,Asthenarius,ocularis,,species,,B3029:1,accepted,,,B3029:1:33,"Asthenarius Kerzhner, 1962",,,,,,,Sthenarus,Asthenarius,Phylaria | Plagiognathus | Sthenarus | Asthenarius,"ocularis MULSANT & REY, 1852",,TCRCX,7995147,6WC37,8193900
B3029:1:40,Sthenarus maculipes Reut. 1878,Reut. 1878,Sthenarus,Asthenarius,maculipes,,species,,B3029:1,synonym,B3029:1:39,"Sthenarus ocularis Mulsant & Rey, 1852",,,,,,,,,Sthenarus,Asthenarius,Phylaria | Plagiognathus | Sthenarus | Asthenarius,maculipes REUT. 1878,,TCRDM,10474440,6WC37,8193900
B3029:1:41,"Sthenarus nigripilis Reuter, 1882","Reuter, 1882",Sthenarus,Asthenarius,nigripilis,,species,,B3029:1,accepted,,,B3029:1:33,"Asthenarius Kerzhner, 1962",,,,,,,Sthenarus,Asthenarius,Phylaria | Plagiognathus | Sthenarus | Asthenarius,"nigripilis REUTER, 1882",,52HBG,4488746,78BR5,4488745
B3029:1:42,"Sthenarus niger E. Wagner, 1968","E. Wagner, 1968",Sthenarus,Asthenarius,niger,,species,,B3029:1,accepted,,,B3029:1:33,"Asthenarius Kerzhner, 1962",,,,,,,Sthenarus,Asthenarius,Phylaria | Plagiognathus | Sthenarus | Asthenarius,"niger E. WAGNER, 1968",,,,,
B3029:1:43,"Nigrocapillocoris Stichel, 1956","Stichel, 1956",Sthenarus,,,,subgenus,,B3029:1,accepted,,,B3029:1:26,"Sthenarus Fieber, 1858",,,,,,,Sthenarus,Nigrocapillocoris,Phylaria | Plagiognathus | Sthenarus,"Nigrocapillocoris STICHEL, 1956",,6449,,6449,
B3029:1:44,"Sthenarus ochraceus (Scott, 1872)","(Scott, 1872)",Sthenarus,Nigrocapillocoris,ochraceus,,species,,B3029:1,accepted,,,B3029:1:43,"Nigrocapillocoris Stichel, 1956",,,,,,,Sthenarus,Nigrocapillocoris,Phylaria | Plagiognathus | Sthenarus | Nigrocapillocoris,"ochraceus (SCOTT, 1872)",,TCRD9,7376087,73Y9X,4488583
B3029:1:45,"Salicarius Kerzhner, 1962","Kerzhner, 1962",Sthenarus,,,,subgenus,,B3029:1,accepted,,,B3029:1:26,"Sthenarus Fieber, 1858",,,,,,,Sthenarus,Salicarius,Phylaria | Plagiognathus | Sthenarus,"Salicarius KERZHNER, 1962",,KP588,,KP588,
B3029:1:46,"Sthenarus fuscicornis Reuter, 1899","Reuter, 1899",Sthenarus,Salicarius,fuscicornis,,species,,B3029:1,accepted,,,B3029:1:45,"Salicarius Kerzhner, 1962",,,,,,,Sthenarus,Salicarius,Phylaria | Plagiognathus | Sthenarus | Salicarius,"fuscicornis REUTER, 1899",,6ZRS5,8290134,QH29,7464517
B3029:1:47,"Sthenarus quercicola Reuter, 1904","Reuter, 1904",Sthenarus,Salicarius,quercicola,,species,,B3029:1,accepted,,,B3029:1:45,"Salicarius Kerzhner, 1962",,,,,,,Sthenarus,Salicarius,Phylaria | Plagiognathus | Sthenarus | Salicarius,"quercicola REUTER, 1904",,52HCF,4488744,6WC3F,4488743
B3029:1:48,"Sthenarus pusillus Reuter, 1887","Reuter, 1887",Sthenarus,Salicarius,pusillus,,species,,B3029:1,accepted,,,B3029:1:45,"Salicarius Kerzhner, 1962",,,,,,,Sthenarus,Salicarius,Phylaria | Plagiognathus | Sthenarus | Salicarius,"pusillus REUTER, 1887",,TCRF2,4488521,M4BQB,4488520
B3029:1:49,"Sthenarus atlanticus E. Wagner, 1963","E. Wagner, 1963",Sthenarus,Salicarius,atlanticus,,species,,B3029:1,accepted,,,B3029:1:45,"Salicarius Kerzhner, 1962",,,,,,,Sthenarus,Salicarius,Phylaria | Plagiognathus | Sthenarus | Salicarius,"atlanticus E. WAGNER, 1963",,52HC5,4488517,79B4D,4488516
B3029:1:50,"Sthenarus roseri (Herrich-Schäffer, 1839)","(Herrich-Schäffer, 1839)",Sthenarus,Salicarius,roseri,,species,,B3029:1,accepted,,,B3029:1:45,"Salicarius Kerzhner, 1962",,,,,,,Sthenarus,Salicarius,Phylaria | Plagiognathus | Sthenarus | Salicarius,"roseri (HERRICH-SCHÄFFER, 1839)",,TCRF6,6096783,6XB4L,4488518
B3029:1:51,Sthenarus roseri var. immaculata Stich.,Stich.,Sthenarus,Salicarius,roseri,immaculata,variety,,B3029:1,accepted,,,B3029:1:50,"Sthenarus roseri (Herrich-Schäffer, 1839)",,,,,,,Sthenarus,Salicarius,Phylaria | Plagiognathus | Sthenarus | Salicarius | Sthenarus roseri,var. immaculata STICH.,,7L4SW,8952475,6XB4L,4488518
B3029:1:52,Sthenarus roseri var. vittata Fieb.,Fieb.,Sthenarus,Salicarius,roseri,vittata,variety,,B3029:1,accepted,,,B3029:1:50,"Sthenarus roseri (Herrich-Schäffer, 1839)",,,,,,,Sthenarus,Salicarius,Phylaria | Plagiognathus | Sthenarus | Salicarius | Sthenarus roseri,var. vittata FIEB.,,TCRFY,10115886,6XB4L,7476618
B3029:1:53,Sthenarus roseri var. marginata Stich.,Stich.,Sthenarus,Salicarius,roseri,marginata,variety,,B3029:1,accepted,,,B3029:1:50,"Sthenarus roseri (Herrich-Schäffer, 1839)",,,,,,,Sthenarus,Salicarius,Phylaria | Plagiognathus | Sthenarus | Salicarius | Sthenarus roseri,var. marginata STICH.,,5LB2F,9045949,6XB4L,4488518
B3029:1:54,Sthenarus roseri var. nigra Stich.,Stich.,Sthenarus,Salicarius,roseri,nigra,variety,,B3029:1,accepted,,,B3029:1:50,"Sthenarus roseri (Herrich-Schäffer, 1839)",,,,,,,Sthenarus,Salicarius,Phylaria | Plagiognathus | Sthenarus | Salicarius | Sthenarus roseri,var. nigra STICH.,,5LB2G,9155800,6XB4L,4488518
B3029:1:55,"Phoenicocoris Reuter, 1875","Reuter, 1875",,,,,genus,,B3029:1,accepted,,,B3029:1:2,Plagiognathus,,,,,,,Phoenicocoris,,Phylaria | Plagiognathus,"Phoenicocoris REUTER, 1875",,6NVH,2010964,6NVH,2010964
B3029:1:56,Stenopsallus E. Wagner 1960,E. Wagner 1960,,,,,genus,,B3029:1,synonym,B3029:1:55,"Phoenicocoris Reuter, 1875",,,,,,,,,Stenopsallus,,Phylaria | Plagiognathus,Stenopsallus E. WAGNER 1960,,,4773072,,4773072
B3029:1:57,"Phoenicocoris dissimilis (Reuter, 1878)","(Reuter, 1878)",Phoenicocoris,,dissimilis,,species,,B3029:1,accepted,,,B3029:1:55,"Phoenicocoris Reuter, 1875",,,,,,,Phoenicocoris,,Phylaria | Plagiognathus | Phoenicocoris,"dissimilis (REUTER, 1878)",,4GKMV,2010987,4GKMV,2010987
B3029:1:58,"Phoenicocoris carbonarius (Horvath, 1888)","(Horvath, 1888)",Phoenicocoris,,carbonarius,,species,,B3029:1,accepted,,,B3029:1:55,"Phoenicocoris Reuter, 1875",,,,,,,Phoenicocoris,,Phylaria | Plagiognathus | Phoenicocoris,"carbonarius (HORVATH, 1888)",,4GKMS,4488674,4GKMV,2010987
B3029:1:59,"Phoenicocoris vidali (Lindberg, 1940)","(Lindberg, 1940)",Phoenicocoris,,vidali,,species,,B3029:1,accepted,,,B3029:1:55,"Phoenicocoris Reuter, 1875",,,,,,,Phoenicocoris,,Phylaria | Plagiognathus | Phoenicocoris,"vidali (LINDBERG, 1940)",,4GKNN,7499394,4GKNN,7499394
B3029:1:60,"Phoenicocoris syriacus (Reuter, 1883)","(Reuter, 1883)",Phoenicocoris,,syriacus,,species,,B3029:1,accepted,,,B3029:1:55,"Phoenicocoris Reuter, 1875",,,,,,,Phoenicocoris,,Phylaria | Plagiognathus | Phoenicocoris,"syriacus (REUTER, 1883)",,4GKNM,8039078,4NB22,9035175
B3029:1:61,"Phoenicocoris modestus (Meyer-Dür, 1843)","(Meyer-Dür, 1843)",Phoenicocoris,,modestus,,species,,B3029:1,accepted,,,B3029:1:55,"Phoenicocoris Reuter, 1875",,,,,,,Phoenicocoris,,Phylaria | Plagiognathus | Phoenicocoris,"modestus (MEYER-DÜR, 1843)",,4GKN6,2010971,4GKN6,2010971
B3029:1:62,"Phoenicocoris obscurellus (Fallen, 1829)","(Fallen, 1829)",Phoenicocoris,,obscurellus,,species,,B3029:1,accepted,,,B3029:1:55,"Phoenicocoris Reuter, 1875",,,,,,,Phoenicocoris,,Phylaria | Plagiognathus | Phoenicocoris,"obscurellus (FALLEN, 1829)",,4GKN8,2010988,4GKN8,2010988
B3029:1:63,Atractotomus oculatus Kb. 1856,Kb. 1856,Atractotomus,,oculatus,,species,,B3029:1,synonym,B3029:1:62,"Phoenicocoris obscurellus (Fallen, 1829)",,,,,,,,,Phoenicocoris,,Phylaria | Plagiognathus | Phoenicocoris,Atractotomus oculatus KB. 1856,,,,,
B3029:1:64,Psallus obscurellus Fall.,Fall.,Psallus,Stenopsailus,obscurellus,,species,,B3029:1,synonym,B3029:1:62,"Phoenicocoris obscurellus (Fallen, 1829)",,,,,,,,,Phoenicocoris,Stenopsailus,Phylaria | Plagiognathus | Phoenicocoris,Psallus (Stenopsailus) obscurellus FALL.,,S72R3,10625960,4GKN8,2010988
B3029:1:65,"Psallomimus E. Wagner, 1951","E. Wagner, 1951",,,,,genus,,B3029:1,accepted,,,B3029:1:2,Plagiognathus,,,,,,,Psallomimus,,Phylaria | Plagiognathus,"Psallomimus E. WAGNER, 1951",,6Y8X,4772132,6Y8X,4772132
B3029:1:66,"Psallomimus bicoloripes E. Wagner, 1951","E. Wagner, 1951",Psallomimus,,bicoloripes,,species,,B3029:1,accepted,,,B3029:1:65,"Psallomimus E. Wagner, 1951",,,,,,,Psallomimus,,Phylaria | Plagiognathus | Psallomimus,"bicoloripes E. WAGNER, 1951",,6VZQ2,7580107,77ZPP,8818030
B3029:1:67,Sthenaropsis Popp.,Popp.,,,,,genus,,B3029:1,accepted,,,B3029:1:2,Plagiognathus,,,,,,,Sthenaropsis,,Phylaria | Plagiognathus,Sthenaropsis POPP.,,7NDN,4779624,7NDN,4779624
B3029:1:68,"Chlamydatus Curtis, 1833","Curtis, 1833",,,,,genus,,B3029:1,accepted,,,B3029:1:2,Plagiognathus,,,,,,,Chlamydatus,,Phylaria | Plagiognathus,"Chlamydatus CURTIS, 1833",,3NFP,2011068,3NFP,2011068
B3029:1:69,"Attus Hahn, 1832","Hahn, 1832",Chlamydatus,,,,subgenus,,B3029:1,accepted,,,B3029:1:68,"Chlamydatus Curtis, 1833",,,,,,,Chlamydatus,Attus,Phylaria | Plagiognathus | Chlamydatus,"Attus HAHN, 1832",,,,,
B3029:1:70,"Chlamydatus longirostris Reuter, 1905","Reuter, 1905",Chlamydatus,Attus,longirostris,,species,,B3029:1,accepted,,,B3029:1:69,"Attus Hahn, 1832",,,,,,,Chlamydatus,Attus,Phylaria | Plagiognathus | Chlamydatus | Attus,"longirostris REUTER, 1905",,5XWQY,4488317,5XWQY,4488317
B3029:1:71,"Chlamydatus pulicarius (Fallén, 1807)","(Fallén, 1807)",Chlamydatus,Attus,pulicarius,,species,,B3029:1,accepted,,,B3029:1:69,"Attus Hahn, 1832",,,,,,,Chlamydatus,Attus,Phylaria | Plagiognathus | Chlamydatus | Attus,"pulicarius (FALLÉN, 1807)",,69X36,2011069,69X36,2011069
B3029:1:72,Chlamydatus pulicarius var. pseudopulla Stich. 1955,Stich. 1955,Chlamydatus,Attus,pulicarius,pseudopulla,variety,,B3029:1,accepted,,,B3029:1:71,"Chlamydatus pulicarius (Fallén, 1807)",,,,,,,Chlamydatus,Attus,Phylaria | Plagiognathus | Chlamydatus | Attus | Chlamydatus pulicarius,var. pseudopulla STICH. 1955,,7JLRQ,9032700,69X36,2011069
B3029:1:73,"Chlamydatus pullus Reuter, 1870","Reuter, 1870",Chlamydatus,Attus,pullus,,species,,B3029:1,accepted,,,B3029:1:69,"Attus Hahn, 1832",,,,,,,Chlamydatus,Attus,Phylaria | Plagiognathus | Chlamydatus | Attus,"pullus REUTER, 1870",,5XX37,2011081,5XX37,2011081
B3029:1:74,Chlamydatus pullus var. pseudopulicaria Stich. 1956,Stich. 1956,Chlamydatus,Attus,pullus,pseudopulicaria,variety,,B3029:1,accepted,,,B3029:1:73,"Chlamydatus pullus Reuter, 1870",,,,,,,Chlamydatus,Attus,Phylaria | Plagiognathus | Chlamydatus | Attus | Chlamydatus pullus,var. pseudopulicaria STICH. 1956,,7JLS2,9055197,5XX37,2011081
B3029:1:75,Chlamydatus,,Chlamydatus,,,,subgenus,s. str.,B3029:1,accepted,,,B3029:1:68,"Chlamydatus Curtis, 1833",,,,,,,Chlamydatus,Chlamydatus,Phylaria | Plagiognathus | Chlamydatus,Chlamydatus s. str.,,3NFP,,3NFP,
B3029:1:76,"Chlamydatus saltitans (Fallen, 1807)","(Fallen, 1807)",Chlamydatus,Chlamydatus,saltitans,,species,,B3029:1,accepted,,,B3029:1:75,Chlamydatus,,,,,,,Chlamydatus,Chlamydatus,Phylaria | Plagiognathus | Chlamydatus | Chlamydatus,"saltitans (FALLEN, 1807)",,5Y8QV,2011075,5Y8QV,2011075
B3029:1:77,"Eurymerocoris Kirschbaum, 1856","Kirschbaum, 1856",Chlamydatus,,,,subgenus,,B3029:1,accepted,,,B3029:1:68,"Chlamydatus Curtis, 1833",,,,,,,Chlamydatus,Eurymerocoris,Phylaria | Plagiognathus | Chlamydatus,"Eurymerocoris KIRSCHBAUM, 1856",,,,,
B3029:1:78,"Chlamydatus evanescens (Boheman, 1852)","(Boheman, 1852)",Chlamydatus,Eurymerocoris,evanescens,,species,,B3029:1,accepted,,,B3029:1:77,"Eurymerocoris Kirschbaum, 1856",,,,,,,Chlamydatus,Eurymerocoris,Phylaria | Plagiognathus | Chlamydatus | Eurymerocoris,"evanescens (BOHEMAN, 1852)",,5Y92N,4488311,5Y92N,4488311
B3029:1:79,"Monosynamma Scott, 1864","Scott, 1864",,,,,genus,,B3029:1,accepted,,,B3029:1:2,Plagiognathus,,,,,,,Monosynamma,,Phylaria | Plagiognathus,"Monosynamma SCOTT, 1864",,63CVP,2009624,63CVP,2009624
B3029:1:80,"Microsynamma Fieber, 1864","Fieber, 1864",,,,,genus,durch KIRKALDY 1906,B3029:1,synonym,B3029:1:79,"Monosynamma Scott, 1864",,,,,,,,,Microsynamma,,Phylaria | Plagiognathus,"Microsynamma FIEBER, 1864 durch KIRKALDY 1906",,,2009194,,2009194
B3029:1:81,"Monosynamma bohemani (Fallen, 1829)","(Fallen, 1829)",Monosynamma,,bohemani,,species,,B3029:1,accepted,,,B3029:1:79,"Monosynamma Scott, 1864",,,,,,,Monosynamma,,Phylaria | Plagiognathus | Monosynamma,"bohemani (FALLEN, 1829)",,449HM,2009625,449HM,2009625
B3029:1:82,Monosynamma bohemani var. rubronotata Jak. 1876,Jak. 1876,Monosynamma,,bohemani,rubronotata,variety,,B3029:1,accepted,,,B3029:1:81,"Monosynamma bohemani (Fallen, 1829)",,,,,,,Monosynamma,,Phylaria | Plagiognathus | Monosynamma | Monosynamma bohemani,var. rubronotata JAK. 1876,,,,,
B3029:1:83,Monosynamma bohemani var. scotti Fieb. 1864,Fieb. 1864,Monosynamma,,bohemani,scotti,variety,,B3029:1,accepted,,,B3029:1:81,"Monosynamma bohemani (Fallen, 1829)",,,,,,,Monosynamma,,Phylaria | Plagiognathus | Monosynamma | Monosynamma bohemani,var. scotti FIEB. 1864,,,,,
B3029:1:84,"Marrubiocoris E. Wagner, 1970","E. Wagner, 1970",,,,,genus,,B3029:1,accepted,,,B3029:1:2,Plagiognathus,,,,,,,Marrubiocoris,,Phylaria | Plagiognathus,"Marrubiocoris E. WAGNER, 1970",,5LK4,4773099,5LK4,4773099
B3029:1:85,"Marrubiocoris deserti E. Wagner, 1970","E. Wagner, 1970",Marrubiocoris,,deserti,,species,,B3029:1,accepted,,,B3029:1:84,"Marrubiocoris E. Wagner, 1970",,,,,,,Marrubiocoris,,Phylaria | Plagiognathus | Marrubiocoris,"deserti E. WAGNER, 1970",,3Y8F2,7577748,3Y8F2,7577748
B3029:1:86,"Atomoscelis Reuter, 1875","Reuter, 1875",,,,,genus,"sensu E. WAGNER, 1965",B3029:1,accepted,,,B3029:1:2,Plagiognathus,,,,,,,Atomoscelis,,Phylaria | Plagiognathus,"Atomoscelis REUTER, 1875 sensu E. WAGNER, 1965",,356K,2010053,356K,2010053
B3029:1:87,"Atomoscelis onustus (Fieber, 1861)","(Fieber, 1861)",Atomoscelis,,onustus,,species,,B3029:1,accepted,,,B3029:1:86,"Atomoscelis Reuter, 1875",,,,,,,Atomoscelis,,Phylaria | Plagiognathus | Atomoscelis,"onustus (FIEBER, 1861)",,JHBC,2010055,JHBC,2010055
B3029:1:88,"Atomoscelis atriplicis E. Wagner, 1965","E. Wagner, 1965",Atomoscelis,,atriplicis,,species,,B3029:1,accepted,,,B3029:1:86,"Atomoscelis Reuter, 1875",,,,,,,Atomoscelis,,Phylaria | Plagiognathus | Atomoscelis,"atriplicis E. WAGNER, 1965",,5VWMQ,8351145,JHBC,2010055
B3029:1:89,"Atomoscelis inanis E. Wagner, 1964","E. Wagner, 1964",Atomoscelis,,inanis,,species,,B3029:1,accepted,,,B3029:1:86,"Atomoscelis Reuter, 1875",,,,,,,Atomoscelis,,Phylaria | Plagiognathus | Atomoscelis,"inanis E. WAGNER, 1964",,JHB5,8382883,JHBC,2010055
B3029:1:90,"Atomoscelis noualhieri Reuter, 1902","Reuter, 1902",Atomoscelis,,noualhieri,,species,,B3029:1,accepted,,,B3029:1:86,"Atomoscelis Reuter, 1875",,,,,,,Atomoscelis,,Phylaria | Plagiognathus | Atomoscelis,"noualhieri REUTER, 1902",,JHBB,7434106,JHBB,7434106
B3029:1:91,"Atomoscelis atthis Linnavuori, 1971","Linnavuori, 1971",Atomoscelis,,atthis,,species,,B3029:1,accepted,,,B3029:1:86,"Atomoscelis Reuter, 1875",,,,,,,Atomoscelis,,Phylaria | Plagiognathus | Atomoscelis,"atthis LINNAVUORI, 1971",,5VWN2,7865801,5VWN2,7865801
B3029:1:92,Compsidolon saundersi,,Compsidolon,,saundersi,,species,sensu E. WAGNER nec. REUT.,B3029:1,synonym,B3029:1:91,"Atomoscelis atthis Linnavuori, 1971",,,,,,,,,Atomoscelis,,Phylaria | Plagiognathus | Atomoscelis,Compsidolon saundersi sensu E. WAGNER nec. REUT.,,XHCX,7868938,XHCX,7868938
B3029:1:93,"Chamaepsallus E. Wagner, 1965","E. Wagner, 1965",,,,,genus,,B3029:1,accepted,,,B3029:1:2,Plagiognathus,,,,,,,Chamaepsallus,,Phylaria | Plagiognathus,"Chamaepsallus E. WAGNER, 1965",,,4779672,,4779672
B3029:1:94,"Chamaepsallus tomentosus (Reuter, 1904)","(Reuter, 1904)",Chamaepsallus,,tomentosus,,species,,B3029:1,accepted,,,B3029:1:93,"Chamaepsallus E. Wagner, 1965",,,,,,,Chamaepsallus,,Phylaria | Plagiognathus | Chamaepsallus,"tomentosus (REUTER, 1904)",,,,,
B3029:1:95,"Atomoscelis tomentosus Reuter, 1904","Reuter, 1904",Atomoscelis,,tomentosus,,species,,B3029:1,synonym,B3029:1:94,"Chamaepsallus tomentosus (Reuter, 1904)",,,,,,,,,Chamaepsallus,,Phylaria | Plagiognathus | Chamaepsallus,"Atomoscelis tomentosus REUTER, 1904",,JHBL,7734579,KBL8,8280750
B3029:1:96,"Chamaepsallus signaticornis (Reuter, 1904)","(Reuter, 1904)",Chamaepsallus,,signaticornis,,species,,B3029:1,accepted,,,B3029:1:93,"Chamaepsallus E. Wagner, 1965",,,,,,,Chamaepsallus,,Phylaria | Plagiognathus | Chamaepsallus,"signaticornis (REUTER, 1904)",,,,,
B3029:1:97,"Atomoscelis signaticornis Reuter, 1904","Reuter, 1904",Atomoscelis,,signaticornis,,species,,B3029:1,synonym,B3029:1:96,"Chamaepsallus signaticornis (Reuter, 1904)",,,,,,,,,Chamaepsallus,,Phylaria | Plagiognathus | Chamaepsallus,"Atomoscelis signaticornis REUTER, 1904",,,4488501,,4488500
B3029:1:98,"Tarajala E. Wagner, 1965","E. Wagner, 1965",,,,,genus,,B3029:1,accepted,,,B3029:1:2,Plagiognathus,,,,,,,Tarajala,,Phylaria | Plagiognathus,"Tarajala E. WAGNER, 1965",,,4770768,,4770768
B3029:1:99,"Tarajala halophila Lindberg, 1953","Lindberg, 1953",Tarajala,,halophila,,species,,B3029:1,accepted,,,B3029:1:98,"Tarajala E. Wagner, 1965",,,,,,,Tarajala,,Phylaria | Plagiognathus | Tarajala,"halophila LINDBERG, 1953",,54TVQ,7861062,JHB2,7362679
B3029:1:100,"Tarajala offrensis E. Wagner, 1974","E. Wagner, 1974",Tarajala,,offrensis,,species,,B3029:1,accepted,,,B3029:1:98,"Tarajala E. Wagner, 1965",,,,,,,Tarajala,,Phylaria | Plagiognathus | Tarajala,"offrensis E. WAGNER, 1974",,,,,
B3029:1:101,"Moissonia Reuter, 1894","Reuter, 1894",,,,,genus,,B3029:1,accepted,,,B3029:1:2,Plagiognathus,,,,,,,Moissonia,,Phylaria | Plagiognathus,"Moissonia REUTER, 1894",,63BZ2,4408041,63BZ2,4408041
B3029:1:102,"Moissonia punctata (Fieber, 1861)","(Fieber, 1861)",Moissonia,,punctata,,species,,B3029:1,accepted,,,B3029:1:101,"Moissonia Reuter, 1894",,,,,,,Moissonia,,Phylaria | Plagiognathus | Moissonia,"punctata (FIEBER, 1861)",,43V4H,4488591,43V4H,4488591
B3029:1:103,"Orsolia E. Wagner, 1966","E. Wagner, 1966",,,,,genus,,B3029:1,accepted,,,B3029:1:2,Plagiognathus,,,,,,,Orsolia,,Phylaria | Plagiognathus,"Orsolia E. WAGNER, 1966",,,4772544,,4772544
B3029:1:104,"Orsolia longiceps E. Wagner, 1966","E. Wagner, 1966",Orsolia,,longiceps,,species,,B3029:1,accepted,,,B3029:1:103,"Orsolia E. Wagner, 1966",,,,,,,Orsolia,,Phylaria | Plagiognathus | Orsolia,"longiceps E. WAGNER, 1966",,,4488440,,4488439
B3029:1:105,Atractotomimus Kir.,Kir.,,,,,genus,,B3029:1,accepted,,,B3029:1:2,Plagiognathus,,,,,,,Atractotomimus,,Phylaria | Plagiognathus,Atractotomimus KIR.,,62DVM,4404766,62DVM,4404766
B3029:1:106,"Plagiognathus Fieber, 1858","Fieber, 1858",,,,,genus,,B3029:1,accepted,,,B3029:1:2,Plagiognathus,,,,,,,Plagiognathus,,Phylaria | Plagiognathus,"Plagiognathus FIEBER, 1858",,6R94,2010605,6R94,2010605
B3029:1:107,"Parapsallus E. Wagner, 1952","E. Wagner, 1952",Plagiognathus,,,,subgenus,,B3029:1,accepted,,,B3029:1:106,"Plagiognathus Fieber, 1858",,,,,,,Plagiognathus,Parapsallus,Phylaria | Plagiognathus | Plagiognathus,"Parapsallus E. WAGNER, 1952",,RSPHB,,6R94,
B3029:1:108,"Plagiognathus vitellinus (Scholtz, 1846)","(Scholtz, 1846)",Plagiognathus,Parapsallus,vitellinus,,species,,B3029:1,accepted,,,B3029:1:107,"Parapsallus E. Wagner, 1952",,,,,,,Plagiognathus,Parapsallus,Phylaria | Plagiognathus | Plagiognathus | Parapsallus,"vitellinus (SCHOLTZ, 1846)",,4JG6R,5152970,4JG6R,5152970
B3029:1:109,Plagiognathus,,Plagiognathus,,,,subgenus,s. str.,B3029:1,accepted,,,B3029:1:106,"Plagiognathus Fieber, 1858",,,,,,,Plagiognathus,Plagiognathus,Phylaria | Plagiognathus | Plagiognathus,Plagiognathus s. str.,,6R94,,6R94,
B3029:1:110,"Plagiognathus bipunctatus Reuter, 1883","Reuter, 1883",Plagiognathus,Plagiognathus,bipunctatus,,species,,B3029:1,accepted,,,B3029:1:109,Plagiognathus,,,,,,,Plagiognathus,Plagiognathus,Phylaria | Plagiognathus | Plagiognathus | Plagiognathus,"bipunctatus REUTER, 1883",,77N48,5152885,77N48,5152885
B3029:1:111,"Plagiognathus fusciloris var. picticornis Horv., 1898","Horv., 1898",Plagiognathus,Plagiognathus,fusciloris,picticornis,variety,,B3029:1,synonym,B3029:1:110,"Plagiognathus bipunctatus Reuter, 1883",,,,,,,,,Plagiognathus,Plagiognathus,Phylaria | Plagiognathus | Plagiognathus | Plagiognathus,"fusciloris var. picticornis HORV., 1898",,,,,
B3029:1:112,"Plagiognathus fusciloris Reuter, 1878","Reuter, 1878",Plagiognathus,Plagiognathus,fusciloris,,species,,B3029:1,accepted,,,B3029:1:109,Plagiognathus,,,,,,,Plagiognathus,Plagiognathus,Phylaria | Plagiognathus | Plagiognathus | Plagiognathus,"fusciloris REUTER, 1878",,4JG2P,5152864,4JG2P,5152864
B3029:1:113,"Plagiognathus albus Reuter, 1894","Reuter, 1894",Plagiognathus,Plagiognathus,albus,,species,,B3029:1,accepted,,,B3029:1:109,Plagiognathus,,,,,,,Plagiognathus,Plagiognathus,Phylaria | Plagiognathus | Plagiognathus | Plagiognathus,"albus REUTER, 1894",,77MS8,5152916,77MS8,5152916
B3029:1:114,"Plagiognathus pallidus Reuter, 1900","Reuter, 1900",Plagiognathus,Plagiognathus,pallidus,,species,,B3029:1,accepted,,,B3029:1:109,Plagiognathus,,,,,,,Plagiognathus,Plagiognathus,Phylaria | Plagiognathus | Plagiognathus | Plagiognathus,"pallidus REUTER, 1900",,4JG4S,7623216,4JG4S,7623216
B3029:1:115,"Plagiognathus chrysanthemi (Wolff, 1864)","(Wolff, 1864)",Plagiognathus,Plagiognathus,chrysanthemi,,species,,B3029:1,accepted,,,B3029:1:109,Plagiognathus,,,,,,,Plagiognathus,Plagiognathus,Phylaria | Plagiognathus | Plagiognathus | Plagiognathus,"chrysanthemi (WOLFF, 1864)",,4JFZ7,5152867,4JFZ7,5152867
B3029:1:116,Plagiognathus cunctator Horvath 1887,Horvath 1887,Plagiognathus,Plagiognathus,cunctator,,species,,B3029:1,synonym,B3029:1:115,"Plagiognathus chrysanthemi (Wolff, 1864)",,,,,,,,,Plagiognathus,Plagiognathus,Phylaria | Plagiognathus | Plagiognathus | Plagiognathus,cunctator HORVATH 1887,,4JFZK,8203467,4JFZ7,5152867
B3029:1:117,"Plagiognathus vaulogeri Reuter, 1895","Reuter, 1895",Plagiognathus,Plagiognathus,vaulogeri,,species,,B3029:1,accepted,,,B3029:1:109,Plagiognathus,,,,,,,Plagiognathus,Plagiognathus,Phylaria | Plagiognathus | Plagiognathus | Plagiognathus,"vaulogeri REUTER, 1895",,4JG6L,7404576,4JG6L,7404576
B3029:1:118,"Plagiognathus raphani E. Wagner, 1963","E. Wagner, 1963",Plagiognathus,Plagiognathus,raphani,,species,,B3029:1,accepted,,,B3029:1:109,Plagiognathus,,,,,,,Plagiognathus,Plagiognathus,Phylaria | Plagiognathus | Plagiognathus | Plagiognathus,"raphani E. WAGNER, 1963",,4JG5D,8376206,4JG5D,8376206
B3029:1:119,"Plagiognathus olivaceus Reuter, 1880","Reuter, 1880",Plagiognathus,Plagiognathus,olivaceus,,species,,B3029:1,accepted,,,B3029:1:109,Plagiognathus,,,,,,,Plagiognathus,Plagiognathus,Phylaria | Plagiognathus | Plagiognathus | Plagiognathus,"olivaceus REUTER, 1880",,4JG4L,7758997,4JG4L,7758997
B3029:1:120,"Plagiognathus arbustorum (Fabricius, 1794)","(Fabricius, 1794)",Plagiognathus,Plagiognathus,arbustorum,,species,,B3029:1,accepted,,,B3029:1:109,Plagiognathus,,,,,,,Plagiognathus,Plagiognathus,Phylaria | Plagiognathus | Plagiognathus | Plagiognathus,"arbustorum (FABRICIUS, 1794)",,4JFYN,5152968,4JFYN,5152968
B3029:1:121,"Plagiognathus fulvipennis (Kirschbaum, 1856)","(Kirschbaum, 1856)",Plagiognathus,Plagiognathus,fulvipennis,,species,,B3029:1,accepted,,,B3029:1:109,Plagiognathus,,,,,,,Plagiognathus,Plagiognathus,Phylaria | Plagiognathus | Plagiognathus | Plagiognathus,"fulvipennis (KIRSCHBAUM, 1856)",,4JG2G,7678966,4JG2G,7678966
B3029:1:122,"Plagiognathus plagiatus Reuter, 1876","Reuter, 1876",Plagiognathus,Plagiognathus,plagiatus,,species,,B3029:1,accepted,,,B3029:1:109,Plagiognathus,,,,,,,Plagiognathus,Plagiognathus,Phylaria | Plagiognathus | Plagiognathus | Plagiognathus,"plagiatus REUTER, 1876",,4JG56,7527186,4JG57,8357858
B3029:1:123,"Poliopterus E. Wagner, 1949","E. Wagner, 1949",Plagiognathus,,,,subgenus,,B3029:1,accepted,,,B3029:1:106,"Plagiognathus Fieber, 1858",,,,,,,Plagiognathus,Poliopterus,Phylaria | Plagiognathus | Plagiognathus,"Poliopterus E. WAGNER, 1949",,S2B74,,6R94,
B3029:1:124,"Plagiognathus argyrotrichus (Fieber, 1861)","(Fieber, 1861)",Plagiognathus,Poliopterus,argyrotrichus,,species,,B3029:1,accepted,,,B3029:1:123,"Poliopterus E. Wagner, 1949",,,,,,,Plagiognathus,Poliopterus,Phylaria | Plagiognathus | Plagiognathus | Poliopterus,"argyrotrichus (FIEBER, 1861)",,4JFXS,7521679,6WB5M,4488678
B3029:1:125,"Psallus argyrotrichus Fieber, 1861","Fieber, 1861",Psallus,,argyrotrichus,,species,,B3029:1,synonym,B3029:1:124,"Plagiognathus argyrotrichus (Fieber, 1861)",,,,,,,,,Plagiognathus,Poliopterus,Phylaria | Plagiognathus | Plagiognathus | Poliopterus,"Psallus argyrotrichus FIEBER, 1861",,6WB5M,4488678,6WB5M,4488678
B3029:1:126,"Plagiognathus decolor Lindberg, 1934","Lindberg, 1934",Plagiognathus,,decolor,,species,,B3029:1,synonym,B3029:1:124,"Plagiognathus argyrotrichus (Fieber, 1861)",,,,,,,,,Plagiognathus,Poliopterus,Phylaria | Plagiognathus | Plagiognathus | Poliopterus,"Plagiognathus decolor LINDBERG, 1934",,,,,
B3029:1:127,"Plagiognathus strigifemur E. Wagner, 1964","E. Wagner, 1964",Plagiognathus,Poliopterus,strigifemur,,species,,B3029:1,accepted,,,B3029:1:123,"Poliopterus E. Wagner, 1949",,,,,,,Plagiognathus,Poliopterus,Phylaria | Plagiognathus | Plagiognathus | Poliopterus,"strigifemur E. WAGNER, 1964",,4JFXP,8332776,3D2DW,7503751
B3029:1:128,"Plagiognathus herbaalbae E. Wagner, 1968","E. Wagner, 1968",Plagiognathus,Poliopterus,herbaalbae,,species,,B3029:1,accepted,,,B3029:1:123,"Poliopterus E. Wagner, 1949",,,,,,,Plagiognathus,Poliopterus,Phylaria | Plagiognathus | Plagiognathus | Poliopterus,"herbaalbae E. WAGNER, 1968",,4JG2Y,7567691,3D2CJ,8401506
B3029:1:129,"Plagiognathus litoralis E. Wagner, 1949","E. Wagner, 1949",Plagiognathus,Poliopterus,litoralis,,species,,B3029:1,accepted,,,B3029:1:123,"Poliopterus E. Wagner, 1949",,,,,,,Plagiognathus,Poliopterus,Phylaria | Plagiognathus | Plagiognathus | Poliopterus,"litoralis E. WAGNER, 1949",,RW5ND,6096779,3D2C8,2009726
B3029:1:130,"Plagiognathus flavipes Reuter, 1875","Reuter, 1875",Plagiognathus,Poliopterus,flavipes,,species,,B3029:1,accepted,,,B3029:1:123,"Poliopterus E. Wagner, 1949",,,,,,,Plagiognathus,Poliopterus,Phylaria | Plagiognathus | Plagiognathus | Poliopterus,"flavipes REUTER, 1875",,4JG29,5152861,4JG5K,5152861
B3029:1:131,"Plagiognathus tomentosus Reuter, 1888","Reuter, 1888",Plagiognathus,Poliopterus,tomentosus,,species,,B3029:1,accepted,,,B3029:1:123,"Poliopterus E. Wagner, 1949",,,,,,,Plagiognathus,Poliopterus,Phylaria | Plagiognathus | Plagiognathus | Poliopterus,"tomentosus REUTER, 1888",,RW78F,9003483,3D2DZ,4488380
B3029:1:132,"Plagiognathus ovatulus E. Wagner, 1952","E. Wagner, 1952",Plagiognathus,Poliopterus,ovatulus,,species,,B3029:1,accepted,,,B3029:1:123,"Poliopterus E. Wagner, 1949",,,,,,,Plagiognathus,Poliopterus,Phylaria | Plagiognathus | Plagiognathus | Poliopterus,"ovatulus E. WAGNER, 1952",,RW4DD,8804860,3D2D9,4488387
B3029:1:133,"Plagiognathus gracilis E. Wagner, 1956","E. Wagner, 1956",Plagiognathus,Poliopterus,gracilis,,species,,B3029:1,accepted,,,B3029:1:123,"Poliopterus E. Wagner, 1949",,,,,,,Plagiognathus,Poliopterus,Phylaria | Plagiognathus | Plagiognathus | Poliopterus,"gracilis E. WAGNER, 1956",,4JFX9,7486910,6HFGB,2009710
B3029:1:134,"Plagiognathus albipennis (FALLßN, 1829)","(FALLßN, 1829)",Plagiognathus,Poliopterus,albipennis,,species,,B3029:1,accepted,,,B3029:1:123,"Poliopterus E. Wagner, 1949",,,,,,,Plagiognathus,Poliopterus,Phylaria | Plagiognathus | Plagiognathus | Poliopterus,"albipennis (FALLßN, 1829)",,4JFY6,6096782,3D2BM,2009709
B3029:1:135,Plagiognathus albipennis var. obscura Stich.,Stich.,Plagiognathus,Poliopterus,albipennis,obscura,variety,,B3029:1,accepted,,,B3029:1:134,"Plagiognathus albipennis (FALLßN, 1829)",,,,,,,Plagiognathus,Poliopterus,Phylaria | Plagiognathus | Plagiognathus | Poliopterus | Plagiognathus albipennis,var. obscura STICH.,,5KH2J,9208231,6HFGB,2009710
B3029:1:136,Plagiognathus albipennis var. pallidula Dhlb.,Dhlb.,Plagiognathus,Poliopterus,albipennis,pallidula,variety,,B3029:1,accepted,,,B3029:1:134,"Plagiognathus albipennis (FALLßN, 1829)",,,,,,,Plagiognathus,Poliopterus,Phylaria | Plagiognathus | Plagiognathus | Poliopterus | Plagiognathus albipennis,var. pallidula DHLB.,,,,,
B3029:1:137,Plagiognathus albipennis var. assmanni Stich.,Stich.,Plagiognathus,Poliopterus,albipennis,assmanni,variety,,B3029:1,accepted,,,B3029:1:134,"Plagiognathus albipennis (FALLßN, 1829)",,,,,,,Plagiognathus,Poliopterus,Phylaria | Plagiognathus | Plagiognathus | Poliopterus | Plagiognathus albipennis,var. assmanni STICH.,,7KM8S,8957967,6HFGB,2009710
B3029:1:138,Plagiognathus albipennis var. beckeri Stich.,Stich.,Plagiognathus,Poliopterus,albipennis,beckeri,variety,,B3029:1,accepted,,,B3029:1:134,"Plagiognathus albipennis (FALLßN, 1829)",,,,,,,Plagiognathus,Poliopterus,Phylaria | Plagiognathus | Plagiognathus | Poliopterus | Plagiognathus albipennis,var. beckeri STICH.,,5KH2F,8875094,3D2BM,2009709
B3029:1:139,"Plagiognathus servadeii E. Wagner, 1974","E. Wagner, 1974",Plagiognathus,Poliopterus,servadeii,,species,,B3029:1,accepted,,,B3029:1:123,"Poliopterus E. Wagner, 1949",,,,,,,Plagiognathus,Poliopterus,Phylaria | Plagiognathus | Plagiognathus | Poliopterus,"servadeii E. WAGNER, 1974",,4JG62,8044327,4JG62,8044327
B3029:1:140,"Plagiognathus lanuginosus (Jakovleff, 1875)","(Jakovleff, 1875)",Plagiognathus,Poliopterus,lanuginosus,,species,,B3029:1,accepted,,,B3029:1:123,"Poliopterus E. Wagner, 1949",,,,,,,Plagiognathus,Poliopterus,Phylaria | Plagiognathus | Plagiognathus | Poliopterus,"lanuginosus (JAKOVLEFF, 1875)",,77MRW,8246434,3D2BM,2009709
B3029:1:141,"Plagiognathus abrotani E. Wagner, 1949","E. Wagner, 1949",Plagiognathus,Poliopterus,abrotani,,species,,B3029:1,accepted,,,B3029:1:123,"Poliopterus E. Wagner, 1949",,,,,,,Plagiognathus,Poliopterus,Phylaria | Plagiognathus | Plagiognathus | Poliopterus,"abrotani E. WAGNER, 1949",,4JFXY,6096780,3D2C8,2009726
B3029:1:142,"Plagiognathus arenicola E. Wagner, 1941","E. Wagner, 1941",Plagiognathus,Poliopterus,arenicola,,species,,B3029:1,accepted,,,B3029:1:123,"Poliopterus E. Wagner, 1949",,,,,,,Plagiognathus,Poliopterus,Phylaria | Plagiognathus | Plagiognathus | Poliopterus,"arenicola E. WAGNER, 1941",,RW4VL,8648012,3D2BM,2009709
B3029:1:143,"Chlorillus Kerzhner, 1962","Kerzhner, 1962",,,,,genus,,B3029:1,accepted,,,B3029:1:2,Plagiognathus,,,,,,,Chlorillus,,Phylaria | Plagiognathus,"Chlorillus KERZHNER, 1962",,3NL6,4408215,3NL6,4408215
B3029:1:144,"Chlorillus pictoides E. Wagner, 1964","E. Wagner, 1964",Chlorillus,,pictoides,,species,,B3029:1,accepted,,,B3029:1:143,"Chlorillus Kerzhner, 1962",,,,,,,Chlorillus,,Phylaria | Plagiognathus | Chlorillus,"pictoides E. WAGNER, 1964",,69WK9,7438252,69WK9,7438252
B3029:1:145,"Chlorillus pictus (Fieber, 1864)","(Fieber, 1864)",Chlorillus,,pictus,,species,,B3029:1,accepted,,,B3029:1:143,"Chlorillus Kerzhner, 1962",,,,,,,Chlorillus,,Phylaria | Plagiognathus | Chlorillus,"pictus (FIEBER, 1864)",,5XWJY,4488502,5XWJY,4488502
B3029:1:146,"Macrocoleus pictus Fieber, 1864","Fieber, 1864",Macrocoleus,,pictus,,species,,B3029:1,synonym,B3029:1:145,"Chlorillus pictus (Fieber, 1864)",,,,,,,,,Chlorillus,,Phylaria | Plagiognathus | Chlorillus,"Macrocoleus pictus FIEBER, 1864",,3X4C3,7745569,5XWJY,4488502
B3029:1:147,"Plagiognathus pictus (Fieber, 1864)","(Fieber, 1864)",Plagiognathus,,pictus,,species,,B3029:1,synonym,B3029:1:145,"Chlorillus pictus (Fieber, 1864)",,,,,,,,,Chlorillus,,Phylaria | Plagiognathus | Chlorillus,"Plagiognathus pictus (FIEBER, 1864)",,4JG54,8305653,5XWJY,4488502
B3029:1:148,"Psallus pictus (Fieber, 1864)","(Fieber, 1864)",Psallus,,pictus,,species,,B3029:1,synonym,B3029:1:145,"Chlorillus pictus (Fieber, 1864)",,,,,,,,,Chlorillus,,Phylaria | Plagiognathus | Chlorillus,"Psallus pictus (FIEBER, 1864)",,78BR9,8269189,5XWJY,4488502
B3029:1:149,"Chlorillus pictus (Fieber, 1864)","(Fieber, 1864)",Chlorillus,,pictus,,species,,B3029:1,synonym,B3029:1:145,"Chlorillus pictus (Fieber, 1864)",,,,,,,,,Chlorillus,,Phylaria | Plagiognathus | Chlorillus,"Chlorillus pictus (FIEBER, 1864)",,5XWJY,4488502,5XWJY,4488502
B3029:1:150,"Chlorillus amygdali Linnavuori, 1965","Linnavuori, 1965",Chlorillus,,amygdali,,species,,B3029:1,accepted,,,B3029:1:143,"Chlorillus Kerzhner, 1962",,,,,,,Chlorillus,,Phylaria | Plagiognathus | Chlorillus,"amygdali LINNAVUORI, 1965",,69WJX,7691554,6PSXW,8326238
B3029:1:151,"Chlorillus alpinus (Reuter, 1875)","(Reuter, 1875)",Chlorillus,,alpinus,,species,,B3029:1,accepted,,,B3029:1:143,"Chlorillus Kerzhner, 1962",,,,,,,Chlorillus,,Phylaria | Plagiognathus | Chlorillus,"alpinus (REUTER, 1875)",,,,,
B3029:1:152,Psallus pallidus Reut. 1888,Reut. 1888,Psallus,,pallidus,,species,,B3029:1,synonym,B3029:1:151,"Chlorillus alpinus (Reuter, 1875)",,,,,,,,,Chlorillus,,Phylaria | Plagiognathus | Chlorillus,Psallus pallidus REUT. 1888,,S72SY,10605488,5BRFB,4488389
B3029:1:153,Chlorillus pallidus (Reut. 1888),(Reut. 1888),Chlorillus,,pallidus,,species,,B3029:1,synonym,B3029:1:151,"Chlorillus alpinus (Reuter, 1875)",,,,,,,,,Chlorillus,,Phylaria | Plagiognathus | Chlorillus,Chlorillus pallidus (REUT. 1888),,,,,
B3029:1:154,"Parachlorillus E. Wagner, 1964","E. Wagner, 1964",,,,,genus,,B3029:1,accepted,,,B3029:1:2,Plagiognathus,,,,,,,Parachlorillus,,Phylaria | Plagiognathus,"Parachlorillus E. WAGNER, 1964",,6DZL,4406367,6DZL,4406367
B3029:1:155,"Parachlorillus spilotus (Fieber, 1858)","(Fieber, 1858)",Parachlorillus,,spilotus,,species,,B3029:1,accepted,,,B3029:1:154,"Parachlorillus E. Wagner, 1964",,,,,,,Parachlorillus,,Phylaria | Plagiognathus | Parachlorillus,"spilotus FIEBER, 1858",,75NLF,4488224,75NLF,4488224
B3029:1:156,"Plagiognathus spilotus Fieber, 1858","Fieber, 1858",Plagiognathus,,spilotus,,species,,B3029:1,synonym,B3029:1:155,"Parachlorillus spilotus (Fieber, 1858)",,,,,,,,,Parachlorillus,,Phylaria | Plagiognathus | Parachlorillus,"Plagiognathus spilotus FIEBER, 1858",,,9102709,,4488224
B3029:1:157,"Parachlorillus elongatus E. Wagner, 1965","E. Wagner, 1965",Parachlorillus,,elongatus,,species,,B3029:1,accepted,,,B3029:1:154,"Parachlorillus E. Wagner, 1964",,,,,,,Parachlorillus,,Phylaria | Plagiognathus | Parachlorillus,"elongatus E. WAGNER, 1965",,4CPPS,7607517,4CPPS,7607517
B3029:1:158,"Parachlorillus fesensis E. Wagner, 1968","E. Wagner, 1968",Parachlorillus,,fesensis,,species,,B3029:1,accepted,,,B3029:1:154,"Parachlorillus E. Wagner, 1964",,,,,,,Parachlorillus,,Phylaria | Plagiognathus | Parachlorillus,"fesensis E. WAGNER, 1968",,4CPPT,7581001,4CPPS,7607517
B3029:1:159,"Malacotes Reuter, 1878","Reuter, 1878",,,,,genus,,B3029:1,accepted,,,B3029:1:2,Plagiognathus,,,,,,,Malacotes,,Phylaria | Plagiognathus,"Malacotes REUTER, 1878",,639X8,4406203,639X8,4406203
B3029:1:160,"Malacotes mulsanti Reuter, 1878","Reuter, 1878",Malacotes,,mulsanti,,species,,B3029:1,accepted,,,B3029:1:159,"Malacotes Reuter, 1878",,,,,,,Malacotes,,Phylaria | Plagiognathus | Malacotes,"mulsanti REUTER, 1878",,3XKZQ,4488602,3XKZQ,4488602
B3029:1:161,Malacotes aervae Lindbg.,Lindbg.,Malacotes,,aervae,,species,,B3029:1,accepted,,,B3029:1:159,"Malacotes Reuter, 1878",,,,,,,Malacotes,,Phylaria | Plagiognathus | Malacotes,aervae LINDBG.,,,,,
B3029:1:162,"Malacotes subris E. Wagner, 1963","E. Wagner, 1963",Malacotes,,subris,,species,,B3029:1,accepted,,,B3029:1:159,"Malacotes Reuter, 1878",,,,,,,Malacotes,,Phylaria | Plagiognathus | Malacotes,"subris E. WAGNER, 1963",,3XKZT,7915018,3XKZT,7915018
B3029:1:163,"Malacotes abeillei Ribaut, 1932","Ribaut, 1932",Malacotes,,abeillei,,species,,B3029:1,accepted,,,B3029:1:159,"Malacotes Reuter, 1878",,,,,,,Malacotes,,Phylaria | Plagiognathus | Malacotes,"abeillei RIBAUT, 1932",,3XKZN,4488605,3XKZN,4488605
B3029:1:164,"Malacotes phlomidis (Lindberg, 1934)","(Lindberg, 1934)",Malacotes,,phlomidis,,species,,B3029:1,accepted,,,B3029:1:159,"Malacotes Reuter, 1878",,,,,,,Malacotes,,Phylaria | Plagiognathus | Malacotes,"phlomidis (LINDBERG, 1934)",,3XKZS,4488603,3XKZS,4488603
B3029:1:165,"Malacotes lindbergi E. Wagner, 1962","E. Wagner, 1962",Malacotes,,lindbergi,,species,,B3029:1,accepted,,,B3029:1:159,"Malacotes Reuter, 1878",,,,,,,Malacotes,,Phylaria | Plagiognathus | Malacotes,"lindbergi E. WAGNER, 1962",,3XKZP,8420941,3XKZR,4488600
B3029:1:166,"Orthopidea Reuter, 1899","Reuter, 1899",,,,,genus,,B3029:1,accepted,,,B3029:1:2,Plagiognathus,,,,,,,Orthopidea,,Phylaria | Plagiognathus,"Orthopidea REUTER, 1899",,63GWK,4407833,63GWK,4407833
B3029:1:167,"Orthopidea fusciceps Reuter, 1899","Reuter, 1899",Orthopidea,,fusciceps,,species,,B3029:1,accepted,,,B3029:1:166,"Orthopidea Reuter, 1899",,,,,,,Orthopidea,,Phylaria | Plagiognathus | Orthopidea,"fusciceps REUTER, 1899",,74WSK,4488281,74WSK,4488281
B3029:1:168,"Orthopidea platani (Lindberg, 1948)","(Lindberg, 1948)",Orthopidea,,platani,,species,,B3029:1,accepted,,,B3029:1:166,"Orthopidea Reuter, 1899",,,,,,,Orthopidea,,Phylaria | Plagiognathus | Orthopidea,"platani (LINDBERG, 1948)",,758SK,4488282,758SK,4488282
B3029:1:169,"Criocoris Fieber, 1858","Fieber, 1858",,,,,genus,,B3029:1,accepted,,,B3029:1:2,Plagiognathus,,,,,,,Criocoris,,Phylaria | Plagiognathus,"Criocoris FIEBER, 1858",,3VWG,2011061,3VWG,2011061
B3029:1:170,"Criocoris nigripes Fieber, 1861","Fieber, 1861",Criocoris,,nigripes,,species,,B3029:1,accepted,,,B3029:1:169,"Criocoris Fieber, 1858",,,,,,,Criocoris,,Phylaria | Plagiognathus | Criocoris,"nigripes FIEBER, 1861",,ZH7F,4488243,ZH7F,4488243
B3029:1:171,"Criocoris nigripes var. apicalis Fieber, 1864","Fieber, 1864",Criocoris,,nigripes,apicalis,variety,nov. comb.,B3029:1,accepted,,,B3029:1:170,"Criocoris nigripes Fieber, 1861",,,,,,,Criocoris,,Phylaria | Plagiognathus | Criocoris | Criocoris nigripes,"var. apicalis FIEBER, 1864 nov. comb.",,,,,
B3029:1:172,"Criocoris nigricornis Reuter, 1894","Reuter, 1894",Criocoris,,nigricornis,,species,,B3029:1,accepted,,,B3029:1:169,"Criocoris Fieber, 1858",,,,,,,Criocoris,,Phylaria | Plagiognathus | Criocoris,"nigricornis REUTER, 1894",,6BH4Y,4488246,6BH4Y,4488246
B3029:1:173,"Criocoris morio Reuter, 1894","Reuter, 1894",Criocoris,,morio,,species,,B3029:1,accepted,,,B3029:1:169,"Criocoris Fieber, 1858",,,,,,,Criocoris,,Phylaria | Plagiognathus | Criocoris,"morio REUTER, 1894",,ZH7D,7694527,ZH7D,7694527
B3029:1:174,"Criocoris piceicornis E. Wagner, 1950","E. Wagner, 1950",Criocoris,,piceicornis,,species,,B3029:1,accepted,,,B3029:1:169,"Criocoris Fieber, 1858",,,,,,,Criocoris,,Phylaria | Plagiognathus | Criocoris,"piceicornis E. WAGNER, 1950",,ZH7J,4488248,ZH7J,4488248
B3029:1:175,"Criocoris crassicornis (Hahn, 1834)","(Hahn, 1834)",Criocoris,,crassicornis,,species,,B3029:1,accepted,,,B3029:1:169,"Criocoris Fieber, 1858",,,,,,,Criocoris,,Phylaria | Plagiognathus | Criocoris,"crassicornis (HAHN, 1834)",,ZH74,2011062,ZH74,2011062
B3029:1:176,"Criocoris crassicornis var. fulvicornis Reut., 1894","Reut., 1894",Criocoris,,crassicornis,fulvicornis,variety,,B3029:1,accepted,,,B3029:1:175,"Criocoris crassicornis (Hahn, 1834)",,,,,,,Criocoris,,Phylaria | Plagiognathus | Criocoris | Criocoris crassicornis,"var. fulvicornis REUT., 1894",,7JNSJ,8790217,ZH74,2011062
B3029:1:177,"Criocoris crassicornis var. confinis Rey, 1894","Rey, 1894",Criocoris,,crassicornis,confinis,variety,,B3029:1,accepted,,,B3029:1:175,"Criocoris crassicornis (Hahn, 1834)",,,,,,,Criocoris,,Phylaria | Plagiognathus | Criocoris | Criocoris crassicornis,"var. confinis REY, 1894",,7JNSK,9027634,ZH74,2011062
B3029:1:178,"Criocoris sulcicornis (Kirschbaum, 1856)","(Kirschbaum, 1856)",Criocoris,,sulcicornis,,species,,B3029:1,accepted,,,B3029:1:169,"Criocoris Fieber, 1858",,,,,,,Criocoris,,Phylaria | Plagiognathus | Criocoris,"sulcicornis (KIRSCHBAUM, 1856)",,ZH7R,4488241,ZH7R,4488241
B3029:1:179,Criocoris ater Jak. 1882,Jak. 1882,Criocoris,,ater,,species,,B3029:1,synonym,B3029:1:178,"Criocoris sulcicornis (Kirschbaum, 1856)",,,,,,,,,Criocoris,,Phylaria | Plagiognathus | Criocoris,ater JAK. 1882,,ZH6X,8411124,ZH7R,4488241
B3029:1:180,Psallus albipes Jak. 1877,Jak. 1877,Psallus,,albipes,,species,,B3029:1,synonym,B3029:1:178,"Criocoris sulcicornis (Kirschbaum, 1856)",,,,,,,,,Criocoris,,Phylaria | Plagiognathus | Criocoris,Psallus albipes JAK. 1877,,,,,
B3029:1:181,Psallus albipesinus Carv. 1958,Carv. 1958,Psallus,,albipesinus,,species,,B3029:1,synonym,B3029:1:178,"Criocoris sulcicornis (Kirschbaum, 1856)",,,,,,,,,Criocoris,,Phylaria | Plagiognathus | Criocoris,Psallus albipesinus CARV. 1958,,78B4Y,7888218,ZH7R,4488241
B3029:1:182,"Criocoris contrastus Seidenstücker, 1970","Seidenstücker, 1970",Criocoris,,contrastus,,species,,B3029:1,accepted,,,B3029:1:169,"Criocoris Fieber, 1858",,,,,,,Criocoris,,Phylaria | Plagiognathus | Criocoris,"contrastus SEIDENSTÜCKER, 1970",,ZH73,7999538,ZH73,7999538
B3029:1:183,"Excentricoris Carvalho, 1955","Carvalho, 1955",,,,,genus,,B3029:1,accepted,,,B3029:1:2,Plagiognathus,,,,,,,Excentricoris,,Phylaria | Plagiognathus,"Excentricoris CARVALHO, 1955",,4HS7,7236571,4HS7,7236571
B3029:1:184,"Excentricoris oophorus (Horvath, 1880)","(Horvath, 1880)",Excentricoris,,oophorus,,species,,B3029:1,accepted,,,B3029:1:183,"Excentricoris Carvalho, 1955",,,,,,,Excentricoris,,Phylaria | Plagiognathus | Excentricoris,"oophorus (HORVATH, 1880)",,6HLBL,8330369,6HLBL,8330369
B3029:1:185,"Excentricoris punctipes (Fieber, 1864)","(Fieber, 1864)",Excentricoris,,punctipes,,species,,B3029:1,accepted,,,B3029:1:183,"Excentricoris Carvalho, 1955",,,,,,,Excentricoris,,Phylaria | Plagiognathus | Excentricoris,"punctipes (FIEBER, 1864)",,6HLDD,7381763,6HLDD,7381763
B3029:1:186,"Excentricoris singularis (Horvath, 1888)","(Horvath, 1888)",Excentricoris,,singularis,,species,,B3029:1,accepted,,,B3029:1:183,"Excentricoris Carvalho, 1955",,,,,,,Excentricoris,,Phylaria | Plagiognathus | Excentricoris,"singularis (HORVATH, 1888)",,6HLDB,8125220,6HLDB,8125220
B3029:1:187,"Atractotomus Fieber, 1858","Fieber, 1858",,,,,genus,,B3029:1,accepted,,,B3029:1:2,Plagiognathus,,,,,,,Atractotomus,,Phylaria | Plagiognathus,"Atractotomus FIEBER, 1858",,62DV3,2011093,62DV3,2011093
B3029:1:188,"Atractotomus rhodani Fieber, 1861","Fieber, 1861",Atractotomus,,rhodani,,species,,B3029:1,accepted,,,B3029:1:187,"Atractotomus Fieber, 1858",,,,,,,Atractotomus,,Phylaria | Plagiognathus | Atractotomus,"rhodani FIEBER, 1861",,JJW2,4488598,JJW2,4488598
B3029:1:189,"Atractotomus mali (Meyer-Dür, 1843)","(Meyer-Dür, 1843)",Atractotomus,,mali,,species,,B3029:1,accepted,,,B3029:1:187,"Atractotomus Fieber, 1858",,,,,,,Atractotomus,,Phylaria | Plagiognathus | Atractotomus,"mali (MEYER-DÜR, 1843)",,JJV2,2011094,JJV2,2011094
B3029:1:190,"Atractotomus iorticornis Mls. & R., 1852","Mls. & R., 1852",Atractotomus,,iorticornis,,species,,B3029:1,synonym,B3029:1:189,"Atractotomus mali (Meyer-Dür, 1843)",,,,,,,,,Atractotomus,,Phylaria | Plagiognathus | Atractotomus,"iorticornis MLS. & R., 1852",,5VWBM,8062748,JJV2,2011094
B3029:1:191,"Atractotomus rutus Fieb., 1858","Fieb., 1858",Atractotomus,,rutus,,species,,B3029:1,synonym,B3029:1:189,"Atractotomus mali (Meyer-Dür, 1843)",,,,,,,,,Atractotomus,,Phylaria | Plagiognathus | Atractotomus,"rutus FIEB., 1858",,,,,
B3029:1:192,"Atractotomus vireti E. Wagner, 1955","E. Wagner, 1955",Atractotomus,,vireti,,species,,B3029:1,accepted,,,B3029:1:187,"Atractotomus Fieber, 1858",,,,,,,Atractotomus,,Phylaria | Plagiognathus | Atractotomus,"vireti E. WAGNER, 1955",,688BS,7444432,JJV2,2011094
B3029:1:193,Atractotomus torticornis,,Atractotomus,,torticornis,,species,sensu REUT. 1878 nec MLS. & R.,B3029:1,synonym,B3029:1:192,"Atractotomus vireti E. Wagner, 1955",,,,,,,,,Atractotomus,,Phylaria | Plagiognathus | Atractotomus,torticornis sensu REUT. 1878 nec MLS. & R.,,5VWBM,8062748,JJV2,2011094
B3029:1:194,"Atractotomus amygdali E. Wagner, 1960","E. Wagner, 1960",Atractotomus,,amygdali,,species,,B3029:1,accepted,,,B3029:1:187,"Atractotomus Fieber, 1858",,,,,,,Atractotomus,,Phylaria | Plagiognathus | Atractotomus,"amygdali E. WAGNER, 1960",,67WCF,4488599,67WCF,4488599
B3029:1:195,"Atractotomus magnicornis (Fallen, 1807)","(Fallen, 1807)",Atractotomus,,magnicornis,,species,,B3029:1,accepted,,,B3029:1:187,"Atractotomus Fieber, 1858",,,,,,,Atractotomus,,Phylaria | Plagiognathus | Atractotomus,"magnicornis (FALLEN, 1807)",,5VWC4,2011121,5VWC4,2011121
B3029:1:196,Atractotomus parvulus Reut.,Reut.,Atractotomus,,parvulus,,species,,B3029:1,accepted,,,B3029:1:187,"Atractotomus Fieber, 1858",,,,,,,Atractotomus,,Phylaria | Plagiognathus | Atractotomus,parvulus REUT.,,JJVK,2011134,JJVK,2011134
B3029:1:197,"Atractotomus persquamosus Seidenstücker, 1961","Seidenstücker, 1961",Atractotomus,,persquamosus,,species,,B3029:1,accepted,,,B3029:1:187,"Atractotomus Fieber, 1858",,,,,,,Atractotomus,,Phylaria | Plagiognathus | Atractotomus,"persquamosus SEIDENSTÜCKER, 1961",,JJVL,2011117,JJVL,2011117
B3029:1:198,"Heterocapillus E. Wagner, 1960","E. Wagner, 1960",,,,,genus,,B3029:1,accepted,,,B3029:1:2,Plagiognathus,,,,,,,Heterocapillus,,Phylaria | Plagiognathus,"Heterocapillus E. WAGNER, 1960",,63748,4408249,63748,4408249
B3029:1:199,"Heterocapillus tigripes (Mulsant, 1852)","(Mulsant, 1852)",Heterocapillus,,tigripes,,species,,B3029:1,accepted,,,B3029:1:198,"Heterocapillus E. Wagner, 1960",,,,,,,Heterocapillus,,Phylaria | Plagiognathus | Heterocapillus,"tigripes (MULSANT, 1852)",,3L7YW,4488328,3L7YW,4488328
B3029:1:200,"Heterocapillus validus (Reuter, 1901)","(Reuter, 1901)",Heterocapillus,,validus,,species,,B3029:1,accepted,,,B3029:1:198,"Heterocapillus E. Wagner, 1960",,,,,,,Heterocapillus,,Phylaria | Plagiognathus | Heterocapillus,"validus (REUTER, 1901)",,3L7YY,7799341,3L7YY,7799341
B3029:1:201,"Heterocapillus pici (Reuter, 1900)","(Reuter, 1900)",Heterocapillus,,pici,,species,,B3029:1,accepted,,,B3029:1:198,"Heterocapillus E. Wagner, 1960",,,,,,,Heterocapillus,,Phylaria | Plagiognathus | Heterocapillus,"pici (REUTER, 1900)",,3L7YT,7349188,3L7YT,7349188
B3029:1:202,"Heterocapillus validicornis (Reuter, 1876)","(Reuter, 1876)",Heterocapillus,,validicornis,,species,,B3029:1,accepted,,,B3029:1:198,"Heterocapillus E. Wagner, 1960",,,,,,,Heterocapillus,,Phylaria | Plagiognathus | Heterocapillus,"validicornis (REUTER, 1876)",,3L7YX,4488323,3L7YX,4488323
B3029:1:203,"Atractotomus putoni Reuter, 1878","Reuter, 1878",Atractotomus,,putoni,,species,,B3029:1,synonym,B3029:1:202,"Heterocapillus validicornis (Reuter, 1876)",,,,,,,,,Heterocapillus,,Phylaria | Plagiognathus | Heterocapillus,"Atractotomus putoni REUTER, 1878",,67WBS,8290342,3L7YX,4488323
B3029:1:204,"Heterocapillus niger E. Wagner, 1966","E. Wagner, 1966",Heterocapillus,,niger,,species,,B3029:1,accepted,,,B3029:1:198,"Heterocapillus E. Wagner, 1960",,,,,,,Heterocapillus,,Phylaria | Plagiognathus | Heterocapillus,"niger E. WAGNER, 1966",,3L7YQ,4488318,3L7YQ,4488318
B3029:1:205,"Heterocapillus brevicornis (Reuter, 1900)","(Reuter, 1900)",Heterocapillus,,brevicornis,,species,,B3029:1,accepted,,,B3029:1:198,"Heterocapillus E. Wagner, 1960",,,,,,,Heterocapillus,,Phylaria | Plagiognathus | Heterocapillus,"brevicornis (REUTER, 1900)",,3L7YL,8117225,3L7YL,8117225
B3029:1:206,"Heterocapillus schmiedeknechti (Reuter, 1899)","(Reuter, 1899)",Heterocapillus,,schmiedeknechti,,species,,B3029:1,accepted,,,B3029:1:198,"Heterocapillus E. Wagner, 1960",,,,,,,Heterocapillus,,Phylaria | Plagiognathus | Heterocapillus,"schmiedeknechti (REUTER, 1899)",,3L7YV,8166343,3L7YV,8166343
B3029:1:207,"Heterocapillus genistae (Lindberg, 1948)","(Lindberg, 1948)",Heterocapillus,,genistae,,species,,B3029:1,accepted,,,B3029:1:198,"Heterocapillus E. Wagner, 1960",,,,,,,Heterocapillus,,Phylaria | Plagiognathus | Heterocapillus,"genistae (LINDBERG, 1948)",,3L7YP,4488321,3L7YP,4488321
B3029:1:208,"Heterocapillus cavinotum E. Wagner, 1974","E. Wagner, 1974",Heterocapillus,,cavinotum,,species,,B3029:1,accepted,,,B3029:1:198,"Heterocapillus E. Wagner, 1960",,,,,,,Heterocapillus,,Phylaria | Plagiognathus | Heterocapillus,"cavinotum E. WAGNER, 1974",,3L7YN,4488327,3L7YN,4488327
B3029:1:209,"Heterocapillus nitidus (Horvath, 1905)","(Horvath, 1905)",Heterocapillus,,nitidus,,species,,B3029:1,accepted,,,B3029:1:198,"Heterocapillus E. Wagner, 1960",,,,,,,Heterocapillus,,Phylaria | Plagiognathus | Heterocapillus,"nitidus (HORVATH, 1905)",,3L7YR,4488325,3L7YR,4488325
B3029:1:210,"Heterocapillus perpusillus E. Wagner, 1960","E. Wagner, 1960",Heterocapillus,,perpusillus,,species,,B3029:1,accepted,,,B3029:1:198,"Heterocapillus E. Wagner, 1960",,,,,,,Heterocapillus,,Phylaria | Plagiognathus | Heterocapillus,"perpusillus E. WAGNER, 1960",,3L7YS,4488319,3L7YS,4488319
B3029:1:211,Pachyxyphus,,,,,,genus,,B3029:1,accepted,,,B3029:1:2,Plagiognathus,,,,,,,Pachyxyphus,,Phylaria | Plagiognathus,Pachyxyphus,,6C4P,4406908,6C4P,4406908
B3029:1:212,"Phylidea Reuter, 1899","Reuter, 1899",,,,,genus,,B3029:1,accepted,,,B3029:1:2,Plagiognathus,,,,,,,Phylidea,,Phylaria | Plagiognathus,"Phylidea REUTER, 1899",,RRWW7,4776720,6Y94,2010025
B3029:1:213,"Phylidea henschi (Reuter, 1888)","(Reuter, 1888)",Phylidea,,henschi,,species,,B3029:1,accepted,,,B3029:1:212,"Phylidea Reuter, 1899",,,,,,,Phylidea,,Phylaria | Plagiognathus | Phylidea,"henschi (REUTER, 1888)",,V4FWV,7967621,6WBPL,4488737
B3029:1:214,"Compsidolon Reuter, 1899","Reuter, 1899",,,,,genus,,B3029:1,accepted,,,B3029:1:2,Plagiognathus,,,,,,,Compsidolon,,Phylaria | Plagiognathus,"Compsidolon REUTER, 1899",,3SVG,2011338,3SVG,2011338
B3029:1:215,Compsidolon,,Compsidolon,,,,subgenus,s. str.,B3029:1,accepted,,,B3029:1:214,"Compsidolon Reuter, 1899",,,,,,,Compsidolon,Compsidolon,Phylaria | Plagiognathus | Compsidolon,Compsidolon s. str.,,3SVG,,3SVG,
B3029:1:216,"Compsidolon elegantulum Reuter, 1899","Reuter, 1899",Compsidolon,Compsidolon,elegantulum,,species,,B3029:1,accepted,,,B3029:1:215,Compsidolon,,,,,,,Compsidolon,Compsidolon,Phylaria | Plagiognathus | Compsidolon | Compsidolon,"elegantulum REUTER, 1899",,XHBK,2011340,XHBK,2011340
B3029:1:217,Psallus badius Linnavuori 1951,Linnavuori 1951,Psallus,,badius,,species,,B3029:1,synonym,B3029:1:216,"Compsidolon elegantulum Reuter, 1899",,,,,,,,,Compsidolon,Compsidolon,Phylaria | Plagiognathus | Compsidolon | Compsidolon,Psallus badius LINNAVUORI 1951,,78B5Q,8166635,XHBK,2011340
B3029:1:218,Compsidolon elegantulum Linnavuori 1953,Linnavuori 1953,Compsidolon,Compsidolon,elegantulum,,species,,B3029:1,synonym,B3029:1:216,"Compsidolon elegantulum Reuter, 1899",,,,,,,,,Compsidolon,Compsidolon,Phylaria | Plagiognathus | Compsidolon | Compsidolon,elegantulum LINNAVUORI 1953,,XHBK,2011340,XHBK,2011340
B3029:1:219,Compsidolon nebulosum Reut.,Reut.,Compsidolon,Compsidolon,nebulosum,,species,,B3029:1,accepted,,,B3029:1:215,Compsidolon,,,,,,,Compsidolon,Compsidolon,Phylaria | Plagiognathus | Compsidolon | Compsidolon,nebulosum REUT.,,XHCB,7972541,XHCB,7972541
B3029:1:220,"Apsinthophylus E. Wagner, 1965","E. Wagner, 1965",Compsidolon,,,,subgenus,,B3029:1,accepted,,,B3029:1:214,"Compsidolon Reuter, 1899",,,,,,,Compsidolon,Apsinthophylus,Phylaria | Plagiognathus | Compsidolon,"Apsinthophylus E. WAGNER, 1965",,,,,
B3029:1:221,"Compsidolon scutellare (Reuter, 1902)","(Reuter, 1902)",Compsidolon,Apsinthophylus,scutellare,,species,,B3029:1,accepted,,,B3029:1:220,"Apsinthophylus E. Wagner, 1965",,,,,,,Compsidolon,Apsinthophylus,Phylaria | Plagiognathus | Compsidolon | Apsinthophylus,"scutellare (REUTER, 1902)",,XHCZ,8276856,XHCZ,8276856
B3029:1:222,"Compsidolon salviae (Linnavuori, 1961)","(Linnavuori, 1961)",Compsidolon,Apsinthophylus,salviae,,species,,B3029:1,accepted,,,B3029:1:220,"Apsinthophylus E. Wagner, 1965",,,,,,,Compsidolon,Apsinthophylus,Phylaria | Plagiognathus | Compsidolon | Apsinthophylus,"salviae (LINNAVUORI, 1961)",,XHCV,7637097,XHCV,7637097
B3029:1:223,"Compsidolon absinthii (Scott, 1870)","(Scott, 1870)",Compsidolon,Apsinthophylus,absinthii,,species,,B3029:1,accepted,,,B3029:1:220,"Apsinthophylus E. Wagner, 1965",,,,,,,Compsidolon,Apsinthophylus,Phylaria | Plagiognathus | Compsidolon | Apsinthophylus,"absinthii (SCOTT, 1870)",,5ZRRG,4488215,5ZRRG,4488215
B3029:1:224,"Compsidolon eckerleini E. Wagner, 1970","E. Wagner, 1970",Compsidolon,Apsinthophylus,eckerleini,,species,,B3029:1,accepted,,,B3029:1:220,"Apsinthophylus E. Wagner, 1965",,,,,,,Compsidolon,Apsinthophylus,Phylaria | Plagiognathus | Compsidolon | Apsinthophylus,"eckerleini E. WAGNER, 1970",,XHBH,4488210,XHBH,4488210
B3029:1:225,"Compsidolon nanno Linnavuori, 1971","Linnavuori, 1971",Compsidolon,Apsinthophylus,nanno,,species,,B3029:1,accepted,,,B3029:1:220,"Apsinthophylus E. Wagner, 1965",,,,,,,Compsidolon,Apsinthophylus,Phylaria | Plagiognathus | Compsidolon | Apsinthophylus,"nanno LINNAVUORI, 1971",,XHC8,4488211,XHC8,4488211
B3029:1:226,"Compsidolon saundersi (Reuter, 1901)","(Reuter, 1901)",Compsidolon,Apsinthophylus,saundersi,,species,,B3029:1,accepted,,,B3029:1:220,"Apsinthophylus E. Wagner, 1965",,,,,,,Compsidolon,Apsinthophylus,Phylaria | Plagiognathus | Compsidolon | Apsinthophylus,"saundersi (REUTER, 1901)",,XHCX,7868938,XHCX,7868938
B3029:1:227,"Compsidolon atomosum (Reuter, 1878)","(Reuter, 1878)",Compsidolon,Apsinthophylus,atomosum,,species,,B3029:1,accepted,,,B3029:1:220,"Apsinthophylus E. Wagner, 1965",,,,,,,Compsidolon,Apsinthophylus,Phylaria | Plagiognathus | Compsidolon | Apsinthophylus,"atomosum (REUTER, 1878)",,XHB3,11095199,XHCK,8218120
B3029:1:228,Compsidolon atomosum var. obscurior Reut.,Reut.,Compsidolon,Apsinthophylus,atomosum,obscurior,variety,,B3029:1,accepted,,,B3029:1:227,"Compsidolon atomosum (Reuter, 1878)",,,,,,,Compsidolon,Apsinthophylus,Phylaria | Plagiognathus | Compsidolon | Apsinthophylus | Compsidolon atomosum,var. obscurior REUT.,,,,,
B3029:1:229,"Compsidolon balachowskyi (E. Wagner, 1958)","(E. Wagner, 1958)",Compsidolon,Apsinthophylus,balachowskyi,,species,,B3029:1,accepted,,,B3029:1:220,"Apsinthophylus E. Wagner, 1965",,,,,,,Compsidolon,Apsinthophylus,Phylaria | Plagiognathus | Compsidolon | Apsinthophylus,"balachowskii (E. WAGNER, 1958)",,XHB6,4488212,XHB6,4488212
B3029:1:230,"Compsidolon minutum E. Wagner, 1970","E. Wagner, 1970",Compsidolon,Apsinthophylus,minutum,,species,,B3029:1,accepted,,,B3029:1:220,"Apsinthophylus E. Wagner, 1965",,,,,,,Compsidolon,Apsinthophylus,Phylaria | Plagiognathus | Compsidolon | Apsinthophylus,"minutum E. WAGNER, 1970",,XHC7,4488214,XHC7,4488214
B3029:1:231,"Compsidolon pumilum (Jakovleff, 1876)","(Jakovleff, 1876)",Compsidolon,Apsinthophylus,pumilum,,species,,B3029:1,accepted,,,B3029:1:220,"Apsinthophylus E. Wagner, 1965",,,,,,,Compsidolon,Apsinthophylus,Phylaria | Plagiognathus | Compsidolon | Apsinthophylus,"pumilum (JAKOVLEFF, 1876)",,XHCK,8218120,XHCK,8218120
B3029:1:232,Psallus beduinus Linnavuori 1966,Linnavuori 1966,Psallus,,beduinus,,species,,B3029:1,synonym,B3029:1:231,"Compsidolon pumilum (Jakovleff, 1876)",,,,,,,,,Compsidolon,Apsinthophylus,Phylaria | Plagiognathus | Compsidolon | Apsinthophylus,Psallus beduinus LINNAVUORI 1966,,6WB5S,8265508,XHCK,8218120
B3029:1:233,Psallus balachowskii,,Psallus,,balachowskii,,species,sensu LINNAVUORI nec E. WAGN.,B3029:1,synonym,B3029:1:231,"Compsidolon pumilum (Jakovleff, 1876)",,,,,,,,,Compsidolon,Apsinthophylus,Phylaria | Plagiognathus | Compsidolon | Apsinthophylus,Psallus balachowskii sensu LINNAVUORI nec E. WAGN.,,78B3C,7875698,XHB6,4488212
B3029:1:234,"Chamaeliops E. Wagner, 1967","E. Wagner, 1967",Compsidolon,,,,subgenus,,B3029:1,accepted,,,B3029:1:214,"Compsidolon Reuter, 1899",,,,,,,Compsidolon,Chamaeliops,Phylaria | Plagiognathus | Compsidolon,"Chamaeliops E. WAGNER, 1967",,MNRDK,,MNRDK,
B3029:1:235,Chamaepsallus E. Wagner 1965,E. Wagner 1965,Compsidolon,Chamaeliops,,,subgenus,,B3029:1,synonym,B3029:1:234,"Chamaeliops E. Wagner, 1967",,,,,,,,,Compsidolon,Chamaepsallus,Phylaria | Plagiognathus | Compsidolon,Chamaepsallus E. WAGNER 1965,,,,,
B3029:1:236,"Compsidolon crotchi (Scott, 1870)","(Scott, 1870)",Compsidolon,Chamaeliops,crotchi,,species,,B3029:1,accepted,,,B3029:1:234,"Chamaeliops E. Wagner, 1967",,,,,,,Compsidolon,Chamaeliops,Phylaria | Plagiognathus | Compsidolon | Chamaeliops,"crotchi (SCOTT, 1870)",,XHBD,8211196,XHBD,8211196
B3029:1:237,"Compsidolon pseudocrotchi E. Wagner, 1965","E. Wagner, 1965",Compsidolon,Chamaeliops,pseudocrotchi,,species,,B3029:1,accepted,,,B3029:1:234,"Chamaeliops E. Wagner, 1967",,,,,,,Compsidolon,Chamaeliops,Phylaria | Plagiognathus | Compsidolon | Chamaeliops,"pseudocrotchi E. WAGNER, 1965",,XHCH,8361396,XHCH,8361396
B3029:1:238,Compsidolon kiritshenkoi Kerz.,Kerz.,Compsidolon,Chamaeliops,kiritshenkoi,,species,,B3029:1,accepted,,,B3029:1:234,"Chamaeliops E. Wagner, 1967",,,,,,,Compsidolon,Chamaeliops,Phylaria | Plagiognathus | Compsidolon | Chamaeliops,kiritshenkoi KERZ.,,XHC3,11098855,XHBM,7496460
B3029:1:239,Compsidolon alatavicum Kerz.,Kerz.,Compsidolon,Chamaeliops,alatavicum,,species,,B3029:1,accepted,,,B3029:1:234,"Chamaeliops E. Wagner, 1967",,,,,,,Compsidolon,Chamaeliops,Phylaria | Plagiognathus | Compsidolon | Chamaeliops,alatavicum KERZ.,,5ZS3R,7435197,5ZS3R,7435197
B3029:1:240,"Compsidolon acuticeps E. Wagner, 1961","E. Wagner, 1961",Compsidolon,Chamaeliops,acuticeps,,species,,B3029:1,accepted,,,B3029:1:234,"Chamaeliops E. Wagner, 1967",,,,,,,Compsidolon,Chamaeliops,Phylaria | Plagiognathus | Compsidolon | Chamaeliops,"acuticeps E. WAGNER, 1961",,5ZRRR,4488222,5ZRRR,4488222
B3029:1:241,"Compsidolon littorale E. Wagner, 1965","E. Wagner, 1965",Compsidolon,Chamaeliops,littorale,,species,,B3029:1,accepted,,,B3029:1:234,"Chamaeliops E. Wagner, 1967",,,,,,,Compsidolon,Chamaeliops,Phylaria | Plagiognathus | Compsidolon | Chamaeliops,"littorale E. WAGNER, 1965",,XHC4,7564539,XHC4,7564539
B3029:1:242,"Compsidolon adspersum (K. Schmidt, 1939)","(K. Schmidt, 1939)",Compsidolon,Chamaeliops,adspersum,,species,,B3029:1,accepted,,,B3029:1:234,"Chamaeliops E. Wagner, 1967",,,,,,,Compsidolon,Chamaeliops,Phylaria | Plagiognathus | Compsidolon | Chamaeliops,"adspersum (K. SCHMIDT, 1939)",,XH9W,7725426,3G6LD,7772803
B3029:1:243,"Compsidolon thymelaeae E. Wagner, 1968","E. Wagner, 1968",Compsidolon,Chamaeliops,thymelaeae,,species,,B3029:1,accepted,,,B3029:1:234,"Chamaeliops E. Wagner, 1967",,,,,,,Compsidolon,Chamaeliops,Phylaria | Plagiognathus | Compsidolon | Chamaeliops,"thymelaeae E. WAGNER, 1968",,5ZRS9,7673555,XHYY,7751165
B3029:1:244,"Coniortodes E. Wagner, 1952","E. Wagner, 1952",Compsidolon,,,,subgenus,,B3029:1,accepted,,,B3029:1:214,"Compsidolon Reuter, 1899",,,,,,,Compsidolon,Coniortodes,Phylaria | Plagiognathus | Compsidolon,"Coniortodes E. WAGNER, 1952",,MVC3G,,MVC3G,
B3029:1:245,"Compsidolon salicellum (Herrich-Schäffer, 1841)","(Herrich-Schäffer, 1841)",Compsidolon,Coniortodes,salicellum,,species,,B3029:1,accepted,,,B3029:1:244,"Coniortodes E. Wagner, 1952",,,,,,,Compsidolon,Coniortodes,Phylaria | Plagiognathus | Compsidolon | Coniortodes,"salicellum (HERRICH-SCHÄFFER, 1841)",,5ZS45,2011339,5ZS45,2011339
B3029:1:246,"Compsidolon pterocephali (Lindberg, 1948)","(Lindberg, 1948)",Compsidolon,Coniortodes,pterocephali,,species,,B3029:1,accepted,,,B3029:1:244,"Coniortodes E. Wagner, 1952",,,,,,,Compsidolon,Coniortodes,Phylaria | Plagiognathus | Compsidolon | Coniortodes,"pterocephali (LINDBERG, 1948)",,XHCJ,4488191,XHCJ,4488191
B3029:1:247,"Compsidolon beckeri (Reuter, 1904)","(Reuter, 1904)",Compsidolon,Coniortodes,beckeri,,species,,B3029:1,accepted,,,B3029:1:244,"Coniortodes E. Wagner, 1952",,,,,,,Compsidolon,Coniortodes,Phylaria | Plagiognathus | Compsidolon | Coniortodes,"beckeri (REUTER, 1904)",,XHB8,7915237,XHB8,7915237
B3029:1:248,"Compsidolon longiceps (Reuter, 1904)","(Reuter, 1904)",Compsidolon,Coniortodes,longiceps,,species,,B3029:1,accepted,,,B3029:1:244,"Coniortodes E. Wagner, 1952",,,,,,,Compsidolon,Coniortodes,Phylaria | Plagiognathus | Compsidolon | Coniortodes,"longiceps (REUTER, 1904)",,XHC5,8018939,XHC5,8018939
B3029:1:249,"Compsidolon hierroense E. Wagner, 1954","E. Wagner, 1954",Compsidolon,Coniortodes,hierroense,,species,,B3029:1,accepted,,,B3029:1:244,"Coniortodes E. Wagner, 1952",,,,,,,Compsidolon,Coniortodes,Phylaria | Plagiognathus | Compsidolon | Coniortodes,"hierroense E. WAGNER, 1954",,XHBT,4488189,XHBT,4488189
B3029:1:250,"Compsidolon verbenae E. Wagner, 1954","E. Wagner, 1954",Compsidolon,Coniortodes,verbenae,,species,,B3029:1,accepted,,,B3029:1:244,"Coniortodes E. Wagner, 1952",,,,,,,Compsidolon,Coniortodes,Phylaria | Plagiognathus | Compsidolon | Coniortodes,"verbenae E. WAGNER, 1954",,XHD6,4488205,XHD6,4488205
B3029:1:251,"Compsidolon hoggaricum E. Wagner, 1974","E. Wagner, 1974",Compsidolon,Coniortodes,hoggaricum,,species,,B3029:1,accepted,,,B3029:1:244,"Coniortodes E. Wagner, 1952",,,,,,,Compsidolon,Coniortodes,Phylaria | Plagiognathus | Compsidolon | Coniortodes,"hoggaricum E. WAGNER, 1974",,XHBV,8365675,XHBV,8365675
B3029:1:252,"Compsidolon parviceps E. Wagner, 1954","E. Wagner, 1954",Compsidolon,Coniortodes,parviceps,,species,,B3029:1,accepted,,,B3029:1:244,"Coniortodes E. Wagner, 1952",,,,,,,Compsidolon,Coniortodes,Phylaria | Plagiognathus | Compsidolon | Coniortodes,"parviceps E. WAGNER, 1954",,XHCG,4488203,XHCG,4488203
B3029:1:253,"Compsidolon freyi E. Wagner, 1954","E. Wagner, 1954",Compsidolon,Coniortodes,freyi,,species,,B3029:1,accepted,,,B3029:1:244,"Coniortodes E. Wagner, 1952",,,,,,,Compsidolon,Coniortodes,Phylaria | Plagiognathus | Compsidolon | Coniortodes,"freyi E. WAGNER, 1954",,XHBN,4488195,XHBN,4488195
B3029:1:254,"Compsidolon cytisi (Lindberg, 1953)","(Lindberg, 1953)",Compsidolon,Coniortodes,cytisi,,species,,B3029:1,accepted,,,B3029:1:244,"Coniortodes E. Wagner, 1952",,,,,,,Compsidolon,Coniortodes,Phylaria | Plagiognathus | Compsidolon | Coniortodes,"cytisi (LINDBERG, 1953)",,XHBF,4488187,XHBF,4488187
B3029:1:255,"Compsidolon cytisellum (Lindberg, 1953)","(Lindberg, 1953)",Compsidolon,Coniortodes,cytisellum,,species,,B3029:1,accepted,,,B3029:1:244,"Coniortodes E. Wagner, 1952",,,,,,,Compsidolon,Coniortodes,Phylaria | Plagiognathus | Compsidolon | Coniortodes,"cytisellum (LINDBERG, 1953)",,5ZS42,8272470,5ZS42,8272470
B3029:1:256,"Compsidolon reraiense (Lindberg, 1940)","(Lindberg, 1940)",Compsidolon,Coniortodes,reraiense,,species,,B3029:1,accepted,,,B3029:1:244,"Coniortodes E. Wagner, 1952",,,,,,,Compsidolon,Coniortodes,Phylaria | Plagiognathus | Compsidolon | Coniortodes,"reraiense (LINDBERG, 1940)",,XHCP,7506903,XHCP,7506903
B3029:1:257,"Alloeotarsus Reuter, 1885","Reuter, 1885",,,,,genus,,B3029:1,accepted,,,B3029:1:2,Plagiognathus,,,,,,,Alloeotarsus,,Phylaria | Plagiognathus,"Alloeotarsus REUTER, 1885",,SBS,4488570,SBS,4488570
B3029:1:258,"Alloeotarsus vitellinus Reuter, 1855","Reuter, 1855",Alloeotarsus,,vitellinus,,species,,B3029:1,accepted,,,B3029:1:257,"Alloeotarsus Reuter, 1885",,,,,,,Alloeotarsus,,Phylaria | Plagiognathus | Alloeotarsus,"vitellinus REUTER, 1855",,BWK2,4488571,BWK2,4488571
B3029:1:259,"Gediocoris E. Wagner, 1964","E. Wagner, 1964",,,,,genus,,B3029:1,accepted,,,B3029:1:2,Plagiognathus,,,,,,,Gediocoris,,Phylaria | Plagiognathus,"Gediocoris E. WAGNER, 1964",,6355W,4774575,6355W,4774575
B3029:1:260,"Gediocoris pallispinus E. Wagner, 1964","E. Wagner, 1964",Gediocoris,,pallispinus,,species,,B3029:1,accepted,,,B3029:1:259,"Gediocoris E. Wagner, 1964",,,,,,,Gediocoris,,Phylaria | Plagiognathus | Gediocoris,"pallispinus E. WAGNER, 1964",,6JYWT,7646586,6JYWT,7646586
B3029:1:261,"Nanopsallus E. Wagner, 1952","E. Wagner, 1952",,,,,genus,,B3029:1,accepted,,,B3029:1:2,Plagiognathus,,,,,,,Nanopsallus,,Phylaria | Plagiognathus,"Nanopsallus E. WAGNER, 1952",,5XH7,4406845,5XH7,4406845
B3029:1:262,"Nanopsallus carduellus (Horvath, 1888)","(Horvath, 1888)",Nanopsallus,,carduellus,,species,,B3029:1,accepted,,,B3029:1:261,"Nanopsallus E. Wagner, 1952",,,,,,,Nanopsallus,,Phylaria | Plagiognathus | Nanopsallus,"carduellus (HORVATH, 1888)",,45N5P,4488406,45N5P,4488406
B3029:1:263,"Psallus carduellus Horvath, 1888","Horvath, 1888",Psallus,,carduellus,,species,,B3029:1,synonym,B3029:1:262,"Nanopsallus carduellus (Horvath, 1888)",,,,,,,,,Nanopsallus,,Phylaria | Plagiognathus | Nanopsallus,"Psallus carduellus HORVATH, 1888",,,4488407,,4488406
B3029:1:264,Nanopsallus carduellus var. quadrisignata Reut.,Reut.,Nanopsallus,,carduellus,quadrisignata,variety,,B3029:1,accepted,,,B3029:1:262,"Nanopsallus carduellus (Horvath, 1888)",,,,,,,Nanopsallus,,Phylaria | Plagiognathus | Nanopsallus | Nanopsallus carduellus,var. quadrisignata REUT.,,,,,
B3029:1:265,Nanopsallus carduellus var. infuscata Reut.,Reut.,Nanopsallus,,carduellus,infuscata,variety,,B3029:1,accepted,,,B3029:1:262,"Nanopsallus carduellus (Horvath, 1888)",,,,,,,Nanopsallus,,Phylaria | Plagiognathus | Nanopsallus | Nanopsallus carduellus,var. infuscata REUT.,,,,,
B3029:1:266,"Psallus Fieber, 1856","Fieber, 1856",,,,,genus,,B3029:1,accepted,,,B3029:1:2,Plagiognathus,,,,,,,Psallus,,Phylaria | Plagiognathus,"Psallus FIEBER, 1856",,6Y94,2010025,6Y94,2010025
B3029:1:267,"Psallus bivitreus (Mulsant, 1852)","(Mulsant, 1852)",Psallus,,bivitreus,,species,,B3029:1,accepted,,,B3029:1:266,"Psallus Fieber, 1856",,,,,,,Psallus,,Phylaria | Plagiognathus | Psallus,"bivitreus (MULSANT, 1852)",,78B63,4488679,78B63,4488679
B3029:1:268,"Apocremnus Fieber, 1858","Fieber, 1858",Psallus,,,,subgenus,,B3029:1,accepted,,,B3029:1:266,"Psallus Fieber, 1856",,,,,,,Psallus,Apocremnus,Phylaria | Plagiognathus | Psallus,"Apocremnus FIEBER, 1858",,LK2JT,,6Y94,
B3029:1:269,"Psallus kolenatii (Flor, 1860)","(Flor, 1860)",Psallus,Apocremnus,kolenatii,,species,,B3029:1,accepted,,,B3029:1:268,"Apocremnus Fieber, 1858",,,,,,,Psallus,Apocremnus,Phylaria | Plagiognathus | Psallus | Apocremnus,"kolenatii (FLOR, 1860)",,S72BP,9469380,5VWBS,2011143
B3029:1:270,"Psallus ancorifer Fieber, 1858","Fieber, 1858",Psallus,Apocremnus,ancorifer,,species,,B3029:1,accepted,,,B3029:1:268,"Apocremnus Fieber, 1858",,,,,,,Psallus,Apocremnus,Phylaria | Plagiognathus | Psallus | Apocremnus,"ancorifer FIEBER, 1858",,S6YZK,2009432,3T9Z7,2009430
B3029:1:271,"Psallus ancorifer subsp. ancorifer Fieber, 1858","Fieber, 1858",Psallus,Apocremnus,ancorifer,ancorifer,subspecies,,B3029:1,accepted,,,B3029:1:270,"Psallus ancorifer Fieber, 1858",,,,,,,Psallus,Apocremnus,Phylaria | Plagiognathus | Psallus | Apocremnus | Psallus ancorifer,"ancorifer ancorifer FIEBER, 1858",,,,,
B3029:1:272,Psallus ancorifer var. nigripes Fieb.,Fieb.,Psallus,Apocremnus,ancorifer,nigripes,variety,,B3029:1,accepted,,,B3029:1:271,"Psallus ancorifer subsp. ancorifer Fieber, 1858",,,,,,,Psallus,Apocremnus,Phylaria | Plagiognathus | Psallus | Apocremnus | Psallus ancorifer | Psallus ancorifer subsp. ancorifer,var. nigripes FIEB.,,,,,
B3029:1:273,Psallus nigripes var. fuscinervis Reut. 1875,Reut. 1875,Psallus,Apocremnus,nigripes,fuscinervis,variety,,B3029:1,synonym,B3029:1:272,Psallus ancorifer var. nigripes Fieb.,,,,,,,,,Psallus,Apocremnus,Phylaria | Plagiognathus | Psallus | Apocremnus | Psallus ancorifer | Psallus ancorifer subsp. ancorifer,nigripes var. fuscinervis REUT. 1875,,,,,
B3029:1:274,Psallus nigripes var. minor Reut. 1878,Reut. 1878,Psallus,Apocremnus,nigripes,minor,variety,,B3029:1,synonym,B3029:1:272,Psallus ancorifer var. nigripes Fieb.,,,,,,,,,Psallus,Apocremnus,Phylaria | Plagiognathus | Psallus | Apocremnus | Psallus ancorifer | Psallus ancorifer subsp. ancorifer,nigripes var. minor REUT. 1878,,,,,
B3029:1:275,Psallus ancorifer var. nigellata Stich. 1933,Stich. 1933,Psallus,Apocremnus,ancorifer,nigellata,variety,,B3029:1,accepted,,,B3029:1:271,"Psallus ancorifer subsp. ancorifer Fieber, 1858",,,,,,,Psallus,Apocremnus,Phylaria | Plagiognathus | Psallus | Apocremnus | Psallus ancorifer | Psallus ancorifer subsp. ancorifer,var. nigellata STICH. 1933,,5KPNW,9187565,3T9Z7,2009430
B3029:1:276,Psallus ancorifer var. marginata Stich. 1933,Stich. 1933,Psallus,Apocremnus,ancorifer,marginata,variety,,B3029:1,accepted,,,B3029:1:271,"Psallus ancorifer subsp. ancorifer Fieber, 1858",,,,,,,Psallus,Apocremnus,Phylaria | Plagiognathus | Psallus | Apocremnus | Psallus ancorifer | Psallus ancorifer subsp. ancorifer,var. marginata STICH. 1933,,7KNZ5,9015166,3T9Z7,2009430
B3029:1:277,"Psallus ancorifer subsp. lividus Reuter, 1894","Reuter, 1894",Psallus,Apocremnus,ancorifer,lividus,subspecies,,B3029:1,accepted,,,B3029:1:270,"Psallus ancorifer Fieber, 1858",,,,,,,Psallus,Apocremnus,Phylaria | Plagiognathus | Psallus | Apocremnus | Psallus ancorifer,"ancorifer lividus REUTER, 1894",,5KPNS,8952154,6P9VR,4488333
B3029:1:278,"Psallus ancorifer subsp. sengueni E. Wagner, 1956","E. Wagner, 1956",Psallus,Apocremnus,ancorifer,sengueni,subspecies,,B3029:1,accepted,,,B3029:1:270,"Psallus ancorifer Fieber, 1858",,,,,,,Psallus,Apocremnus,Phylaria | Plagiognathus | Psallus | Apocremnus | Psallus ancorifer,"ancorifer sengueni E. WAGNER, 1956",,5KPMP,8944393,3T9ZS,4488335
B3029:1:279,"Psallus ancorifer subsp. syriacus E. Wagner, 1956","E. Wagner, 1956",Psallus,Apocremnus,ancorifer,syriacus,subspecies,,B3029:1,accepted,,,B3029:1:270,"Psallus ancorifer Fieber, 1858",,,,,,,Psallus,Apocremnus,Phylaria | Plagiognathus | Psallus | Apocremnus | Psallus ancorifer,"ancorifer syriacus E. WAGNER, 1956",,5KPNY,8888094,3T9ZT,4488331
B3029:1:280,"Plagiognathus mamorae Lindberg, 1940","Lindberg, 1940",Plagiognathus,,mamorae,,species,,B3029:1,synonym,B3029:1:279,"Psallus ancorifer subsp. syriacus E. Wagner, 1956",,,,,,,,,Psallus,Apocremnus,Phylaria | Plagiognathus | Psallus | Apocremnus | Psallus ancorifer,"Plagiognathus mamorae LINDBERG, 1940",,6VN3W,8014087,6WC37,8193900
B3029:1:281,"Psallus ancorifer subsp. pollinosus (Horvath, 1905)","(Horvath, 1905)",Psallus,Apocremnus,ancorifer,pollinosus,subspecies,,B3029:1,accepted,,,B3029:1:270,"Psallus ancorifer Fieber, 1858",,,,,,,Psallus,Apocremnus,Phylaria | Plagiognathus | Psallus | Apocremnus | Psallus ancorifer,"ancorifer pollinosus (HORVATH, 1905)",,5KPMN,8766249,3T9ZN,4488339
B3029:1:282,Sthenarus pollinosus Horvath 1905,Horvath 1905,Sthenarus,,pollinosus,,species,,B3029:1,synonym,B3029:1:281,"Psallus ancorifer subsp. pollinosus (Horvath, 1905)",,,,,,,,,Psallus,Apocremnus,Phylaria | Plagiognathus | Psallus | Apocremnus | Psallus ancorifer,Sthenarus pollinosus HORVATH 1905,,,4488340,,4488339
B3029:1:283,"Psallus ancorifer subsp. vesicatus E. Wagner, 1956","E. Wagner, 1956",Psallus,Apocremnus,ancorifer,vesicatus,subspecies,,B3029:1,synonym,B3029:1:281,"Psallus ancorifer subsp. pollinosus (Horvath, 1905)",,,,,,,,,Psallus,Apocremnus,Phylaria | Plagiognathus | Psallus | Apocremnus | Psallus ancorifer,"ancorifer vesicatus E. WAGNER, 1956",,5KPMR,10991221,3T9ZN,4488339
B3029:1:284,"Psallus ibericus E. Wagner, 1957","E. Wagner, 1957",Psallus,Apocremnus,ibericus,,species,,B3029:1,accepted,,,B3029:1:268,"Apocremnus Fieber, 1858",,,,,,,Psallus,Apocremnus,Phylaria | Plagiognathus | Psallus | Apocremnus,"ibericus E. WAGNER, 1957",,,4488338,,4488337
B3029:1:285,"Psallus seidenstuekkeri E. Wagner, 1956","E. Wagner, 1956",Psallus,Apocremnus,seidenstuekkeri,,species,,B3029:1,accepted,,,B3029:1:268,"Apocremnus Fieber, 1858",,,,,,,Psallus,Apocremnus,Phylaria | Plagiognathus | Psallus | Apocremnus,"seidenstuekkeri E. WAGNER, 1956",,6WB2W,8388965,3T9ZR,7632528
B3029:1:286,"Psallus anatolicus E. Wagner, 1963","E. Wagner, 1963",Psallus,Apocremnus,anatolicus,,species,,B3029:1,accepted,,,B3029:1:268,"Apocremnus Fieber, 1858",,,,,,,Psallus,Apocremnus,Phylaria | Plagiognathus | Psallus | Apocremnus,"anatolicus E. WAGNER, 1963",,6WB5K,8074460,6WB5K,8074460
B3029:1:287,"Psallus karakardes Seidenstücker, 1960","Seidenstücker, 1960",Psallus,Apocremnus,karakardes,,species,,B3029:1,accepted,,,B3029:1:268,"Apocremnus Fieber, 1858",,,,,,,Psallus,Apocremnus,Phylaria | Plagiognathus | Psallus | Apocremnus,"karakardes SEIDENSTÜCKER, 1960",,78BNR,8063481,78BNR,8063481
B3029:1:288,"Psallus hartigi E. Wagner, 1970","E. Wagner, 1970",Psallus,Apocremnus,hartigi,,species,,B3029:1,accepted,,,B3029:1:268,"Apocremnus Fieber, 1858",,,,,,,Psallus,Apocremnus,Phylaria | Plagiognathus | Psallus | Apocremnus,"hartigi E. WAGNER, 1970",,6WBPG,4488742,6WBPG,4488742
B3029:1:289,"Psallus betuleti (Fallén, 1829)","(Fallén, 1829)",Psallus,Apocremnus,betuleti,,species,,B3029:1,accepted,,,B3029:1:268,"Apocremnus Fieber, 1858",,,,,,,Psallus,Apocremnus,Phylaria | Plagiognathus | Psallus | Apocremnus,"betuleti (FALLÉN, 1829)",,78B64,2010026,78B64,2010026
B3029:1:290,Psallus betuleti var. nigricollis Stich. 1933,Stich. 1933,Psallus,Apocremnus,betuleti,nigricollis,variety,,B3029:1,accepted,,,B3029:1:289,"Psallus betuleti (Fallén, 1829)",,,,,,,Psallus,Apocremnus,Phylaria | Plagiognathus | Psallus | Apocremnus | Psallus betuleti,var. nigricollis STICH. 1933,,5KPP5,8747665,78B64,2010026
B3029:1:291,Psallus betuleti var. nigrivestis Stich. 1933,Stich. 1933,Psallus,Apocremnus,betuleti,nigrivestis,variety,,B3029:1,accepted,,,B3029:1:289,"Psallus betuleti (Fallén, 1829)",,,,,,,Psallus,Apocremnus,Phylaria | Plagiognathus | Psallus | Apocremnus | Psallus betuleti,var. nigrivestis STICH. 1933,,5KPP6,9223532,78B64,2010026
B3029:1:292,Psallus montanus Josifov 1973,Josifov 1973,Psallus,Apocremnus,montanus,,species,,B3029:1,accepted,,,B3029:1:268,"Apocremnus Fieber, 1858",,,,,,,Psallus,Apocremnus,Phylaria | Plagiognathus | Psallus | Apocremnus,montanus JOSIFOV 1973,,6WBR6,4488750,6WBR6,4488750
B3029:1:293,"Mesopsallus E. Wagner, 1970","E. Wagner, 1970",Psallus,,,,subgenus,,B3029:1,accepted,,,B3029:1:266,"Psallus Fieber, 1856",,,,,,,Psallus,Mesopsallus,Phylaria | Plagiognathus | Psallus,"Mesopsallus E. WAGNER, 1970",,QRYHB,,QRYHB,
B3029:1:294,"Psallus ambiguous (Fallén, 1807)","(Fallén, 1807)",Psallus,Mesopsallus,ambiguous,,species,,B3029:1,accepted,,,B3029:1:293,"Mesopsallus E. Wagner, 1970",,,,,,,Psallus,Mesopsallus,Phylaria | Plagiognathus | Psallus | Mesopsallus,"ambiguous (FALLÉN, 1807)",,6WB5G,8179641,6WB5G,8179641
B3029:1:295,"Psallus pseudambiguus E. Wagner, 1970","E. Wagner, 1970",Psallus,Mesopsallus,pseudambiguus,,species,,B3029:1,accepted,,,B3029:1:293,"Mesopsallus E. Wagner, 1970",,,,,,,Psallus,Mesopsallus,Phylaria | Plagiognathus | Psallus | Mesopsallus,"pseudambiguus E. WAGNER, 1970",,78BQZ,8216182,78BQZ,8216182
B3029:1:296,"Psallus tibialis Reuter, 1894","Reuter, 1894",Psallus,Mesopsallus,tibialis,,species,,B3029:1,accepted,,,B3029:1:293,"Mesopsallus E. Wagner, 1970",,,,,,,Psallus,Mesopsallus,Phylaria | Plagiognathus | Psallus | Mesopsallus,"tibialis REUTER, 1894",,4NB29,4488714,4NB29,4488714
B3029:1:297,"Ilops Stichel, 1958","Stichel, 1958",Psallus,,,,subgenus,,B3029:1,accepted,,,B3029:1:266,"Psallus Fieber, 1856",,,,,,,Psallus,Ilops,Phylaria | Plagiognathus | Psallus,"Ilops STICHEL, 1958",,PYFQC,,6Y94,
B3029:1:298,Liops Fieber 1870,Fieber 1870,Psallus,Ilops,,,subgenus,n. pr.,B3029:1,synonym,B3029:1:297,"Ilops Stichel, 1958",,,,,,,,,Psallus,Liops,Phylaria | Plagiognathus | Psallus,Liops FIEBER 1870 n. pr.,,QFHBJ,,6Y94,
B3029:1:299,"Psallus theryi E. Wagner, 1958","E. Wagner, 1958",Psallus,Ilops,theryi,,species,,B3029:1,accepted,,,B3029:1:297,"Ilops Stichel, 1958",,,,,,,Psallus,Ilops,Phylaria | Plagiognathus | Psallus | Ilops,"theryi E. WAGNER, 1958",,78B3J,11004467,6WB62,4488686
B3029:1:300,"Psallus puncticollis Fieber, 1870","Fieber, 1870",Psallus,Ilops,puncticollis,,species,,B3029:1,accepted,,,B3029:1:297,"Ilops Stichel, 1958",,,,,,,Psallus,Ilops,Phylaria | Plagiognathus | Psallus | Ilops,"puncticollis FIEBER, 1870",,6WBRC,8215715,6WB62,4488686
B3029:1:301,"Psallus criocoroides Reuter, 1879","Reuter, 1879",Psallus,Ilops,criocoroides,,species,,B3029:1,accepted,,,B3029:1:297,"Ilops Stichel, 1958",,,,,,,Psallus,Ilops,Phylaria | Plagiognathus | Psallus | Ilops,"criocoroides REUTER, 1879",,78B47,4488711,78B47,4488711
B3029:1:302,"Psallus maroccanus E. Wagner, 1960","E. Wagner, 1960",Psallus,Ilops,maroccanus,,species,,B3029:1,accepted,,,B3029:1:297,"Ilops Stichel, 1958",,,,,,,Psallus,Ilops,Phylaria | Plagiognathus | Psallus | Ilops,"maroccanus E. WAGNER, 1960",,6WC2S,7895129,6WB62,4488686
B3029:1:303,Psallus maroccanus var. obscurus Reuter 1902,Reuter 1902,Psallus,Ilops,maroccanus,obscurus,variety,,B3029:1,accepted,,,B3029:1:302,"Psallus maroccanus E. Wagner, 1960",,,,,,,Psallus,Ilops,Phylaria | Plagiognathus | Psallus | Ilops | Psallus maroccanus,var. obscurus REUTER 1902,,,,,
B3029:1:304,"Hylopsallus E. Wagner, 1952","E. Wagner, 1952",Psallus,,,,subgenus,,B3029:1,accepted,,,B3029:1:266,"Psallus Fieber, 1856",,,,,,,Psallus,Hylopsallus,Phylaria | Plagiognathus | Psallus,"Hylopsallus E. WAGNER, 1952",,PYYLD,,PYYLD,
B3029:1:305,"Psallus cerridis E. Wagner, 1971","E. Wagner, 1971",Psallus,Hylopsallus,cerridis,,species,,B3029:1,accepted,,,B3029:1:304,"Hylopsallus E. Wagner, 1952",,,,,,,Psallus,Hylopsallus,Phylaria | Plagiognathus | Psallus | Hylopsallus,"cerridis E. WAGNER, 1971",,78B46,8063934,78B46,8063934
B3029:1:306,"Psallus callunae Reuter, 1878","Reuter, 1878",Psallus,Hylopsallus,callunae,,species,,B3029:1,accepted,,,B3029:1:304,"Hylopsallus E. Wagner, 1952",,,,,,,Psallus,Hylopsallus,Phylaria | Plagiognathus | Psallus | Hylopsallus,"callunae REUTER, 1878",,78B3R,4488731,78B3R,4488731
B3029:1:307,"Psallus catalanicus E. Wagner, 1965","E. Wagner, 1965",Psallus,Hylopsallus,catalanicus,,species,,B3029:1,accepted,,,B3029:1:304,"Hylopsallus E. Wagner, 1952",,,,,,,Psallus,Hylopsallus,Phylaria | Plagiognathus | Psallus | Hylopsallus,"catalanicus E. WAGNER, 1965",,6WB46,4488727,6WB46,4488727
B3029:1:308,"Psallus quercus (Kirschbaum, 1856)","(Kirschbaum, 1856)",Psallus,Hylopsallus,quercus,,species,,B3029:1,accepted,,,B3029:1:304,"Hylopsallus E. Wagner, 1952",,,,,,,Psallus,Hylopsallus,Phylaria | Plagiognathus | Psallus | Hylopsallus,"quercus (KIRSCHBAUM, 1856)",,78BRF,4488738,78BRF,4488738
B3029:1:309,Psallus simillimus Kirschbaum 1856,Kirschbaum 1856,Psallus,Hylopsallus,simillimus,,species,,B3029:1,synonym,B3029:1:308,"Psallus quercus (Kirschbaum, 1856)",,,,,,,,,Psallus,Hylopsallus,Phylaria | Plagiognathus | Psallus | Hylopsallus,simillimus KIRSCHBAUM 1856,,6WBQ2,7477464,78BRF,4488738
B3029:1:310,"Psallus sorbi E. Wagner, 1970","E. Wagner, 1970",Psallus,Hylopsallus,sorbi,,species,,B3029:1,accepted,,,B3029:1:304,"Hylopsallus E. Wagner, 1952",,,,,,,Psallus,Hylopsallus,Phylaria | Plagiognathus | Psallus | Hylopsallus,"sorbi E. WAGNER, 1970",,78BQ2,4488732,78BQ2,4488732
B3029:1:311,"Psallus variabilis (Fallén, 1829)","(Fallén, 1829)",Psallus,Hylopsallus,variabilis,,species,,B3029:1,accepted,,,B3029:1:304,"Hylopsallus E. Wagner, 1952",,,,,,,Psallus,Hylopsallus,Phylaria | Plagiognathus | Psallus | Hylopsallus,"variabilis (FALLÉN, 1829)",,4NB2K,7947330,4NB2K,7947330
B3029:1:312,"Psallus perrisi (Mulsant, 1852)","(Mulsant, 1852)",Psallus,Hylopsallus,perrisi,,species,,B3029:1,accepted,,,B3029:1:304,"Hylopsallus E. Wagner, 1952",,,,,,,Psallus,Hylopsallus,Phylaria | Plagiognathus | Psallus | Hylopsallus,"perrisi (MULSANT, 1852)",,6WBR9,4488729,6WBR9,4488729
B3029:1:313,"Psallus anticus Reuter, 1876","Reuter, 1876",Psallus,Hylopsallus,anticus,,species,,B3029:1,synonym,B3029:1:312,"Psallus perrisi (Mulsant, 1852)",,,,,,,,,Psallus,Hylopsallus,Phylaria | Plagiognathus | Psallus | Hylopsallus,"anticus REUTER, 1876",,78B5K,7871299,78B5K,7871299
B3029:1:314,"Psallus wagneri Ossiannilsson, 1953","Ossiannilsson, 1953",Psallus,Hylopsallus,wagneri,,species,,B3029:1,accepted,,,B3029:1:304,"Hylopsallus E. Wagner, 1952",,,,,,,Psallus,Hylopsallus,Phylaria | Plagiognathus | Psallus | Hylopsallus,"wagneri OSSIANNILSSON, 1953",,4NB2S,4488725,4NB2S,4488725
B3029:1:315,Psallus,,Psallus,,,,subgenus,s. str.,B3029:1,accepted,,,B3029:1:266,"Psallus Fieber, 1856",,,,,,,Psallus,Psallus,Phylaria | Plagiognathus | Psallus,Psallus s. str.,,6Y94,,6Y94,
B3029:1:316,"Psallus varians (Herrich -Schäffer, 1842)","(Herrich -Schäffer, 1842)",Psallus,Psallus,varians,,species,,B3029:1,accepted,,,B3029:1:315,Psallus,,,,,,,Psallus,Psallus,Phylaria | Plagiognathus | Psallus | Psallus,"varians (HERRICH -SCHÄFFER, 1842)",,4NB2L,4488696,4NB2L,4488696
B3029:1:317,"Psallus varians (Herrich-Schäffer, 1842)","(Herrich-Schäffer, 1842)",Psallus,Psallus,varians,,species,,B3029:1,accepted,,,B3029:1:315,Psallus,,,,,,,Psallus,Psallus,Phylaria | Plagiognathus | Psallus | Psallus,"varians (HERRICH-SCHÄFFER, 1842)",,4NB2L,4488696,4NB2L,4488696
B3029:1:318,"Psallus tunetanus E. Wagner, 1962","E. Wagner, 1962",Psallus,Psallus,tunetanus,,species,,B3029:1,accepted,,,B3029:1:315,Psallus,,,,,,,Psallus,Psallus,Phylaria | Plagiognathus | Psallus | Psallus,"tunetanus E. WAGNER, 1962",,78BQ5,8367558,4NB2L,4488696
B3029:1:319,"Psallus cornutus E. Wagner, 1943","E. Wagner, 1943",Psallus,Psallus,cornutus,,species,,B3029:1,accepted,,,B3029:1:315,Psallus,,,,,,,Psallus,Psallus,Phylaria | Plagiognathus | Psallus | Psallus,"cornutus E. WAGNER, 1943",,6WB3V,8242419,4NB2L,4488696
B3029:1:320,"Psallus alni (Fabricius, 1794)","(Fabricius, 1794)",Psallus,Psallus,alni,,species,,B3029:1,accepted,,,B3029:1:315,Psallus,,,,,,,Psallus,Psallus,Phylaria | Plagiognathus | Psallus | Psallus,"alni (FABRICIUS, 1794)",,78B5B,6096756,6WBPF,4488693
B3029:1:321,Psallus roseus F. 1777,F. 1777,Psallus,Psallus,roseus,,species,n. pr.,B3029:1,synonym,B3029:1:320,"Psallus alni (Fabricius, 1794)",,,,,,,,,Psallus,Psallus,Phylaria | Plagiognathus | Psallus | Psallus,roseus F. 1777 n. pr.,,78C3H,11008260,6WBPF,4488689
B3029:1:322,Psallus alni var. rosea F.,F.,Psallus,Psallus,alni,rosea,variety,,B3029:1,accepted,,,B3029:1:320,"Psallus alni (Fabricius, 1794)",,,,,,,Psallus,Psallus,Phylaria | Plagiognathus | Psallus | Psallus | Psallus alni,var. rosea F.,,,,,
B3029:1:323,Psallus alni var. fraudatrix Reut.,Reut.,Psallus,Psallus,alni,fraudatrix,variety,,B3029:1,accepted,,,B3029:1:320,"Psallus alni (Fabricius, 1794)",,,,,,,Psallus,Psallus,Phylaria | Plagiognathus | Psallus | Psallus | Psallus alni,var. fraudatrix REUT.,,,,,
B3029:1:324,Psallus alni var. diluta Dgl. & Sc.,Dgl. & Sc.,Psallus,Psallus,alni,diluta,variety,,B3029:1,accepted,,,B3029:1:320,"Psallus alni (Fabricius, 1794)",,,,,,,Psallus,Psallus,Phylaria | Plagiognathus | Psallus | Psallus | Psallus alni,var. diluta DGL. & SC.,,,,,
B3029:1:325,Psallus alni var. griseofusca Stich.,Stich.,Psallus,Psallus,alni,griseofusca,variety,,B3029:1,accepted,,,B3029:1:320,"Psallus alni (Fabricius, 1794)",,,,,,,Psallus,Psallus,Phylaria | Plagiognathus | Psallus | Psallus | Psallus alni,var. griseofusca STICH.,,,,,
B3029:1:326,Psallus alni var. roseomaculata Stich.,Stich.,Psallus,Psallus,alni,roseomaculata,variety,,B3029:1,accepted,,,B3029:1:320,"Psallus alni (Fabricius, 1794)",,,,,,,Psallus,Psallus,Phylaria | Plagiognathus | Psallus | Psallus | Psallus alni,var. roseomaculata STICH.,,5KPN5,9139541,6WBPF,4488689
B3029:1:327,Psallus alni var. sanguinea F.,F.,Psallus,Psallus,alni,sanguinea,variety,,B3029:1,accepted,,,B3029:1:320,"Psallus alni (Fabricius, 1794)",,,,,,,Psallus,Psallus,Phylaria | Plagiognathus | Psallus | Psallus | Psallus alni,var. sanguinea F.,,,,,
B3029:1:328,Psallus alni var. querceti Fall.,Fall.,Psallus,Psallus,alni,querceti,variety,,B3029:1,accepted,,,B3029:1:320,"Psallus alni (Fabricius, 1794)",,,,,,,Psallus,Psallus,Phylaria | Plagiognathus | Psallus | Psallus | Psallus alni,var. querceti FALL.,,,,,
B3029:1:329,"Psallus galilaeus Linnavuori, 1965","Linnavuori, 1965",Psallus,Psallus,galilaeus,,species,,B3029:1,accepted,,,B3029:1:315,Psallus,,,,,,,Psallus,Psallus,Phylaria | Plagiognathus | Psallus | Psallus,"galilaeus LINNAVUORI, 1965",,78BP7,8198134,78BP7,8198134
B3029:1:330,Psallus punctulatus,,Psallus,Psallus,punctulatus,,species,sensu LINNAV. nec PUT.,B3029:1,synonym,B3029:1:329,"Psallus galilaeus Linnavuori, 1965",,,,,,,,,Psallus,Psallus,Phylaria | Plagiognathus | Psallus | Psallus,punctulatus sensu LINNAV. nec PUT.,,78BRC,12285704,78BRC,12285704
B3029:1:331,"Psallus pardalis Seidenstücker, 1966","Seidenstücker, 1966",Psallus,Psallus,pardalis,,species,,B3029:1,accepted,,,B3029:1:315,Psallus,,,,,,,Psallus,Psallus,Phylaria | Plagiognathus | Psallus | Psallus,"pardalis SEIDENSTÜCKER, 1966",,78BQY,4488682,78BQY,4488682
B3029:1:332,"Psallus punctulatus Puton, 1874","Puton, 1874",Psallus,Psallus,punctulatus,,species,,B3029:1,accepted,,,B3029:1:315,Psallus,,,,,,,Psallus,Psallus,Phylaria | Plagiognathus | Psallus | Psallus,"punctulatus PUTON, 1874",,78BRC,4488708,78BRC,4488708
B3029:1:333,"Psallus sinaiticus Linnavuori, 1964","Linnavuori, 1964",Psallus,Psallus,sinaiticus,,species,,B3029:1,accepted,,,B3029:1:315,Psallus,,,,,,,Psallus,Psallus,Phylaria | Plagiognathus | Psallus | Psallus,"sinaiticus LINNAVUORI, 1964",,6WB3B,7889248,QG6G,7577663
B3029:1:334,"Psallus bernardi E. Wagner, 1958","E. Wagner, 1958",Psallus,Psallus,bernardi,,species,,B3029:1,accepted,,,B3029:1:315,Psallus,,,,,,,Psallus,Psallus,Phylaria | Plagiognathus | Psallus | Psallus,"bernardi E. WAGNER, 1958",,6WB64,8269154,6WB64,8269154
B3029:1:335,"Psallus corsicus Puton, 1875","Puton, 1875",Psallus,Psallus,corsicus,,species,,B3029:1,accepted,,,B3029:1:315,Psallus,,,,,,,Psallus,Psallus,Phylaria | Plagiognathus | Psallus | Psallus,"corsicus PUTON, 1875",,6WB47,4488688,6WB4M,7878047
B3029:1:336,"Psallus brevicornis Reuter, 1895","Reuter, 1895",Psallus,Psallus,brevicornis,,species,,B3029:1,accepted,,,B3029:1:315,Psallus,,,,,,,Psallus,Psallus,Phylaria | Plagiognathus | Psallus | Psallus,"brevicornis REUTER, 1895",,78B3S,8213084,78BPR,4488683
B3029:1:337,"Psallus cruentatus (Mulsant, 1852)","(Mulsant, 1852)",Psallus,Psallus,cruentatus,,species,,B3029:1,accepted,,,B3029:1:315,Psallus,,,,,,,Psallus,Psallus,Phylaria | Plagiognathus | Psallus | Psallus,"cruentatus (MULSANT, 1852)",,6WB3Y,4488704,6WB3Y,4488704
B3029:1:338,"Psallus brachycerus Reuter, 1904","Reuter, 1904",Psallus,Psallus,brachycerus,,species,,B3029:1,accepted,,,B3029:1:315,Psallus,,,,,,,Psallus,Psallus,Phylaria | Plagiognathus | Psallus | Psallus,"brachycerus REUTER, 1904",,6WB3S,4488710,6WB3S,4488710
B3029:1:339,Psallus albicinctus Kb.,Kb.,Psallus,Psallus,albicinctus,,species,,B3029:1,accepted,,,B3029:1:315,Psallus,,,,,,,Psallus,Psallus,Phylaria | Plagiognathus | Psallus | Psallus,albicinctus KB.,,78B4Z,4488684,78B4Z,4488684
B3029:1:340,"Psallus divergens Reuter, 1899","Reuter, 1899",Psallus,Psallus,divergens,,species,,B3029:1,accepted,,,B3029:1:315,Psallus,,,,,,,Psallus,Psallus,Phylaria | Plagiognathus | Psallus | Psallus,"divergens REUTER, 1899",,6WB4G,8162171,6WB4G,8162171
B3029:1:341,"Psallus pulchellus Reuter, 1899","Reuter, 1899",Psallus,Psallus,pulchellus,,species,,B3029:1,accepted,,,B3029:1:315,Psallus,,,,,,,Psallus,Psallus,Phylaria | Plagiognathus | Psallus | Psallus,"pulchellus REUTER, 1899",,78C3B,7701357,6WB62,4488686
B3029:1:342,"Psallus deserticola E. Wagner, 1952","E. Wagner, 1952",Psallus,Psallus,deserticola,,species,,B3029:1,accepted,,,B3029:1:315,Psallus,,,,,,,Psallus,Psallus,Phylaria | Plagiognathus | Psallus | Psallus,"deserticola E. WAGNER, 1952",,,4488413,,4488411
B3029:1:343,"Psallus fokkeri Reuter, 1899","Reuter, 1899",Psallus,Psallus,fokkeri,,species,,B3029:1,accepted,,,B3029:1:315,Psallus,,,,,,,Psallus,Psallus,Phylaria | Plagiognathus | Psallus | Psallus,"fokkeri REUTER, 1899",,6WBP6,8418365,6WBP6,8418365
B3029:1:344,"Psallus ericetorum Reuter, 1899","Reuter, 1899",Psallus,Psallus,ericetorum,,species,,B3029:1,accepted,,,B3029:1:315,Psallus,,,,,,,Psallus,Psallus,Phylaria | Plagiognathus | Psallus | Psallus,"ericetorum REUTER, 1899",,6WB4M,7878047,6WB4M,7878047
B3029:1:345,"Psallus oleae E. Wagner, 1963","E. Wagner, 1963",Psallus,Psallus,oleae,,species,,B3029:1,accepted,,,B3029:1:315,Psallus,,,,,,,Psallus,Psallus,Phylaria | Plagiognathus | Psallus | Psallus,"oleae E. WAGNER, 1963",,78BR7,8315832,78BR7,8315832
B3029:1:346,"Psallus aetnicola E. Wagner, 1954","E. Wagner, 1954",Psallus,Psallus,aetnicola,,species,,B3029:1,accepted,,,B3029:1:315,Psallus,,,,,,,Psallus,Psallus,Phylaria | Plagiognathus | Psallus | Psallus,"aetnicola E. WAGNER, 1954",,78B58,4488695,78B58,4488695
B3029:1:347,"Psallus falleni Reuter, 1883","Reuter, 1883",Psallus,Psallus,falleni,,species,,B3029:1,accepted,,,B3029:1:315,Psallus,,,,,,,Psallus,Psallus,Phylaria | Plagiognathus | Psallus | Psallus,"falleni REUTER, 1883",,6WB53,2010035,6WB53,2010035
B3029:1:348,"Psallus vicinus Reuter, 1899","Reuter, 1899",Psallus,Psallus,vicinus,,species,,B3029:1,accepted,,,B3029:1:315,Psallus,,,,,,,Psallus,Psallus,Phylaria | Plagiognathus | Psallus | Psallus,"vicinus REUTER, 1899",,4NB2N,4488702,4NB2N,4488702
B3029:1:349,"Psallus orni E. Wagner, 1968","E. Wagner, 1968",Psallus,Psallus,orni,,species,,B3029:1,accepted,,,B3029:1:315,Psallus,,,,,,,Psallus,Psallus,Phylaria | Plagiognathus | Psallus | Psallus,"orni E. WAGNER, 1968",,78C2V,8363231,78C2V,8363231
B3029:1:350,"Psallus lepidus Fieber, 1858","Fieber, 1858",Psallus,Psallus,lepidus,,species,,B3029:1,accepted,,,B3029:1:315,Psallus,,,,,,,Psallus,Psallus,Phylaria | Plagiognathus | Psallus | Psallus,"lepidus FIEBER, 1858",,6WBR2,2010036,6WBR2,2010036
B3029:1:351,"Psallus flavellus Stichel, 1933","Stichel, 1933",Psallus,Psallus,flavellus,,species,,B3029:1,accepted,,,B3029:1:315,Psallus,,,,,,,Psallus,Psallus,Phylaria | Plagiognathus | Psallus | Psallus,"flavellus STICHEL, 1933",,6WBP4,2010027,6WBP4,2010027
B3029:1:352,Psallus minor Saund. 1892,Saund. 1892,Psallus,Psallus,minor,,species,n. pr.,B3029:1,synonym,B3029:1:351,"Psallus flavellus Stichel, 1933",,,,,,,,,Psallus,Psallus,Phylaria | Plagiognathus | Psallus | Psallus,minor SAUND. 1892 n. pr.,,6WC2R,7993702,6WBP4,2010027
B3029:1:353,Psallus pristis E. Wagner 1943,E. Wagner 1943,Psallus,Psallus,pristis,,species,,B3029:1,synonym,B3029:1:351,"Psallus flavellus Stichel, 1933",,,,,,,,,Psallus,Psallus,Phylaria | Plagiognathus | Psallus | Psallus,pristis E. WAGNER 1943,,6WBQZ,7489351,6WBP4,2010027
B3029:1:354,"Psallus turcicus E. Wagner, 1971","E. Wagner, 1971",Psallus,Psallus,turcicus,,species,,B3029:1,accepted,,,B3029:1:315,Psallus,,,,,,,Psallus,Psallus,Phylaria | Plagiognathus | Psallus | Psallus,"turcicus E. WAGNER, 1971",,4NB2F,7656540,4NB2F,7656540
B3029:1:355,Psallus punctulatus,,Psallus,Psallus,punctulatus,,species,"sensu LINNAVUORI 1965, SEID. 1972 nec. PUT.",B3029:1,synonym,B3029:1:354,"Psallus turcicus E. Wagner, 1971",,,,,,,,,Psallus,Psallus,Phylaria | Plagiognathus | Psallus | Psallus,"punctulatus sensu LINNAVUORI 1965, SEID. 1972 nec. PUT.",,78BRC,12285704,78BRC,12285704
B3029:1:356,"Psallus balcanicus Josifov, 1969","Josifov, 1969",Psallus,Psallus,balcanicus,,species,,B3029:1,accepted,,,B3029:1:315,Psallus,,,,,,,Psallus,Psallus,Phylaria | Plagiognathus | Psallus | Psallus,"balcanicus JOSIFOV, 1969",,6WB5P,7707044,6WB5P,7707044
B3029:1:357,"Psallus lucanicus E. Wagner, 1968","E. Wagner, 1968",Psallus,Psallus,lucanicus,,species,,B3029:1,accepted,,,B3029:1:315,Psallus,,,,,,,Psallus,Psallus,Phylaria | Plagiognathus | Psallus | Psallus,"lucanicus E. WAGNER, 1968",,78BR2,4488681,78BR2,4488681
B3029:1:358,"Psallus morenus E. Wagner, 1972","E. Wagner, 1972",Psallus,Psallus,morenus,,species,,B3029:1,accepted,,,B3029:1:315,Psallus,,,,,,,Psallus,Psallus,Phylaria | Plagiognathus | Psallus | Psallus,"morenus E. WAGNER, 1972",,6WC36,7774964,6WB62,4488686
B3029:1:359,"Psallus mollis (Mulsant, 1852)","(Mulsant, 1852)",Psallus,Psallus,mollis,,species,,B3029:1,accepted,,,B3029:1:315,Psallus,,,,,,,Psallus,Psallus,Phylaria | Plagiognathus | Psallus | Psallus,"mollis (MULSANT, 1852)",,78C2R,4488691,78C2R,4488691
B3029:1:360,"Psallus aurora (Mulsant, 1852)","(Mulsant, 1852)",Psallus,Psallus,aurora,,species,,B3029:1,accepted,,,B3029:1:315,Psallus,,,,,,,Psallus,Psallus,Phylaria | Plagiognathus | Psallus | Psallus,"aurora (MULSANT, 1852)",,6WB62,4488686,6WB62,4488686
B3029:1:361,"Psallus asthenicus Seidenstücker, 1966","Seidenstücker, 1966",Psallus,Psallus,asthenicus,,species,,B3029:1,accepted,,,B3029:1:315,Psallus,,,,,,,Psallus,Psallus,Phylaria | Plagiognathus | Psallus | Psallus,"asthenicus SEIDENSTÜCKER, 1966",,6WB5L,4488701,6WB5L,4488701
B3029:1:362,"Psallus apoplepticus Seidenstücker, 1966","Seidenstücker, 1966",Psallus,Psallus,apoplepticus,,species,,B3029:1,accepted,,,B3029:1:315,Psallus,,,,,,,Psallus,Psallus,Phylaria | Plagiognathus | Psallus | Psallus,"apoplepticus SEIDENSTÜCKER, 1966",,78B2F,7607650,78B5J,7892596
B3029:1:363,"Psallus helenae Josifov, 1969","Josifov, 1969",Psallus,Psallus,helenae,,species,,B3029:1,accepted,,,B3029:1:315,Psallus,,,,,,,Psallus,Psallus,Phylaria | Plagiognathus | Psallus | Psallus,"helenae JOSIFOV, 1969",,6WBPJ,4488713,6WBPJ,4488713
B3029:1:364,"Psallus jeitensis E. Wagner, 1963","E. Wagner, 1963",Psallus,Psallus,jeitensis,,species,,B3029:1,accepted,,,B3029:1:315,Psallus,,,,,,,Psallus,Psallus,Phylaria | Plagiognathus | Psallus | Psallus,"jeitensis E. WAGNER, 1963",,78BNM,8085511,78BNM,8085511
B3029:1:365,"Psallus anaemicus Seidenstücker, 1966","Seidenstücker, 1966",Psallus,Psallus,anaemicus,,species,,B3029:1,accepted,,,B3029:1:315,Psallus,,,,,,,Psallus,Psallus,Phylaria | Plagiognathus | Psallus | Psallus,"anaemicus SEIDENSTÜCKER, 1966",,78B5H,4488709,78B5H,4488709
B3029:1:366,"Psallus apenninicus E. Wagner, 1970","E. Wagner, 1970",Psallus,Psallus,apenninicus,,species,,B3029:1,accepted,,,B3029:1:315,Psallus,,,,,,,Psallus,Psallus,Phylaria | Plagiognathus | Psallus | Psallus,"apenninicus E. WAGNER, 1970",,6WB2C,11053886,6WBPJ,4488713
B3029:1:367,"Psallus diminutus (Kirschbaum, 1856)","(Kirschbaum, 1856)",Psallus,Psallus,diminutus,,species,,B3029:1,accepted,,,B3029:1:315,Psallus,,,,,,,Psallus,Psallus,Phylaria | Plagiognathus | Psallus | Psallus,"diminutus (KIRSCHBAUM, 1856)",,78B4F,6096757,78C2R,4488691
B3029:1:368,"Psallus rubinicterus Seidenstücker, 1966","Seidenstücker, 1966",Psallus,Psallus,rubinicterus,,species,,B3029:1,accepted,,,B3029:1:315,Psallus,,,,,,,Psallus,Psallus,Phylaria | Plagiognathus | Psallus | Psallus,"rubinicterus SEIDENSTÜCKER, 1966",,6WBRL,8117615,6WBRL,8117615
B3029:1:369,"Pityopsallus E. Wagner, 1951","E. Wagner, 1951",Psallus,,,,subgenus,,B3029:1,accepted,,,B3029:1:266,"Psallus Fieber, 1856",,,,,,,Psallus,Pityopsallus,Phylaria | Plagiognathus | Psallus,"Pityopsallus E. WAGNER, 1951",,RSZK7,,RSZK7,
B3029:1:370,"Psallus chrysopsilus Reuter, 1878","Reuter, 1878",Psallus,Pityopsallus,chrysopsilus,,species,,B3029:1,accepted,,,B3029:1:369,"Pityopsallus E. Wagner, 1951",,,,,,,Psallus,Pityopsallus,Phylaria | Plagiognathus | Psallus | Pityopsallus,"chrysopsilus REUTER, 1878",,6WB3T,4488724,6WB3T,4488724
B3029:1:371,"Psallus vittatus Fieber, 1861","Fieber, 1861",Psallus,Pityopsallus,vittatus,,species,,B3029:1,accepted,,,B3029:1:369,"Pityopsallus E. Wagner, 1951",,,,,,,Psallus,Pityopsallus,Phylaria | Plagiognathus | Psallus | Pityopsallus,"vittatus FIEBER, 1861",,4NB2Q,4488718,4NB2Q,4488718
B3029:1:372,Psallus vittatus var. obscura Reut.,Reut.,Psallus,Pityopsallus,vittatus,obscura,variety,,B3029:1,accepted,,,B3029:1:371,"Psallus vittatus Fieber, 1861",,,,,,,Psallus,Pityopsallus,Phylaria | Plagiognathus | Psallus | Pityopsallus | Psallus vittatus,var. obscura REUT.,,5KPQW,9052333,4NB2Q,4488718
B3029:1:373,Psallus vittatus var. typica,,Psallus,Pityopsallus,vittatus,typica,variety,,B3029:1,accepted,,,B3029:1:371,"Psallus vittatus Fieber, 1861",,,,,,,Psallus,Pityopsallus,Phylaria | Plagiognathus | Psallus | Pityopsallus | Psallus vittatus,var. typica,,,,,
B3029:1:374,Psallus vittatus var. laricis Reut.,Reut.,Psallus,Pityopsallus,vittatus,laricis,variety,,B3029:1,accepted,,,B3029:1:371,"Psallus vittatus Fieber, 1861",,,,,,,Psallus,Pityopsallus,Phylaria | Plagiognathus | Psallus | Pityopsallus | Psallus vittatus,var. laricis REUT.,,,,,
B3029:1:375,"Psallus luridus Reuter, 1878","Reuter, 1878",Psallus,Pityopsallus,luridus,,species,,B3029:1,accepted,,,B3029:1:369,"Pityopsallus E. Wagner, 1951",,,,,,,Psallus,Pityopsallus,Phylaria | Plagiognathus | Psallus | Pityopsallus,"luridus REUTER, 1878",,78C2Q,4488720,78C2Q,4488720
B3029:1:376,"Psallus lapponicus Reuter, 1874","Reuter, 1874",Psallus,Pityopsallus,lapponicus,,species,,B3029:1,accepted,,,B3029:1:369,"Pityopsallus E. Wagner, 1951",,,,,,,Psallus,Pityopsallus,Phylaria | Plagiognathus | Psallus | Pityopsallus,"lapponicus REUTER, 1874",,6WBNW,4488722,6WBNW,4488722
B3029:1:377,"Psallus pinicola Reuter, 1875","Reuter, 1875",Psallus,Pityopsallus,pinicola,,species,,B3029:1,accepted,,,B3029:1:369,"Pityopsallus E. Wagner, 1951",,,,,,,Psallus,Pityopsallus,Phylaria | Plagiognathus | Psallus | Pityopsallus,"pinicola REUTER, 1875",,78C39,4488721,78C39,4488721
B3029:1:378,"Psallus piceae Reuter, 1878","Reuter, 1878",Psallus,Pityopsallus,piceae,,species,,B3029:1,accepted,,,B3029:1:369,"Pityopsallus E. Wagner, 1951",,,,,,,Psallus,Pityopsallus,Phylaria | Plagiognathus | Psallus | Pityopsallus,"piceae REUTER, 1878",,6WC2X,4488723,6WC2X,4488723
B3029:1:379,"Compsonannus Reuter, 1902","Reuter, 1902",,,,,genus,,B3029:1,accepted,,,B3029:1:2,Plagiognathus,,,,,,,Compsonannus,,Phylaria | Plagiognathus,"Compsonannus REUTER, 1902",,3SWJ,4406590,3SWJ,4406590
B3029:1:380,"Compsonannus puncticornis Reuter, 1902","Reuter, 1902",Compsonannus,,puncticornis,,species,,B3029:1,accepted,,,B3029:1:379,"Compsonannus Reuter, 1902",,,,,,,Compsonannus,,Phylaria | Plagiognathus | Compsonannus,"puncticornis REUTER, 1902",,XHYY,7751165,XHYY,7751165
B3029:1:381,"Compsonannus longicornis E. Wagner, 1971","E. Wagner, 1971",Compsonannus,,longicornis,,species,,B3029:1,accepted,,,B3029:1:379,"Compsonannus Reuter, 1902",,,,,,,Compsonannus,,Phylaria | Plagiognathus | Compsonannus,"longicornis E. WAGNER, 1971",,5ZS6Y,8191102,5ZS6Y,8191102
B3029:1:382,Compsonannus puncticornis,,Compsonannus,,puncticornis,,species,sensu E. WAGNER 1965 nec. REUTER,B3029:1,synonym,B3029:1:381,"Compsonannus longicornis E. Wagner, 1971",,,,,,,,,Compsonannus,,Phylaria | Plagiognathus | Compsonannus,puncticornis sensu E. WAGNER 1965 nec. REUTER,,XHYY,7751165,XHYY,7751165
B3029:1:383,"Compsonannus ovatus E. Wagner, 1974","E. Wagner, 1974",Compsonannus,,ovatus,,species,,B3029:1,accepted,,,B3029:1:379,"Compsonannus Reuter, 1902",,,,,,,Compsonannus,,Phylaria | Plagiognathus | Compsonannus,"ovatus E. WAGNER, 1974",,XHYX,7367997,XHYX,7367997
B3029:1:384,"Anonychiella Reuter, 1912","Reuter, 1912",,,,,genus,,B3029:1,accepted,,,B3029:1:2,Plagiognathus,,,,,,,Anonychiella,,Phylaria | Plagiognathus,"Anonychiella REUTER, 1912",,WWX,4407379,WWX,4407379
B3029:1:385,"Anonychiella fokkeri (Reuter, 1899)","(Reuter, 1899)",Anonychiella,,fokkeri,,species,,B3029:1,accepted,,,B3029:1:384,"Anonychiella Reuter, 1912",,,,,,,Anonychiella,,Phylaria | Plagiognathus | Anonychiella,"fokkeri (REUTER, 1899)",,66VS9,7701880,66VS9,7701880
B3029:1:386,"Anonychiella roubali (Hoberlandt, 1961)","(Hoberlandt, 1961)",Anonychiella,,roubali,,species,,B3029:1,accepted,,,B3029:1:384,"Anonychiella Reuter, 1912",,,,,,,Anonychiella,,Phylaria | Plagiognathus | Anonychiella,"roubali (HOBERLANDT, 1961)",,677S9,8026841,JHBC,2010055
B3029:1:387,"Anonychiella ovata E. Wagner, 1966","E. Wagner, 1966",Anonychiella,,ovata,,species,,B3029:1,accepted,,,B3029:1:384,"Anonychiella Reuter, 1912",,,,,,,Anonychiella,,Phylaria | Plagiognathus | Anonychiella,"ovata E. WAGNER, 1966",,66W49,7970759,66W49,7970759
B3029:1:388,"Anonychiella eckerleini (E. Wagner, 1964)","(E. Wagner, 1964)",Anonychiella,,eckerleini,,species,,B3029:1,accepted,,,B3029:1:384,"Anonychiella Reuter, 1912",,,,,,,Anonychiella,,Phylaria | Plagiognathus | Anonychiella,"eckerleini (E. WAGNER, 1964)",,66VRX,7604622,66VRX,7604622
B3029:1:389,"Antepia Seidenstücker, 1960","Seidenstücker, 1960",,,,,genus,,B3029:1,accepted,,,B3029:1:2,Plagiognathus,,,,,,,Antepia,,Phylaria | Plagiognathus,"Antepia SEIDENSTÜCKER, 1960",,62DB5,4784129,62DB5,4784129
B3029:1:390,"Solenoxyphus Reuter, 1875","Reuter, 1875",,,,,genus,,B3029:1,accepted,,,B3029:1:2,Plagiognathus,,,,,,,Solenoxyphus,,Phylaria | Plagiognathus,"Solenoxyphus REUTER, 1875",,7JGL,4488414,7JGL,4488414
B3029:1:391,"Chrysochnoodes Reuter, 1901","Reuter, 1901",,,,,genus,,B3029:1,accepted,,,B3029:1:2,Plagiognathus,,,,,,,Chrysochnoodes,,Phylaria | Plagiognathus,"CHRYSOCHNOODES REUTER, 1901",,62LMB,4407964,62LMB,4407964
B3029:1:392,"Chrysochnoodes vestitus Reuter, 1901","Reuter, 1901",Chrysochnoodes,,vestitus,,species,,B3029:1,accepted,,,B3029:1:391,"Chrysochnoodes Reuter, 1901",,,,,,,Chrysochnoodes,,Phylaria | Plagiognathus | Chrysochnoodes,"vestitus REUTER, 1901",,5YMFZ,7725750,5YMFZ,7725750
B3029:1:393,"Chrysochnoodes breviceps E. Wagner, 1968","E. Wagner, 1968",Chrysochnoodes,,breviceps,,species,,B3029:1,accepted,,,B3029:1:391,"Chrysochnoodes Reuter, 1901",,,,,,,Chrysochnoodes,,Phylaria | Plagiognathus | Chrysochnoodes,"breviceps E. WAGNER, 1968",,5YMFY,8241312,5YMFY,8241312
B3029:1:394,"Chrysochnoodes rufus E. Wagner, 1959","E. Wagner, 1959",Chrysochnoodes,,rufus,,species,,B3029:1,accepted,,,B3029:1:391,"Chrysochnoodes Reuter, 1901",,,,,,,Chrysochnoodes,,Phylaria | Plagiognathus | Chrysochnoodes,"rufus E. WAGNER, 1959",,,4488304,,7920523
B3029:1:395,Cephalocapsus,,,,,,section,,B3029:1,accepted,,,B3029:1:1,Phylaria,,,,,,,,,Phylaria,Cephalocapsus,,MMFBW,,7NDK,
B3029:1:396,Cephalocapsus Popp.,Popp.,,,,,genus,,B3029:1,accepted,,,B3029:1:395,Cephalocapsus,,,,,,,Cephalocapsus,,Phylaria | Cephalocapsus,Cephalocapsus POPP.,,MMFBW,4776493,7NDK,2010229
B3029:1:397,"Paramixia Reuter, 1900","Reuter, 1900",,,,,genus,,B3029:1,accepted,,,B3029:1:395,Cephalocapsus,,,,,,,Paramixia,,Phylaria | Cephalocapsus,"Paramixia REUTER, 1900",,RPB8V,2009979,7NDK,2010229
B3029:1:398,Schroederiella Poppius 1914,Poppius 1914,,,,,genus,,B3029:1,synonym,B3029:1:397,"Paramixia Reuter, 1900",,,,,,,,,Schroederiella,,Phylaria | Cephalocapsus,Schroederiella POPPIUS 1914,,SQDQ5,3265655,7NDK,2010229
B3029:1:399,"Paramixia suturalis Reuter, 1900","Reuter, 1900",Paramixia,,suturalis,,species,,B3029:1,accepted,,,B3029:1:397,"Paramixia Reuter, 1900",,,,,,,Paramixia,,Phylaria | Cephalocapsus | Paramixia,"suturalis REUTER, 1900",,RPBBM,2010234,6ZRS2,2010233
B3029:1:400,"Chinacapsus E. Wagner, 1961","E. Wagner, 1961",,,,,genus,,B3029:1,accepted,,,B3029:1:395,Cephalocapsus,,,,,,,Chinacapsus,,Phylaria | Cephalocapsus,"Chinacapsus E. WAGNER, 1961",,3N6Y,4488606,3N6Y,4488606
B3029:1:401,"Chinacapsus atlanticus (China, 1938)","(China, 1938)",Chinacapsus,,atlanticus,,species,,B3029:1,accepted,,,B3029:1:400,"Chinacapsus E. Wagner, 1961",,,,,,,Chinacapsus,,Phylaria | Cephalocapsus | Chinacapsus,"atlanticus (CHINA, 1938)",,69S3J,4488618,69S3J,4488618
B3029:1:402,"Chinacapsus whitei (Wollaston, 1858)","(Wollaston, 1858)",Chinacapsus,,whitei,,species,,B3029:1,accepted,,,B3029:1:400,"Chinacapsus E. Wagner, 1961",,,,,,,Chinacapsus,,Phylaria | Cephalocapsus | Chinacapsus,"whitei (WOLLASTON, 1858)",,5XRRF,4488613,5XRRF,4488613
B3029:1:403,"Chinacapsus chaoensis E. Wagner, 1961","E. Wagner, 1961",Chinacapsus,,chaoensis,,species,,B3029:1,accepted,,,B3029:1:400,"Chinacapsus E. Wagner, 1961",,,,,,,Chinacapsus,,Phylaria | Cephalocapsus | Chinacapsus,"chaoensis E. WAGNER, 1961",,5XRRC,4488612,5XRRC,4488612
B3029:1:404,"Chinacapsus elongatus (China, 1938)","(China, 1938)",Chinacapsus,,elongatus,,species,,B3029:1,accepted,,,B3029:1:400,"Chinacapsus E. Wagner, 1961",,,,,,,Chinacapsus,,Phylaria | Cephalocapsus | Chinacapsus,"elongatus (CHINA, 1938)",,5Y3RC,4488616,5Y3RC,4488616
B3029:1:405,"Chinacapsus distinctus (China, 1938)","(China, 1938)",Chinacapsus,,distinctus,,species,,B3029:1,accepted,,,B3029:1:400,"Chinacapsus E. Wagner, 1961",,,,,,,Chinacapsus,,Phylaria | Cephalocapsus | Chinacapsus,"distinctus (CHINA, 1938)",,5XS3C,4488624,5XS3C,4488624
B3029:1:406,"Chinacapsus similis (China, 1938)","(China, 1938)",Chinacapsus,,similis,,species,,B3029:1,accepted,,,B3029:1:400,"Chinacapsus E. Wagner, 1961",,,,,,,Chinacapsus,,Phylaria | Cephalocapsus | Chinacapsus,"similis (CHINA, 1938)",,69S3D,4488620,69S3D,4488620
B3029:1:407,"Chinacapsus intermedius E. Wagner, 1967","E. Wagner, 1967",Chinacapsus,,intermedius,,species,,B3029:1,accepted,,,B3029:1:400,"Chinacapsus E. Wagner, 1961",,,,,,,Chinacapsus,,Phylaria | Cephalocapsus | Chinacapsus,"intermedius E. WAGNER, 1967",,69RRC,4488611,69RRC,4488611
B3029:1:408,"Chinacapsus parvus E. Wagner, 1961","E. Wagner, 1961",Chinacapsus,,parvus,,species,,B3029:1,accepted,,,B3029:1:400,"Chinacapsus E. Wagner, 1961",,,,,,,Chinacapsus,,Phylaria | Cephalocapsus | Chinacapsus,"parvus E. WAGNER, 1961",,5XRRD,4488615,5XRRD,4488615
B3029:1:409,"Chinacapsus wollastoni (Reuter, 1876)","(Reuter, 1876)",Chinacapsus,,wollastoni,,species,,B3029:1,accepted,,,B3029:1:400,"Chinacapsus E. Wagner, 1961",,,,,,,Chinacapsus,,Phylaria | Cephalocapsus | Chinacapsus,"wollastoni (REUTER, 1876)",,5XS3F,4488607,5XS3F,4488607
B3029:1:410,"Chinacapsus proteus (Puton, 1889)","(Puton, 1889)",Chinacapsus,,proteus,,species,,B3029:1,accepted,,,B3029:1:400,"Chinacapsus E. Wagner, 1961",,,,,,,Chinacapsus,,Phylaria | Cephalocapsus | Chinacapsus,"proteus (PUTON, 1889)",,5XS3D,4488609,5XS3D,4488609
B3029:1:411,"Chinacapsus limbatellus (Puton, 1889)","(Puton, 1889)",Chinacapsus,,limbatellus,,species,,B3029:1,accepted,,,B3029:1:400,"Chinacapsus E. Wagner, 1961",,,,,,,Chinacapsus,,Phylaria | Cephalocapsus | Chinacapsus,"limbatellus (PUTON, 1889)",,69S3C,4488622,69S3C,4488622
B3029:1:412,"Lindbergopsallus E. Wagner, 1961","E. Wagner, 1961",,,,,genus,,B3029:1,accepted,,,B3029:1:395,Cephalocapsus,,,,,,,Lindbergopsallus,,Phylaria | Cephalocapsus,"Lindbergopsallus E. WAGNER, 1961",,62YQM,4407699,62YQM,4407699
B3029:1:413,"Lindbergopsallus rumicis (Lindberg, 1953)","(Lindberg, 1953)",Lindbergopsallus,,rumicis,,species,,B3029:1,accepted,,,B3029:1:412,"Lindbergopsallus E. Wagner, 1961",,,,,,,Lindbergopsallus,,Phylaria | Cephalocapsus | Lindbergopsallus,"rumicis (LINDBERG, 1953)",,6QGHJ,4488538,6QGHJ,4488538
B3029:1:414,"Lindbergopsallus instabilis (Reuter, 1904)","(Reuter, 1904)",Lindbergopsallus,,instabilis,,species,,B3029:1,accepted,,,B3029:1:412,"Lindbergopsallus E. Wagner, 1961",,,,,,,Lindbergopsallus,,Phylaria | Cephalocapsus | Lindbergopsallus,"instabilis (REUTER, 1904)",,6QGHM,4488536,6QGHM,4488536
B3029:1:415,"Lindbergopsallus laureti (Lindberg, 1936)","(Lindberg, 1936)",Lindbergopsallus,,laureti,,species,,B3029:1,accepted,,,B3029:1:412,"Lindbergopsallus E. Wagner, 1961",,,,,,,Lindbergopsallus,,Phylaria | Cephalocapsus | Lindbergopsallus,"laureti (LINDBERG, 1936)",,72GHM,4488532,72GHM,4488532
B3029:1:416,"Lindbergopsallus hyperici (Lindberg, 1953)","(Lindberg, 1953)",Lindbergopsallus,,hyperici,,species,,B3029:1,accepted,,,B3029:1:412,"Lindbergopsallus E. Wagner, 1961",,,,,,,Lindbergopsallus,,Phylaria | Cephalocapsus | Lindbergopsallus,"hyperici (LINDBERG, 1953)",,6QGHL,4488534,6QGHL,4488534
B3029:1:417,"Lindbergopsallus impunctatus E. Wagner, 1965","E. Wagner, 1965",Lindbergopsallus,,impunctatus,,species,,B3029:1,accepted,,,B3029:1:412,"Lindbergopsallus E. Wagner, 1961",,,,,,,Lindbergopsallus,,Phylaria | Cephalocapsus | Lindbergopsallus,"impunctatus E. WAGNER, 1965",,72GHL,4488531,72GHL,4488531
B3029:1:418,Oncotylus,,,,,,section,,B3029:1,accepted,,,B3029:1:1,Phylaria,,,,,,,,,Phylaria,Oncotylus,,63FYB,,63FYB,
B3029:1:419,"Euderon Puton, 1888","Puton, 1888",,,,,genus,,B3029:1,accepted,,,B3029:1:418,Oncotylus,,,,,,,Euderon,,Phylaria | Oncotylus,"Euderon PUTON, 1888",,4FFF,4781373,4FFF,4781373
B3029:1:420,"Euderon martini Puton, 1888","Puton, 1888",Euderon,,martini,,species,,B3029:1,accepted,,,B3029:1:419,"Euderon Puton, 1888",,,,,,,Euderon,,Phylaria | Oncotylus | Euderon,"martini PUTON, 1888",,3BZS2,8089650,3BZS2,8089650
B3029:1:421,"Oncotylidea E. Wagner, 1965","E. Wagner, 1965",,,,,genus,,B3029:1,accepted,,,B3029:1:418,Oncotylus,,,,,,,Oncotylidea,,Phylaria | Oncotylus,"Oncotylidea E. WAGNER, 1965",,63FYC,4776162,63FYC,4776162
B3029:1:422,"Oncotylidea amplipilis E. Wagner, 1965","E. Wagner, 1965",Oncotylidea,,amplipilis,,species,,B3029:1,accepted,,,B3029:1:421,"Oncotylidea E. Wagner, 1965",,,,,,,Oncotylidea,,Phylaria | Oncotylus | Oncotylidea,"amplipilis E. WAGNER, 1965",,49JPC,8293731,49JPC,8293731
B3029:1:423,Litoxenus Reut.,Reut.,,,,,genus,,B3029:1,accepted,,,B3029:1:418,Oncotylus,,,,,,,Litoxenus,,Phylaria | Oncotylus,Litoxenus REUT.,,5FST,4407343,5FST,4407343
B3029:1:424,"Oncotylus Fieber, 1858","Fieber, 1858",,,,,genus,,B3029:1,accepted,,,B3029:1:418,Oncotylus,,,,,,,Oncotylus,,Phylaria | Oncotylus,"Oncotylus FIEBER, 1858",,63FYB,2010159,63FYB,2010159
B3029:1:425,Anoterops Fieber 1861,Fieber 1861,,,,,genus,,B3029:1,synonym,B3029:1:424,"Oncotylus Fieber, 1858",,,,,,,,,Anoterops,,Phylaria | Oncotylus,Anoterops FIEBER 1861,,,4776504,,4776504
B3029:1:426,"Cylindromelus Fieber, 1861","Fieber, 1861",Oncotylus,,,,subgenus,,B3029:1,accepted,,,B3029:1:424,"Oncotylus Fieber, 1858",,,,,,,Oncotylus,Cylindromelus,Phylaria | Oncotylus | Oncotylus,"Cylindromelus FIEBER, 1861",,,,,
B3029:1:427,"Oncotylus setulosus (Herrich-Schäffer, 1839)","(Herrich-Schäffer, 1839)",Oncotylus,Cylindromelus,setulosus,,species,,B3029:1,accepted,,,B3029:1:426,"Cylindromelus Fieber, 1861",,,,,,,Oncotylus,Cylindromelus,Phylaria | Oncotylus | Oncotylus | Cylindromelus,"setulosus (HERRICH-SCHÄFFER, 1839)",,49JQQ,8309516,49JQQ,8309516
B3029:1:428,Oncotylus,,Oncotylus,,,,subgenus,s. str.,B3029:1,accepted,,,B3029:1:424,"Oncotylus Fieber, 1858",,,,,,,Oncotylus,Oncotylus,Phylaria | Oncotylus | Oncotylus,Oncotylus s. str.,,63FYB,,63FYB,
B3029:1:429,"Oncotylus punctiger Reuter, 1894","Reuter, 1894",Oncotylus,Oncotylus,punctiger,,species,,B3029:1,accepted,,,B3029:1:428,Oncotylus,,,,,,,Oncotylus,Oncotylus,Phylaria | Oncotylus | Oncotylus | Oncotylus,"punctiger REUTER, 1894",,49JQH,7554390,49JQH,7554390
B3029:1:430,"Oncotylus viridiflavus (Goeze, 1778)","(Goeze, 1778)",Oncotylus,Oncotylus,viridiflavus,,species,,B3029:1,accepted,,,B3029:1:428,Oncotylus,,,,,,,Oncotylus,Oncotylus,Phylaria | Oncotylus | Oncotylus | Oncotylus,"viridiflavus (GOEZE, 1778)",,49JQT,5152732,49JQT,5152732
B3029:1:431,"Oncotylus longipes E. Wagner, 1954","E. Wagner, 1954",Oncotylus,Oncotylus,longipes,,species,,B3029:1,accepted,,,B3029:1:428,Oncotylus,,,,,,,Oncotylus,Oncotylus,Phylaria | Oncotylus | Oncotylus | Oncotylus,"longipes E. WAGNER, 1954",,49JQ5,7445167,49JQT,5152732
B3029:1:432,"Oncotylus bolivari Reuter, 1900","Reuter, 1900",Oncotylus,Oncotylus,bolivari,,species,,B3029:1,accepted,,,B3029:1:428,Oncotylus,,,,,,,Oncotylus,Oncotylus,Phylaria | Oncotylus | Oncotylus | Oncotylus,"bolivari REUTER, 1900",,49JPQ,7400882,49JPQ,7400882
B3029:1:433,"Oncotylus basicornis Horvath, 1901","Horvath, 1901",Oncotylus,Oncotylus,basicornis,,species,,B3029:1,accepted,,,B3029:1:428,Oncotylus,,,,,,,Oncotylus,Oncotylus,Phylaria | Oncotylus | Oncotylus | Oncotylus,"basicornis HORVATH, 1901",,49JPP,7516963,49JPP,7516963
B3029:1:434,Oncotylus vitticeps Reut.,Reut.,Oncotylus,Oncotylus,vitticeps,,species,,B3029:1,accepted,,,B3029:1:428,Oncotylus,,,,,,,Oncotylus,Oncotylus,Phylaria | Oncotylus | Oncotylus | Oncotylus,vitticeps REUT.,,6SN5K,7738687,6SN5K,7738687
B3029:1:435,Oncotylus pennicornis Jak.,Jak.,Oncotylus,Oncotylus,pennicornis,,species,,B3029:1,synonym,B3029:1:434,Oncotylus vitticeps Reut.,,,,,,,,,Oncotylus,Oncotylus,Phylaria | Oncotylus | Oncotylus | Oncotylus,pennicornis JAK.,,74N5L,7431547,6SN5K,7738687
B3029:1:436,"Oncotylus nigricornis Saunders, 1876","Saunders, 1876",Oncotylus,Oncotylus,nigricornis,,species,,B3029:1,accepted,,,B3029:1:428,Oncotylus,,,,,,,Oncotylus,Oncotylus,Phylaria | Oncotylus | Oncotylus | Oncotylus,"nigricornis SAUNDERS, 1876",,49JQ7,8387132,49JQ7,8387132
B3029:1:437,Oncotylus pyrethri Beck.,Beck.,Oncotylus,Oncotylus,pyrethri,,species,,B3029:1,accepted,,,B3029:1:428,Oncotylus,,,,,,,Oncotylus,Oncotylus,Phylaria | Oncotylus | Oncotylus | Oncotylus,pyrethri BECK.,,49JQM,7671962,49JQM,7671962
B3029:1:438,"Oncotylus longicornis E. Wagner, 1969","E. Wagner, 1969",Oncotylus,Oncotylus,longicornis,,species,,B3029:1,accepted,,,B3029:1:428,Oncotylus,,,,,,,Oncotylus,Oncotylus,Phylaria | Oncotylus | Oncotylus | Oncotylus,"longicornis E. WAGNER, 1969",,49JQ3,8346888,49JQ3,8346888
B3029:1:439,Oncotylus punctipes Reut.,Reut.,Oncotylus,Oncotylus,punctipes,,species,,B3029:1,accepted,,,B3029:1:428,Oncotylus,,,,,,,Oncotylus,Oncotylus,Phylaria | Oncotylus | Oncotylus | Oncotylus,punctipes REUT.,,49JQK,6096745,49JQK,6096745
B3029:1:440,"Oncotylus nigdensis Linnavuori, 1961","Linnavuori, 1961",Oncotylus,Oncotylus,nigdensis,,species,,B3029:1,accepted,,,B3029:1:428,Oncotylus,,,,,,,Oncotylus,Oncotylus,Phylaria | Oncotylus | Oncotylus | Oncotylus,"nigdensis LINNAVUORI, 1961",,49JQ6,8022767,49JQ6,8022767
B3029:1:441,"Oncotylus innotatus E. Wagner, 1969","E. Wagner, 1969",Oncotylus,Oncotylus,innotatus,,species,,B3029:1,accepted,,,B3029:1:428,Oncotylus,,,,,,,Oncotylus,Oncotylus,Phylaria | Oncotylus | Oncotylus | Oncotylus,"innotatus E. WAGNER, 1969",,49JPZ,8222115,49JPZ,8222115
B3029:1:442,"Oncotylus anatolicus E. Wagner, 1969","E. Wagner, 1969",Oncotylus,Oncotylus,anatolicus,,species,,B3029:1,accepted,,,B3029:1:428,Oncotylus,,,,,,,Oncotylus,Oncotylus,Phylaria | Oncotylus | Oncotylus | Oncotylus,"anatolicus E. WAGNER, 1969",,49JPN,7865105,49JPN,7865105
B3029:1:443,"Eurycolpus Reuter, 1879","Reuter, 1879",,,,,genus,,B3029:1,accepted,,,B3029:1:418,Oncotylus,,,,,,,Eurycolpus,,Phylaria | Oncotylus,"Eurycolpus REUTER, 1879",,4GR7,4408063,4GR7,4408063
B3029:1:444,"Eurycolpus flaveolus (Stål, 1858)","(Stål, 1858)",Eurycolpus,,flaveolus,,species,,B3029:1,accepted,,,B3029:1:443,"Eurycolpus Reuter, 1879",,,,,,,Eurycolpus,,Phylaria | Oncotylus | Eurycolpus,"flaveolus (STÅL, 1858)",,3D3RW,4488403,3D3RW,4488403
B3029:1:445,Eurycolpus kuliki E. Wagner,E. Wagner,Eurycolpus,,kuliki,,species,,B3029:1,synonym,B3029:1:444,"Eurycolpus flaveolus (Stål, 1858)",,,,,,,,,Eurycolpus,,Phylaria | Oncotylus | Eurycolpus,kuliki E. WAGNER,,3D3RX,8272688,3D3RW,4488403
B3029:1:446,"Eurycolpus aureolus Seidenstücker, 1961","Seidenstücker, 1961",Eurycolpus,,aureolus,,species,,B3029:1,accepted,,,B3029:1:443,"Eurycolpus Reuter, 1879",,,,,,,Eurycolpus,,Phylaria | Oncotylus | Eurycolpus,"aureolus SEIDENSTÜCKER, 1961",,3D3RS,7448247,3D3RS,7448247
B3029:1:447,"Eurycolpus enslini Seidenstücker, 1959","Seidenstücker, 1959",Eurycolpus,,enslini,,species,,B3029:1,accepted,,,B3029:1:443,"Eurycolpus Reuter, 1879",,,,,,,Eurycolpus,,Phylaria | Oncotylus | Eurycolpus,"enslini SEIDENSTÜCKER, 1959",,6HF88,8058755,6HF88,8058755
B3029:1:448,"Eurycolpus bipunctatus E. Wagner, 1974","E. Wagner, 1974",Eurycolpus,,bipunctatus,,species,,B3029:1,accepted,,,B3029:1:443,"Eurycolpus Reuter, 1879",,,,,,,Eurycolpus,,Phylaria | Oncotylus | Eurycolpus,"bipunctatus E. WAGNER, 1974",,3D3RT,4488405,3D3RT,4488405
B3029:1:449,"Omocoris Lindberg, 1930","Lindberg, 1930",,,,,genus,,B3029:1,accepted,,,B3029:1:418,Oncotylus,,,,,,,Omocoris,,Phylaria | Oncotylus,"Omocoris LINDBERG, 1930",,6829,4773743,6829,4773743
B3029:1:450,Omocoris cunealis Reut,Reut,Omocoris,,cunealis,,species,,B3029:1,accepted,,,B3029:1:449,"Omocoris Lindberg, 1930",,,,,,,Omocoris,,Phylaria | Oncotylus | Omocoris,cunealis REUT,,49D5V,7618628,49D5V,7618628
B3029:1:451,"Omocoris dimorphus (E. Wagner, 1961)","(E. Wagner, 1961)",Omocoris,,dimorphus,,species,,B3029:1,accepted,,,B3029:1:449,"Omocoris Lindberg, 1930",,,,,,,Omocoris,,Phylaria | Oncotylus | Omocoris,"dimorphus (E. WAGNER, 1961)",,,,,
B3029:1:452,"Eurycolpus dimorphus E. Wagner, 1961","E. Wagner, 1961",Eurycolpus,,dimorphus,,species,,B3029:1,synonym,B3029:1:451,"Omocoris dimorphus (E. Wagner, 1961)",,,,,,,,,Omocoris,,Phylaria | Oncotylus | Omocoris,"Eurycolpus dimorphus E. WAGNER, 1961",,,,,
B3029:1:453,"Acrotelus Reuter, 1885","Reuter, 1885",,,,,genus,,B3029:1,accepted,,,B3029:1:418,Oncotylus,,,,,,,Acrotelus,,Phylaria | Oncotylus,"Acrotelus REUTER, 1885",,NKF,4405396,NKF,4405396
B3029:1:454,"Damioscea Reut, nach Carvalho 1952","Reut, nach Carvalho 1952",,,,,genus,,B3029:1,synonym,B3029:1:453,"Acrotelus Reuter, 1885",,,,,,,,,Damioscea,,Phylaria | Oncotylus,"Damioscea REUT, nach CARVALHO 1952",,6326V,4773222,6326V,4773222
B3029:1:455,"Acrotelus Reut, nach Kerzhner 1962","Reut, nach Kerzhner 1962",,,,,genus,,B3029:1,synonym,B3029:1:453,"Acrotelus Reuter, 1885",,,,,,,,,Acrotelus,,Phylaria | Oncotylus,"Acrotelus REUT, nach KERZHNER 1962",,NKF,4405396,NKF,4405396
B3029:1:456,Ibiaris Horv. & Reut. 1901,Horv. & Reut. 1901,,,,,genus,nach KERZHNER,B3029:1,synonym,B3029:1:453,"Acrotelus Reuter, 1885",,,,,,,,,Ibiaris,,Phylaria | Oncotylus,Ibiaris HORV. & REUT. 1901 nach KERZHNER,,,4772018,,4772018
B3029:1:457,Sceodamia Popp. 1912,Popp. 1912,,,,,genus,nach KERZHNER,B3029:1,synonym,B3029:1:453,"Acrotelus Reuter, 1885",,,,,,,,,Sceodamia,,Phylaria | Oncotylus,Sceodamia POPP. 1912 nach KERZHNER,,,4783651,,4783651
B3029:1:458,"Acrotelus canariensis E. Wagner, 1943","E. Wagner, 1943",Acrotelus,,canariensis,,species,,B3029:1,accepted,,,B3029:1:453,"Acrotelus Reuter, 1885",,,,,,,Acrotelus,,Phylaria | Oncotylus | Acrotelus,"canariensis E. WAGNER, 1943",,9QRZ,4488667,9QRZ,4488667
B3029:1:459,Acrotelus caspicus Reut.,Reut.,Acrotelus,,caspicus,,species,,B3029:1,accepted,,,B3029:1:453,"Acrotelus Reuter, 1885",,,,,,,Acrotelus,,Phylaria | Oncotylus | Acrotelus,caspicus REUT.,,9QS2,4488665,9QS2,4488665
B3029:1:460,"Acrotelus major E. Wagner, 1968","E. Wagner, 1968",Acrotelus,,major,,species,,B3029:1,accepted,,,B3029:1:453,"Acrotelus Reuter, 1885",,,,,,,Acrotelus,,Phylaria | Oncotylus | Acrotelus,"major E. WAGNER, 1968",,9QS6,7409054,9QS6,7409054
B3029:1:461,"Acrotelus parvus E. Wagner, 1965","E. Wagner, 1965",Acrotelus,,parvus,,species,,B3029:1,accepted,,,B3029:1:453,"Acrotelus Reuter, 1885",,,,,,,Acrotelus,,Phylaria | Oncotylus | Acrotelus,"parvus E. WAGNER, 1965",,9QS9,7663743,9QS9,7663743
B3029:1:462,Phylus,,,,,,section,,B3029:1,accepted,,,B3029:1:1,Phylaria,,,,,,,,,Phylaria,Phylus,,6PTV,,6PTV,
B3029:1:463,"Stirophylus E. Wagner, 1965","E. Wagner, 1965",,,,,genus,,B3029:1,accepted,,,B3029:1:462,Phylus,,,,,,,Stirophylus,,Phylaria | Phylus,"Stirophylus E. WAGNER, 1965",,7NS5,4406730,7NS5,4406730
B3029:1:464,"Stirophylus aristidae E. Wagner, 1965","E. Wagner, 1965",Stirophylus,,aristidae,,species,,B3029:1,accepted,,,B3029:1:463,"Stirophylus E. Wagner, 1965",,,,,,,Stirophylus,,Phylaria | Phylus | Stirophylus,"aristidae E. WAGNER, 1965",,52S37,7425553,52S37,7425553
B3029:1:465,"Stirophylus plicatus E. Wagner, 1971","E. Wagner, 1971",Stirophylus,,plicatus,,species,,B3029:1,accepted,,,B3029:1:463,"Stirophylus E. Wagner, 1965",,,,,,,Stirophylus,,Phylaria | Phylus | Stirophylus,"plicatus E. WAGNER, 1971",,6ZVTD,4488280,6ZVTD,4488280
B3029:1:466,"Pronototropis Reuter, 1879","Reuter, 1879",,,,,genus,,B3029:1,accepted,,,B3029:1:462,Phylus,,,,,,,Pronototropis,,Phylaria | Phylus,"Pronototropis REUTER, 1879",,63Q5V,4405127,63Q5V,4405127
B3029:1:467,Jafara E. Wagn.,E. Wagn.,Pronototropis,,,,subgenus,,B3029:1,accepted,,,B3029:1:466,"Pronototropis Reuter, 1879",,,,,,,Pronototropis,Jafara,Phylaria | Phylus | Pronototropis,Jafara E. WAGN.,,,,,
B3029:1:468,Pronototropis,,Pronototropis,,,,subgenus,s. str.,B3029:1,accepted,,,B3029:1:466,"Pronototropis Reuter, 1879",,,,,,,Pronototropis,Pronototropis,Phylaria | Phylus | Pronototropis,Pronototropis s. str.,,63Q5V,,63Q5V,
B3029:1:469,"Pronototropis longicornis Reuter, 1900","Reuter, 1900",Pronototropis,Pronototropis,longicornis,,species,,B3029:1,accepted,,,B3029:1:468,Pronototropis,,,,,,,Pronototropis,Pronototropis,Phylaria | Phylus | Pronototropis | Pronototropis,"longicornis REUTER, 1900",,6VXQY,4488270,4KFBW,4488269
B3029:1:470,"Pronototropis longirostris E. Wagner, 1973","E. Wagner, 1973",Pronototropis,Pronototropis,longirostris,,species,,B3029:1,accepted,,,B3029:1:468,Pronototropis,,,,,,,Pronototropis,Pronototropis,Phylaria | Phylus | Pronototropis | Pronototropis,"longirostris E. WAGNER, 1973",,,4488272,,4488271
B3029:1:471,Pronototropis punctipennis Fieb.,Fieb.,Pronototropis,Pronototropis,punctipennis,,species,,B3029:1,accepted,,,B3029:1:468,Pronototropis,,,,,,,Pronototropis,Pronototropis,Phylaria | Phylus | Pronototropis | Pronototropis,punctipennis FIEB.,,6VY2Y,4488634,6VY2Y,4488634
B3029:1:472,"Adelphophylus E. Wagner, 1959","E. Wagner, 1959",,,,,genus,,B3029:1,accepted,,,B3029:1:462,Phylus,,,,,,,Adelphophylus,,Phylaria | Phylus,"Adelphophylus E. WAGNER, 1959",,P4Y,4405091,P4Y,4405091
B3029:1:473,"Adelphophylus balcanicus (Kormilev, 1939)","(Kormilev, 1939)",Adelphophylus,,balcanicus,,species,,B3029:1,accepted,,,B3029:1:472,"Adelphophylus E. Wagner, 1959",,,,,,,Adelphophylus,,Phylaria | Phylus | Adelphophylus,"balcanicus (KORMILEV, 1939)",,9YT4,4488566,9YT4,4488566
B3029:1:474,"Adelphophylus breviceps Kormilev, 1961","Kormilev, 1961",Adelphophylus,,breviceps,,species,,B3029:1,accepted,,,B3029:1:472,"Adelphophylus E. Wagner, 1959",,,,,,,Adelphophylus,,Phylaria | Phylus | Adelphophylus,"breviceps KORMILEV, 1961",,9YT5,8216815,9YT4,4488566
B3029:1:475,"Orthonotus Stephens, 1829","Stephens, 1829",,,,,genus,,B3029:1,accepted,,,B3029:1:462,Phylus,,,,,,,Orthonotus,,Phylaria | Phylus,"Orthonotus STEPHENS, 1829",,63H6Y,6007349,63H6Y,6007349
B3029:1:476,"Byrsoptera Spin., 1837","Spin., 1837",,,,,genus,,B3029:1,synonym,B3029:1:475,"Orthonotus Stephens, 1829",,,,,,,,,Byrsoptera,,Phylaria | Phylus,"Byrsoptera SPIN., 1837",,94MDH,6007384,92DFS,6007384
B3029:1:477,"Malthacus Heb., 1858","Heb., 1858",,,,,genus,,B3029:1,synonym,B3029:1:475,"Orthonotus Stephens, 1829",,,,,,,,,Malthacus,,Phylaria | Phylus,"Malthacus HEB., 1858",,QJ898,6007489,KVP6H,6007489
B3029:1:478,"Troitskiella Popp., 1914","Popp., 1914",,,,,genus,,B3029:1,synonym,B3029:1:475,"Orthonotus Stephens, 1829",,,,,,,,,Troitskiella,,Phylaria | Phylus,"Troitskiella POPP., 1914",,TSGMH,3265656,7NDK,2010229
B3029:1:479,Amixia Reut. 1883,Reut. 1883,,,,,genus,,B3029:1,synonym,B3029:1:475,"Orthonotus Stephens, 1829",,,,,,,,,Amixia,,Phylaria | Phylus,Amixia REUT. 1883,,,4780506,,4780506
B3029:1:480,"Orthonotus syriacus (Puton, 1881)","(Puton, 1881)",Orthonotus,,syriacus,,species,,B3029:1,accepted,,,B3029:1:475,"Orthonotus Stephens, 1829",,,,,,,Orthonotus,,Phylaria | Phylus | Orthonotus,"syriacus (PUTON, 1881)",,6T8PK,7709007,6T8PK,7709007
B3029:1:481,"Orthonotus rufifrons (Fallén, 1807)","(Fallén, 1807)",Orthonotus,,rufifrons,,species,,B3029:1,accepted,,,B3029:1:475,"Orthonotus Stephens, 1829",,,,,,,Orthonotus,,Phylaria | Phylus | Orthonotus,"rufifrons (FALLÉN, 1807)",,758PJ,5759188,758PJ,5759188
B3029:1:482,"Orthonotus fraudatrix (Reuter, 1904)","(Reuter, 1904)",Orthonotus,,fraudatrix,,species,,B3029:1,accepted,,,B3029:1:475,"Orthonotus Stephens, 1829",,,,,,,Orthonotus,,Phylaria | Phylus | Orthonotus,"fraudatrix (REUTER, 1904)",,758PD,7480859,758PD,7480859
B3029:1:483,Orthonotus rossicus Reut.,Reut.,Orthonotus,,rossicus,,species,,B3029:1,accepted,,,B3029:1:475,"Orthonotus Stephens, 1829",,,,,,,Orthonotus,,Phylaria | Phylus | Orthonotus,rossicus REUT.,,74WPJ,7518657,74WPJ,7518657
B3029:1:484,"Orthonotus cylindricollis (Costa, 1852)","(Costa, 1852)",Orthonotus,,cylindricollis,,species,,B3029:1,accepted,,,B3029:1:475,"Orthonotus Stephens, 1829",,,,,,,Orthonotus,,Phylaria | Phylus | Orthonotus,"cylindricollis (COSTA, 1852)",,6T8PD,8355748,6T8PD,8355748
B3029:1:485,"Orthonotus creticus E. Wagner, 1974","E. Wagner, 1974",Orthonotus,,creticus,,species,,B3029:1,accepted,,,B3029:1:475,"Orthonotus Stephens, 1829",,,,,,,Orthonotus,,Phylaria | Phylus | Orthonotus,"creticus E. WAGNER, 1974",,6SWPD,8230708,6SWPD,8230708
B3029:1:486,Orthonotus ponticus Horv.,Horv.,Orthonotus,,ponticus,,species,,B3029:1,accepted,,,B3029:1:475,"Orthonotus Stephens, 1829",,,,,,,Orthonotus,,Phylaria | Phylus | Orthonotus,ponticus HORV.,,6SWPJ,7670278,6SWPJ,7670278
B3029:1:487,"Orthonotus pseudoponticus Josifov, 1964","Josifov, 1964",Orthonotus,,pseudoponticus,,species,,B3029:1,accepted,,,B3029:1:475,"Orthonotus Stephens, 1829",,,,,,,Orthonotus,,Phylaria | Phylus | Orthonotus,"pseudoponticus JOSIFOV, 1964",,6T8PJ,8183254,6T8PJ,8183254
B3029:1:488,"Orthonotus humilis Seidenstücker, 1970","Seidenstücker, 1970",Orthonotus,,humilis,,species,,B3029:1,accepted,,,B3029:1:475,"Orthonotus Stephens, 1829",,,,,,,Orthonotus,,Phylaria | Phylus | Orthonotus,"humilis SEIDENSTÜCKER, 1970",,74WPF,7715733,74WPF,7715733
B3029:1:489,"Orthonotus longiceps (Reuter, 1883)","(Reuter, 1883)",Orthonotus,,longiceps,,species,,B3029:1,accepted,,,B3029:1:475,"Orthonotus Stephens, 1829",,,,,,,Orthonotus,,Phylaria | Phylus | Orthonotus,"longiceps (REUTER, 1883)",,6T8PG,8252994,6T8PG,8252994
B3029:1:490,"Orthonotus bicolor (Reut., 1883)","(Reut., 1883)",Orthonotus,,bicolor,,species,,B3029:1,accepted,,,B3029:1:475,"Orthonotus Stephens, 1829",,,,,,,Orthonotus,,Phylaria | Phylus | Orthonotus,"bicolor (REUT., 1883)",,,,,
B3029:1:491,Amixia bicolor Reut. 1883,Reut. 1883,Amixia,,bicolor,,species,,B3029:1,synonym,B3029:1:490,"Orthonotus bicolor (Reut., 1883)",,,,,,,,,Orthonotus,,Phylaria | Phylus | Orthonotus,Amixia bicolor REUT. 1883,,,4488218,,8313477
B3029:1:492,"Tytthus Fieber, 1864","Fieber, 1864",,,,,genus,,B3029:1,accepted,,,B3029:1:462,Phylus,,,,,,,Tytthus,,Phylaria | Phylus,"Tytthus FIEBER, 1864",,63W99,2009951,63W99,2009951
B3029:1:493,"Tytthus parviceps (Reuter, 1890)","(Reuter, 1890)",Tytthus,,parviceps,,species,,B3029:1,accepted,,,B3029:1:492,"Tytthus Fieber, 1864",,,,,,,Tytthus,,Phylaria | Phylus | Tytthus,"parviceps (REUTER, 1890)",,59ZYM,2009956,59ZYM,2009956
B3029:1:494,"Plesiodema Reuter, 1875","Reuter, 1875",,,,,genus,,B3029:1,accepted,,,B3029:1:462,Phylus,,,,,,,Plesiodema,,Phylaria | Phylus,"Plesiodema REUTER, 1875",,6SL8,2011411,6SL8,2011411
B3029:1:495,"Plesiodema pinetellum (Zetterstedt, 1859)","(Zetterstedt, 1859)",Plesiodema,,pinetellum,,species,,B3029:1,accepted,,,B3029:1:494,"Plesiodema Reuter, 1875",,,,,,,Plesiodema,,Phylaria | Phylus | Plesiodema,"pinetellum (ZETTERSTEDT, 1859)",,4K9JK,2011412,4K9JK,2011412
B3029:1:496,"Plesiodema oblongum E. Wagner, 1968","E. Wagner, 1968",Plesiodema,,oblongum,,species,,B3029:1,accepted,,,B3029:1:494,"Plesiodema Reuter, 1875",,,,,,,Plesiodema,,Phylaria | Phylus | Plesiodema,"oblongum E. WAGNER, 1968",,4K9JH,8355573,4K9JH,8355573
B3029:1:497,Brachyarthrum Fieb.,Fieb.,,,,,genus,,B3029:1,accepted,,,B3029:1:462,Phylus,,,,,,,Brachyarthrum,,Phylaria | Phylus,Brachyarthrum FIEB.,,3C8S,4407688,3C8S,4407688
B3029:1:498,"Phylus Hahn, 1831","Hahn, 1831",,,,,genus,,B3029:1,accepted,,,B3029:1:462,Phylus,,,,,,,Phylus,,Phylaria | Phylus,"Phylus HAHN, 1831",,6PTV,2009388,6PTV,2009388
B3029:1:499,Phylus,,Phylus,,,,subgenus,s. str.,B3029:1,accepted,,,B3029:1:498,"Phylus Hahn, 1831",,,,,,,Phylus,Phylus,Phylaria | Phylus | Phylus,Phylus s. str.,,6PTV,,6PTV,
B3029:1:500,Phylus palliceps Fieb.,Fieb.,Phylus,Phylus,palliceps,,species,,B3029:1,accepted,,,B3029:1:499,Phylus,,,,,,,Phylus,Phylus,Phylaria | Phylus | Phylus | Phylus,palliceps FIEB.,,4HDHN,4488300,4HDHC,4488298
B3029:1:501,"Phylus melanocephalus (Linné, 1767)","(Linné, 1767)",Phylus,Phylus,melanocephalus,,species,,B3029:1,accepted,,,B3029:1:499,Phylus,,,,,,,Phylus,Phylus,Phylaria | Phylus | Phylus | Phylus,"melanocephalus (LINNÉ, 1767)",,4HDHC,4488298,4HDHC,4488298
B3029:1:502,"Phylus coryli (Linné, 1758)","(Linné, 1758)",Phylus,Phylus,coryli,,species,,B3029:1,accepted,,,B3029:1:499,Phylus,,,,,,,Phylus,Phylus,Phylaria | Phylus | Phylus | Phylus,"coryli (LINNÉ, 1758)",,4HDH3,7874252,4HDH3,7874252
B3029:1:503,"Gnostus Fieber, 1858","Fieber, 1858",Phylus,,,,subgenus,,B3029:1,accepted,,,B3029:1:498,"Phylus Hahn, 1831",,,,,,,Phylus,Gnostus,Phylaria | Phylus | Phylus,"Gnostus FIEBER, 1858",,KVBG4,,KVBG4,
B3029:1:504,"Phylus plagiatus (Herrich-Schäffer, 1837)","(Herrich-Schäffer, 1837)",Phylus,Gnostus,plagiatus,,species,,B3029:1,accepted,,,B3029:1:503,"Gnostus Fieber, 1858",,,,,,,Phylus,Gnostus,Phylaria | Phylus | Phylus | Gnostus,"plagiatus (HERRICH-SCHÄFFER, 1837)",,4HDHR,8060472,4HDHR,8060472
B3029:1:505,Phylus plagiatus var. pallida Reut.,Reut.,Phylus,Gnostus,plagiatus,pallida,variety,,B3029:1,accepted,,,B3029:1:504,"Phylus plagiatus (Herrich-Schäffer, 1837)",,,,,,,Phylus,Gnostus,Phylaria | Phylus | Phylus | Gnostus | Phylus plagiatus,var. pallida REUT.,,7KKX3,8788321,4HDHR,8060472
B3029:1:506,Phylus plagiatus var. interposita Stich.,Stich.,Phylus,Gnostus,plagiatus,interposita,variety,,B3029:1,accepted,,,B3029:1:504,"Phylus plagiatus (Herrich-Schäffer, 1837)",,,,,,,Phylus,Gnostus,Phylaria | Phylus | Phylus | Gnostus | Phylus plagiatus,var. interposita STICH.,,7KL8Y,9025614,4HDHR,8060472
B3029:1:507,Phylus plagiatus var. typica,,Phylus,Gnostus,plagiatus,typica,variety,,B3029:1,accepted,,,B3029:1:504,"Phylus plagiatus (Herrich-Schäffer, 1837)",,,,,,,Phylus,Gnostus,Phylaria | Phylus | Phylus | Gnostus | Phylus plagiatus,var. typica,,,,,
B3029:1:508,Phylus plagiatus var. tricolor Stich.,Stich.,Phylus,Gnostus,plagiatus,tricolor,variety,,B3029:1,accepted,,,B3029:1:504,"Phylus plagiatus (Herrich-Schäffer, 1837)",,,,,,,Phylus,Gnostus,Phylaria | Phylus | Phylus | Gnostus | Phylus plagiatus,var. tricolor STICH.,,7KL8R,8784391,4HDHR,8060472
B3029:1:509,"Phylus breviceps Reuter, 1900","Reuter, 1900",Phylus,Gnostus,breviceps,,species,,B3029:1,accepted,,,B3029:1:503,"Gnostus Fieber, 1858",,,,,,,Phylus,Gnostus,Phylaria | Phylus | Phylus | Gnostus,"breviceps REUTER, 1900",,4HDH2,7949059,4HDH2,7949059
B3029:1:510,"Icodema Reuter, 1875","Reuter, 1875",,,,,genus,,B3029:1,accepted,,,B3029:1:462,Phylus,,,,,,,Icodema,,Phylaria | Phylus,"Icodema REUTER, 1875",,638HR,2011015,638HR,2011015
B3029:1:511,"Icodema infuscatum (Fieber, 1861)","(Fieber, 1861)",Icodema,,infuscatum,,species,,B3029:1,accepted,,,B3029:1:510,"Icodema Reuter, 1875",,,,,,,Icodema,,Phylaria | Phylus | Icodema,"infuscatum (FIEBER, 1861)",,3PB4R,2011016,3PB4R,2011016
B3029:1:512,"Amblytylus Fieber, 1858","Fieber, 1858",,,,,genus,,B3029:1,accepted,,,B3029:1:462,Phylus,,,,,,,Amblytylus,,Phylaria | Phylus,"Amblytylus FIEBER, 1858",,TKJ,2008890,TKJ,2008890
B3029:1:513,"Amblytylus erectus E. Wagner, 1971","E. Wagner, 1971",Amblytylus,,erectus,,species,,B3029:1,accepted,,,B3029:1:512,"Amblytylus Fieber, 1858",,,,,,,Amblytylus,,Phylaria | Phylus | Amblytylus,"erectus E. WAGNER, 1971",,CPF4,4488291,73828,4488640
B3029:1:514,"Amblytylus nasutus (Kirschbaum, 1856)","(Kirschbaum, 1856)",Amblytylus,,nasutus,,species,,B3029:1,accepted,,,B3029:1:512,"Amblytylus Fieber, 1858",,,,,,,Amblytylus,,Phylaria | Phylus | Amblytylus,"nasutus (KIRSCHBAUM, 1856)",,CPFK,2008893,CPFK,2008893
B3029:1:515,"Amblytylus affinis Fieb.,","Fieb.,",Amblytylus,,affinis,,species,"1864,",B3029:1,synonym,B3029:1:514,"Amblytylus nasutus (Kirschbaum, 1856)",,,,,,,,,Amblytylus,,Phylaria | Phylus | Amblytylus,"affinis FIEB., 1864,",,65ZRP,8368680,CPFK,2008893
B3029:1:516,"Amblytylus jani Fieber, 1858","Fieber, 1858",Amblytylus,,jani,,species,,B3029:1,accepted,,,B3029:1:512,"Amblytylus Fieber, 1858",,,,,,,Amblytylus,,Phylaria | Phylus | Amblytylus,"jani FIEBER, 1858",,CPFB,4488287,CPFB,4488287
B3029:1:517,"Amblytylus macedonicus E. Wagner, 1956","E. Wagner, 1956",Amblytylus,,macedonicus,,species,,B3029:1,accepted,,,B3029:1:512,"Amblytylus Fieber, 1858",,,,,,,Amblytylus,,Phylaria | Phylus | Amblytylus,"macedonicus E. WAGNER, 1956",,CPFH,4488296,72VPV,4488651
B3029:1:518,"Amblytylus albidus (Hahn, 1834)","(Hahn, 1834)",Amblytylus,,albidus,,species,,B3029:1,accepted,,,B3029:1:512,"Amblytylus Fieber, 1858",,,,,,,Amblytylus,,Phylaria | Phylus | Amblytylus,"albidus (HAHN, 1834)",,65ZS6,2008891,65ZS6,2008891
B3029:1:519,"Amblytylus longicornis E. Wagner, 1953","E. Wagner, 1953",Amblytylus,,longicornis,,species,,B3029:1,accepted,,,B3029:1:512,"Amblytylus Fieber, 1858",,,,,,,Amblytylus,,Phylaria | Phylus | Amblytylus,"longicornis E. WAGNER, 1953",,CPFC,7465388,65ZS7,4488294
B3029:1:520,"Amblytylus crassicornis E. Wagner, 1964","E. Wagner, 1964",Amblytylus,,crassicornis,,species,,B3029:1,accepted,,,B3029:1:512,"Amblytylus Fieber, 1858",,,,,,,Amblytylus,,Phylaria | Phylus | Amblytylus,"crassicornis E. WAGNER, 1964",,CPF2,7773472,CPF2,7773472
B3029:1:521,"Amblytylus eckerleini E. Wagner, 1964","E. Wagner, 1964",Amblytylus,,eckerleini,,species,,B3029:1,accepted,,,B3029:1:512,"Amblytylus Fieber, 1858",,,,,,,Amblytylus,,Phylaria | Phylus | Amblytylus,"eckerleini E. WAGNER, 1964",,CPF3,7724725,65ZS7,4488294
B3029:1:522,"Amblytylus vittiger Reuter, 1900","Reuter, 1900",Amblytylus,,vittiger,,species,,B3029:1,accepted,,,B3029:1:512,"Amblytylus Fieber, 1858",,,,,,,Amblytylus,,Phylaria | Phylus | Amblytylus,"vittiger REUTER, 1900",,CPFS,8040598,65ZS7,4488294
B3029:1:523,"Amblytylus similis E. Wagner, 1971","E. Wagner, 1971",Amblytylus,,similis,,species,,B3029:1,accepted,,,B3029:1:512,"Amblytylus Fieber, 1858",,,,,,,Amblytylus,,Phylaria | Phylus | Amblytylus,"similis E. WAGNER, 1971",,CPFP,4488297,65ZS6,2008891
B3029:1:524,"Amblytylus montanus E. Wagner, 1974","E. Wagner, 1974",Amblytylus,,montanus,,species,,B3029:1,accepted,,,B3029:1:512,"Amblytylus Fieber, 1858",,,,,,,Amblytylus,,Phylaria | Phylus | Amblytylus,"montanus E. WAGNER, 1974",,CPFJ,7847560,CPFJ,7847560
B3029:1:525,"Amblytylus gregarius Linnavuori, 1961","Linnavuori, 1961",Amblytylus,,gregarius,,species,,B3029:1,accepted,,,B3029:1:512,"Amblytylus Fieber, 1858",,,,,,,Amblytylus,,Phylaria | Phylus | Amblytylus,"gregarius LINNAVUORI, 1961",,CPF7,7770277,65ZRV,4488290
B3029:1:526,"Amblytylus longirostris (Jordan, 1947)","(Jordan, 1947)",Amblytylus,,longirostris,,species,,B3029:1,accepted,,,B3029:1:512,"Amblytylus Fieber, 1858",,,,,,,Amblytylus,,Phylaria | Phylus | Amblytylus,"longirostris (JORDAN, 1947)",,CPFD,8432110,3W5DM,4488471
B3029:1:527,"Amblytylus amoenus E. Wagner, 1958","E. Wagner, 1958",Amblytylus,,amoenus,,species,,B3029:1,accepted,,,B3029:1:512,"Amblytylus Fieber, 1858",,,,,,,Amblytylus,,Phylaria | Phylus | Amblytylus,"amoenus E. WAGNER, 1958",,5TZRV,7417991,5TZRV,7417991
B3029:1:528,"Amblytylus scutellaris Horvath, 1905","Horvath, 1905",Amblytylus,,scutellaris,,species,,B3029:1,accepted,,,B3029:1:512,"Amblytylus Fieber, 1858",,,,,,,Amblytylus,,Phylaria | Phylus | Amblytylus,"scutellaris HORVATH, 1905",,CPFN,4488293,73829,7530293
B3029:1:529,"Amblytylus delicatus (Perris, 1857)","(Perris, 1857)",Amblytylus,,delicatus,,species,,B3029:1,accepted,,,B3029:1:512,"Amblytylus Fieber, 1858",,,,,,,Amblytylus,,Phylaria | Phylus | Amblytylus,"delicatus (PERRIS, 1857)",,L8KRL,4488285,73829,7530293
B3029:1:530,"Amblytylus tarsalis Reuter, 1894","Reuter, 1894",Amblytylus,,tarsalis,,species,,B3029:1,accepted,,,B3029:1:512,"Amblytylus Fieber, 1858",,,,,,,Amblytylus,,Phylaria | Phylus | Amblytylus,"tarsalis REUTER, 1894",,L8KTY,4488289,6QVRV,8294806
B3029:1:531,"Amblytylus luridus Hoberlandt, 1961","Hoberlandt, 1961",Amblytylus,,luridus,,species,,B3029:1,accepted,,,B3029:1:512,"Amblytylus Fieber, 1858",,,,,,,Amblytylus,,Phylaria | Phylus | Amblytylus,"luridus HOBERLANDT, 1961",,CPFG,4488292,73829,7530293
B3029:1:532,Amblytylus insciiptus Linnavuori 1961,Linnavuori 1961,Amblytylus,,insciiptus,,species,,B3029:1,synonym,B3029:1:531,"Amblytylus luridus Hoberlandt, 1961",,,,,,,,,Amblytylus,,Phylaria | Phylus | Amblytylus,insciiptus LINNAVUORI 1961,,5TZRS,8159595,73829,7530293
B3029:1:533,"Amblytylus brevicollis Fieber, 1858","Fieber, 1858",Amblytylus,,brevicollis,,species,,B3029:1,accepted,,,B3029:1:512,"Amblytylus Fieber, 1858",,,,,,,Amblytylus,,Phylaria | Phylus | Amblytylus,"brevicollis FIEBER, 1858",,65ZRV,4488290,65ZRV,4488290
B3029:1:534,"Amblytylus concolor Jakovleff, 1877","Jakovleff, 1877",Amblytylus,,concolor,,species,,B3029:1,accepted,,,B3029:1:512,"Amblytylus Fieber, 1858",,,,,,,Amblytylus,,Phylaria | Phylus | Amblytylus,"concolor JAKOVLEFF, 1877",,65ZS7,4488294,65ZS7,4488294
B3029:1:535,"Amblytylus testaceus Reuter, 1879","Reuter, 1879",Amblytylus,,testaceus,,species,,B3029:1,accepted,,,B3029:1:512,"Amblytylus Fieber, 1858",,,,,,,Amblytylus,,Phylaria | Phylus | Amblytylus,"testaceus REUTER, 1879",,CPFQ,8291036,65ZS7,4488294
B3029:1:536,"Lopus Hahn, 1831","Hahn, 1831",,,,,genus,,B3029:1,accepted,,,B3029:1:462,Phylus,,,,,,,Lopus,,Phylaria | Phylus,"Lopus HAHN, 1831",,5GRY,2010222,5GRY,2010222
B3029:1:537,"Onychumenus Reut., 1879","Reut., 1879",,,,,genus,,B3029:1,synonym,B3029:1:536,"Lopus Hahn, 1831",,,,,,,,,Onychumenus,,Phylaria | Phylus,"Onychumenus REUT., 1879",,QWDY5,4289926,5GRY,2010222
B3029:1:538,"Lopus decolor (Fallén, 1807)","(Fallén, 1807)",Lopus,,decolor,,species,,B3029:1,accepted,,,B3029:1:536,"Lopus Hahn, 1831",,,,,,,Lopus,,Phylaria | Phylus | Lopus,"decolor (FALLÉN, 1807)",,3W5DF,2010223,3W5DF,2010223
B3029:1:539,"Lopus palliatus Perris, 1857","Perris, 1857",Lopus,,palliatus,,species,,B3029:1,accepted,,,B3029:1:536,"Lopus Hahn, 1831",,,,,,,Lopus,,Phylaria | Phylus | Lopus,"palliatus PERRIS, 1857",,3W5DT,7371058,3W5DF,2010223
B3029:1:540,"Paralopus E. Wagner, 1957","E. Wagner, 1957",,,,,genus,,B3029:1,accepted,,,B3029:1:462,Phylus,,,,,,,Paralopus,,Phylaria | Phylus,"Paralopus E. WAGNER, 1957",,6FCW,4770684,6FCW,4770684
B3029:1:541,"Paralopus striatus E. Wagner, 1957","E. Wagner, 1957",Paralopus,,striatus,,species,,B3029:1,accepted,,,B3029:1:540,"Paralopus E. Wagner, 1957",,,,,,,Paralopus,,Phylaria | Phylus | Paralopus,"striatus E. WAGNER, 1957",,6TPPB,8383805,6TPPB,8383805
B3029:1:542,"Hoplomachus Fieber, 1858","Fieber, 1858",,,,,genus,,B3029:1,accepted,,,B3029:1:462,Phylus,,,,,,,Hoplomachus,,Phylaria | Phylus,"Hoplomachus FIEBER, 1858",,4YN5,9128774,4YN5,9128774
B3029:1:543,"Hoplomachus thunbergi (Fallen, 1807)","(Fallen, 1807)",Hoplomachus,,thunbergi,,species,,B3029:1,accepted,,,B3029:1:542,"Hoplomachus Fieber, 1858",,,,,,,Hoplomachus,,Phylaria | Phylus | Hoplomachus,"thunbergi (FALLEN, 1807)",,6MC9F,5759224,6MC9F,5759224
B3029:1:544,"Opisthotaenia Reuter, 1901","Reuter, 1901",,,,,genus,,B3029:1,accepted,,,B3029:1:462,Phylus,,,,,,,Opisthotaenia,,Phylaria | Phylus,"Opisthotaenia REUTER, 1901",,696S,4488451,696S,4488451
B3029:1:545,Ribesophylus E. Wagn. 1966,E. Wagn. 1966,,,,,genus,,B3029:1,synonym,B3029:1:544,"Opisthotaenia Reuter, 1901",,,,,,,,,Ribesophylus,,Phylaria | Phylus,Ribesophylus E. WAGN. 1966,,,4776755,,4776755
B3029:1:546,"Opisthotaenia striata (E. Wagner, 1965)","(E. Wagner, 1965)",Opisthotaenia,,striata,,species,,B3029:1,accepted,,,B3029:1:544,"Opisthotaenia Reuter, 1901",,,,,,,Opisthotaenia,,Phylaria | Phylus | Opisthotaenia,"striata (E. WAGNER, 1965)",,74R8S,4488452,74R8S,4488452
B3029:1:547,"Opisthotaenia fulvipes Reuter, 1901","Reuter, 1901",Opisthotaenia,,fulvipes,,species,,B3029:1,accepted,,,B3029:1:544,"Opisthotaenia Reuter, 1901",,,,,,,Opisthotaenia,,Phylaria | Phylus | Opisthotaenia,"fulvipes REUTER, 1901",,74QWS,4488454,74QWS,4488454
B3029:1:548,"Opisthotaenia glauca Seidenstücker, 1968","Seidenstücker, 1968",Opisthotaenia,,glauca,,species,,B3029:1,accepted,,,B3029:1:544,"Opisthotaenia Reuter, 1901",,,,,,,Opisthotaenia,,Phylaria | Phylus | Opisthotaenia,"glauca SEIDENSTÜCKER, 1968",,74QX4,8325483,74QX4,8325483
B3029:1:549,"Pachyxyphus Fieber, 1858","Fieber, 1858",,,,,genus,,B3029:1,accepted,,,B3029:1:462,Phylus,,,,,,,Pachyxyphus,,Phylaria | Phylus,"Pachyxyphus FIEBER, 1858",,6C4P,4406908,6C4P,4406908
B3029:1:550,"Pachyxyphus caesareus Reuter, 1879","Reuter, 1879",Pachyxyphus,,caesareus,,species,,B3029:1,accepted,,,B3029:1:549,"Pachyxyphus Fieber, 1858",,,,,,,Pachyxyphus,,Phylaria | Phylus | Pachyxyphus,"caesareus REUTER, 1879",,4BW3D,4488276,4BW3D,4488276
B3029:1:551,"Pachyxyphus halimii E. Wagner, 1970","E. Wagner, 1970",Pachyxyphus,,halimii,,species,,B3029:1,accepted,,,B3029:1:549,"Pachyxyphus Fieber, 1858",,,,,,,Pachyxyphus,,Phylaria | Phylus | Pachyxyphus,"halimii E. WAGNER, 1970",,4BW3H,7353683,4BW3H,7353683
B3029:1:552,"Pachyxyphus lineellus (Mulsant, 1852)","(Mulsant, 1852)",Pachyxyphus,,lineellus,,species,,B3029:1,accepted,,,B3029:1:549,"Pachyxyphus Fieber, 1858",,,,,,,Pachyxyphus,,Phylaria | Phylus | Pachyxyphus,"lineellus (MULSANT, 1852)",,4BW3J,4488277,4BW3J,4488277
B3029:1:553,"Pachyxyphus cisti (Lindberg, 1934)","(Lindberg, 1934)",Pachyxyphus,,cisti,,species,,B3029:1,accepted,,,B3029:1:549,"Pachyxyphus Fieber, 1858",,,,,,,Pachyxyphus,,Phylaria | Phylus | Pachyxyphus,"cisti (LINDBERG, 1934)",,4BW3F,4488273,4BW3F,4488273
B3029:1:554,"Thermocoris Puton, 1875","Puton, 1875",,,,,genus,,B3029:1,accepted,,,B3029:1:462,Phylus,,,,,,,Thermocoris,,Phylaria | Phylus,"Thermocoris PUTON, 1875",,7VSF,4488431,7VSF,4488431
B3029:1:555,"Thermocoris rivalis (Horvath, 1894)","(Horvath, 1894)",Thermocoris,,rivalis,,species,,B3029:1,accepted,,,B3029:1:554,"Thermocoris Puton, 1875",,,,,,,Thermocoris,,Phylaria | Phylus | Thermocoris,"rivalis (HORVATH, 1894)",,7BX6Y,7927292,7BX6Y,7927292
B3029:1:556,"Thermocoris rivalis subsp. rivalis (Horvath, 1894)","(Horvath, 1894)",Thermocoris,,rivalis,rivalis,subspecies,,B3029:1,accepted,,,B3029:1:555,"Thermocoris rivalis (Horvath, 1894)",,,,,,,Thermocoris,,Phylaria | Phylus | Thermocoris | Thermocoris rivalis,"ssp. rivalis (HORVATH, 1894)",,5LHQ9,8932770,7BX6Y,7927292
B3029:1:557,"Thermocoris rivalis subsp. suctor Seidenstücker, 1957","Seidenstücker, 1957",Thermocoris,,rivalis,suctor,subspecies,,B3029:1,accepted,,,B3029:1:555,"Thermocoris rivalis (Horvath, 1894)",,,,,,,Thermocoris,,Phylaria | Phylus | Thermocoris | Thermocoris rivalis,"ssp. suctor SEIDENSTÜCKER, 1957",,7L62G,8788166,7BX6Y,7927292
B3029:1:558,"Thermocoris discolor Seidenstücker, 1957","Seidenstücker, 1957",Thermocoris,,discolor,,species,,B3029:1,accepted,,,B3029:1:554,"Thermocoris Puton, 1875",,,,,,,Thermocoris,,Phylaria | Phylus | Thermocoris,"discolor SEIDENSTÜCKER, 1957",,7C96R,8124952,7C96R,8124952
B3029:1:559,"Thermocoris algiricus E. Wagner, 1943","E. Wagner, 1943",Thermocoris,,algiricus,,species,,B3029:1,accepted,,,B3029:1:554,"Thermocoris Puton, 1875",,,,,,,Thermocoris,,Phylaria | Phylus | Thermocoris,"algiricus E. WAGNER, 1943",,7C8V3,7885393,7C973,4488432
B3029:1:560,"Thermocoris munieri Puton, 1875","Puton, 1875",Thermocoris,,munieri,,species,,B3029:1,accepted,,,B3029:1:554,"Thermocoris Puton, 1875",,,,,,,Thermocoris,,Phylaria | Phylus | Thermocoris,"munieri PUTON, 1875",,7C973,4488432,7C973,4488432
B3029:1:561,"Phoenicocapsus Reuter, 1876","Reuter, 1876",,,,,genus,,B3029:1,accepted,,,B3029:1:462,Phylus,,,,,,,Phoenicocapsus,,Phylaria | Phylus,"Phoenicocapsus REUTER, 1876",,RJ87V,4488378,4YN5,9128774
B3029:1:562,"Phoenicocapsus regina Reuter, 1876","Reuter, 1876",Phoenicocapsus,,regina,,species,,B3029:1,accepted,,,B3029:1:561,"Phoenicocapsus Reuter, 1876",,,,,,,Phoenicocapsus,,Phylaria | Phylus | Phoenicocapsus,"regina REUTER, 1876",,,4488379,,8230010
B3029:1:563,"Psallodema Putschkov, 1970","Putschkov, 1970",,,,,genus,,B3029:1,accepted,,,B3029:1:462,Phylus,,,,,,,Psallodema,,Phylaria | Phylus,"Psallodema PUTSCHKOV, 1970",,6Y8V,4404604,6Y8V,4404604
B3029:1:564,"Psallodema fieberi (Fieber, 1864)","(Fieber, 1864)",Psallodema,,fieberi,,species,,B3029:1,accepted,,,B3029:1:563,"Psallodema Putschkov, 1970",,,,,,,Psallodema,,Phylaria | Phylus | Psallodema,"fieberi (FIEBER, 1864)",,77ZPM,4488626,77ZPM,4488626
B3029:1:565,"Tinicephalus Fieber, 1858","Fieber, 1858",,,,,genus,,B3029:1,accepted,,,B3029:1:462,Phylus,,,,,,,Tinicephalus,,Phylaria | Phylus,"Tinicephalus FIEBER, 1858",,7X4J,4488441,7X4J,4488441
B3029:1:566,"Lavendulaephylus E. Wagner, 1972","E. Wagner, 1972",Tinicephalus,,,,subgenus,,B3029:1,accepted,,,B3029:1:565,"Tinicephalus Fieber, 1858",,,,,,,Tinicephalus,Lavendulaephylus,Phylaria | Phylus | Tinicephalus,"Lavendulaephylus E. WAGNER, 1972",,,,,
B3029:1:567,"Tinicephalus rubiginosus Fieber, 1861","Fieber, 1861",Tinicephalus,Lavendulaephylus,rubiginosus,,species,,B3029:1,accepted,,,B3029:1:566,"Lavendulaephylus E. Wagner, 1972",,,,,,,Tinicephalus,Lavendulaephylus,Phylaria | Phylus | Tinicephalus | Lavendulaephylus,"rubiginosus FIEBER, 1861",,5738C,4488450,5738C,4488450
B3029:1:568,Tinicephalus,,Tinicephalus,,,,subgenus,s. str.,B3029:1,accepted,,,B3029:1:565,"Tinicephalus Fieber, 1858",,,,,,,Tinicephalus,Tinicephalus,Phylaria | Phylus | Tinicephalus,Tinicephalus s. str.,,7X4J,,7X4J,
B3029:1:569,"Tinicephalus flavopilosus Reuter, 1879","Reuter, 1879",Tinicephalus,Tinicephalus,flavopilosus,,species,,B3029:1,accepted,,,B3029:1:568,Tinicephalus,,,,,,,Tinicephalus,Tinicephalus,Phylaria | Phylus | Tinicephalus | Tinicephalus,"flavopilosus REUTER, 1879",,T7V9S,8384244,6MC9J,8177088
B3029:1:570,"Tinicephalus brevipes E. Wagner, 1949","E. Wagner, 1949",Tinicephalus,Tinicephalus,brevipes,,species,,B3029:1,accepted,,,B3029:1:568,Tinicephalus,,,,,,,Tinicephalus,Tinicephalus,Phylaria | Phylus | Tinicephalus | Tinicephalus,"brevipes E. WAGNER, 1949",,7CD54,6096784,57382,4488445
B3029:1:571,Tinicephalus brevipes var. nigrosignata Polentz 1957,Polentz 1957,Tinicephalus,Tinicephalus,brevipes,nigrosignata,variety,,B3029:1,accepted,,,B3029:1:570,"Tinicephalus brevipes E. Wagner, 1949",,,,,,,Tinicephalus,Tinicephalus,Phylaria | Phylus | Tinicephalus | Tinicephalus | Tinicephalus brevipes,var. nigrosignata POLENTZ 1957,,5LJZF,9066432,57382,4488445
B3029:1:572,"Tinicephalus delamarei E. Wagner, 1955","E. Wagner, 1955",Tinicephalus,Tinicephalus,delamarei,,species,,B3029:1,accepted,,,B3029:1:568,Tinicephalus,,,,,,,Tinicephalus,Tinicephalus,Phylaria | Phylus | Tinicephalus | Tinicephalus,"delamarei E. WAGNER, 1955",,5737W,7949141,5737Y,4488449
B3029:1:573,"Tinicephalus discrepans Fieber, 1858","Fieber, 1858",Tinicephalus,Tinicephalus,discrepans,,species,,B3029:1,accepted,,,B3029:1:568,Tinicephalus,,,,,,,Tinicephalus,Tinicephalus,Phylaria | Phylus | Tinicephalus | Tinicephalus,"discrepans FIEBER, 1858",,5737Y,4488449,5737Y,4488449
B3029:1:574,"Tinicephalus indistinctus E. Wagner, 1962","E. Wagner, 1962",Tinicephalus,Tinicephalus,indistinctus,,species,,B3029:1,accepted,,,B3029:1:568,Tinicephalus,,,,,,,Tinicephalus,Tinicephalus,Phylaria | Phylus | Tinicephalus | Tinicephalus,"indistinctus E. WAGNER, 1962",,57383,7817879,57383,7817879
B3029:1:575,"Tinicephalus hortulanus (Meyer-Dür, 1843)","(Meyer-Dür, 1843)",Tinicephalus,Tinicephalus,hortulanus,,species,,B3029:1,accepted,,,B3029:1:568,Tinicephalus,,,,,,,Tinicephalus,Tinicephalus,Phylaria | Phylus | Tinicephalus | Tinicephalus,"hortulanus (MEYER-DÜR, 1843)",,57382,4488445,57382,4488445
B3029:1:576,"Tinicephalus macchiae Lindberg, 1934","Lindberg, 1934",Tinicephalus,Tinicephalus,macchiae,,species,,B3029:1,accepted,,,B3029:1:568,Tinicephalus,,,,,,,Tinicephalus,Tinicephalus,Phylaria | Phylus | Tinicephalus | Tinicephalus,"macchiae LINDBERG, 1934",,57385,7874331,57386,4488442
B3029:1:577,"Tinicephalus croceus E. Wagner, 1969","E. Wagner, 1969",Tinicephalus,Tinicephalus,croceus,,species,,B3029:1,accepted,,,B3029:1:568,Tinicephalus,,,,,,,Tinicephalus,Tinicephalus,Phylaria | Phylus | Tinicephalus | Tinicephalus,"croceus E. WAGNER, 1969",,5737V,7743755,5737V,7743755
B3029:1:578,"Tinicephalus rubropictus E. Wagner, 1972","E. Wagner, 1972",Tinicephalus,Tinicephalus,rubropictus,,species,,B3029:1,accepted,,,B3029:1:568,Tinicephalus,,,,,,,Tinicephalus,Tinicephalus,Phylaria | Phylus | Tinicephalus | Tinicephalus,"rubropictus E. WAGNER, 1972",,5738D,4488444,5738D,4488444
B3029:1:579,"Tinicephalus varensis E. Wagner, 1964","E. Wagner, 1964",Tinicephalus,Tinicephalus,varensis,,species,,B3029:1,accepted,,,B3029:1:568,Tinicephalus,,,,,,,Tinicephalus,Tinicephalus,Phylaria | Phylus | Tinicephalus | Tinicephalus,"varensis E. WAGNER, 1964",,5738G,4488443,5738G,4488443
B3029:1:580,"Tinicephalus dentifer Linnavuori, 1965","Linnavuori, 1965",Tinicephalus,Tinicephalus,dentifer,,species,,B3029:1,accepted,,,B3029:1:568,Tinicephalus,,,,,,,Tinicephalus,Tinicephalus,Phylaria | Phylus | Tinicephalus | Tinicephalus,"dentifer LINNAVUORI, 1965",,5737X,8260087,5737X,8260087
B3029:1:581,"Tinicephalus picticornis E. Wagner, 1966","E. Wagner, 1966",Tinicephalus,Tinicephalus,picticornis,,species,,B3029:1,accepted,,,B3029:1:568,Tinicephalus,,,,,,,Tinicephalus,Tinicephalus,Phylaria | Phylus | Tinicephalus | Tinicephalus,"picticornis E. WAGNER, 1966",,7CCSP,4488448,7CCSP,4488448
B3029:1:582,"Megalocoleus Reuter, 1890","Reuter, 1890",,,,,genus,,B3029:1,accepted,,,B3029:1:462,Phylus,,,,,,,Megalocoleus,,Phylaria | Phylus,"Megalocoleus REUTER, 1890",,5MRY,2010018,5MRY,2010018
B3029:1:583,"Megalocoleus venustus E. Wagner, 1968","E. Wagner, 1968",Megalocoleus,,venustus,,species,,B3029:1,accepted,,,B3029:1:582,"Megalocoleus Reuter, 1890",,,,,,,Megalocoleus,,Phylaria | Phylus | Megalocoleus,"venustus E. WAGNER, 1968",,,,,
B3029:1:584,"Megalocoleus cunealis Reuter, 1900","Reuter, 1900",Megalocoleus,,cunealis,,species,,B3029:1,accepted,,,B3029:1:582,"Megalocoleus Reuter, 1890",,,,,,,Megalocoleus,,Phylaria | Phylus | Megalocoleus,"cunealis REUTER, 1900",,,,,
B3029:1:585,"Megalocoleus eckerleini E. Wagner, 1969","E. Wagner, 1969",Megalocoleus,,eckerleini,,species,,B3029:1,accepted,,,B3029:1:582,"Megalocoleus Reuter, 1890",,,,,,,Megalocoleus,,Phylaria | Phylus | Megalocoleus,"eckerleini E. WAGNER, 1969",,6QVPW,8372471,6QVPW,8372471
B3029:1:586,"Megalocoleus pilosus (Schrank, 1801)","(Schrank, 1801)",Megalocoleus,,pilosus,,species,,B3029:1,accepted,,,B3029:1:582,"Megalocoleus Reuter, 1890",,,,,,,Megalocoleus,,Phylaria | Phylus | Megalocoleus,"pilosus (SCHRANK, 1801)",,73827,6096775,6QW47,4488663
B3029:1:587,"Megalocoleus lunula (Fieber, 1861)","(Fieber, 1861)",Megalocoleus,,lunula,,species,,B3029:1,accepted,,,B3029:1:582,"Megalocoleus Reuter, 1890",,,,,,,Megalocoleus,,Phylaria | Phylus | Megalocoleus,"lunula (FIEBER, 1861)",,6R7PV,4488649,6R7PV,4488649
B3029:1:588,"Megalocoleus atricornis E. Wagner, 1965","E. Wagner, 1965",Megalocoleus,,atricornis,,species,,B3029:1,accepted,,,B3029:1:582,"Megalocoleus Reuter, 1890",,,,,,,Megalocoleus,,Phylaria | Phylus | Megalocoleus,"atricornis E. WAGNER, 1965",,,,,
B3029:1:589,"Megalocoleus matricariae E. Wagner, 1968","E. Wagner, 1968",Megalocoleus,,matricariae,,species,,B3029:1,accepted,,,B3029:1:582,"Megalocoleus Reuter, 1890",,,,,,,Megalocoleus,,Phylaria | Phylus | Megalocoleus,"matricariae E. WAGNER, 1968",,6QVQ7,8019146,6QVQ7,8019146
B3029:1:590,"Megalocoleus aurantiacus (Fieber, 1858)","(Fieber, 1858)",Megalocoleus,,aurantiacus,,species,,B3029:1,accepted,,,B3029:1:582,"Megalocoleus Reuter, 1890",,,,,,,Megalocoleus,,Phylaria | Phylus | Megalocoleus,"aurantiacus (FIEBER, 1858)",,6R7Q9,4488636,6R7Q9,4488636
B3029:1:591,"Megalocoleus ragusai (Reuter, 1890)","(Reuter, 1890)",Megalocoleus,,ragusai,,species,,B3029:1,accepted,,,B3029:1:582,"Megalocoleus Reuter, 1890",,,,,,,Megalocoleus,,Phylaria | Phylus | Megalocoleus,"ragusai (REUTER, 1890)",,6QW26,8008147,6R7Q9,4488636
B3029:1:592,"Megalocoleus exsanguis (Herrich-Schäffer, 1835)","(Herrich-Schäffer, 1835)",Megalocoleus,,exsanguis,,species,,B3029:1,accepted,,,B3029:1:582,"Megalocoleus Reuter, 1890",,,,,,,Megalocoleus,,Phylaria | Phylus | Megalocoleus,"exsanguis (HERRICH-SCHÄFFER, 1835)",,6QVQ8,2010020,6QVQ8,2010020
B3029:1:593,"Megalocoleus pericarti Linnavuori, 1970","Linnavuori, 1970",Megalocoleus,,pericarti,,species,,B3029:1,accepted,,,B3029:1:582,"Megalocoleus Reuter, 1890",,,,,,,Megalocoleus,,Phylaria | Phylus | Megalocoleus,"pericarti LINNAVUORI, 1970",,737Q7,4488642,6R827,2010019
B3029:1:594,"Megalocoleus dissimilis (Reuter, 1876)","(Reuter, 1876)",Megalocoleus,,dissimilis,,species,,B3029:1,accepted,,,B3029:1:582,"Megalocoleus Reuter, 1890",,,,,,,Megalocoleus,,Phylaria | Phylus | Megalocoleus,"dissimilis (REUTER, 1876)",,6R7PW,4488638,6R7PW,4488638
B3029:1:595,"Megalocoleus fumanae E. Wagner, 1974","E. Wagner, 1974",Megalocoleus,,fumanae,,species,,B3029:1,accepted,,,B3029:1:582,"Megalocoleus Reuter, 1890",,,,,,,Megalocoleus,,Phylaria | Phylus | Megalocoleus,"fumanae E. WAGNER, 1974",,72VPW,8337575,5737V,7743755
B3029:1:596,"Megalocoleus bolivari (Reuter, 1879)","(Reuter, 1879)",Megalocoleus,,bolivari,,species,,B3029:1,accepted,,,B3029:1:582,"Megalocoleus Reuter, 1890",,,,,,,Megalocoleus,,Phylaria | Phylus | Megalocoleus,"bolivari (REUTER, 1879)",,72W29,4488646,72W29,4488646
B3029:1:597,"Megalocoleus femoralis (Reuter, 1879)","(Reuter, 1879)",Megalocoleus,,femoralis,,species,,B3029:1,accepted,,,B3029:1:582,"Megalocoleus Reuter, 1890",,,,,,,Megalocoleus,,Phylaria | Phylus | Megalocoleus,"femoralis (REUTER, 1879)",,6R7Q8,7925897,6R7Q8,7925897
B3029:1:598,"Megalocoleus chrysotrichus (Fieber, 1864)","(Fieber, 1864)",Megalocoleus,,chrysotrichus,,species,,B3029:1,accepted,,,B3029:1:582,"Megalocoleus Reuter, 1890",,,,,,,Megalocoleus,,Phylaria | Phylus | Megalocoleus,"chrysotrichus (FIEBER, 1864)",,737PX,4488657,737PX,4488657
B3029:1:599,"Megalocoleus mellai (Reuter, 1876)","(Reuter, 1876)",Megalocoleus,,mellai,,species,,B3029:1,accepted,,,B3029:1:582,"Megalocoleus Reuter, 1890",,,,,,,Megalocoleus,,Phylaria | Phylus | Megalocoleus,"mellai (REUTER, 1876)",,6QW27,4488661,6QW27,4488661
B3029:1:600,"Megalocoleus signoreti (Reuter, 1879)","(Reuter, 1879)",Megalocoleus,,signoreti,,species,,B3029:1,accepted,,,B3029:1:582,"Megalocoleus Reuter, 1890",,,,,,,Megalocoleus,,Phylaria | Phylus | Megalocoleus,"signoreti (REUTER, 1879)",,72W26,4488654,73829,7530293
B3029:1:601,"Megalocoleus servadeii E. Wagner, 1953","E. Wagner, 1953",Megalocoleus,,servadeii,,species,,B3029:1,accepted,,,B3029:1:582,"Megalocoleus Reuter, 1890",,,,,,,Megalocoleus,,Phylaria | Phylus | Megalocoleus,"servadeii E. WAGNER, 1953",,72VQ6,4488645,6QVRV,8294806
B3029:1:602,"Megalocoleus ocrensis E. Wagner, 1973","E. Wagner, 1973",Megalocoleus,,ocrensis,,species,,B3029:1,accepted,,,B3029:1:582,"Megalocoleus Reuter, 1890",,,,,,,Megalocoleus,,Phylaria | Phylus | Megalocoleus,"ocrensis E. WAGNER, 1973",,72W27,4488648,6QVQ8,2010020
B3029:1:603,"Megalocoleus bifidus E. Wagner, 1973","E. Wagner, 1973",Megalocoleus,,bifidus,,species,,B3029:1,accepted,,,B3029:1:582,"Megalocoleus Reuter, 1890",,,,,,,Megalocoleus,,Phylaria | Phylus | Megalocoleus,"bifidus E. WAGNER, 1973",,72VPX,7414183,6R7PV,4488649
B3029:1:604,"Megalocoleus molliculus (Fallén, 1829)","(Fallén, 1829)",Megalocoleus,,molliculus,,species,,B3029:1,accepted,,,B3029:1:582,"Megalocoleus Reuter, 1890",,,,,,,Megalocoleus,,Phylaria | Phylus | Megalocoleus,"molliculus (FALLÉN, 1829)",,6R827,2010019,6R827,2010019
B3029:1:605,Capsus ochroleucus Kb. 1856,Kb. 1856,Capsus,,ochroleucus,,species,,B3029:1,synonym,B3029:1:604,"Megalocoleus molliculus (Fallén, 1829)",,,,,,,,,Megalocoleus,,Phylaria | Phylus | Megalocoleus,Capsus ochroleucus KB. 1856,,QTJX,7805466,6R827,2010019
B3029:1:606,Megalocoleus confusus E. Wagn.,E. Wagn.,Megalocoleus,,confusus,,species,,B3029:1,accepted,,,B3029:1:582,"Megalocoleus Reuter, 1890",,,,,,,Megalocoleus,,Phylaria | Phylus | Megalocoleus,confusus E. WAGN.,,737Q9,4488643,6R827,2010019
B3029:1:607,"Megalocoleus fasciatus E. Wagner, 1969","E. Wagner, 1969",Megalocoleus,,fasciatus,,species,,B3029:1,accepted,,,B3029:1:582,"Megalocoleus Reuter, 1890",,,,,,,Megalocoleus,,Phylaria | Phylus | Megalocoleus,"fasciatus E. WAGNER, 1969",,6QW28,8295199,6R7PV,4488649
B3029:1:608,"Megalocoleus naso (Reuter, 1879)","(Reuter, 1879)",Megalocoleus,,naso,,species,,B3029:1,accepted,,,B3029:1:582,"Megalocoleus Reuter, 1890",,,,,,,Megalocoleus,,Phylaria | Phylus | Megalocoleus,"naso (REUTER, 1879)",,72VPV,4488651,72VPV,4488651
B3029:1:609,"Megalocoleus longirostris (Fieber, 1861)","(Fieber, 1861)",Megalocoleus,,longirostris,,species,,B3029:1,accepted,,,B3029:1:582,"Megalocoleus Reuter, 1890",,,,,,,Megalocoleus,,Phylaria | Phylus | Megalocoleus,"longirostris (FIEBER, 1861)",,73828,4488640,73828,4488640
B3029:1:610,"Megalocoleus hungaricus E. Wagner, 1944","E. Wagner, 1944",Megalocoleus,,hungaricus,,species,,B3029:1,accepted,,,B3029:1:582,"Megalocoleus Reuter, 1890",,,,,,,Megalocoleus,,Phylaria | Phylus | Megalocoleus,"hungaricus E. WAGNER, 1944",,737PW,4488652,72VPV,4488651
B3029:1:611,"Conostethus Fieber, 1858","Fieber, 1858",,,,,genus,,B3029:1,accepted,,,B3029:1:462,Phylus,,,,,,,Conostethus,,Phylaria | Phylus,"Conostethus FIEBER, 1858",,3TFR,2011268,3TFR,2011268
B3029:1:612,Conostethus brevis Reut.,Reut.,Conostethus,,brevis,,species,,B3029:1,accepted,,,B3029:1:611,"Conostethus Fieber, 1858",,,,,,,Conostethus,,Phylaria | Phylus | Conostethus,brevis REUT.,,XTGF,4309160,XTGF,4309160
B3029:1:613,Conostethus frisicus E. Wagn.,E. Wagn.,Conostethus,,frisicus,,species,,B3029:1,accepted,,,B3029:1:611,"Conostethus Fieber, 1858",,,,,,,Conostethus,,Phylaria | Phylus | Conostethus,frisicus E. WAGN.,,XTGJ,5716478,XTGK,5759259
B3029:1:614,"Conostethus angustus E. Wagner, 1963","E. Wagner, 1963",Conostethus,,angustus,,species,,B3029:1,accepted,,,B3029:1:611,"Conostethus Fieber, 1858",,,,,,,Conostethus,,Phylaria | Phylus | Conostethus,"angustus E. WAGNER, 1963",,XTGD,7642810,XTGD,7642810
B3029:1:615,"Conostethus hungaricus E. Wagner, 1941","E. Wagner, 1941",Conostethus,,hungaricus,,species,,B3029:1,accepted,,,B3029:1:611,"Conostethus Fieber, 1858",,,,,,,Conostethus,,Phylaria | Phylus | Conostethus,"hungaricus E. WAGNER, 1941",,XTGL,8052958,XTGL,8052958
B3029:1:616,"Conostethus salinus J. Sahlberg, 1870","J. Sahlberg, 1870",Conostethus,,salinus,,species,,B3029:1,accepted,,,B3029:1:611,"Conostethus Fieber, 1858",,,,,,,Conostethus,,Phylaria | Phylus | Conostethus,"salinus J. SAHLBERG, 1870",,XTGS,6096746,XTGK,5759259
B3029:1:617,"Conostethus roseus (Fallén, 1829)","(Fallén, 1829)",Conostethus,,roseus,,species,,B3029:1,accepted,,,B3029:1:611,"Conostethus Fieber, 1858",,,,,,,Conostethus,,Phylaria | Phylus | Conostethus,"roseus (FALLÉN, 1829)",,XTGR,2011270,XTGR,2011270
B3029:1:618,"Conostethus venustus (Fieber, 1859)","(Fieber, 1859)",Conostethus,,venustus,,species,,B3029:1,accepted,,,B3029:1:611,"Conostethus Fieber, 1858",,,,,,,Conostethus,,Phylaria | Phylus | Conostethus,"venustus (FIEBER, 1859)",,5ZVMT,5759254,5ZVMT,5759254
B3029:1:619,"Conostethus venustus subsp. longicornis E. Wagner, 1965","E. Wagner, 1965",Conostethus,,venustus,longicornis,subspecies,,B3029:1,accepted,,,B3029:1:618,"Conostethus venustus (Fieber, 1859)",,,,,,,Conostethus,,Phylaria | Phylus | Conostethus | Conostethus venustus,"ssp. longicornis E. WAGNER, 1965",,,9130670,,9130670
B3029:1:620,"Conostethus viridis Seidenstücker, 1964","Seidenstücker, 1964",Conostethus,,viridis,,species,,B3029:1,accepted,,,B3029:1:611,"Conostethus Fieber, 1858",,,,,,,Conostethus,,Phylaria | Phylus | Conostethus,"viridis SEIDENSTÜCKER, 1964",,XTGV,8377945,XTGV,8377945
B3029:1:621,"Stenoparia Fieber, 1870","Fieber, 1870",,,,,genus,,B3029:1,accepted,,,B3029:1:462,Phylus,,,,,,,Stenoparia,,Phylaria | Phylus,"Stenoparia FIEBER, 1870",,7MR9,6007452,7MR9,6007452
B3029:1:622,Nicticoris Hob. 1961,Hob. 1961,,,,,genus,,B3029:1,synonym,B3029:1:621,"Stenoparia Fieber, 1870",,,,,,,,,Nicticoris,,Phylaria | Phylus,Nicticoris HOB. 1961,,,4779190,,4779190
B3029:1:623,"Stenoparia putoni Fieber, 1870","Fieber, 1870",Stenoparia,,putoni,,species,,B3029:1,accepted,,,B3029:1:621,"Stenoparia Fieber, 1870",,,,,,,Stenoparia,,Phylaria | Phylus | Stenoparia,"putoni FIEBER, 1870",,5237X,8003956,5237X,8003956
B3029:1:624,Stenoparia wagneri Hob. 1961,Hob. 1961,Stenoparia,,wagneri,,species,,B3029:1,synonym,B3029:1:623,"Stenoparia putoni Fieber, 1870",,,,,,,,,Stenoparia,,Phylaria | Phylus | Stenoparia,wagneri HOB. 1961,,5237Y,8328968,5237X,8003956
B3029:1:625,"Antepia Seidenstücker, 1960","Seidenstücker, 1960",,,,,genus,,B3029:1,accepted,,,B3029:1:462,Phylus,,,,,,,Antepia,,Phylaria | Phylus,"Antepia SEIDENSTÜCKER, 1960",,62DB5,4784129,62DB5,4784129
B3029:1:626,"Antepia guttalis Seidenstücker, 1960","Seidenstücker, 1960",Antepia,,guttalis,,species,,B3029:1,accepted,,,B3029:1:625,"Antepia Seidenstücker, 1960",,,,,,,Antepia,,Phylaria | Phylus | Antepia,"guttalis SEIDENSTÜCKER, 1960",,66ZDF,7569410,66ZDF,7569410
B3029:1:627,"Malthacosoma Reuter, 1879","Reuter, 1879",,,,,genus,,B3029:1,accepted,,,B3029:1:462,Phylus,,,,,,,Malthacosoma,,Phylaria | Phylus,"Malthacosoma REUTER, 1879",,,4772221,,4772221
B3029:1:628,"Malthacosoma halimocnemis (Becker, 1864)","(Becker, 1864)",Malthacosoma,,halimocnemis,,species,,B3029:1,accepted,,,B3029:1:627,"Malthacosoma Reuter, 1879",,,,,,,Malthacosoma,,Phylaria | Phylus | Malthacosoma,"halimocnemis (BECKER, 1864)",,,,,
B3029:1:629,Malthacosoma punetipennis Reuter 1879,Reuter 1879,Malthacosoma,,punetipennis,,species,,B3029:1,synonym,B3029:1:628,"Malthacosoma halimocnemis (Becker, 1864)",,,,,,,,,Malthacosoma,,Phylaria | Phylus | Malthacosoma,punetipennis REUTER 1879,,,,,
B3029:1:630,Solenoxyphus barbatus E. Wagner 1952,E. Wagner 1952,Solenoxyphus,,barbatus,,species,,B3029:1,synonym,B3029:1:628,"Malthacosoma halimocnemis (Becker, 1864)",,,,,,,,,Malthacosoma,,Phylaria | Phylus | Malthacosoma,Solenoxyphus barbatus E. WAGNER 1952,,6Z56B,8297298,4Y6X9,7718910
B3029:1:631,Malthacosoma halimocnemis var. impunctata E. Wagn.,E. Wagn.,Malthacosoma,,halimocnemis,impunctata,variety,,B3029:1,synonym,B3029:1:628,"Malthacosoma halimocnemis (Becker, 1864)",,,,,,,,,Malthacosoma,,Phylaria | Phylus | Malthacosoma,var. impunctata E. WAGN.,,QJ88G,9190513,4Y6Y2,8220442
B3029:1:632,"Solenoxyphus Reuter, 1875","Reuter, 1875",,,,,genus,,B3029:1,accepted,,,B3029:1:462,Phylus,,,,,,,Solenoxyphus,,Phylaria | Phylus,"Solenoxyphus REUTER, 1875",,7JGL,4488414,7JGL,4488414
B3029:1:633,"Solenoxyphus fuscovenosus Fieber, 1864","Fieber, 1864",Solenoxyphus,,fuscovenosus,,species,,B3029:1,accepted,,,B3029:1:632,"Solenoxyphus Reuter, 1875",,,,,,,Solenoxyphus,,Phylaria | Phylus | Solenoxyphus,"fuscovenosus FIEBER, 1864",,4Y6XK,4488420,4Y6XK,4488420
B3029:1:634,Solenoxyphus lepidus Fieb.,Fieb.,Solenoxyphus,,lepidus,,species,,B3029:1,accepted,,,B3029:1:632,"Solenoxyphus Reuter, 1875",,,,,,,Solenoxyphus,,Phylaria | Phylus | Solenoxyphus,lepidus FIEB.,,4Y6XQ,12363892,4Y6XQ,12363892
B3029:1:635,"Solenoxyphus minor E. Wagner, 1969","E. Wagner, 1969",Solenoxyphus,,minor,,species,,B3029:1,accepted,,,B3029:1:632,"Solenoxyphus Reuter, 1875",,,,,,,Solenoxyphus,,Phylaria | Phylus | Solenoxyphus,"minor E. WAGNER, 1969",,4Y6XW,4488419,4Y6XQ,4488417
B3029:1:636,"Solenoxyphus major E. Wagner, 1969","E. Wagner, 1969",Solenoxyphus,,major,,species,,B3029:1,accepted,,,B3029:1:632,"Solenoxyphus Reuter, 1875",,,,,,,Solenoxyphus,,Phylaria | Phylus | Solenoxyphus,"major E. WAGNER, 1969",,6YSWJ,4488424,6YSWJ,4488424
B3029:1:637,Solenoxyphus crassiceps Reut.,Reut.,Solenoxyphus,,crassiceps,,species,,B3029:1,accepted,,,B3029:1:632,"Solenoxyphus Reuter, 1875",,,,,,,Solenoxyphus,,Phylaria | Phylus | Solenoxyphus,crassiceps REUT.,,4Y6XG,8096634,4Y6XK,4488420
B3029:1:638,Solenoxyphus parvulus Reut.,Reut.,Solenoxyphus,,parvulus,,species,,B3029:1,accepted,,,B3029:1:632,"Solenoxyphus Reuter, 1875",,,,,,,Solenoxyphus,,Phylaria | Phylus | Solenoxyphus,parvulus REUT.,,4Y6XZ,7919820,4Y6XQ,4488417
B3029:1:639,"Psallopsis Reuter, 1901","Reuter, 1901",,,,,genus,,B3029:1,accepted,,,B3029:1:462,Phylus,,,,,,,Psallopsis,,Phylaria | Phylus,"Psallopsis REUTER, 1901",,6Y92,4404550,6Y92,4404550
B3029:1:640,"Psallopsis femoralis Reuter, 1901","Reuter, 1901",Psallopsis,,femoralis,,species,,B3029:1,accepted,,,B3029:1:639,"Psallopsis Reuter, 1901",,,,,,,Psallopsis,,Phylaria | Phylus | Psallopsis,"femoralis REUTER, 1901",,6VZP3,7833945,6VZP3,7833945
B3029:1:641,"Psallopsis kirgisicus (Becker, 1864)","(Becker, 1864)",Psallopsis,,kirgisicus,,species,,B3029:1,accepted,,,B3029:1:639,"Psallopsis Reuter, 1901",,,,,,,Psallopsis,,Phylaria | Phylus | Psallopsis,"kirgisicus (BECKER, 1864)",,6VZP5,8101373,6VZP5,8101373
B3029:1:642,"Psallopsis basalis Reuter, 1904","Reuter, 1904",Psallopsis,,basalis,,species,,B3029:1,accepted,,,B3029:1:639,"Psallopsis Reuter, 1901",,,,,,,Psallopsis,,Phylaria | Phylus | Psallopsis,"basalis REUTER, 1904",,6VZNX,8301982,6VZNX,8301982
B3029:1:643,Psallopsis bisulcis Linnavuori 1961,Linnavuori 1961,Psallopsis,,bisulcis,,species,,B3029:1,synonym,B3029:1:642,"Psallopsis basalis Reuter, 1904",,,,,,,,,Psallopsis,,Phylaria | Phylus | Psallopsis,bisulcis LINNAVUORI 1961,,77ZNX,8306426,77ZNX,8306426
B3029:1:644,Psallopsis basalis var. bisulcis Linnavuori 1961,Linnavuori 1961,Psallopsis,,basalis,bisulcis,variety,,B3029:1,accepted,,,B3029:1:642,"Psallopsis basalis Reuter, 1904",,,,,,,Psallopsis,,Phylaria | Phylus | Psallopsis | Psallopsis basalis,var. bisulcis LINNAVUORI 1961,,,,,
B3029:1:645,Psallopsis similis E. Wagn.,E. Wagn.,Psallopsis,,similis,,species,,B3029:1,accepted,,,B3029:1:639,"Psallopsis Reuter, 1901",,,,,,,Psallopsis,,Phylaria | Phylus | Psallopsis,similis E. WAGN.,,78B2R,4488506,78B2R,4488506
B3029:1:646,"Pastocoris Reuter, 1879","Reuter, 1879",,,,,genus,,B3029:1,accepted,,,B3029:1:462,Phylus,,,,,,,Pastocoris,,Phylaria | Phylus,"Pastocoris REUTER, 1879",,63LD3,4404868,63LD3,4404868
B3029:1:647,"Pastocoris putoni (Reuter, 1875)","(Reuter, 1875)",Pastocoris,,putoni,,species,,B3029:1,accepted,,,B3029:1:646,"Pastocoris Reuter, 1879",,,,,,,Pastocoris,,Phylaria | Phylus | Pastocoris,"putoni (REUTER, 1875)",,4DZCK,4488668,4DZCK,4488668
B3029:1:648,"Tragiscocoris Fieber, 1861","Fieber, 1861",,,,,genus,,B3029:1,accepted,,,B3029:1:462,Phylus,,,,,,,Tragiscocoris,,Phylaria | Phylus,"Tragiscocoris FIEBER, 1861",,7YGT,4408176,7YGT,4408176
B3029:1:649,Misilla Horvath 1898,Horvath 1898,,,,,genus,,B3029:1,synonym,B3029:1:648,"Tragiscocoris Fieber, 1861",,,,,,,,,Misilla,,Phylaria | Phylus,Misilla HORVATH 1898,,QYZ6K,4776683,4T2Q,2010238
B3029:1:650,"Tragiscocoris fieberi (Fieber, 1858)","(Fieber, 1858)",Tragiscocoris,,fieberi,,species,,B3029:1,accepted,,,B3029:1:648,"Tragiscocoris Fieber, 1861",,,,,,,Tragiscocoris,,Phylaria | Phylus | Tragiscocoris,"fieberi (FIEBER, 1858)",,57W55,4488408,57W55,4488408
B3029:1:651,Misilla flavipes Horv. 1898,Horv. 1898,Misilla,,flavipes,,species,,B3029:1,synonym,B3029:1:650,"Tragiscocoris fieberi (Fieber, 1858)",,,,,,,,,Tragiscocoris,,Phylaria | Phylus | Tragiscocoris,Misilla flavipes HORV. 1898,,43NKV,7811787,57W55,4488408
B3029:1:652,"Tragiscocoris algiricus E. Wagner, 1965","E. Wagner, 1965",Tragiscocoris,,algiricus,,species,,B3029:1,accepted,,,B3029:1:648,"Tragiscocoris Fieber, 1861",,,,,,,Tragiscocoris,,Phylaria | Phylus | Tragiscocoris,"algiricus E. WAGNER, 1965",,57W54,8130022,57W54,8130022
B3029:1:653,"Roudeirea Reuter, 1886","Reuter, 1886",,,,,genus,,B3029:1,accepted,,,B3029:1:462,Phylus,,,,,,,Roudeirea,,Phylaria | Phylus,"Roudeirea REUTER, 1886",,,,,
B3029:1:654,"Roudeirea eckerleini E. Wagner, 1965","E. Wagner, 1965",Roudeirea,,eckerleini,,species,,B3029:1,accepted,,,B3029:1:653,"Roudeirea Reuter, 1886",,,,,,,Roudeirea,,Phylaria | Phylus | Roudeirea,"eckerleini E. WAGNER, 1965",,4TGWD,8117466,4TGWD,8117466
B3029:1:655,"Roudeirea crassicornis Reuter, 1886","Reuter, 1886",Roudeirea,,crassicornis,,species,,B3029:1,accepted,,,B3029:1:653,"Roudeirea Reuter, 1886",,,,,,,Roudeirea,,Phylaria | Phylus | Roudeirea,"crassicornis REUTER, 1886",,4TGWC,4488542,4TGWC,4488542
B3029:1:656,"Roudeirea launaeae E. Wagner, 1975","E. Wagner, 1975",Roudeirea,,launaeae,,species,,B3029:1,accepted,,,B3029:1:653,"Roudeirea Reuter, 1886",,,,,,,Roudeirea,,Phylaria | Phylus | Roudeirea,"launaeae E. WAGNER, 1975",,6WXXK,7892721,6WXXK,7892721
B3029:1:657,"Paravoruchia E. Wagner, 1959","E. Wagner, 1959",,,,,genus,,B3029:1,accepted,,,B3029:1:462,Phylus,,,,,,,Paravoruchia,,Phylaria | Phylus,"Paravoruchia E. WAGNER, 1959",,6HF4,4405288,6HF4,4405288
B3029:1:658,"Paravoruchia dentata E. Wagner, 1959","E. Wagner, 1959",Paravoruchia,,dentata,,species,,B3029:1,accepted,,,B3029:1:657,"Paravoruchia E. Wagner, 1959",,,,,,,Paravoruchia,,Phylaria | Phylus | Paravoruchia,"dentata E. WAGNER, 1959",,4DHTZ,4488548,4DHTZ,4488548
B3029:1:659,"Glaucopterum E. Wagner, 1963","E. Wagner, 1963",,,,,genus,,B3029:1,accepted,,,B3029:1:462,Phylus,,,,,,,Glaucopterum,,Phylaria | Phylus,"Glaucopterum E. WAGNER, 1963",,62SHD,4406002,62SHD,4406002
B3029:1:660,"Glaucopterum kareli E. Wagner, 1963","E. Wagner, 1963",Glaucopterum,,kareli,,species,,B3029:1,accepted,,,B3029:1:659,"Glaucopterum E. Wagner, 1963",,,,,,,Glaucopterum,,Phylaria | Phylus | Glaucopterum,"kareli E. WAGNER, 1963",,3G6LQ,7908830,3G6LQ,7908830
B3029:1:661,"Paredrocoris Reuter, 1878","Reuter, 1878",,,,,genus,,B3029:1,accepted,,,B3029:1:462,Phylus,,,,,,,Paredrocoris,,Phylaria | Phylus,"Paredrocoris REUTER, 1878",,63LGV,4405219,63LGV,4405219
B3029:1:662,"Paredrocoris pectoralis Reuter, 1878","Reuter, 1878",Paredrocoris,,pectoralis,,species,,B3029:1,accepted,,,B3029:1:661,"Paredrocoris Reuter, 1878",,,,,,,Paredrocoris,,Phylaria | Phylus | Paredrocoris,"pectoralis REUTER, 1878",,6TRH4,4488562,6TRH4,4488562
B3029:1:663,Megalocoleus tibialis Jak. 1880,Jak. 1880,Megalocoleus,,tibialis,,species,,B3029:1,synonym,B3029:1:662,"Paredrocoris pectoralis Reuter, 1878",,,,,,,,,Paredrocoris,,Phylaria | Phylus | Paredrocoris,Megalocoleus tibialis JAK. 1880,,,,,
B3029:1:664,"Paredrocoris seidenstuekkeri Josifov, 1965","Josifov, 1965",Paredrocoris,,seidenstuekkeri,,species,,B3029:1,accepted,,,B3029:1:661,"Paredrocoris Reuter, 1878",,,,,,,Paredrocoris,,Phylaria | Phylus | Paredrocoris,"seidenstuekkeri JOSIFOV, 1965",,4DKFH,8300742,4DKFG,4488561
B3029:1:665,"Dasycapsus Poppius, 1912","Poppius, 1912",,,,,genus,,B3029:1,accepted,,,B3029:1:462,Phylus,,,,,,,Dasycapsus,,Phylaria | Phylus,"Dasycapsus POPPIUS, 1912",,3ZYG,4488466,3ZYG,4488466
B3029:1:666,"Dasycapsus minor E. Wagner, 1961","E. Wagner, 1961",Dasycapsus,,minor,,species,,B3029:1,accepted,,,B3029:1:665,"Dasycapsus Poppius, 1912",,,,,,,Dasycapsus,,Phylaria | Phylus | Dasycapsus,"minor E. WAGNER, 1961",,,,,
B3029:1:667,"Dasycapsus theryi Poppius, 1912","Poppius, 1912",Dasycapsus,,theryi,,species,,B3029:1,accepted,,,B3029:1:665,"Dasycapsus Poppius, 1912",,,,,,,Dasycapsus,,Phylaria | Phylus | Dasycapsus,"theryi POPPIUS, 1912",,347MP,4488467,347MP,4488467
B3029:1:668,"Juniperia Linnavuori, 1965","Linnavuori, 1965",,,,,genus,,B3029:1,accepted,,,B3029:1:462,Phylus,,,,,,,Juniperia,,Phylaria | Phylus,"Juniperia LINNAVUORI, 1965",,56YJ,3265716,56YJ,3265716
B3029:1:669,"Juniperia rubescens Linnavuori, 1965","Linnavuori, 1965",Juniperia,,rubescens,,species,,B3029:1,accepted,,,B3029:1:668,"Juniperia Linnavuori, 1965",,,,,,,Juniperia,,Phylaria | Phylus | Juniperia,"rubescens LINNAVUORI, 1965",,6NGCW,8402935,6NGCW,8402935
B3029:1:670,"Maurodactylus Reuter, 1878","Reuter, 1878",,,,,genus,,B3029:1,accepted,,,B3029:1:462,Phylus,,,,,,,Maurodactylus,,Phylaria | Phylus,"Maurodactylus REUTER, 1878",,5M65,2010957,5M65,2010957
B3029:1:671,Campylognathus Reut. 1890,Reut. 1890,,,,,genus,,B3029:1,synonym,B3029:1:670,"Maurodactylus Reuter, 1878",,,,,,,,,Campylognathus,,Phylaria | Phylus,Campylognathus REUT. 1890,,,3266206,,3266206
B3029:1:672,Ochrodema Reut. 1900,Reut. 1900,,,,,genus,nach REUTER 1902,B3029:1,synonym,B3029:1:670,"Maurodactylus Reuter, 1878",,,,,,,,,Ochrodema,,Phylaria | Phylus,Ochrodema REUT. 1900 nach REUTER 1902,,,4783620,,4783620
B3029:1:673,"Maurodactylus albidus (Kolenati, 1845)","(Kolenati, 1845)",Maurodactylus,,albidus,,species,,B3029:1,accepted,,,B3029:1:670,"Maurodactylus Reuter, 1878",,,,,,,Maurodactylus,,Phylaria | Phylus | Maurodactylus,"albidus (KOLENATI, 1845)",,3YG44,2010959,3YG44,2010959
B3029:1:674,"Maurodactylus fulvus (Reuter, 1904)","(Reuter, 1904)",Maurodactylus,,fulvus,,species,,B3029:1,accepted,,,B3029:1:670,"Maurodactylus Reuter, 1878",,,,,,,Maurodactylus,,Phylaria | Phylus | Maurodactylus,"fulvus (REUTER, 1904)",,736TJ,4488524,736TJ,4488524
B3029:1:675,"Maurodactylus nigrigenis (Reuter, 1890)","(Reuter, 1890)",Maurodactylus,,nigrigenis,,species,,B3029:1,accepted,,,B3029:1:670,"Maurodactylus Reuter, 1878",,,,,,,Maurodactylus,,Phylaria | Phylus | Maurodactylus,"nigrigenis (REUTER, 1890)",,3YG4G,4488528,3YG4G,4488528
B3029:1:676,Ochrodema lusciloris Reuter 1900,Reuter 1900,Ochrodema,,lusciloris,,species,,B3029:1,synonym,B3029:1:675,"Maurodactylus nigrigenis (Reuter, 1890)",,,,,,,,,Maurodactylus,,Phylaria | Phylus | Maurodactylus,Ochrodema lusciloris REUTER 1900,,48DX9,7479282,3YG4G,4488528
B3029:1:677,"Maurodactylus orientalis E. Wagner, 1961","E. Wagner, 1961",Maurodactylus,,orientalis,,species,,B3029:1,accepted,,,B3029:1:670,"Maurodactylus Reuter, 1878",,,,,,,Maurodactylus,,Phylaria | Phylus | Maurodactylus,"orientalis E. WAGNER, 1961",,3YG4H,7710693,3YG4G,4488528
B3029:1:678,"Maurodactylus alutaceus (Fieber, 1870)","(Fieber, 1870)",Maurodactylus,,alutaceus,,species,,B3029:1,accepted,,,B3029:1:670,"Maurodactylus Reuter, 1878",,,,,,,Maurodactylus,,Phylaria | Phylus | Maurodactylus,"alutaceus (FIEBER, 1870)",,3YG45,4488526,3YG45,4488526
B3029:1:679,Maurodactylus alutaceus var. quadrimaculata Stich.,Stich.,Maurodactylus,,alutaceus,quadrimaculata,variety,,B3029:1,accepted,,,B3029:1:678,"Maurodactylus alutaceus (Fieber, 1870)",,,,,,,Maurodactylus,,Phylaria | Phylus | Maurodactylus | Maurodactylus alutaceus,var. quadrimaculata STICH.,,7KB4X,9027581,3YG45,4488526
B3029:1:680,Maurodactylus alutaceus var. discifer Reut.,Reut.,Maurodactylus,,alutaceus,discifer,variety,,B3029:1,accepted,,,B3029:1:678,"Maurodactylus alutaceus (Fieber, 1870)",,,,,,,Maurodactylus,,Phylaria | Phylus | Maurodactylus | Maurodactylus alutaceus,var. discifer REUT.,,,,,
B3029:1:681,"Maurodactylus gomerensis E. Wagner, 1954","E. Wagner, 1954",Maurodactylus,,gomerensis,,species,,B3029:1,accepted,,,B3029:1:670,"Maurodactylus Reuter, 1878",,,,,,,Maurodactylus,,Phylaria | Phylus | Maurodactylus,"gomerensis E. WAGNER, 1954",,3YG4C,7787630,3YG4G,4488528
B3029:1:682,"Placochilus Fieber, 1858","Fieber, 1858",,,,,genus,,B3029:1,accepted,,,B3029:1:462,Phylus,,,,,,,Placochilus,,Phylaria | Phylus,"Placochilus FIEBER, 1858",,6R4T,4407508,6R4T,4407508
B3029:1:683,"Placochilus seladonicus (Fallen, 1807)","(Fallen, 1807)",Placochilus,,seladonicus,,species,,B3029:1,accepted,,,B3029:1:682,"Placochilus Fieber, 1858",,,,,,,Placochilus,,Phylaria | Phylus | Placochilus,"seladonicus (FALLEN, 1807)",,4JDQY,4488543,4JDQY,4488543
B3029:1:684,Placochilus mediterraneus Josifov 1969,Josifov 1969,Placochilus,,mediterraneus,,species,,B3029:1,accepted,,,B3029:1:682,"Placochilus Fieber, 1858",,,,,,,Placochilus,,Phylaria | Phylus | Placochilus,mediterraneus JOSIFOV 1969,,4JDQW,8103249,4JDQY,4488543
B3029:1:685,"Asciodema Reuter, 1878","Reuter, 1878",,,,,genus,,B3029:1,accepted,,,B3029:1:462,Phylus,,,,,,,Asciodema,,Phylaria | Phylus,"Asciodema REUTER, 1878",,33P5,2010094,33P5,2010094
B3029:1:686,"Asciodema obsoletum (Fieber, 1864)","(Fieber, 1864)",Asciodema,,obsoletum,,species,,B3029:1,accepted,,,B3029:1:685,"Asciodema Reuter, 1878",,,,,,,Asciodema,,Phylaria | Phylus | Asciodema,"obsoletum (FIEBER, 1864)",,H669,4488676,H669,4488676
B3029:1:687,"Asciodema adenocarpi E. Wagner, 1973","E. Wagner, 1973",Asciodema,,adenocarpi,,species,,B3029:1,accepted,,,B3029:1:685,"Asciodema Reuter, 1878",,,,,,,Asciodema,,Phylaria | Phylus | Asciodema,"adenocarpi E. WAGNER, 1973",,H666,8064396,H669,4488676
B3029:1:688,"Hadrophyes Puton, 1874","Puton, 1874",,,,,genus,,B3029:1,accepted,,,B3029:1:462,Phylus,,,,,,,Hadrophyes,,Phylaria | Phylus,"HADROPHYES PUTON, 1874",,4SDW,6007108,4SDW,6007108
B3029:1:689,"Hadrophyes sulphurella Puton, 1874","Puton, 1874",Hadrophyes,,sulphurella,,species,,B3029:1,accepted,,,B3029:1:688,"Hadrophyes Puton, 1874",,,,,,,Hadrophyes,,Phylaria | Phylus | Hadrophyes,"sulphurella PUTON, 1874",,3J79L,8264087,3J79L,8264087
B3029:1:690,"Hadrophyes obscurella E. Wagner, 1971","E. Wagner, 1971",Hadrophyes,,obscurella,,species,,B3029:1,accepted,,,B3029:1:688,"Hadrophyes Puton, 1874",,,,,,,Hadrophyes,,Phylaria | Phylus | Hadrophyes,"obscurella E. WAGNER, 1971",,3J79J,7440187,3J79J,7440187
B3029:1:691,Tuponia,,,,,,section,,B3029:1,accepted,,,B3029:1:1,Phylaria,,,,,,,,,Phylaria,Tuponia,,83RH,,83RH,
B3029:1:692,"Auchenocrepis Fieber, 1858","Fieber, 1858",,,,,genus,,B3029:1,accepted,,,B3029:1:691,Tuponia,,,,,,,Auchenocrepis,,Phylaria | Tuponia,"Auchenocrepis FIEBER, 1858",,35K2,4404546,35K2,4404546
B3029:1:693,"Auchenocrepis minutissima (Rambur, 1842)","(Rambur, 1842)",Auchenocrepis,,minutissima,,species,,B3029:1,accepted,,,B3029:1:692,"Auchenocrepis Fieber, 1858",,,,,,,Auchenocrepis,,Phylaria | Tuponia | Auchenocrepis,"minutissima (RAMBUR, 1842)",,67Y3S,4488587,67Y3S,4488587
B3029:1:694,"Auchenocrepis reuteri Jakovleff, 1878","Jakovleff, 1878",Auchenocrepis,,reuteri,,species,,B3029:1,accepted,,,B3029:1:692,"Auchenocrepis Fieber, 1858",,,,,,,Auchenocrepis,,Phylaria | Tuponia | Auchenocrepis,"reuteri JAKOVLEFF, 1878",,JPCC,4488589,JPCC,4488589
B3029:1:695,"Auchenocrepis alboscutellata Puton, 1874","Puton, 1874",Auchenocrepis,,alboscutellata,,species,,B3029:1,accepted,,,B3029:1:692,"Auchenocrepis Fieber, 1858",,,,,,,Auchenocrepis,,Phylaria | Tuponia | Auchenocrepis,"alboscutellata PUTON, 1874",,JPC5,4488590,JPC5,4488590
B3029:1:696,"Auchenocrepis nigricornis E. Wagner, 1954","E. Wagner, 1954",Auchenocrepis,,nigricornis,,species,,B3029:1,accepted,,,B3029:1:692,"Auchenocrepis Fieber, 1858",,,,,,,Auchenocrepis,,Phylaria | Tuponia | Auchenocrepis,"nigricornis E. WAGNER, 1954",,JPCB,4488585,JPCB,4488585
B3029:1:697,"Auchenocrepis similis E. Wagner, 1954","E. Wagner, 1954",Auchenocrepis,,similis,,species,,B3029:1,accepted,,,B3029:1:692,"Auchenocrepis Fieber, 1858",,,,,,,Auchenocrepis,,Phylaria | Tuponia | Auchenocrepis,"similis E. WAGNER, 1954",,67Y44,4488586,67Y44,4488586
B3029:1:698,"Eurycranella Reuter, 1904","Reuter, 1904",,,,,genus,,B3029:1,accepted,,,B3029:1:691,Tuponia,,,,,,,Eurycranella,,Phylaria | Tuponia,"Eurycranella REUTER, 1904",,4GRG,4775307,4GRG,4775307
B3029:1:699,"Eurycranella geocoriceps Reuter, 1904","Reuter, 1904",Eurycranella,,geocoriceps,,species,,B3029:1,accepted,,,B3029:1:698,"Eurycranella Reuter, 1904",,,,,,,Eurycranella,,Phylaria | Tuponia | Eurycranella,"geocoriceps REUTER, 1904",,3D3ZM,7742925,3D3ZM,7742925
B3029:1:700,"Eurycranella nupta (Linnavuori, 1961)","(Linnavuori, 1961)",Eurycranella,,nupta,,species,,B3029:1,accepted,,,B3029:1:698,"Eurycranella Reuter, 1904",,,,,,,Eurycranella,,Phylaria | Tuponia | Eurycranella,"nupta (LINNAVUORI, 1961)",,3D3ZP,9505751,3D3ZP,9505751
B3029:1:701,"Megalodactylus Fieber, 1858","Fieber, 1858",,,,,genus,,B3029:1,accepted,,,B3029:1:691,Tuponia,,,,,,,Megalodactylus,,Phylaria | Tuponia,"Megalodactylus FIEBER, 1858",,5MSD,2010015,5MSD,2010015
B3029:1:702,"Megalodactylus macularubra (Mulsant & Rey, 1852)","(Mulsant & Rey, 1852)",Megalodactylus,,macularubra,,species,,B3029:1,accepted,,,B3029:1:701,"Megalodactylus Fieber, 1858",,,,,,,Megalodactylus,,Phylaria | Tuponia | Megalodactylus,"macularubra (MULSANT & REY, 1852)",,737S2,4488522,737S2,4488522
B3029:1:703,"Megalodactylus bicolor E. Wagner, 1963","E. Wagner, 1963",Megalodactylus,,bicolor,,species,,B3029:1,accepted,,,B3029:1:701,"Megalodactylus Fieber, 1858",,,,,,,Megalodactylus,,Phylaria | Tuponia | Megalodactylus,"bicolor E. WAGNER, 1963",,72W42,7846068,737S2,4488522
B3029:1:704,"Itupona E. Wagner, 1957","E. Wagner, 1957",,,,,genus,,B3029:1,accepted,,,B3029:1:691,Tuponia,,,,,,,Itupona,,Phylaria | Tuponia,"Itupona E. WAGNER, 1957",,,,,
B3029:1:705,"Itupona pallida (Reuter, 1878)","(Reuter, 1878)",Itupona,,pallida,,species,,B3029:1,accepted,,,B3029:1:704,"Itupona E. Wagner, 1957",,,,,,,Itupona,,Phylaria | Tuponia | Itupona,"pallida (REUTER, 1878)",,6ND2Q,7660605,5BRFB,4488461
B3029:1:706,"Itupona dubia E. Wagner, 1957","E. Wagner, 1957",Itupona,,dubia,,species,,B3029:1,accepted,,,B3029:1:704,"Itupona E. Wagner, 1957",,,,,,,Itupona,,Phylaria | Tuponia | Itupona,"dubia E. WAGNER, 1957",,,,,
B3029:1:707,"Aphaenophyes Reuter, 1899","Reuter, 1899",,,,,genus,,B3029:1,accepted,,,B3029:1:691,Tuponia,,,,,,,Aphaenophyes,,Phylaria | Tuponia,"Aphaenophyes REUTER, 1899",,Y87,4779932,Y87,4779932
B3029:1:708,"Aphaenophyes laticeps Reuter, 1899","Reuter, 1899",Aphaenophyes,,laticeps,,species,,B3029:1,accepted,,,B3029:1:707,"Aphaenophyes Reuter, 1899",,,,,,,Aphaenophyes,,Phylaria | Tuponia | Aphaenophyes,"laticeps REUTER, 1899",,F9Y7,7944262,F9Y7,7944262
B3029:1:709,Tuponia vitticollis Reuter 1901,Reuter 1901,Tuponia,,vitticollis,,species,,B3029:1,synonym,B3029:1:708,"Aphaenophyes laticeps Reuter, 1899",,,,,,,,,Aphaenophyes,,Phylaria | Tuponia | Aphaenophyes,Tuponia vitticollis REUTER 1901,,7D9CN,7441835,F9Y7,7944262
B3029:1:710,"Aphaenophyes obscuriceps (Reuter, 1901)","(Reuter, 1901)",Aphaenophyes,,obscuriceps,,species,,B3029:1,accepted,,,B3029:1:707,"Aphaenophyes Reuter, 1899",,,,,,,Aphaenophyes,,Phylaria | Tuponia | Aphaenophyes,"obscuriceps (REUTER, 1901)",,F9Y8,8065472,F9Y7,7944262
B3029:1:711,"Aphaenophyes richteri (E. Wagner, 1957)","(E. Wagner, 1957)",Aphaenophyes,,richteri,,species,,B3029:1,accepted,,,B3029:1:707,"Aphaenophyes Reuter, 1899",,,,,,,Aphaenophyes,,Phylaria | Tuponia | Aphaenophyes,"richteri (E. WAGNER, 1957)",,67KMG,8141414,67KMG,8141414
B3029:1:712,"Aphaenophyes forcipis E. Wagner, 1975","E. Wagner, 1975",Aphaenophyes,,forcipis,,species,,B3029:1,accepted,,,B3029:1:707,"Aphaenophyes Reuter, 1899",,,,,,,Aphaenophyes,,Phylaria | Tuponia | Aphaenophyes,"forcipis E. WAGNER, 1975",,F9Y5,7630227,F9Y5,7630227
B3029:1:713,"Aphaenophyes pygmaea E. Wagner, 1966","E. Wagner, 1966",Aphaenophyes,,pygmaea,,species,,B3029:1,accepted,,,B3029:1:707,"Aphaenophyes Reuter, 1899",,,,,,,Aphaenophyes,,Phylaria | Tuponia | Aphaenophyes,"pygmaea E. WAGNER, 1966",,F9Y9,7869257,F9Y9,7869257
B3029:1:714,"Tuponia Reuter, 1875","Reuter, 1875",,,,,genus,,B3029:1,accepted,,,B3029:1:691,Tuponia,,,,,,,Tuponia,,Phylaria | Tuponia,"Tuponia REUTER, 1875",,83RH,2009963,83RH,2009963
B3029:1:715,Tuponia,,Tuponia,,,,subgenus,s. str.,B3029:1,accepted,,,B3029:1:714,"Tuponia Reuter, 1875",,,,,,,Tuponia,Tuponia,Phylaria | Tuponia | Tuponia,Tuponia s. str.,,83RH,,83RH,
B3029:1:716,"Tuponia tamaricicola Lindberg, 1939","Lindberg, 1939",Tuponia,Tuponia,tamaricicola,,species,,B3029:1,accepted,,,B3029:1:715,Tuponia,,,,,,,Tuponia,Tuponia,Phylaria | Tuponia | Tuponia | Tuponia,"tamaricicola LINDBERG, 1939",,59MCK,7363091,59MCK,7363091
B3029:1:717,"Tuponia rubella Puton, 1889","Puton, 1889",Tuponia,Tuponia,rubella,,species,,B3029:1,accepted,,,B3029:1:715,Tuponia,,,,,,,Tuponia,Tuponia,Phylaria | Tuponia | Tuponia | Tuponia,"rubella PUTON, 1889",,59MBY,7951198,59MBY,7951198
B3029:1:718,"Tuponia mujiba E. Wagner, 1971","E. Wagner, 1971",Tuponia,Tuponia,mujiba,,species,,B3029:1,accepted,,,B3029:1:715,Tuponia,,,,,,,Tuponia,Tuponia,Phylaria | Tuponia | Tuponia | Tuponia,"mujiba E. WAGNER, 1971",,59MB8,7516447,59MB8,7516447
B3029:1:719,"Tuponia montandoni Reuter, 1900","Reuter, 1900",Tuponia,Tuponia,montandoni,,species,,B3029:1,accepted,,,B3029:1:715,Tuponia,,,,,,,Tuponia,Tuponia,Phylaria | Tuponia | Tuponia | Tuponia,"montandoni REUTER, 1900",,59MB7,7654942,59MB7,7654942
B3029:1:720,"Tuponia mixticolor (Costa, 1860)","(Costa, 1860)",Tuponia,Tuponia,mixticolor,,species,,B3029:1,accepted,,,B3029:1:715,Tuponia,,,,,,,Tuponia,Tuponia,Phylaria | Tuponia | Tuponia | Tuponia,"mixticolor (COSTA, 1860)",,59MB4,5152721,59MB4,5152721
B3029:1:721,"Tuponia bifasciata E. Wagner, 1965","E. Wagner, 1965",Tuponia,Tuponia,bifasciata,,species,,B3029:1,accepted,,,B3029:1:715,Tuponia,,,,,,,Tuponia,Tuponia,Phylaria | Tuponia | Tuponia | Tuponia,"bifasciata E. WAGNER, 1965",,59M95,7394036,59M95,7394036
B3029:1:722,"Tuponia crassicornis E. Wagner, 1963","E. Wagner, 1963",Tuponia,Tuponia,crassicornis,,species,,B3029:1,accepted,,,B3029:1:715,Tuponia,,,,,,,Tuponia,Tuponia,Phylaria | Tuponia | Tuponia | Tuponia,"crassicornis E. WAGNER, 1963",,59M9L,7815848,59M9L,7815848
B3029:1:723,"Tuponia algirica E. Wagner, 1965","E. Wagner, 1965",Tuponia,Tuponia,algirica,,species,,B3029:1,accepted,,,B3029:1:715,Tuponia,,,,,,,Tuponia,Tuponia,Phylaria | Tuponia | Tuponia | Tuponia,"algirica E. WAGNER, 1965",,59M8T,7696377,59M8T,7696377
B3029:1:724,"Tuponia ayasensis E. Wagner, 1963","E. Wagner, 1963",Tuponia,Tuponia,ayasensis,,species,,B3029:1,accepted,,,B3029:1:715,Tuponia,,,,,,,Tuponia,Tuponia,Phylaria | Tuponia | Tuponia | Tuponia,"ayasensis E. WAGNER, 1963",,59M94,8346391,59M94,8346391
B3029:1:725,"Tuponia elegans (Jakovleff, 1870)","(Jakovleff, 1870)",Tuponia,Tuponia,elegans,,species,,B3029:1,accepted,,,B3029:1:715,Tuponia,,,,,,,Tuponia,Tuponia,Phylaria | Tuponia | Tuponia | Tuponia,"elegans (JAKOVLEFF, 1870)",,59M9W,7987016,59M9W,7987016
B3029:1:726,"Tuponia dentifer E. Wagner, 1974","E. Wagner, 1974",Tuponia,Tuponia,dentifer,,species,,B3029:1,accepted,,,B3029:1:715,Tuponia,,,,,,,Tuponia,Tuponia,Phylaria | Tuponia | Tuponia | Tuponia,"dentifer E. WAGNER, 1974",,59M9S,11059093,7CXCF,8394734
B3029:1:727,"Tuponia bilobata Benedek & Jaszai, 1968","Benedek & Jaszai, 1968",Tuponia,Tuponia,bilobata,,species,,B3029:1,accepted,,,B3029:1:715,Tuponia,,,,,,,Tuponia,Tuponia,Phylaria | Tuponia | Tuponia | Tuponia,"bilobata BENEDEK & JASZAI, 1968",,59M96,8310085,59M9W,7987016
B3029:1:728,"Tuponia altera E. Wagner, 1974","E. Wagner, 1974",Tuponia,Tuponia,altera,,species,,B3029:1,accepted,,,B3029:1:715,Tuponia,,,,,,,Tuponia,Tuponia,Phylaria | Tuponia | Tuponia | Tuponia,"altera E. WAGNER, 1974",,7CXDV,7516732,7CXDV,7516732
B3029:1:729,"Tuponia spilana E. Wagner, 1974","E. Wagner, 1974",Tuponia,Tuponia,spilana,,species,,B3029:1,accepted,,,B3029:1:715,Tuponia,,,,,,,Tuponia,Tuponia,Phylaria | Tuponia | Tuponia | Tuponia,"spilana E. WAGNER, 1974",,59MCB,7434541,59MCB,7434541
B3029:1:730,"Tuponia rungsi E. Wagner, 1959","E. Wagner, 1959",Tuponia,Tuponia,rungsi,,species,,B3029:1,accepted,,,B3029:1:715,Tuponia,,,,,,,Tuponia,Tuponia,Phylaria | Tuponia | Tuponia | Tuponia,"rungsi E. WAGNER, 1959",,59MBZ,7830420,59MBZ,7830420
B3029:1:731,"Tuponia orientalis E. Wagner, 1956","E. Wagner, 1956",Tuponia,Tuponia,orientalis,,species,,B3029:1,accepted,,,B3029:1:715,Tuponia,,,,,,,Tuponia,Tuponia,Phylaria | Tuponia | Tuponia | Tuponia,"orientalis E. WAGNER, 1956",,59MBJ,8192512,59M93,8138144
B3029:1:732,"Tuponia eckerleini E. Wagner, 1955","E. Wagner, 1955",Tuponia,Tuponia,eckerleini,,species,,B3029:1,accepted,,,B3029:1:715,Tuponia,,,,,,,Tuponia,Tuponia,Phylaria | Tuponia | Tuponia | Tuponia,"eckerleini E. WAGNER, 1955",,59M9V,7373397,59M93,8138144
B3029:1:733,"Tuponia macedonica Wagner, 1957","Wagner, 1957",Tuponia,Tuponia,macedonica,,species,,B3029:1,accepted,,,B3029:1:715,Tuponia,,,,,,,Tuponia,Tuponia,Phylaria | Tuponia | Tuponia | Tuponia,"macedonica WAGNER, 1957",,7CXCF,8394734,7CXCF,8394734
B3029:1:734,"Tuponia annulata E. Wagner, 1974","E. Wagner, 1974",Tuponia,Tuponia,annulata,,species,,B3029:1,accepted,,,B3029:1:715,Tuponia,,,,,,,Tuponia,Tuponia,Phylaria | Tuponia | Tuponia | Tuponia,"annulata E. WAGNER, 1974",,59M8Z,11097126,59MB4,5152721
B3029:1:735,"Tuponia tamaricis (Perris, 1857)","(Perris, 1857)",Tuponia,Tuponia,tamaricis,,species,,B3029:1,accepted,,,B3029:1:715,Tuponia,,,,,,,Tuponia,Tuponia,Phylaria | Tuponia | Tuponia | Tuponia,"tamaricis (PERRIS, 1857)",,TKWHV,10905543,59MCL,8257945
B3029:1:736,Tuponia cunealis Reut. 1902,Reut. 1902,Tuponia,Tuponia,cunealis,,species,,B3029:1,accepted,,,B3029:1:715,Tuponia,,,,,,,Tuponia,Tuponia,Phylaria | Tuponia | Tuponia | Tuponia,cunealis REUT. 1902,,59M9N,7741748,59MCL,8257945
B3029:1:737,"Tuponia carayoni E. Wagner, 1955","E. Wagner, 1955",Tuponia,Tuponia,carayoni,,species,,B3029:1,accepted,,,B3029:1:715,Tuponia,,,,,,,Tuponia,Tuponia,Phylaria | Tuponia | Tuponia | Tuponia,"carayoni E. WAGNER, 1955",,59M9C,7527347,59MB4,5152721
B3029:1:738,"Tuponia lethierryi (Reuter, 1875)","(Reuter, 1875)",Tuponia,Tuponia,lethierryi,,species,,B3029:1,accepted,,,B3029:1:715,Tuponia,,,,,,,Tuponia,Tuponia,Phylaria | Tuponia | Tuponia | Tuponia,"lethierryi (REUTER, 1875)",,7CXC7,5152722,59MB4,5152721
B3029:1:739,Tuponia hungarica Ben. et. Jasz. 1968,Ben. et. Jasz. 1968,Tuponia,Tuponia,hungarica,,species,,B3029:1,synonym,B3029:1:738,"Tuponia lethierryi (Reuter, 1875)",,,,,,,,,Tuponia,Tuponia,Phylaria | Tuponia | Tuponia | Tuponia,hungarica BEN. et. JASZ. 1968,,7CXBZ,7837335,59MB4,5152721
B3029:1:740,Tuponia lethierryi var. vulnerata Linnav. 1961,Linnav. 1961,Tuponia,Tuponia,lethierryi,vulnerata,variety,,B3029:1,accepted,,,B3029:1:738,"Tuponia lethierryi (Reuter, 1875)",,,,,,,Tuponia,Tuponia,Phylaria | Tuponia | Tuponia | Tuponia | Tuponia lethierryi,var. vulnerata LINNAV. 1961,,5LNH3,11096890,59MB4,5152721
B3029:1:741,"Chlorotuponia E. Wagner & H. H. Weber, 1964","E. Wagner & H. H. Weber, 1964",Tuponia,,,,subgenus,,B3029:1,accepted,,,B3029:1:714,"Tuponia Reuter, 1875",,,,,,,Tuponia,Chlorotuponia,Phylaria | Tuponia | Tuponia,"Chlorotuponia E. WAGNER & H. H. WEBER, 1964",,,,,
B3029:1:742,"Tuponia brevirostris Reuter, 1883","Reuter, 1883",Tuponia,Chlorotuponia,brevirostris,,species,,B3029:1,accepted,,,B3029:1:741,"Chlorotuponia E. Wagner & H. H. Weber, 1964",,,,,,,Tuponia,Chlorotuponia,Phylaria | Tuponia | Tuponia | Chlorotuponia,"brevirostris REUTER, 1883",,59M99,7769968,59M99,7769968
B3029:1:743,"Tuponia unicolor (Scott, 1872)","(Scott, 1872)",Tuponia,Chlorotuponia,unicolor,,species,,B3029:1,accepted,,,B3029:1:741,"Chlorotuponia E. Wagner & H. H. Weber, 1964",,,,,,,Tuponia,Chlorotuponia,Phylaria | Tuponia | Tuponia | Chlorotuponia,"unicolor (SCOTT, 1872)",,59MCP,8250723,7D9DP,5759237
B3029:1:744,"Tuponia hartigi E. Wagner, 1955","E. Wagner, 1955",Tuponia,Chlorotuponia,hartigi,,species,,B3029:1,accepted,,,B3029:1:741,"Chlorotuponia E. Wagner & H. H. Weber, 1964",,,,,,,Tuponia,Chlorotuponia,Phylaria | Tuponia | Tuponia | Chlorotuponia,"hartigi E. WAGNER, 1955",,7CXDP,11109582,59M99,7769968
B3029:1:745,"Tuponia sodomita E. Wagner, 1974","E. Wagner, 1974",Tuponia,Chlorotuponia,sodomita,,species,,B3029:1,accepted,,,B3029:1:741,"Chlorotuponia E. Wagner & H. H. Weber, 1964",,,,,,,Tuponia,Chlorotuponia,Phylaria | Tuponia | Tuponia | Chlorotuponia,"sodomita E. WAGNER, 1974",,59MC8,11007554,7D9DS,8387378
B3029:1:746,"Tuponia guttata E. Wagner, 1950","E. Wagner, 1950",Tuponia,Chlorotuponia,guttata,,species,,B3029:1,accepted,,,B3029:1:741,"Chlorotuponia E. Wagner & H. H. Weber, 1964",,,,,,,Tuponia,Chlorotuponia,Phylaria | Tuponia | Tuponia | Chlorotuponia,"guttata E. WAGNER, 1950",,7D9DS,8387378,7D9DS,8387378
B3029:1:747,"Tuponia canariensis E. Wagner, 1954","E. Wagner, 1954",Tuponia,Chlorotuponia,canariensis,,species,,B3029:1,accepted,,,B3029:1:741,"Chlorotuponia E. Wagner & H. H. Weber, 1964",,,,,,,Tuponia,Chlorotuponia,Phylaria | Tuponia | Tuponia | Chlorotuponia,"canariensis E. WAGNER, 1954",,59M9B,7986712,59MBH,7444944
B3029:1:748,"Tuponia longipennis Horvath, 1909","Horvath, 1909",Tuponia,Chlorotuponia,longipennis,,species,,B3029:1,accepted,,,B3029:1:741,"Chlorotuponia E. Wagner & H. H. Weber, 1964",,,,,,,Tuponia,Chlorotuponia,Phylaria | Tuponia | Tuponia | Chlorotuponia,"longipennis HORVATH, 1909",,7CXC8,7861498,7CXC8,7861498
B3029:1:749,"Tuponia oculata E. Wagner, 1954","E. Wagner, 1954",Tuponia,Chlorotuponia,oculata,,species,,B3029:1,accepted,,,B3029:1:741,"Chlorotuponia E. Wagner & H. H. Weber, 1964",,,,,,,Tuponia,Chlorotuponia,Phylaria | Tuponia | Tuponia | Chlorotuponia,"oculata E. WAGNER, 1954",,59MBH,7444944,59MBH,7444944
B3029:1:750,"Tuponia variegata E. Wagner, 1958","E. Wagner, 1958",Tuponia,Chlorotuponia,variegata,,species,,B3029:1,accepted,,,B3029:1:741,"Chlorotuponia E. Wagner & H. H. Weber, 1964",,,,,,,Tuponia,Chlorotuponia,Phylaria | Tuponia | Tuponia | Chlorotuponia,"variegata E. WAGNER, 1958",,59MCQ,10948029,7D9DS,8387378
B3029:1:751,"Tuponia dalmatina E. Wagner, 1955","E. Wagner, 1955",Tuponia,Chlorotuponia,dalmatina,,species,,B3029:1,accepted,,,B3029:1:741,"Chlorotuponia E. Wagner & H. H. Weber, 1964",,,,,,,Tuponia,Chlorotuponia,Phylaria | Tuponia | Tuponia | Chlorotuponia,"dalmatina E. WAGNER, 1955",,59M9Q,7651128,59M9Q,7651128
B3029:1:752,"Tuponia statices Jakovleff, 1905","Jakovleff, 1905",Tuponia,Chlorotuponia,statices,,species,,B3029:1,accepted,,,B3029:1:741,"Chlorotuponia E. Wagner & H. H. Weber, 1964",,,,,,,Tuponia,Chlorotuponia,Phylaria | Tuponia | Tuponia | Chlorotuponia,"statices JAKOVLEFF, 1905",,59M7L,8069377,59MCG,7438205
B3029:1:753,Tuponia anatolica Linnavuori 1965,Linnavuori 1965,Tuponia,Chlorotuponia,anatolica,,species,,B3029:1,accepted,,,B3029:1:741,"Chlorotuponia E. Wagner & H. H. Weber, 1964",,,,,,,Tuponia,Chlorotuponia,Phylaria | Tuponia | Tuponia | Chlorotuponia,anatolica LINNAVUORI 1965,,59M8W,8185302,59M8W,8185302
B3029:1:754,"Tuponia simplex E. Wagner, 1974","E. Wagner, 1974",Tuponia,Chlorotuponia,simplex,,species,,B3029:1,accepted,,,B3029:1:741,"Chlorotuponia E. Wagner & H. H. Weber, 1964",,,,,,,Tuponia,Chlorotuponia,Phylaria | Tuponia | Tuponia | Chlorotuponia,"simplex E. WAGNER, 1974",,59MC7,7865342,59MC7,7865342
B3029:1:755,"Tuponia longitarsis E. Wagner, 1963","E. Wagner, 1963",Tuponia,Chlorotuponia,longitarsis,,species,,B3029:1,accepted,,,B3029:1:741,"Chlorotuponia E. Wagner & H. H. Weber, 1964",,,,,,,Tuponia,Chlorotuponia,Phylaria | Tuponia | Tuponia | Chlorotuponia,"longitarsis E. WAGNER, 1963",,59M6Z,7427787,7D9DP,5759237
B3029:1:756,"Tuponia rhodensis E. Wagner, 1974","E. Wagner, 1974",Tuponia,Chlorotuponia,rhodensis,,species,,B3029:1,accepted,,,B3029:1:741,"Chlorotuponia E. Wagner & H. H. Weber, 1964",,,,,,,Tuponia,Chlorotuponia,Phylaria | Tuponia | Tuponia | Chlorotuponia,"rhodensis E. WAGNER, 1974",,59MBW,11037499,7D9DP,5759237
B3029:1:757,"Tuponia menorcana E. Wagner, 1971","E. Wagner, 1971",Tuponia,Chlorotuponia,menorcana,,species,,B3029:1,accepted,,,B3029:1:741,"Chlorotuponia E. Wagner & H. H. Weber, 1964",,,,,,,Tuponia,Chlorotuponia,Phylaria | Tuponia | Tuponia | Chlorotuponia,"menorcana E. WAGNER, 1971",,7D9CC,8080396,7D9DP,5759237
B3029:1:758,"Tuponia michalki E. Wagner, 1951","E. Wagner, 1951",Tuponia,Chlorotuponia,michalki,,species,,B3029:1,accepted,,,B3029:1:741,"Chlorotuponia E. Wagner & H. H. Weber, 1964",,,,,,,Tuponia,Chlorotuponia,Phylaria | Tuponia | Tuponia | Chlorotuponia,"michalki E. WAGNER, 1951",,7CXCD,7854581,7D9DP,5759237
B3029:1:759,"Tuponia hippophaes (Fieber, 1861)","(Fieber, 1861)",Tuponia,Chlorotuponia,hippophaes,,species,,B3029:1,accepted,,,B3029:1:741,"Chlorotuponia E. Wagner & H. H. Weber, 1964",,,,,,,Tuponia,Chlorotuponia,Phylaria | Tuponia | Tuponia | Chlorotuponia,"hippophaes (FIEBER, 1861)",,7D9DP,5759237,7D9DP,5759237
B3029:1:760,Orthotylus myricariae Cerutti 1939,Cerutti 1939,Orthotylus,,myricariae,,species,,B3029:1,synonym,B3029:1:759,"Tuponia hippophaes (Fieber, 1861)",,,,,,,,,Tuponia,Chlorotuponia,Phylaria | Tuponia | Tuponia | Chlorotuponia,Orthotylus myricariae CERUTTI 1939,,,,,
B3029:1:761,"Tuponia cypria E. Wagner, 1963","E. Wagner, 1963",Tuponia,Chlorotuponia,cypria,,species,,B3029:1,accepted,,,B3029:1:741,"Chlorotuponia E. Wagner & H. H. Weber, 1964",,,,,,,Tuponia,Chlorotuponia,Phylaria | Tuponia | Tuponia | Chlorotuponia,"cypria E. WAGNER, 1963",,59M9P,7929342,7D9DP,5759237
B3029:1:762,"Tuponia albomarginata Linnavuori, 1961","Linnavuori, 1961",Tuponia,Chlorotuponia,albomarginata,,species,,B3029:1,accepted,,,B3029:1:741,"Chlorotuponia E. Wagner & H. H. Weber, 1964",,,,,,,Tuponia,Chlorotuponia,Phylaria | Tuponia | Tuponia | Chlorotuponia,"albomarginata LINNAVUORI, 1961",,59M8S,7544053,7D9DP,5759237
B3029:1:763,"Tuponia mimeuri E. Wagner, 1958","E. Wagner, 1958",Tuponia,Chlorotuponia,mimeuri,,species,,B3029:1,accepted,,,B3029:1:741,"Chlorotuponia E. Wagner & H. H. Weber, 1964",,,,,,,Tuponia,Chlorotuponia,Phylaria | Tuponia | Tuponia | Chlorotuponia,"mimeuri E. WAGNER, 1958",,7D9CD,8033485,7D9DP,5759237
B3029:1:764,"Tuponia noualhieri Reuter, 1902","Reuter, 1902",Tuponia,Chlorotuponia,noualhieri,,species,,B3029:1,accepted,,,B3029:1:741,"Chlorotuponia E. Wagner & H. H. Weber, 1964",,,,,,,Tuponia,Chlorotuponia,Phylaria | Tuponia | Tuponia | Chlorotuponia,"noualhieri REUTER, 1902",,59MBF,7411227,59MBF,7411227
B3029:1:765,"Tuponia punctipes Reuter, 1879","Reuter, 1879",Tuponia,Chlorotuponia,punctipes,,species,,B3029:1,accepted,,,B3029:1:741,"Chlorotuponia E. Wagner & H. H. Weber, 1964",,,,,,,Tuponia,Chlorotuponia,Phylaria | Tuponia | Tuponia | Chlorotuponia,"punctipes REUTER, 1879",,,,,
B3029:1:766,"Tuponia prasina (Fieber, 1864)","(Fieber, 1864)",Tuponia,Chlorotuponia,prasina,,species,,B3029:1,accepted,,,B3029:1:741,"Chlorotuponia E. Wagner & H. H. Weber, 1964",,,,,,,Tuponia,Chlorotuponia,Phylaria | Tuponia | Tuponia | Chlorotuponia,"prasina (FIEBER, 1864)",,59MBT,8116205,59MBT,8116205
B3029:1:767,"Tuponia apicalis Reuter, 1894","Reuter, 1894",Tuponia,Chlorotuponia,apicalis,,species,,B3029:1,accepted,,,B3029:1:741,"Chlorotuponia E. Wagner & H. H. Weber, 1964",,,,,,,Tuponia,Chlorotuponia,Phylaria | Tuponia | Tuponia | Chlorotuponia,"apicalis REUTER, 1894",,59M92,7606287,59MBT,8116205
B3029:1:768,"Tuponia seidenstuekkeri E. Wagner, 1956","E. Wagner, 1956",Tuponia,Chlorotuponia,seidenstuekkeri,,species,,B3029:1,accepted,,,B3029:1:741,"Chlorotuponia E. Wagner & H. H. Weber, 1964",,,,,,,Tuponia,Chlorotuponia,Phylaria | Tuponia | Tuponia | Chlorotuponia,"seidenstuekkeri E. WAGNER, 1956",,7CXDK,7644588,7D9DP,5759237
B3029:1:769,"Tuponia linnavuorii E. Wagner, 1961","E. Wagner, 1961",Tuponia,Chlorotuponia,linnavuorii,,species,,B3029:1,accepted,,,B3029:1:741,"Chlorotuponia E. Wagner & H. H. Weber, 1964",,,,,,,Tuponia,Chlorotuponia,Phylaria | Tuponia | Tuponia | Chlorotuponia,"linnavuorii E. WAGNER, 1961",,7D9BV,7717818,7D9BV,7717818
B3029:1:770,"Tuponia conspersa Reuter, 1901","Reuter, 1901",Tuponia,Chlorotuponia,conspersa,,species,,B3029:1,accepted,,,B3029:1:741,"Chlorotuponia E. Wagner & H. H. Weber, 1964",,,,,,,Tuponia,Chlorotuponia,Phylaria | Tuponia | Tuponia | Chlorotuponia,"conspersa REUTER, 1901",,59M9J,7993766,59M9F,7918728
B3029:1:771,Tuponia fezzana E. Wagner 1971,E. Wagner 1971,Tuponia,Chlorotuponia,fezzana,,species,,B3029:1,accepted,,,B3029:1:741,"Chlorotuponia E. Wagner & H. H. Weber, 1964",,,,,,,Tuponia,Chlorotuponia,Phylaria | Tuponia | Tuponia | Chlorotuponia,fezzana E. WAGNER 1971,,59M9Z,7700196,59M9F,7918728
B3029:1:772,"Tuponia amguela E. Wagner, 1975","E. Wagner, 1975",Tuponia,Chlorotuponia,amguela,,species,,B3029:1,accepted,,,B3029:1:741,"Chlorotuponia E. Wagner & H. H. Weber, 1964",,,,,,,Tuponia,Chlorotuponia,Phylaria | Tuponia | Tuponia | Chlorotuponia,"amguela E. WAGNER, 1975",,59M64,8015459,59M9F,7918728
B3029:1:773,"Tuponia concinna Reuter, 1875","Reuter, 1875",Tuponia,Chlorotuponia,concinna,,species,,B3029:1,accepted,,,B3029:1:741,"Chlorotuponia E. Wagner & H. H. Weber, 1964",,,,,,,Tuponia,Chlorotuponia,Phylaria | Tuponia | Tuponia | Chlorotuponia,"concinna REUTER, 1875",,59M9F,7918728,59M9F,7918728
B3029:1:774,"Tuponia concinnoides Linnavuori, 1961","Linnavuori, 1961",Tuponia,Chlorotuponia,concinnoides,,species,,B3029:1,accepted,,,B3029:1:741,"Chlorotuponia E. Wagner & H. H. Weber, 1964",,,,,,,Tuponia,Chlorotuponia,Phylaria | Tuponia | Tuponia | Chlorotuponia,"concinnoides LINNAVUORI, 1961",,59M9H,8383336,59M9H,8383336
B3029:1:775,"Tuponia incerta E. Wagner, 1973","E. Wagner, 1973",Tuponia,Chlorotuponia,incerta,,species,,B3029:1,accepted,,,B3029:1:741,"Chlorotuponia E. Wagner & H. H. Weber, 1964",,,,,,,Tuponia,Chlorotuponia,Phylaria | Tuponia | Tuponia | Chlorotuponia,"incerta E. WAGNER, 1973",,7D9BZ,7634013,7D9BZ,7634013
B3029:1:776,"Tuponia minutissima Linnavuori, 1961","Linnavuori, 1961",Tuponia,Chlorotuponia,minutissima,,species,,B3029:1,accepted,,,B3029:1:741,"Chlorotuponia E. Wagner & H. H. Weber, 1964",,,,,,,Tuponia,Chlorotuponia,Phylaria | Tuponia | Tuponia | Chlorotuponia,"minutissima LINNAVUORI, 1961",,59MB3,8233033,59MB3,8233033
B3029:1:777,"Tuponia nana E. Wagner, 1960","E. Wagner, 1960",Tuponia,Chlorotuponia,nana,,species,,B3029:1,accepted,,,B3029:1:741,"Chlorotuponia E. Wagner & H. H. Weber, 1964",,,,,,,Tuponia,Chlorotuponia,Phylaria | Tuponia | Tuponia | Chlorotuponia,"nana E. WAGNER, 1960",,59M75,7351678,66W3X,8161615
B3029:1:778,"Tuponia subannulata E. Wagner, 1973","E. Wagner, 1973",Tuponia,Chlorotuponia,subannulata,,species,,B3029:1,accepted,,,B3029:1:741,"Chlorotuponia E. Wagner & H. H. Weber, 1964",,,,,,,Tuponia,Chlorotuponia,Phylaria | Tuponia | Tuponia | Chlorotuponia,"subannulata E. WAGNER, 1973",,59MCF,8293165,67849,8038553
B3029:1:779,"Tuponia brachycera E. Wagner, 1973","E. Wagner, 1973",Tuponia,Chlorotuponia,brachycera,,species,,B3029:1,accepted,,,B3029:1:741,"Chlorotuponia E. Wagner & H. H. Weber, 1964",,,,,,,Tuponia,Chlorotuponia,Phylaria | Tuponia | Tuponia | Chlorotuponia,"brachycera E. WAGNER, 1973",,59M97,7968988,59M97,7968988
B3029:1:780,"Tuponia minima E. Wagner, 1957","E. Wagner, 1957",Tuponia,Chlorotuponia,minima,,species,,B3029:1,accepted,,,B3029:1:741,"Chlorotuponia E. Wagner & H. H. Weber, 1964",,,,,,,Tuponia,Chlorotuponia,Phylaria | Tuponia | Tuponia | Chlorotuponia,"minima E. WAGNER, 1957",,59MB2,7533835,59MB2,7533835