scientificNameID,scientificName,scientificNameAuthorship,genericName,infragenericEpithet,specificEpithet,infraspecificEpithet,taxonRank,taxonRemarks,collectionCode,taxonomicStatus,acceptedNameUsageID,acceptedNameUsage,parentNameUsageID,parentNameUsage,kingdom,phylum,class,order,family,subfamily,genus,subgenus,higherClassification,verbatimIdentification,dynamicProperties,colTaxonID,gbifTaxonID,colAcceptedTaxonID,gbifAcceptedTaxonID
B3094:1:1,Heteroptera,,,,,,order,,B3094:1,accepted,,,,,,,,Heteroptera,,,,,,Heteroptera,,C3Y9B,3264953,C3Y9B,1588281
B3094:1:2,Ochteridae,,,,,,family,,B3094:1,accepted,,,B3094:1:1,Heteroptera,,,,Heteroptera,Ochteridae,,,,Heteroptera,Ochteridae,,DGZ,7893,DGZ,7893
B3094:1:3,Ochterus,,,,,,genus,,B3094:1,accepted,,,B3094:1:2,Ochteridae,,,,Heteroptera,Ochteridae,,Ochterus,,Heteroptera | Ochteridae,Ochterus,,66JB,2020211,66JB,2020211
B3094:1:4,Ochterus marginatus (Latr.),(Latr.),Ochterus,,marginatus,,species,,B3094:1,accepted,,,B3094:1:3,Ochterus,,,,Heteroptera,Ochteridae,,Ochterus,,Heteroptera | Ochteridae | Ochterus,marginatus (Latr.),,74GC6,2020213,74GC6,2020213
B3094:1:5,Corixidae,,,,,,family,,B3094:1,accepted,,,B3094:1:1,Heteroptera,,,,Heteroptera,Corixidae,,,,Heteroptera,Corixidae,,8KK,6988,8KK,6988
B3094:1:6,Micronecta Kirk.,Kirk.,,,,,genus,,B3094:1,accepted,,,B3094:1:5,Corixidae,,,,Heteroptera,Corixidae,,Micronecta,,Heteroptera | Corixidae,Micronecta Kirk.,,5S3P,4485457,5S3P,4485457
B3094:1:7,Micronecta meridionalis (Costa),(Costa),Micronecta,,meridionalis,,species,,B3094:1,accepted,,,B3094:1:6,Micronecta Kirk.,,,,Heteroptera,Corixidae,,Micronecta,,Heteroptera | Corixidae | Micronecta,meridionalis (Costa),,7VV5Q,6096724,7VV37,4485460
B3094:1:8,Cymatia Flor,Flor,,,,,genus,,B3094:1,accepted,,,B3094:1:5,Corixidae,,,,Heteroptera,Corixidae,,Cymatia,,Heteroptera | Corixidae,Cymatia Flor,,62PRB,2049917,62PRB,2049917
B3094:1:9,Cymatia rogenhoferi (Fieb.),(Fieb.),Cymatia,,rogenhoferi,,species,,B3094:1,accepted,,,B3094:1:8,Cymatia Flor,,,,Heteroptera,Corixidae,,Cymatia,,Heteroptera | Corixidae | Cymatia,rogenhoferi (Fieb.),,335T5,6096727,335T5,6096727
B3094:1:10,Corixa Geoffroy,Geoffroy,,,,,genus,,B3094:1,accepted,,,B3094:1:5,Corixidae,,,,Heteroptera,Corixidae,,Corixa,,Heteroptera | Corixidae,Corixa Geoffroy,,62N2S,5156062,62N2S,5156062
B3094:1:11,Corixa affinis (Leach),(Leach),Corixa,,affinis,,species,,B3094:1,accepted,,,B3094:1:10,Corixa Geoffroy,,,,Heteroptera,Corixidae,,Corixa,,Heteroptera | Corixidae | Corixa,affinis (Leach),,YFJZ,5156064,YFJZ,5156064
B3094:1:12,Corixa punctata (Illiger),(Illiger),Corixa,,punctata,,species,,B3094:1,accepted,,,B3094:1:10,Corixa Geoffroy,,,,Heteroptera,Corixidae,,Corixa,,Heteroptera | Corixidae | Corixa,punctata (Illiger),,YFL6,5156063,YFL6,5156063
B3094:1:13,Hesperocorixa Kirk.,Kirk.,,,,,genus,,B3094:1,accepted,,,B3094:1:5,Corixidae,,,,Heteroptera,Corixidae,,Hesperocorixa,,Heteroptera | Corixidae,Hesperocorixa Kirk.,,4W39,2049777,4W39,2049777
B3094:1:14,Hesperocorixa linnei (Fieb.),(Fieb.),Hesperocorixa,,linnei,,species,,B3094:1,accepted,,,B3094:1:13,Hesperocorixa Kirk.,,,,Heteroptera,Corixidae,,Hesperocorixa,,Heteroptera | Corixidae | Hesperocorixa,linnei (Fieb.),,3L5BR,4485382,3L5BR,4485382
B3094:1:15,Hesperocorixa parallela (Fieb.),(Fieb.),Hesperocorixa,,parallela,,species,,B3094:1,accepted,,,B3094:1:13,Hesperocorixa Kirk.,,,,Heteroptera,Corixidae,,Hesperocorixa,,Heteroptera | Corixidae | Hesperocorixa,parallela (Fieb.),,3L5C6,4485380,3L5C6,4485380
B3094:1:16,Parasigara Poiss.,Poiss.,,,,,genus,,B3094:1,accepted,,,B3094:1:5,Corixidae,,,,Heteroptera,Corixidae,,Parasigara,,Heteroptera | Corixidae,Parasigara Poiss.,,6GSM,4405500,6GSM,4405500
B3094:1:17,Parasigara transversa (Fieb.),(Fieb.),Parasigara,,transversa,,species,,B3094:1,accepted,,,B3094:1:16,Parasigara Poiss.,,,,Heteroptera,Corixidae,,Parasigara,,Heteroptera | Corixidae | Parasigara,transversa (Fieb.),,4DC5F,4485365,4DC5F,4485365
B3094:1:18,Sigara Fabr.,Fabr.,,,,,genus,,B3094:1,accepted,,,B3094:1:5,Corixidae,,,,Heteroptera,Corixidae,,Sigara,,Heteroptera | Corixidae,Sigara Fabr.,,7GR7,2049846,7GR7,2049846
B3094:1:19,Sigara italica (Jacz.),(Jacz.),Sigara,,italica,,species,,B3094:1,accepted,,,B3094:1:18,Sigara Fabr.,,,,Heteroptera,Corixidae,,Sigara,,Heteroptera | Corixidae | Sigara,italica (Jacz.),,6YMKY,4485417,6YMKY,4485417
B3094:1:20,Sigara fossarum (Leach),(Leach),Sigara,,fossarum,,species,,B3094:1,accepted,,,B3094:1:18,Sigara Fabr.,,,,Heteroptera,Corixidae,,Sigara,,Heteroptera | Corixidae | Sigara,fossarum (Leach),,6YMKF,4485413,6YMKF,4485413
B3094:1:21,Sigara lateralis (Leach),(Leach),Sigara,,lateralis,,species,,B3094:1,accepted,,,B3094:1:18,Sigara Fabr.,,,,Heteroptera,Corixidae,,Sigara,,Heteroptera | Corixidae | Sigara,lateralis (Leach),,7WVFY,4485427,7WVFY,4485427
B3094:1:22,Sigara striata (L.),(L.),Sigara,,striata,,species,,B3094:1,accepted,,,B3094:1:18,Sigara Fabr.,,,,Heteroptera,Corixidae,,Sigara,,Heteroptera | Corixidae | Sigara,striata (L.),,6YMM4,2049880,6YMM4,2049880
B3094:1:23,Sigara limitata (Fieb.),(Fieb.),Sigara,,limitata,,species,,B3094:1,accepted,,,B3094:1:18,Sigara Fabr.,,,,Heteroptera,Corixidae,,Sigara,,Heteroptera | Corixidae | Sigara,limitata (Fieb.),,6YMJR,4485444,6YMJR,4485444
B3094:1:24,Sigara nigrolineata (Fieb.),(Fieb.),Sigara,,nigrolineata,,species,,B3094:1,accepted,,,B3094:1:18,Sigara Fabr.,,,,Heteroptera,Corixidae,,Sigara,,Heteroptera | Corixidae | Sigara,nigrolineata (Fieb.),,6YMMM,4485421,6YMMM,4485421
B3094:1:25,Arctocorisa Wall,Wall,,,,,genus,,B3094:1,accepted,,,B3094:1:5,Corixidae,,,,Heteroptera,Corixidae,,Arctocorisa,,Heteroptera | Corixidae,Arctocorisa Wall,,32C5,2049901,32C5,2049901
B3094:1:26,Arctocorisa carinata (C. Sahlb.),(C. Sahlb.),Arctocorisa,,carinata,,species,,B3094:1,accepted,,,B3094:1:25,Arctocorisa Wall,,,,Heteroptera,Corixidae,,Arctocorisa,,Heteroptera | Corixidae | Arctocorisa,carinata (C. Sahlb.),,5VRR7,2049905,5VRR7,2049905
B3094:1:27,Pleidae,,,,,,family,,B3094:1,accepted,,,B3094:1:1,Heteroptera,,,,Heteroptera,Pleidae,,,,Heteroptera,Pleidae,,6263M,9653,6263M,9653
B3094:1:28,Plea,,,,,,genus,,B3094:1,accepted,,,B3094:1:27,Pleidae,,,,Heteroptera,Pleidae,,Plea,,Heteroptera | Pleidae,Plea,,6S8K,2020550,6S8K,2020550
B3094:1:29,Plea minutissima Leach,Leach,Plea,,minutissima,,species,,B3094:1,accepted,,,B3094:1:28,Plea,,,,Heteroptera,Pleidae,,Plea,,Heteroptera | Pleidae | Plea,minutissima Leach,,4K28X,2020551,4K28X,2020551
B3094:1:30,Notonectidae,,,,,,family,,B3094:1,accepted,,,B3094:1:1,Heteroptera,,,,Heteroptera,Notonectidae,,,,Heteroptera,Notonectidae,,626HD,4322,626HD,4322
B3094:1:31,Notonecta Leach,Leach,,,,,genus,,B3094:1,accepted,,,B3094:1:30,Notonectidae,,,,Heteroptera,Notonectidae,,Notonecta,,Heteroptera | Notonectidae,Notonecta Leach,,65FM,2020516,65FM,2020516
B3094:1:32,Notonecta viridis Delc.,Delc.,Notonecta,,viridis,,species,,B3094:1,accepted,,,B3094:1:31,Notonecta Leach,,,,Heteroptera,Notonectidae,,Notonecta,,Heteroptera | Notonectidae | Notonecta,viridis Delc.,,47X27,4485490,47X27,4485490
B3094:1:33,Notonecta maculata F.,F.,Notonecta,,maculata,,species,,B3094:1,accepted,,,B3094:1:31,Notonecta Leach,,,,Heteroptera,Notonectidae,,Notonecta,,Heteroptera | Notonectidae | Notonecta,maculata F.,,47WYY,2020518,47WYY,2020518
B3094:1:34,Notonecta glauca L.,L.,Notonecta,,glauca,,species,,B3094:1,accepted,,,B3094:1:31,Notonecta Leach,,,,Heteroptera,Notonectidae,,Notonecta,,Heteroptera | Notonectidae | Notonecta,glauca L.,,47WY8,2020522,47WY8,2020522
B3094:1:35,Anisops Spin.,Spin.,,,,,genus,,B3094:1,accepted,,,B3094:1:30,Notonectidae,,,,Heteroptera,Notonectidae,,Anisops,,Heteroptera | Notonectidae,Anisops Spin.,,WFW,2020496,WFW,2020496
B3094:1:36,Anisops sardea H.S.,H.S.,Anisops,,sardea,,species,,B3094:1,accepted,,,B3094:1:35,Anisops Spin.,,,,Heteroptera,Notonectidae,,Anisops,,Heteroptera | Notonectidae | Anisops,sardea H.S.,,5V39R,4485486,5V2Y3,4485486
B3094:1:37,Naucoridae,,,,,,family,,B3094:1,accepted,,,B3094:1:1,Heteroptera,,,,Heteroptera,Naucoridae,,,,Heteroptera,Naucoridae,,624PT,4320,624PT,4320
B3094:1:38,Naucoris Fabr.,Fabr.,,,,,genus,,B3094:1,accepted,,,B3094:1:37,Naucoridae,,,,Heteroptera,Naucoridae,,Naucoris,,Heteroptera | Naucoridae,Naucoris Fabr.,,5XV9,8349552,5XV9,8349552
B3094:1:39,Naucoris cimicoides (L.),(L.),Naucoris,,cimicoides,,species,,B3094:1,accepted,,,B3094:1:38,Naucoris Fabr.,,,,Heteroptera,Naucoridae,,Naucoris,,Heteroptera | Naucoridae | Naucoris,cimicoides (L.),,QRGWB,8397843,3PH9Z,4485505
B3094:1:40,Naucoris maculatus F.,F.,Naucoris,,maculatus,,species,,B3094:1,accepted,,,B3094:1:38,Naucoris Fabr.,,,,Heteroptera,Naucoridae,,Naucoris,,Heteroptera | Naucoridae | Naucoris,maculatus F.,,745Y9,4485502,745Y9,4485502
B3094:1:41,Aphelocheirus Westw.,Westw.,,,,,genus,,B3094:1,accepted,,,B3094:1:37,Naucoridae,,,,Heteroptera,Naucoridae,,Aphelocheirus,,Heteroptera | Naucoridae,Apheilocheirus Westw.,,62CXH,3265576,62CXH,3265576
B3094:1:42,Aphelocheirus aestivalis (F.),(F.),Aphelocheirus,,aestivalis,,species,,B3094:1,accepted,,,B3094:1:41,Aphelocheirus Westw.,,,,Heteroptera,Naucoridae,,Aphelocheirus,,Heteroptera | Naucoridae | Aphelocheirus,aestivalis (F.),,FCSV,4485511,FCSV,4485511
B3094:1:43,Nepidae,,,,,,family,,B3094:1,accepted,,,B3094:1:1,Heteroptera,,,,Heteroptera,Nepidae,,,,Heteroptera,Nepidae,,DB4,7892,DB4,7892
B3094:1:44,Nepa L.,L.,,,,,genus,,B3094:1,accepted,,,B3094:1:43,Nepidae,,,,Heteroptera,Nepidae,,Nepa,,Heteroptera | Nepidae,Nepa L.,,634F,2007591,634F,2007591
B3094:1:45,Nepa cinerea L.,L.,Nepa,,cinerea,,species,,B3094:1,accepted,,,B3094:1:44,Nepa L.,,,,Heteroptera,Nepidae,,Nepa,,Heteroptera | Nepidae | Nepa,cinerea L.,,6RWWL,5152456,6RWWL,5152456
B3094:1:46,Nepa cinerea subsp. cinerea L.,L.,Nepa,,cinerea,cinerea,subspecies,,B3094:1,accepted,,,B3094:1:45,Nepa cinerea L.,,,,Heteroptera,Nepidae,,Nepa,,Heteroptera | Nepidae | Nepa | Nepa cinerea,cinerea cinerea L.,,,,,
B3094:1:47,Nepa cinerea subsp. seurati Berg.,Berg.,Nepa,,cinerea,seurati,subspecies,,B3094:1,accepted,,,B3094:1:45,Nepa cinerea L.,,,,Heteroptera,Nepidae,,Nepa,,Heteroptera | Nepidae | Nepa | Nepa cinerea,cinerea seurati Berg.,,,,,
B3094:1:48,Nepa sardiniensis Hung.,Hung.,Nepa,,sardiniensis,,species,,B3094:1,accepted,,,B3094:1:44,Nepa L.,,,,Heteroptera,Nepidae,,Nepa,,Heteroptera | Nepidae | Nepa,sardiniensis Hung.,,46WV7,7811160,46WV7,7811160
B3094:1:49,Ranatra F.,F.,,,,,genus,,B3094:1,accepted,,,B3094:1:43,Nepidae,,,,Heteroptera,Nepidae,,Ranatra,,Heteroptera | Nepidae,Ranatra F.,,772G,2007594,772G,2007594
B3094:1:50,Ranatra linearis (L.),(L.),Ranatra,,linearis,,species,,B3094:1,accepted,,,B3094:1:49,Ranatra F.,,,,Heteroptera,Nepidae,,Ranatra,,Heteroptera | Nepidae | Ranatra,linearis (L.),,6WQVR,5152464,6WQVR,5152464
B3094:1:51,Hydrometridae,,,,,,family,,B3094:1,accepted,,,B3094:1:1,Heteroptera,,,,Heteroptera,Hydrometridae,,,,Heteroptera,Hydrometridae,,B8R,7884,B8R,7884
B3094:1:52,Hydrometra Latr.,Latr.,,,,,genus,,B3094:1,accepted,,,B3094:1:51,Hydrometridae,,,,Heteroptera,Hydrometridae,,Hydrometra,,Heteroptera | Hydrometridae,Hydrometra Latr.,,4ZTP,2020474,4ZTP,2020474
B3094:1:53,Hydrometra stagnorum (L.),(L.),Hydrometra,,stagnorum,,species,,B3094:1,accepted,,,B3094:1:52,Hydrometra Latr.,,,,Heteroptera,Hydrometridae,,Hydrometra,,Heteroptera | Hydrometridae | Hydrometra,stagnorum (L.),,3N7QM,2049340,3N7QM,2049340
B3094:1:54,Hydrometra gracilentus Horv.,Horv.,Hydrometra,,gracilentus,,species,,B3094:1,accepted,,,B3094:1:52,Hydrometra Latr.,,,,Heteroptera,Hydrometridae,,Hydrometra,,Heteroptera | Hydrometridae | Hydrometra,gracilentus Horv.,,6MJQV,4485514,6MJQV,4485514
B3094:1:55,Mesoveliidae,,,,,,family,,B3094:1,accepted,,,B3094:1:1,Heteroptera,,,,Heteroptera,Mesoveliidae,,,,Heteroptera,Mesoveliidae,,CNB,4318,CNB,4318
B3094:1:56,Mesovelia Curtis,Curtis,,,,,genus,,B3094:1,accepted,,,B3094:1:55,Mesoveliidae,,,,Heteroptera,Mesoveliidae,,Mesovelia,,Heteroptera | Mesoveliidae,Mesovelia Curtis,,5Q3C,2012228,5Q3C,2012228
B3094:1:57,Mesovelia furcata (Muls. & Rey),(Muls. & Rey),Mesovelia,,furcata,,species,,B3094:1,accepted,,,B3094:1:56,Mesovelia Curtis,,,,Heteroptera,Mesoveliidae,,Mesovelia,,Heteroptera | Mesoveliidae | Mesovelia,furcata (Muls. & Rey),,427GM,2012232,427GM,2012232
B3094:1:58,Mesovelia vittigera (Horv.),(Horv.),Mesovelia,,vittigera,,species,,B3094:1,accepted,,,B3094:1:56,Mesovelia Curtis,,,,Heteroptera,Mesoveliidae,,Mesovelia,,Heteroptera | Mesoveliidae | Mesovelia,vittigera (Horv.),,73BGY,2012262,73BGY,2012262
B3094:1:59,Veliidae,,,,,,family,,B3094:1,accepted,,,B3094:1:1,Heteroptera,,,,Heteroptera,Veliidae,,,,Heteroptera,Veliidae,,HSH,7900,HSH,7900
B3094:1:60,Microvelia Westw.,Westw.,,,,,genus,,B3094:1,accepted,,,B3094:1:59,Veliidae,,,,Heteroptera,Veliidae,,Microvelia,,Heteroptera | Veliidae,Microvelia Westw.,,5SLM,2020348,5SLM,2020348
B3094:1:61,Microvelia reticulata (Burm.),(Burm.),Microvelia,,reticulata,,species,,B3094:1,accepted,,,B3094:1:60,Microvelia Westw.,,,,Heteroptera,Veliidae,,Microvelia,,Heteroptera | Veliidae | Microvelia,reticulata (Burm.),,439TG,4485321,439TG,4485321
B3094:1:62,Microvelia pygmea (Duf.),(Duf.),Microvelia,,pygmea,,species,,B3094:1,accepted,,,B3094:1:60,Microvelia Westw.,,,,Heteroptera,Veliidae,,Microvelia,,Heteroptera | Veliidae | Microvelia,pygmea (Duf.),,439T7,4485323,439T7,4485323
B3094:1:63,Velia Latr.,Latr.,,,,,genus,,B3094:1,accepted,,,B3094:1:59,Veliidae,,,,Heteroptera,Veliidae,,Velia,,Heteroptera | Veliidae,Velia Latr.,,8669,2020395,8669,2020395
B3094:1:64,Velia rivulorum (F.),(F.),Velia,,rivulorum,,species,,B3094:1,accepted,,,B3094:1:63,Velia Latr.,,,,Heteroptera,Veliidae,,Velia,,Heteroptera | Veliidae | Velia,rivulorum (F.),,7FKTK,4485328,7FKTK,4485328
B3094:1:65,Velia currens (F.),(F.),Velia,,currens,,species,,B3094:1,accepted,,,B3094:1:63,Velia Latr.,,,,Heteroptera,Veliidae,,Velia,,Heteroptera | Veliidae | Velia,currens (F.),,7FKTC,4485340,7FKTC,4485340
B3094:1:66,Velia gridellii Tam.,Tam.,Velia,,gridellii,,species,,B3094:1,accepted,,,B3094:1:63,Velia Latr.,,,,Heteroptera,Veliidae,,Velia,,Heteroptera | Veliidae | Velia,gridellii Tam.,,7FL5G,4485330,7FL5G,4485330
B3094:1:67,Gerridae,,,,,,family,,B3094:1,accepted,,,B3094:1:1,Heteroptera,,,,Heteroptera,Gerridae,,,,Heteroptera,Gerridae,,623FR,7881,623FR,7881
B3094:1:68,Gerris Fabr.,Fabr.,,,,,genus,,B3094:1,accepted,,,B3094:1:67,Gerridae,,,,Heteroptera,Gerridae,,Gerris,,Heteroptera | Gerridae,Gerris Fabr.,,4N84,2008636,4N84,2008636
B3094:1:69,Gerris paludum (F.),(F.),Gerris,,paludum,,species,,B3094:1,accepted,,,B3094:1:68,Gerris Fabr.,,,,Heteroptera,Gerridae,,Gerris,,Heteroptera | Gerridae | Gerris,paludum (F.),,PFTHY,5758651,67QDV,5866108
B3094:1:70,Gerris najas (De Geer),(De Geer),Gerris,,najas,,species,,B3094:1,accepted,,,B3094:1:68,Gerris Fabr.,,,,Heteroptera,Gerridae,,Gerris,,Heteroptera | Gerridae | Gerris,najas (De Geer),,PFSXQ,11352941,FZJB,5866107
B3094:1:71,Gerris thoracicus (Schumm.),(Schumm.),Gerris,,thoracicus,,species,,B3094:1,accepted,,,B3094:1:68,Gerris Fabr.,,,,Heteroptera,Gerridae,,Gerris,,Heteroptera | Gerridae | Gerris,thoracicus (Schumm.),,3FXB2,5758661,3FXB2,5758661
B3094:1:72,Gerris costai (H. S.),(H. S.),Gerris,,costai,,species,,B3094:1,accepted,,,B3094:1:68,Gerris Fabr.,,,,Heteroptera,Gerridae,,Gerris,,Heteroptera | Gerridae | Gerris,costai (H. S.),,PFT94,11228651,6KGCK,7695217
B3094:1:73,Gerris lacustris (L.),(L.),Gerris,,lacustris,,species,,B3094:1,accepted,,,B3094:1:68,Gerris Fabr.,,,,Heteroptera,Gerridae,,Gerris,,Heteroptera | Gerridae | Gerris,lacustris (L.),,6KGCH,5154105,6KGCH,5154105
B3094:1:74,Gerris gibbifer (Schumm.),(Schumm.),Gerris,,gibbifer,,species,,B3094:1,accepted,,,B3094:1:68,Gerris Fabr.,,,,Heteroptera,Gerridae,,Gerris,,Heteroptera | Gerridae | Gerris,gibbifer (Schumm.),,3FX9N,5758659,3FX9N,5758659
B3094:1:75,Gerris maculatus (Tam.),(Tam.),Gerris,,maculatus,,species,,B3094:1,accepted,,,B3094:1:68,Gerris Fabr.,,,,Heteroptera,Gerridae,,Gerris,,Heteroptera | Gerridae | Gerris,maculatus (Tam.),,6KGBY,8322300,6KGBY,8322300
B3094:1:76,Leptopodidae,,,,,,family,,B3094:1,accepted,,,B3094:1:1,Heteroptera,,,,Heteroptera,Leptopodidae,,,,Heteroptera,Leptopodidae,,BY3,7887,BY3,7887
B3094:1:77,Leptopus Latr.,Latr.,,,,,genus,,B3094:1,accepted,,,B3094:1:76,Leptopodidae,,,,Heteroptera,Leptopodidae,,Leptopus,,Heteroptera | Leptopodidae,Leptopus Latr.,,5DBF,3266283,5DBF,3266283
B3094:1:78,Leptopus marmoratus (Goeze),(Goeze),Leptopus,,marmoratus,,species,,B3094:1,accepted,,,B3094:1:77,Leptopus Latr.,,,,Heteroptera,Leptopodidae,,Leptopus,,Heteroptera | Leptopodidae | Leptopus,marmoratus (Goeze),,6PHDJ,6096824,6PHDJ,6096824
B3094:1:79,Patapius Horv.,Horv.,,,,,genus,,B3094:1,accepted,,,B3094:1:76,Leptopodidae,,,,Heteroptera,Leptopodidae,,Patapius,,Heteroptera | Leptopodidae,Patapius Horv.,,6JHY,2069275,6JHY,2069275
B3094:1:80,Patapius spinosus (Rossi),(Rossi),Patapius,,spinosus,,species,,B3094:1,accepted,,,B3094:1:79,Patapius Horv.,,,,Heteroptera,Leptopodidae,,Patapius,,Heteroptera | Leptopodidae | Patapius,spinosus (Rossi),,4DZKP,2069276,4DZKP,2069276
B3094:1:81,Saldidae,,,,,,family,,B3094:1,accepted,,,B3094:1:1,Heteroptera,,,,Heteroptera,Saldidae,,,,Heteroptera,Saldidae,,FWD,7896,FWD,7896
B3094:1:82,Chartoscirta Stal,Stal,,,,,genus,,B3094:1,accepted,,,B3094:1:81,Saldidae,,,,Heteroptera,Saldidae,,Chartoscirta,,Heteroptera | Saldidae,Chartoscirta Stal,,3MCC,4489208,3MCC,4489208
B3094:1:83,Chartoscirta cincta H. S.,H. S.,Chartoscirta,,cincta,,species,,B3094:1,accepted,,,B3094:1:82,Chartoscirta Stal,,,,Heteroptera,Saldidae,,Chartoscirta,,Heteroptera | Saldidae | Chartoscirta,cincta H. S.,,TPSG,4489216,TPSG,4489216
B3094:1:84,Halosalda Reut.,Reut.,,,,,genus,,B3094:1,accepted,,,B3094:1:81,Saldidae,,,,Heteroptera,Saldidae,,Halosalda,,Heteroptera | Saldidae,Halosalda Reut.,,4SYP,4404391,4SYP,4404391
B3094:1:85,Halosalda lateralis (Fall.),(Fall.),Halosalda,,lateralis,,species,,B3094:1,accepted,,,B3094:1:84,Halosalda Reut.,,,,Heteroptera,Saldidae,,Halosalda,,Heteroptera | Saldidae | Halosalda,lateralis (Fall.),,3JFZ6,4489197,3JFZ6,4489197
B3094:1:86,Salda Fabr.,Fabr.,,,,,genus,,B3094:1,accepted,,,B3094:1:81,Saldidae,,,,Heteroptera,Saldidae,,Salda,,Heteroptera | Saldidae,Salda Fabr.,,7BTC,2008341,7BTC,2008341
B3094:1:87,Salda adriatica Horv.,Horv.,Salda,,adriatica,,species,,B3094:1,accepted,,,B3094:1:86,Salda Fabr.,,,,Heteroptera,Saldidae,,Salda,,Heteroptera | Saldidae | Salda,adriatica Horv.,,6XBSG,4489158,6XBSG,4489158
B3094:1:88,Salda littoralis (L.),(L.),Salda,,littoralis,,species,,B3094:1,accepted,,,B3094:1:86,Salda Fabr.,,,,Heteroptera,Saldidae,,Salda,,Heteroptera | Saldidae | Salda,littoralis (L.),,79C4L,2069321,79C4L,2069321
B3094:1:89,Saldula Van Duzee,Van Duzee,,,,,genus,,B3094:1,accepted,,,B3094:1:81,Saldidae,,,,Heteroptera,Saldidae,,Saldula,,Heteroptera | Saldidae,Saldula Van Duzee,,7BTN,2069278,7BTN,2069278
B3094:1:90,Saldula orthochila (Fieb.),(Fieb.),Saldula,,orthochila,,species,,B3094:1,accepted,,,B3094:1:89,Saldula Van Duzee,,,,Heteroptera,Saldidae,,Saldula,,Heteroptera | Saldidae | Saldula,orthochila (Fieb.),,79BDX,4489167,79BDX,4489167
B3094:1:91,Saldula variabilis (H. S.),(H. S.),Saldula,,variabilis,,species,,B3094:1,accepted,,,B3094:1:89,Saldula Van Duzee,,,,Heteroptera,Saldidae,,Saldula,,Heteroptera | Saldidae | Saldula,variabilis (H. S.),,SK78Y,8112380,3X9D8,4489202
B3094:1:92,Saldula saltatoria (L.),(L.),Saldula,,saltatoria,,species,,B3094:1,accepted,,,B3094:1:89,Saldula Van Duzee,,,,Heteroptera,Saldidae,,Saldula,,Heteroptera | Saldidae | Saldula,saltatoria (L.),,79BCK,2069283,79BCK,2069283
B3094:1:93,Saldula pallipes (F.),(F.),Saldula,,pallipes,,species,,B3094:1,accepted,,,B3094:1:89,Saldula Van Duzee,,,,Heteroptera,Saldidae,,Saldula,,Heteroptera | Saldidae | Saldula,pallipes (F.),,79BDZ,2069307,79BDZ,2069307
B3094:1:94,Saldula arenicola (Scholtz),(Scholtz),Saldula,,arenicola,,species,,B3094:1,accepted,,,B3094:1:89,Saldula Van Duzee,,,,Heteroptera,Saldidae,,Saldula,,Heteroptera | Saldidae | Saldula,arenicola (Scholtz),,6XC3G,4489192,6XC3G,4489192
B3094:1:95,Nabidae,,,,,,family,,B3094:1,accepted,,,B3094:1:1,Heteroptera,,,,Heteroptera,Nabidae,,,,Heteroptera,Nabidae,,CBFTS,7891,CBFTS,7891
B3094:1:96,Prostemma Lap.,Lap.,,,,,genus,,B3094:1,accepted,,,B3094:1:95,Nabidae,,,,Heteroptera,Nabidae,,Prostemma,,Heteroptera | Nabidae,Prostemma Lap.,,RYJJY,2021039,RYJJY,2021039
B3094:1:97,Prostemma guttula (F.),(F.),Prostemma,,guttula,,species,,B3094:1,accepted,,,B3094:1:96,Prostemma Lap.,,,,Heteroptera,Nabidae,,Prostemma,,Heteroptera | Nabidae | Prostemma,guttula (F.),,RYJKR,4487120,RYJKR,4487120
B3094:1:98,Alloeorhynchus Fieb.,Fieb.,,,,,genus,,B3094:1,accepted,,,B3094:1:95,Nabidae,,,,Heteroptera,Nabidae,,Alloeorhynchus,,Heteroptera | Nabidae,Alloeorhynchus Fieb.,,LDFPP,2020949,LDFPP,2020949
B3094:1:99,Aptus Hahn,Hahn,,,,,genus,,B3094:1,accepted,,,B3094:1:95,Nabidae,,,,Heteroptera,Nabidae,,Aptus,,Heteroptera | Nabidae,Aptus Hahn,,LMWVM,3266131,LMWVM,3266131
B3094:1:100,Aptus mirmicoides (O. Costa),(O. Costa),Aptus,,mirmicoides,,species,,B3094:1,accepted,,,B3094:1:99,Aptus Hahn,,,,Heteroptera,Nabidae,,Aptus,,Heteroptera | Nabidae | Aptus,mirmicoides (O. Costa),,LMWW3,6096734,PQBHG,4487069
B3094:1:101,Nabis Latr.,Latr.,,,,,genus,,B3094:1,accepted,,,B3094:1:95,Nabidae,,,,Heteroptera,Nabidae,,Nabis,,Heteroptera | Nabidae,Nabis Latr.,,QKLXT,2020976,QKLXT,2020976
B3094:1:102,Nabis punctatus Costa,Costa,Nabis,,punctatus,,species,,B3094:1,accepted,,,B3094:1:101,Nabis Latr.,,,,Heteroptera,Nabidae,,Nabis,,Heteroptera | Nabidae | Nabis,punctatus Costa,,QKM3X,4487093,QKM3X,4487093
B3094:1:103,Nabis feroides Rem.,Rem.,Nabis,,feroides,,species,,B3094:1,synonym,B3094:1:102,Nabis punctatus Costa,,,,,,Heteroptera,Nabidae,,Nabis,,Heteroptera | Nabidae | Nabis,feroides Rem.,,DR4CX,11075574,QKM3X,4487093
B3094:1:104,Nabis mediterraneus Remane,Remane,Nabis,,mediterraneus,,species,,B3094:1,accepted,,,B3094:1:101,Nabis Latr.,,,,Heteroptera,Nabidae,,Nabis,,Heteroptera | Nabidae | Nabis,mediterraneus Remane,,QKM2T,4487097,QKM2T,4487097
B3094:1:105,Reduviidae,,,,,,family,,B3094:1,accepted,,,B3094:1:1,Heteroptera,,,,Heteroptera,Reduviidae,,,,Heteroptera,Reduviidae,,FKV,4324,FKV,4324
B3094:1:106,Empicoris Wolff,Wolff,,,,,genus,,B3094:1,accepted,,,B3094:1:105,Reduviidae,,,,Heteroptera,Reduviidae,,Empicoris,,Heteroptera | Reduviidae,Empicoris Wolff,,4BBZ,2008606,4BBZ,2008606
B3094:1:107,Ploiaria Scop.,Scop.,,,,,genus,,B3094:1,accepted,,,B3094:1:105,Reduviidae,,,,Heteroptera,Reduviidae,,Ploiaria,,Heteroptera | Reduviidae,Ploearia Scop.,,6T3N,2008557,6T3N,2008557
B3094:1:108,Ploiaria domestica Scop.,Scop.,Ploiaria,,domestica,,species,,B3094:1,accepted,,,B3094:1:107,Ploiaria Scop.,,,,Heteroptera,Reduviidae,,Ploiaria,,Heteroptera | Reduviidae | Ploiaria,domestica Scop.,,4KHNF,5152559,4KHNF,5152559
B3094:1:109,Polytoxus Spin.,Spin.,,,,,genus,,B3094:1,accepted,,,B3094:1:105,Reduviidae,,,,Heteroptera,Reduviidae,,Polytoxus,,Heteroptera | Reduviidae,Politoxus Spin.,,63P93,3266484,63P93,3266484
B3094:1:110,Pygolampis Germ.,Germ.,,,,,genus,,B3094:1,accepted,,,B3094:1:105,Reduviidae,,,,Heteroptera,Reduviidae,,Pygolampis,,Heteroptera | Reduviidae,Pygolampis Germ.,,6437V,2008656,6437V,2008656
B3094:1:111,Oncocephalus Klug.,Klug.,,,,,genus,,B3094:1,accepted,,,B3094:1:105,Reduviidae,,,,Heteroptera,Reduviidae,,Oncocephalus,,Heteroptera | Reduviidae,Oncocephalus Klug.,,6882,2008505,6882,2008505
B3094:1:112,Oncocephalus squalidus Rossi,Rossi,Oncocephalus,,squalidus,,species,,B3094:1,accepted,,,B3094:1:111,Oncocephalus Klug.,,,,Heteroptera,Reduviidae,,Oncocephalus,,Heteroptera | Reduviidae | Oncocephalus,squalidus Rossi,,6SMRK,7921694,6SMRK,7921694
B3094:1:113,Reduvius Fieb.,Fieb.,,,,,genus,,B3094:1,accepted,,,B3094:1:105,Reduviidae,,,,Heteroptera,Reduviidae,,Reduvius,,Heteroptera | Reduviidae,Reduvius Fieb.,,77GY,2008513,77GY,2008513
B3094:1:114,Reduvius personatus (L.),(L.),Reduvius,,personatus,,species,,B3094:1,accepted,,,B3094:1:113,Reduvius Fieb.,,,,Heteroptera,Reduviidae,,Reduvius,,Heteroptera | Reduviidae | Reduvius,personatus (L.),,4RPKK,2008516,4RPKK,2008516
B3094:1:115,Holotrichius Burm.,Burm.,,,,,genus,,B3094:1,accepted,,,B3094:1:105,Reduviidae,,,,Heteroptera,Reduviidae,,Holotrichius,,Heteroptera | Reduviidae,Holotrichius Burm.,,4Y4N,4407616,4Y4N,4407616
B3094:1:116,Holotrichius denudatus Costa,Costa,Holotrichius,,denudatus,,species,,B3094:1,accepted,,,B3094:1:115,Holotrichius Burm.,,,,Heteroptera,Reduviidae,,Holotrichius,,Heteroptera | Reduviidae | Holotrichius,denudatus Costa,,3MBJ3,4486980,3MBJ3,4486980
B3094:1:117,Pirates Scop.,Scop.,,,,,genus,,B3094:1,accepted,,,B3094:1:105,Reduviidae,,,,Heteroptera,Reduviidae,,Pirates,,Heteroptera | Reduviidae,Pirates Scop.,,RQJ5R,2008788,6K5S,2008822
B3094:1:118,Pirates hybridus (Scop.),(Scop.),Pirates,,hybridus,,species,,B3094:1,accepted,,,B3094:1:117,Pirates Scop.,,,,Heteroptera,Reduviidae,,Pirates,,Heteroptera | Reduviidae | Pirates,hybridus (Scop.),,RQJCB,9966215,75XMM,4486909
B3094:1:119,Ectomocoris May.,May.,,,,,genus,,B3094:1,accepted,,,B3094:1:105,Reduviidae,,,,Heteroptera,Reduviidae,,Ectomocoris,,Heteroptera | Reduviidae,Ectomocoris May.,,49Y7,2008814,49Y7,2008814
B3094:1:120,Ectomocoris ululans (Rossi),(Rossi),Ectomocoris,,ululans,,species,,B3094:1,accepted,,,B3094:1:119,Ectomocoris May.,,,,Heteroptera,Reduviidae,,Ectomocoris,,Heteroptera | Reduviidae | Ectomocoris,ululans (Rossi),,38QR6,4486905,38QR6,4486905
B3094:1:121,Coranus Curt.,Curt.,,,,,genus,,B3094:1,accepted,,,B3094:1:105,Reduviidae,,,,Heteroptera,Reduviidae,,Coranus,,Heteroptera | Reduviidae,Coranus Curt.,,62MK4,9112649,62MK4,9112649
B3094:1:122,Coranus aegyptius (F.),(F.),Coranus,,aegyptius,,species,,B3094:1,accepted,,,B3094:1:121,Coranus Curt.,,,,Heteroptera,Reduviidae,,Coranus,,Heteroptera | Reduviidae | Coranus,aegyptius (F.),,5ZZG7,4486949,5ZZG7,4486949
B3094:1:123,Coranus subapterus (De Geer),(De Geer),Coranus,,subapterus,,species,,B3094:1,accepted,,,B3094:1:121,Coranus Curt.,,,,Heteroptera,Reduviidae,,Coranus,,Heteroptera | Reduviidae | Coranus,subapterus (De Geer),,5ZZ8Q,4486954,5ZZ8Q,4486954
B3094:1:124,Rhinocoris Hahn,Hahn,,,,,genus,,B3094:1,accepted,,,B3094:1:105,Reduviidae,,,,Heteroptera,Reduviidae,,Rhinocoris,,Heteroptera | Reduviidae,Rhinocoris Hahn,,SFDLG,4774127,79Q2,2008594
B3094:1:125,Rhinocoris annulatus (L.),(L.),Rhinocoris,,annulatus,,species,,B3094:1,accepted,,,B3094:1:124,Rhinocoris Hahn,,,,Heteroptera,Reduviidae,,Rhinocoris,,Heteroptera | Reduviidae | Rhinocoris,annulatus (L.),,SFDLK,8578138,6X85T,4486932
B3094:1:126,Rhinocoris iracundus (Poda),(Poda),Rhinocoris,,iracundus,,species,,B3094:1,accepted,,,B3094:1:124,Rhinocoris Hahn,,,,Heteroptera,Reduviidae,,Rhinocoris,,Heteroptera | Reduviidae | Rhinocoris,iracundus (Poda),,SFDLT,9856017,6WW5W,2008601
B3094:1:127,Rhinocoris erythropus (L.),(L.),Rhinocoris,,erythropus,,species,,B3094:1,accepted,,,B3094:1:124,Rhinocoris Hahn,,,,Heteroptera,Reduviidae,,Rhinocoris,,Heteroptera | Reduviidae | Rhinocoris,erythropus (L.),,SFDLR,12329428,6X866,4486930
B3094:1:128,Sphedanolestes Stal,Stal,,,,,genus,,B3094:1,accepted,,,B3094:1:105,Reduviidae,,,,Heteroptera,Reduviidae,,Sphedanolestes,,Heteroptera | Reduviidae,Sphedanolestes Stal,,7KQ5,7912676,7KQ5,7912676
B3094:1:129,Sphedanolestes cingulatus (Fieber),(Fieber),Sphedanolestes,,cingulatus,,species,,B3094:1,accepted,,,B3094:1:128,Sphedanolestes Stal,,,,Heteroptera,Reduviidae,,Sphedanolestes,,Heteroptera | Reduviidae | Sphedanolestes,cingulatus (Fieber),,6Z9RM,4486963,6Z9RM,4486963
B3094:1:130,Tingidae,,,,,,family,,B3094:1,accepted,,,B3094:1:1,Heteroptera,,,,Heteroptera,Tingidae,,,,Heteroptera,Tingidae,,H9W,7899,H9W,7899
B3094:1:131,Agramma Westw.,Westw.,,,,,genus,,B3094:1,accepted,,,B3094:1:130,Tingidae,,,,Heteroptera,Tingidae,,Agramma,,Heteroptera | Tingidae,Agramma Westw.,,QWG,4309162,QWG,4309162
B3094:1:132,Agramma laetum (Fall.),(Fall.),Agramma,,laetum,,species,,B3094:1,accepted,,,B3094:1:131,Agramma Westw.,,,,Heteroptera,Tingidae,,Agramma,,Heteroptera | Tingidae | Agramma,laetum (Fall.),,B35S,4488912,B35S,4488912
B3094:1:133,Galeatus Curtis,Curtis,,,,,genus,,B3094:1,accepted,,,B3094:1:130,Tingidae,,,,Heteroptera,Tingidae,,Galeatus,,Heteroptera | Tingidae,Galeatus Curtis,,4LTM,2020771,4LTM,2020771
B3094:1:134,Galeatus spinifrons (Fall.),(Fall.),Galeatus,,spinifrons,,species,,B3094:1,accepted,,,B3094:1:133,Galeatus Curtis,,,,Heteroptera,Tingidae,,Galeatus,,Heteroptera | Tingidae | Galeatus,spinifrons (Fall.),,6JW4Z,2020772,6JW4Z,2020772
B3094:1:135,Acalypta Westw.,Westw.,,,,,genus,,B3094:1,accepted,,,B3094:1:130,Tingidae,,,,Heteroptera,Tingidae,,Acalypta,,Heteroptera | Tingidae,Acalypta Westw.,,LX4,2020735,LX4,2020735
B3094:1:136,Acalypta musci (Schr.),(Schr.),Acalypta,,musci,,species,,B3094:1,accepted,,,B3094:1:135,Acalypta Westw.,,,,Heteroptera,Tingidae,,Acalypta,,Heteroptera | Tingidae | Acalypta,musci (Schr.),,64BC6,4488988,64BC6,4488988
B3094:1:137,Kalama Puton,Puton,,,,,genus,,B3094:1,accepted,,,B3094:1:130,Tingidae,,,,Heteroptera,Tingidae,,Kalama,,Heteroptera | Tingidae,Kalama Puton,,Q82DL,4405242,Q82DL,4405242
B3094:1:138,Kalama tricornis (Schr.),(Schr.),Kalama,,tricornis,,species,,B3094:1,accepted,,,B3094:1:137,Kalama Puton,,,,Heteroptera,Tingidae,,Kalama,,Heteroptera | Tingidae | Kalama,tricornis (Schr.),,Q82JG,4489061,6D55T,2020732
B3094:1:139,Stephanitis Stal,Stal,,,,,genus,,B3094:1,accepted,,,B3094:1:130,Tingidae,,,,Heteroptera,Tingidae,,Stephanitis,,Heteroptera | Tingidae,Stephanitis Stal,,7N23,2020685,7N23,2020685
B3094:1:140,Stephanitis pyri (F.),(F.),Stephanitis,,pyri,,species,,B3094:1,accepted,,,B3094:1:139,Stephanitis Stal,,,,Heteroptera,Tingidae,,Stephanitis,,Heteroptera | Tingidae | Stephanitis,pyri (F.),,52BVP,2020690,52BVP,2020690
B3094:1:141,Monosteira Costa,Costa,,,,,genus,,B3094:1,accepted,,,B3094:1:130,Tingidae,,,,Heteroptera,Tingidae,,Monosteira,,Heteroptera | Tingidae,Monosteira Costa,,63D8K,4407766,63D8K,4407766
B3094:1:142,Tingis F.,F.,,,,,genus,,B3094:1,accepted,,,B3094:1:130,Tingidae,,,,Heteroptera,Tingidae,,Tingis,,Heteroptera | Tingidae,Tingis F.,,7X48,2008274,7X48,2008274
B3094:1:143,Tingis maculata (H. S.),(H. S.),Tingis,,maculata,,species,,B3094:1,accepted,,,B3094:1:142,Tingis F.,,,,Heteroptera,Tingidae,,Tingis,,Heteroptera | Tingidae | Tingis,maculata (H. S.),,T7SJ6,4489118,3F3C3,4489015
B3094:1:144,Tingis reticulata (H. S.),(H. S.),Tingis,,reticulata,,species,,B3094:1,accepted,,,B3094:1:142,Tingis F.,,,,Heteroptera,Tingidae,,Tingis,,Heteroptera | Tingidae | Tingis,reticulata (H. S.),,572ZN,4489108,572ZN,4489108
B3094:1:145,Tingis auriculata (Costa),(Costa),Tingis,,auriculata,,species,,B3094:1,accepted,,,B3094:1:142,Tingis F.,,,,Heteroptera,Tingidae,,Tingis,,Heteroptera | Tingidae | Tingis,auriculata (Costa),,57324,2020590,57324,2020590
B3094:1:146,Tingis cardui (L.),(L.),Tingis,,cardui,,species,,B3094:1,accepted,,,B3094:1:142,Tingis F.,,,,Heteroptera,Tingidae,,Tingis,,Heteroptera | Tingidae | Tingis,cardui (L.),,7CCSK,2020591,7CCSK,2020591
B3094:1:147,Lasiacantha Stal,Stal,,,,,genus,,B3094:1,accepted,,,B3094:1:130,Tingidae,,,,Heteroptera,Tingidae,,Lasiacantha,,Heteroptera | Tingidae,Lasiacantha Stal,,62XF2,4488861,62XF2,4488861
B3094:1:148,Catoplatus Spin.,Spin.,,,,,genus,,B3094:1,accepted,,,B3094:1:130,Tingidae,,,,Heteroptera,Tingidae,,Catoplatus,,Heteroptera | Tingidae,Catoplatus Spin.,,3JJV,9690119,3JJV,9690119
B3094:1:149,Catoplatus fabricii (Stal),(Stal),Catoplatus,,fabricii,,species,,B3094:1,accepted,,,B3094:1:148,Catoplatus Spin.,,,,Heteroptera,Tingidae,,Catoplatus,,Heteroptera | Tingidae | Catoplatus,fabricii (Stal),,RV8W,4488886,RV8W,4488886
B3094:1:150,Copium Thunb.,Thunb.,,,,,genus,,B3094:1,accepted,,,B3094:1:130,Tingidae,,,,Heteroptera,Tingidae,,Copium,,Heteroptera | Tingidae,Copium Thunb.,,8NNDV,4389434,8NQ9D,4389419
B3094:1:151,Copium clavicorne (L.),(L.),Copium,,clavicorne,,species,,B3094:1,accepted,,,B3094:1:150,Copium Thunb.,,,,Heteroptera,Tingidae,,Copium,,Heteroptera | Tingidae | Copium,clavicorne (L.),,Y4XH,4488968,Y4XH,4488968
B3094:1:152,Dictyla Stal,Stal,,,,,genus,,B3094:1,accepted,,,B3094:1:130,Tingidae,,,,Heteroptera,Tingidae,,Dictyla,,Heteroptera | Tingidae,Dictyla Stal,,44XK,2020606,44XK,2020606
B3094:1:153,Dictyla echii (Schr.),(Schr.),Dictyla,,echii,,species,,B3094:1,accepted,,,B3094:1:152,Dictyla Stal,,,,Heteroptera,Tingidae,,Dictyla,,Heteroptera | Tingidae | Dictyla,echii (Schr.),,6CTGQ,2020607,6CTGQ,2020607
B3094:1:154,Physatocheila Fieb.,Fieb.,,,,,genus,,B3094:1,accepted,,,B3094:1:130,Tingidae,,,,Heteroptera,Tingidae,,Physatocheila,,Heteroptera | Tingidae,Physatocheila Fieb.,,6PWN,2020696,6PWN,2020696
B3094:1:155,Physatocheila dumetorum (H. S.),(H. S.),Physatocheila,,dumetorum,,species,,B3094:1,accepted,,,B3094:1:154,Physatocheila Fieb.,,,,Heteroptera,Tingidae,,Physatocheila,,Heteroptera | Tingidae | Physatocheila,dumetorum (H. S.),,4HGGC,4488895,4HGGC,4488895
B3094:1:156,Onchochila Stal,Stal,,,,,genus,,B3094:1,accepted,,,B3094:1:130,Tingidae,,,,Heteroptera,Tingidae,,Onchochila,,Heteroptera | Tingidae,Onchochila Stal,,6872,7413688,6872,7413688
B3094:1:157,Piesmidae,,,,,,family,,B3094:1,accepted,,,B3094:1:1,Heteroptera,,,,Heteroptera,Piesmidae,,,,Heteroptera,Piesmidae,,D3STQ,6075707,D3STQ,6075707
B3094:1:158,Piesma,,,,,,genus,,B3094:1,accepted,,,B3094:1:157,Piesmidae,,,,Heteroptera,Piesmidae,,Piesma,,Heteroptera | Piesmidae,Piesma,,8NWWC,2008264,8NWWC,2008264
B3094:1:159,Piesma maculata (Lap.),(Lap.),Piesma,,maculata,,species,,B3094:1,accepted,,,B3094:1:158,Piesma,,,,Heteroptera,Piesmidae,,Piesma,,Heteroptera | Piesmidae | Piesma,maculata (Lap.),,8PHNL,4485667,8PHNL,4485667
B3094:1:160,Piesma quadrata (Fieber),(Fieber),Piesma,,quadrata,,species,,B3094:1,accepted,,,B3094:1:158,Piesma,,,,Heteroptera,Piesmidae,,Piesma,,Heteroptera | Piesmidae | Piesma,quadrata (Fieber),,8PRMM,4309161,8PGND,4485681
B3094:1:161,Microphysidae,,,,,,family,,B3094:1,accepted,,,B3094:1:1,Heteroptera,,,,Heteroptera,Microphysidae,,,,Heteroptera,Microphysidae,,QMP6N,7890,QMP6N,7890
B3094:1:162,Loricula Curtis,Curtis,,,,,genus,,B3094:1,accepted,,,B3094:1:161,Microphysidae,,,,Heteroptera,Microphysidae,,Loricula,,Heteroptera | Microphysidae,Loricula Curtis,,Q7WGV,2008864,Q7WGV,2008864
B3094:1:163,Loricula elegantula (Bär.),(Bär.),Loricula,,elegantula,,species,,B3094:1,accepted,,,B3094:1:162,Loricula Curtis,,,,Heteroptera,Microphysidae,,Loricula,,Heteroptera | Microphysidae | Loricula,elegantula (Bär.),,Q7WJF,5759035,Q7WJF,5759035
B3094:1:164,Myrmedobia Bar.,Bar.,,,,,genus,,B3094:1,accepted,,,B3094:1:161,Microphysidae,,,,Heteroptera,Microphysidae,,Myrmedobia,,Heteroptera | Microphysidae,Myrmedobia Bar.,,Q7WK7,2008858,Q7WK7,2008858
B3094:1:165,Myrmedobia distinguenda Reut.,Reut.,Myrmedobia,,distinguenda,,species,,B3094:1,accepted,,,B3094:1:164,Myrmedobia Bar.,,,,Heteroptera,Microphysidae,,Myrmedobia,,Heteroptera | Microphysidae | Myrmedobia,distinguenda Reut.,,R8C2H,7596090,R8C2H,8730688
B3094:1:166,Aradidae,,,,,,family,,B3094:1,accepted,,,B3094:1:1,Heteroptera,,,,Heteroptera,Aradidae,,,,Heteroptera,Aradidae,,BXVZ4,7877,BXVZ4,7877
B3094:1:167,Aradus F.,F.,,,,,genus,,B3094:1,accepted,,,B3094:1:166,Aradidae,,,,Heteroptera,Aradidae,,Aradus,,Heteroptera | Aradidae,Aradus F.,,LP5YJ,2020009,LP5YJ,2020009
B3094:1:168,Aradus cinnamomeus Panz.,Panz.,Aradus,,cinnamomeus,,species,,B3094:1,accepted,,,B3094:1:167,Aradus F.,,,,Heteroptera,Aradidae,,Aradus,,Heteroptera | Aradidae | Aradus,cinnamomeus Panz.,,LP6HQ,4485566,LP6HQ,4485566
B3094:1:169,Aradus crenatus Say.,Say.,Aradus,,crenatus,,species,,B3094:1,accepted,,,B3094:1:167,Aradus F.,,,,Heteroptera,Aradidae,,Aradus,,Heteroptera | Aradidae | Aradus,crenatus Say.,,LP62X,2020040,LP62X,4485555
B3094:1:170,Aradus frigidus Kir.,Kir.,Aradus,,frigidus,,species,,B3094:1,accepted,,,B3094:1:167,Aradus F.,,,,Heteroptera,Aradidae,,Aradus,,Heteroptera | Aradidae | Aradus,frigidus Kir.,,LP6MZ,7459719,LP6Y4,7459719
B3094:1:171,Aneurus Curtis,Curtis,,,,,genus,,B3094:1,accepted,,,B3094:1:166,Aradidae,,,,Heteroptera,Aradidae,,Aneurus,,Heteroptera | Aradidae,Aneurus Curtis,,L9PF9,2020152,L9PF9,2020152
B3094:1:172,Aneurus laevis (F.),(F.),Aneurus,,laevis,,species,,B3094:1,accepted,,,B3094:1:171,Aneurus Curtis,,,,Heteroptera,Aradidae,,Aneurus,,Heteroptera | Aradidae | Aneurus,laevis (F.),,L9PGM,2020153,L9PGM,2020153
B3094:1:173,Dipsocoridae,,,,,,family,,B3094:1,accepted,,,B3094:1:1,Heteroptera,,,,Heteroptera,Dipsocoridae,,,,Heteroptera,Dipsocoridae,,9CM,4309,9CM,4309
B3094:1:174,Cryptostemmatidae,,,,,,family,,B3094:1,synonym,B3094:1:173,Dipsocoridae,,,,,,Heteroptera,Cryptostemmatidae,,,,Heteroptera,Cryptostemmatidae,,B8WS6,4289916,9CM,4309
B3094:1:175,Ceratocombus Signoret,Signoret,,,,,genus,,B3094:1,accepted,,,B3094:1:173,Dipsocoridae,,,,Heteroptera,Dipsocoridae,,Ceratocombus,,Heteroptera | Dipsocoridae,Ceratocombus Signoret,,3KRX,2020261,3KRX,2020261
B3094:1:176,Ceratocombus coleoptratus (Zett.),(Zett.),Ceratocombus,,coleoptratus,,species,,B3094:1,accepted,,,B3094:1:175,Ceratocombus Signoret,,,,Heteroptera,Dipsocoridae,,Ceratocombus,,Heteroptera | Dipsocoridae | Ceratocombus,coleoptratus (Zett.),,SMR2,2020263,SMR2,2020263
B3094:1:177,Cryptostemma H. S.,H. S.,,,,,genus,,B3094:1,accepted,,,B3094:1:173,Dipsocoridae,,,,Heteroptera,Dipsocoridae,,Cryptostemma,,Heteroptera | Dipsocoridae,Cryptostemma H. S.,,3WTK,2020253,3WTK,2020253
B3094:1:178,Cryptostemma alienum H. S.,H. S.,Cryptostemma,,alienum,,species,,B3094:1,accepted,,,B3094:1:177,Cryptostemma H. S.,,,,Heteroptera,Dipsocoridae,,Cryptostemma,,Heteroptera | Dipsocoridae | Cryptostemma,alienum H. S.,,322TG,2020255,322TG,2020255
B3094:1:179,Cimicidae,,,,,,family,,B3094:1,accepted,,,B3094:1:1,Heteroptera,,,,Heteroptera,Cimicidae,,,,Heteroptera,Cimicidae,,7NGSF,9648,7NGSF,9648
B3094:1:180,Cimex L.,L.,,,,,genus,,B3094:1,accepted,,,B3094:1:179,Cimicidae,,,,Heteroptera,Cimicidae,,Cimex,,Heteroptera | Cimicidae,Cimex L.,,7NSX3,2007745,7NSX3,2007745
B3094:1:181,Cimex lectularius (L.),(L.),Cimex,,lectularius,,species,,B3094:1,accepted,,,B3094:1:180,Cimex L.,,,,Heteroptera,Cimicidae,,Cimex,,Heteroptera | Cimicidae | Cimex,lectularius (L.),,7SBMG,2021062,7SBMG,2021062
B3094:1:182,Oeciacus Stal.,Stal.,,,,,genus,,B3094:1,accepted,,,B3094:1:179,Cimicidae,,,,Heteroptera,Cimicidae,,Oeciacus,,Heteroptera | Cimicidae,Oeciacus Stal.,,7PN2L,2021052,7NSX3,2007745
B3094:1:183,Oeciacus birundinis Jean.,Jean.,Oeciacus,,birundinis,,species,,B3094:1,accepted,,,B3094:1:182,Oeciacus Stal.,,,,Heteroptera,Cimicidae,,Oeciacus,,Heteroptera | Cimicidae | Oeciacus,birundinis Jean.,,7W53P,11355062,7SBM8,2021054
B3094:1:184,Pyrrhocoridae,,,,,,family,,B3094:1,accepted,,,B3094:1:1,Heteroptera,,,,Heteroptera,Pyrrhocoridae,,,,Heteroptera,Pyrrhocoridae,,BXWTL,7895,BXWTL,7895
B3094:1:185,Pyrrhocoris Fall,Fall,,,,,genus,,B3094:1,accepted,,,B3094:1:184,Pyrrhocoridae,,,,Heteroptera,Pyrrhocoridae,,Pyrrhocoris,,Heteroptera | Pyrrhocoridae,Pyrrhocoris Fall,,SBMCT,4407618,SBMCT,4407618
B3094:1:186,Pyrrhocoris apterus (L.),(L.),Pyrrhocoris,,apterus,,species,,B3094:1,accepted,,,B3094:1:185,Pyrrhocoris Fall,,,,Heteroptera,Pyrrhocoridae,,Pyrrhocoris,,Heteroptera | Pyrrhocoridae | Pyrrhocoris,apterus (L.),,SBMD6,4486826,SBMD6,4486826
B3094:1:187,Scantius Stal,Stal,,,,,genus,,B3094:1,accepted,,,B3094:1:184,Pyrrhocoridae,,,,Heteroptera,Pyrrhocoridae,,Scantius,,Heteroptera | Pyrrhocoridae,Scantius Stal,,STLKS,9144495,STLKS,9144495
B3094:1:188,Scantius aegyptius (L.),(L.),Scantius,,aegyptius,,species,,B3094:1,accepted,,,B3094:1:187,Scantius Stal,,,,Heteroptera,Pyrrhocoridae,,Scantius,,Heteroptera | Pyrrhocoridae | Scantius,aegyptius (L.),,STLKY,4486818,STLKY,4486818
B3094:1:189,Miridae,,,,,,family,,B3094:1,accepted,,,B3094:1:1,Heteroptera,,,,Heteroptera,Miridae,,,,Heteroptera,Miridae,,624LX,4319,624LX,4319
B3094:1:190,Capsidae,,,,,,family,,B3094:1,synonym,B3094:1:189,Miridae,,,,,,Heteroptera,Capsidae,,,,Heteroptera,Capsidae,,M8W75,3265189,624LX,4319
B3094:1:191,Mirinae,,,,,,subfamily,,B3094:1,accepted,,,B3094:1:189,Miridae,,,,Heteroptera,Miridae,Mirinae,,,Heteroptera | Miridae,Mirinae,,,,,
B3094:1:192,Stenodemini,,,,,,tribe,,B3094:1,accepted,,,B3094:1:191,Mirinae,,,,Heteroptera,Miridae,Mirinae,,,Heteroptera | Miridae | Mirinae,Stenodemini,,,,,
B3094:1:193,Stenodema Lap.,Lap.,,,,,genus,,B3094:1,accepted,,,B3094:1:192,Stenodemini,,,,Heteroptera,Miridae,Mirinae,Stenodema,,Heteroptera | Miridae | Mirinae | Stenodemini,Stenodema Lap.,,87FQ6,1238548,87FQ6,1238548
B3094:1:194,Stenodema calcaratum (Fall.),(Fall.),Stenodema,,calcaratum,,species,,B3094:1,accepted,,,B3094:1:193,Stenodema Lap.,,,,Heteroptera,Miridae,Mirinae,Stenodema,,Heteroptera | Miridae | Mirinae | Stenodemini | Stenodema,calcaratum (Fall.),,4ZXXY,6096767,4ZXXY,6096767
B3094:1:195,Stenodema holsatum (F.),(F.),Stenodema,,holsatum,,species,,B3094:1,accepted,,,B3094:1:193,Stenodema Lap.,,,,Heteroptera,Miridae,Mirinae,Stenodema,,Heteroptera | Miridae | Mirinae | Stenodemini | Stenodema,holsatum (F.),,6ZLW7,6096772,6ZLW7,6096772
B3094:1:196,Stenodema virens (L.),(L.),Stenodema,,virens,,species,,B3094:1,accepted,,,B3094:1:193,Stenodema Lap.,,,,Heteroptera,Miridae,Mirinae,Stenodema,,Heteroptera | Miridae | Mirinae | Stenodemini | Stenodema,virens (L.),,4ZY2R,2009122,4ZY2R,2009122
B3094:1:197,Stenodema laevigatum (L.),(L.),Stenodema,,laevigatum,,species,,B3094:1,accepted,,,B3094:1:193,Stenodema Lap.,,,,Heteroptera,Miridae,Mirinae,Stenodema,,Heteroptera | Miridae | Mirinae | Stenodemini | Stenodema,laevigatum (L.),,4ZXZ6,6096770,4ZXZ6,6096770
B3094:1:198,Leptoterna Fieb.,Fieb.,,,,,genus,,B3094:1,accepted,,,B3094:1:192,Stenodemini,,,,Heteroptera,Miridae,Mirinae,Leptoterna,,Heteroptera | Miridae | Mirinae | Stenodemini,Leptoterna Fieb.,,DLYJX,4776231,5DB4,2011226
B3094:1:199,Leptoterna dolobrata (L.),(L.),Leptoterna,,dolobrata,,species,,B3094:1,accepted,,,B3094:1:198,Leptoterna Fieb.,,,,Heteroptera,Miridae,Mirinae,Leptoterna,,Heteroptera | Miridae | Mirinae | Stenodemini | Leptoterna,dolobrata (L.),,QHN55,12109564,6PHM6,2011230
B3094:1:200,Notostira Fieb.,Fieb.,,,,,genus,,B3094:1,accepted,,,B3094:1:192,Stenodemini,,,,Heteroptera,Miridae,Mirinae,Notostira,,Heteroptera | Miridae | Mirinae | Stenodemini,Notostira Fieb.,,65KK,4404914,65KK,4404914
B3094:1:201,Notostira erratica (L.),(L.),Notostira,,erratica,,species,,B3094:1,accepted,,,B3094:1:200,Notostira Fieb.,,,,Heteroptera,Miridae,Mirinae,Notostira,,Heteroptera | Miridae | Mirinae | Stenodemini | Notostira,erratica (L.),,6SDD5,4487324,6SDD5,4487324
B3094:1:202,Megaloceroea Fieb.,Fieb.,,,,,genus,,B3094:1,accepted,,,B3094:1:192,Stenodemini,,,,Heteroptera,Miridae,Mirinae,Megaloceroea,,Heteroptera | Miridae | Mirinae | Stenodemini,Megaloceroea Fieb.,,5MRV,2011596,5MRV,2011596
B3094:1:203,Megaloceroea linearis (Füss.),(Füss.),Megaloceroea,,linearis,,species,,B3094:1,accepted,,,B3094:1:202,Megaloceroea Fieb.,,,,Heteroptera,Miridae,Mirinae,Megaloceroea,,Heteroptera | Miridae | Mirinae | Stenodemini | Megaloceroea,linearis (Füss.),,737QC,8079655,6QW2B,2011597
B3094:1:204,Capsodini,,,,,,tribe,,B3094:1,accepted,,,B3094:1:191,Mirinae,,,,Heteroptera,Miridae,Mirinae,,,Heteroptera | Miridae | Mirinae,Capsodini,,,,,
B3094:1:205,Capsodes Dahl.,Dahl.,,,,,genus,,B3094:1,accepted,,,B3094:1:204,Capsodini,,,,Heteroptera,Miridae,Mirinae,Capsodes,,Heteroptera | Miridae | Mirinae | Capsodini,Capsodes Dahl.,,62L6G,4405741,62L6G,4405741
B3094:1:206,Capsodes flavomarginatus (Don.),(Don.),Capsodes,,flavomarginatus,,species,,B3094:1,accepted,,,B3094:1:205,Capsodes Dahl.,,,,Heteroptera,Miridae,Mirinae,Capsodes,,Heteroptera | Miridae | Mirinae | Capsodini | Capsodes,flavomarginatus (Don.),,QT9K,4487629,QT9K,4487629
B3094:1:207,Capsodes gothicus (L.),(L.),Capsodes,,gothicus,,species,,B3094:1,accepted,,,B3094:1:205,Capsodes Dahl.,,,,Heteroptera,Miridae,Mirinae,Capsodes,,Heteroptera | Miridae | Mirinae | Capsodini | Capsodes,gothicus (L.),,QT9L,4487634,QT9L,4487634
B3094:1:208,Capsodes cingulatus (F.),(F.),Capsodes,,cingulatus,,species,,B3094:1,accepted,,,B3094:1:205,Capsodes Dahl.,,,,Heteroptera,Miridae,Mirinae,Capsodes,,Heteroptera | Miridae | Mirinae | Capsodini | Capsodes,cingulatus (F.),,M8WCF,6096785,3MPBS,4487502
B3094:1:209,Capsodes lineolatus (Brullé),(Brullé),Capsodes,,lineolatus,,species,,B3094:1,accepted,,,B3094:1:205,Capsodes Dahl.,,,,Heteroptera,Miridae,Mirinae,Capsodes,,Heteroptera | Miridae | Mirinae | Capsodini | Capsodes,lineolatus (Brullé),,M8WK7,6096786,3MPBS,4487502
B3094:1:210,Mirini,,,,,,tribe,,B3094:1,accepted,,,B3094:1:191,Mirinae,,,,Heteroptera,Miridae,Mirinae,,,Heteroptera | Miridae | Mirinae,Mirini,,8X6PB,,8XHQ3,
B3094:1:211,Miraria,,,,,,subtribe,,B3094:1,accepted,,,B3094:1:210,Mirini,,,,Heteroptera,Miridae,Mirinae,,,Heteroptera | Miridae | Mirinae | Mirini,Miraria,,,,,
B3094:1:212,Miridius Fieb.,Fieb.,,,,,genus,,B3094:1,accepted,,,B3094:1:211,Miraria,,,,Heteroptera,Miridae,Mirinae,Miridius,,Heteroptera | Miridae | Mirinae | Mirini | Miraria,Miridius Fieb.,,5TMZ,4408207,5TMZ,4408207
B3094:1:213,Miridius quadrivirgatus (Costa),(Costa),Miridius,,quadrivirgatus,,species,,B3094:1,accepted,,,B3094:1:212,Miridius Fieb.,,,,Heteroptera,Miridae,Mirinae,Miridius,,Heteroptera | Miridae | Mirinae | Mirini | Miraria | Miridius,quadrivirgatus (Costa),,43M3T,4487556,43M3T,4487556
B3094:1:214,Stenotus Jakz.,Jakz.,,,,,genus,,B3094:1,accepted,,,B3094:1:211,Miraria,,,,Heteroptera,Miridae,Mirinae,Stenotus,,Heteroptera | Miridae | Mirinae | Mirini | Miraria,Stenotus Jakz.,,7MYC,2008879,7MYC,2008879
B3094:1:215,Stenotus binotatus (F.),(F.),Stenotus,,binotatus,,species,,B3094:1,accepted,,,B3094:1:214,Stenotus Jakz.,,,,Heteroptera,Miridae,Mirinae,Stenotus,,Heteroptera | Miridae | Mirinae | Mirini | Miraria | Stenotus,binotatus (F.),,6ZMPB,2008880,6ZMPB,2008880
B3094:1:216,Phytocoris Fall.,Fall.,,,,,genus,,B3094:1,accepted,,,B3094:1:211,Miraria,,,,Heteroptera,Miridae,Mirinae,Phytocoris,,Heteroptera | Miridae | Mirinae | Mirini | Miraria,Phytocoris Fall.,,6Q3Z,2011610,6Q3Z,2011610
B3094:1:217,Phytocoris tiliae (F.),(F.),Phytocoris,,tiliae,,species,,B3094:1,accepted,,,B3094:1:216,Phytocoris Fall.,,,,Heteroptera,Miridae,Mirinae,Phytocoris,,Heteroptera | Miridae | Mirinae | Mirini | Miraria | Phytocoris,tiliae (F.),,4HLCB,2011797,4HLCB,2011797
B3094:1:218,Phytocoris populi (L.),(L.),Phytocoris,,populi,,species,,B3094:1,accepted,,,B3094:1:216,Phytocoris Fall.,,,,Heteroptera,Miridae,Mirinae,Phytocoris,,Heteroptera | Miridae | Mirinae | Mirini | Miraria | Phytocoris,populi (L.),,4HL68,2011646,4HL68,2011646
B3094:1:219,Phytocoris ulmi (L.),(L.),Phytocoris,,ulmi,,species,,B3094:1,accepted,,,B3094:1:216,Phytocoris Fall.,,,,Heteroptera,Miridae,Mirinae,Phytocoris,,Heteroptera | Miridae | Mirinae | Mirini | Miraria | Phytocoris,ulmi (L.),,4HLD8,2011697,4HLD8,2011697
B3094:1:220,Phytocoris varipes Boh.,Boh.,Phytocoris,,varipes,,species,,B3094:1,accepted,,,B3094:1:216,Phytocoris Fall.,,,,Heteroptera,Miridae,Mirinae,Phytocoris,,Heteroptera | Miridae | Mirinae | Mirini | Miraria | Phytocoris,varipes Boh.,,4HLDP,2011614,4HLDP,2011614
B3094:1:221,Miris F.,F.,,,,,genus,,B3094:1,accepted,,,B3094:1:211,Miraria,,,,Heteroptera,Miridae,Mirinae,Miris,,Heteroptera | Miridae | Mirinae | Mirini | Miraria,Miris F.,,5TNC,2009832,5TNC,2009832
B3094:1:222,Miris striatus (L.),(L.),Miris,,striatus,,species,,B3094:1,accepted,,,B3094:1:221,Miris F.,,,,Heteroptera,Miridae,Mirinae,Miris,,Heteroptera | Miridae | Mirinae | Mirini | Miraria | Miris,striatus (L.),,43M7M,4487687,43M7M,4487687
B3094:1:223,Adelphocoris Reut.,Reut.,,,,,genus,,B3094:1,accepted,,,B3094:1:211,Miraria,,,,Heteroptera,Miridae,Mirinae,Adelphocoris,,Heteroptera | Miridae | Mirinae | Mirini | Miraria,Adelphocoris Reut.,,P4Q,2009419,P4Q,2009419
B3094:1:224,Adelphocoris vandalicus (Rossi),(Rossi),Adelphocoris,,vandalicus,,species,,B3094:1,accepted,,,B3094:1:223,Adelphocoris Reut.,,,,Heteroptera,Miridae,Mirinae,Adelphocoris,,Heteroptera | Miridae | Mirinae | Mirini | Miraria | Adelphocoris,vandalicus (Rossi),,652PM,4487351,652PM,4487351
B3094:1:225,Adelphocoris seticornis (F.),(F.),Adelphocoris,,seticornis,,species,,B3094:1,accepted,,,B3094:1:223,Adelphocoris Reut.,,,,Heteroptera,Miridae,Mirinae,Adelphocoris,,Heteroptera | Miridae | Mirinae | Mirini | Miraria | Adelphocoris,seticornis (F.),,652PN,2009421,652PN,2009421
B3094:1:226,Adelphocoris lineolatus (Gz.),(Gz.),Adelphocoris,,lineolatus,,species,,B3094:1,accepted,,,B3094:1:223,Adelphocoris Reut.,,,,Heteroptera,Miridae,Mirinae,Adelphocoris,,Heteroptera | Miridae | Mirinae | Mirini | Miraria | Adelphocoris,lineolatus (Gz.),,9YQG,9695352,9YQG,9695352
B3094:1:227,Alloeonotus Fieb.,Fieb.,,,,,genus,,B3094:1,accepted,,,B3094:1:211,Miraria,,,,Heteroptera,Miridae,Mirinae,Alloeonotus,,Heteroptera | Miridae | Mirinae | Mirini | Miraria,Alloeonotus Fieb.,,SBM,4487517,SBM,4487517
B3094:1:228,Alloeonotus egregius Fieb.,Fieb.,Alloeonotus,,egregius,,species,,B3094:1,accepted,,,B3094:1:227,Alloeonotus Fieb.,,,,Heteroptera,Miridae,Mirinae,Alloeonotus,,Heteroptera | Miridae | Mirinae | Mirini | Miraria | Alloeonotus,egregius Fieb.,,BWJJ,4487518,BWJJ,4487518
B3094:1:229,Hadrodemus Fieb.,Fieb.,,,,,genus,,B3094:1,accepted,,,B3094:1:211,Miraria,,,,Heteroptera,Miridae,Mirinae,Hadrodemus,,Heteroptera | Miridae | Mirinae | Mirini | Miraria,Hadrodemus Fieb.,,4SCR,4404685,4SCR,4404685
B3094:1:230,Hadrodemus mflavum (Gz.),(Gz.),Hadrodemus,,mflavum,,species,,B3094:1,accepted,,,B3094:1:229,Hadrodemus Fieb.,,,,Heteroptera,Miridae,Mirinae,Hadrodemus,,Heteroptera | Miridae | Mirinae | Mirini | Miraria | Hadrodemus,mflavum (Gz.),,3J6YC,4487365,3J6YC,4487365
B3094:1:231,Calocoris Fieb.,Fieb.,,,,,genus,,B3094:1,accepted,,,B3094:1:211,Miraria,,,,Heteroptera,Miridae,Mirinae,Calocoris,,Heteroptera | Miridae | Mirinae | Mirini | Miraria,Calocoris Fieb.,,3FT3,2008966,3FT3,2008966
B3094:1:232,Calocoris lineolatus (Costa),(Costa),Calocoris,,lineolatus,,species,,B3094:1,accepted,,,B3094:1:231,Calocoris Fieb.,,,,Heteroptera,Miridae,Mirinae,Calocoris,,Heteroptera | Miridae | Mirinae | Mirini | Miraria | Calocoris,lineolatus (Costa),,PXN7,7936731,3MQML,4487649
B3094:1:233,Calocoris sexguttatus (F.),(F.),Calocoris,,sexguttatus,,species,,B3094:1,accepted,,,B3094:1:231,Calocoris Fieb.,,,,Heteroptera,Miridae,Mirinae,Calocoris,,Heteroptera | Miridae | Mirinae | Mirini | Miraria | Calocoris,sexguttatus (F.),,MDXP4,6096788,3HHPC,4487546
B3094:1:234,Calocoris biclavatus (H. S.),(H. S.),Calocoris,,biclavatus,,species,,B3094:1,accepted,,,B3094:1:231,Calocoris Fieb.,,,,Heteroptera,Miridae,Mirinae,Calocoris,,Heteroptera | Miridae | Mirinae | Mirini | Miraria | Calocoris,biclavatus (H. S.),,MDXTW,6096774,WBFQ,4487573
B3094:1:235,Calocoris nemoralis (F.),(F.),Calocoris,,nemoralis,,species,,B3094:1,accepted,,,B3094:1:231,Calocoris Fieb.,,,,Heteroptera,Miridae,Mirinae,Calocoris,,Heteroptera | Miridae | Mirinae | Mirini | Miraria | Calocoris,nemoralis (F.),,PXNF,4487380,PXNF,4487380
B3094:1:236,Calocoris hispanicus Gmel.,Gmel.,Calocoris,,hispanicus,,species,,B3094:1,synonym,B3094:1:235,Calocoris nemoralis (F.),,,,,,Heteroptera,Miridae,Mirinae,Calocoris,,Heteroptera | Miridae | Mirinae | Mirini | Miraria | Calocoris,hispanicus Gmel.,,PXML,8241645,PXNF,4487380
B3094:1:237,Calocoris alpestris (Mey.),(Mey.),Calocoris,,alpestris,,species,,B3094:1,accepted,,,B3094:1:231,Calocoris Fieb.,,,,Heteroptera,Miridae,Mirinae,Calocoris,,Heteroptera | Miridae | Mirinae | Mirini | Miraria | Calocoris,alpestris (Mey.),,PXKK,4487378,PXKK,4487378
B3094:1:238,Calocoris norvegicus,,Calocoris,,norvegicus,,species,,B3094:1,accepted,,,B3094:1:231,Calocoris Fieb.,,,,Heteroptera,Miridae,Mirinae,Calocoris,,Heteroptera | Miridae | Mirinae | Mirini | Miraria | Calocoris,norvegicus,,PXNN,2008967,WBG7,7894883
B3094:1:239,Calocoris norvegicus subsp. vittiger Reut.,Reut.,Calocoris,,norvegicus,vittiger,subspecies,,B3094:1,accepted,,,B3094:1:238,Calocoris norvegicus,,,,Heteroptera,Miridae,Mirinae,Calocoris,,Heteroptera | Miridae | Mirinae | Mirini | Miraria | Calocoris | Calocoris norvegicus,vittiger Reut.,,MDXJT,12076481,77HH2,7894883
B3094:1:240,Calocoris roseomaculatus (De Geer),(De Geer),Calocoris,,roseomaculatus,,species,,B3094:1,accepted,,,B3094:1:231,Calocoris Fieb.,,,,Heteroptera,Miridae,Mirinae,Calocoris,,Heteroptera | Miridae | Mirinae | Mirini | Miraria | Calocoris,roseomaculatus (De Geer),,PXP8,4487373,PXP8,4487373
B3094:1:241,Capsaria,,,,,,subtribe,,B3094:1,accepted,,,B3094:1:210,Mirini,,,,Heteroptera,Miridae,Mirinae,,,Heteroptera | Miridae | Mirinae | Mirini,Capsaria,,,,,
B3094:1:242,Capsus F.,F.,,,,,genus,,B3094:1,accepted,,,B3094:1:241,Capsaria,,,,Heteroptera,Miridae,Mirinae,Capsus,,Heteroptera | Miridae | Mirinae | Mirini | Capsaria,Capsus F.,,3H7K,2012020,3H7K,2012020
B3094:1:243,Capsus ater (L.),(L.),Capsus,,ater,,species,,B3094:1,accepted,,,B3094:1:242,Capsus F.,,,,Heteroptera,Miridae,Mirinae,Capsus,,Heteroptera | Miridae | Mirinae | Mirini | Capsaria | Capsus,ater (L.),,QTC7,2012021,QTC7,2012021
B3094:1:244,Liocoris Fieb.,Fieb.,,,,,genus,,B3094:1,accepted,,,B3094:1:241,Capsaria,,,,Heteroptera,Miridae,Mirinae,Liocoris,,Heteroptera | Miridae | Mirinae | Mirini | Capsaria,Liocoris Fieb.,,5F2N,3266410,5F2N,3266410
B3094:1:245,Liocoris tripustulatus (F.),(F.),Liocoris,,tripustulatus,,species,,B3094:1,accepted,,,B3094:1:244,Liocoris Fieb.,,,,Heteroptera,Miridae,Mirinae,Liocoris,,Heteroptera | Miridae | Mirinae | Mirini | Capsaria | Liocoris,tripustulatus (F.),,3V5HN,5759055,3V5HN,5759055
B3094:1:246,Lygus Hahn,Hahn,,,,,genus,,B3094:1,accepted,,,B3094:1:241,Capsaria,,,,Heteroptera,Miridae,Mirinae,Lygus,,Heteroptera | Miridae | Mirinae | Mirini | Capsaria,Lygus Hahn,,5HPQ,2010563,5HPQ,2010563
B3094:1:247,Lygus rubicundus (Fall.),(Fall.),Lygus,,rubicundus,,species,,B3094:1,accepted,,,B3094:1:246,Lygus Hahn,,,,Heteroptera,Miridae,Mirinae,Lygus,,Heteroptera | Miridae | Mirinae | Mirini | Capsaria | Lygus,rubicundus (Fall.),,PY8YC,8234764,6657M,2009321
B3094:1:248,Lygus pabulinus (L.),(L.),Lygus,,pabulinus,,species,,B3094:1,accepted,,,B3094:1:246,Lygus Hahn,,,,Heteroptera,Miridae,Mirinae,Lygus,,Heteroptera | Miridae | Mirinae | Mirini | Capsaria | Lygus,pabulinus (L.),,PY8NN,7801327,3WPY9,2009850
B3094:1:249,Lygus apicalis Fieb.,Fieb.,Lygus,,apicalis,,species,,B3094:1,accepted,,,B3094:1:246,Lygus Hahn,,,,Heteroptera,Miridae,Mirinae,Lygus,,Heteroptera | Miridae | Mirinae | Mirini | Capsaria | Lygus,apicalis Fieb.,,PY6FY,4487521,552D8,2010931
B3094:1:250,Lygus basalis (Costa),(Costa),Lygus,,basalis,,species,,B3094:1,accepted,,,B3094:1:246,Lygus Hahn,,,,Heteroptera,Miridae,Mirinae,Lygus,,Heteroptera | Miridae | Mirinae | Mirini | Capsaria | Lygus,basalis (Costa),,3WR7L,8199660,3WR7L,8199660
B3094:1:251,Lygus campestris (L.),(L.),Lygus,,campestris,,species,,B3094:1,accepted,,,B3094:1:246,Lygus Hahn,,,,Heteroptera,Miridae,Mirinae,Lygus,,Heteroptera | Miridae | Mirinae | Mirini | Capsaria | Lygus,campestris (L.),,PY6PJ,10619202,6SX44,2010575
B3094:1:252,Lygus rugulipennis Pop.,Pop.,Lygus,,rugulipennis,,species,,B3094:1,accepted,,,B3094:1:246,Lygus Hahn,,,,Heteroptera,Miridae,Mirinae,Lygus,,Heteroptera | Miridae | Mirinae | Mirini | Capsaria | Lygus,rugulipennis Pop.,,72QX5,2010575,72QX5,2010575
B3094:1:253,Lygus pubescens Reut.,Reut.,Lygus,,pubescens,,species,,B3094:1,synonym,B3094:1:252,Lygus rugulipennis Pop.,,,,,,Heteroptera,Miridae,Mirinae,Lygus,,Heteroptera | Miridae | Mirinae | Mirini | Capsaria | Lygus,pubescens Reut.,,3WRDJ,8034570,72QX5,2010575
B3094:1:254,Lygus pratensis (L.),(L.),Lygus,,pratensis,,species,,B3094:1,accepted,,,B3094:1:246,Lygus Hahn,,,,Heteroptera,Miridae,Mirinae,Lygus,,Heteroptera | Miridae | Mirinae | Mirini | Capsaria | Lygus,pratensis (L.),,3WRDF,8380159,3WRDF,8380159
B3094:1:255,Charagochilus Fieb.,Fieb.,,,,,genus,,B3094:1,accepted,,,B3094:1:241,Capsaria,,,,Heteroptera,Miridae,Mirinae,Charagochilus,,Heteroptera | Miridae | Mirinae | Mirini | Capsaria,Charagochylus Fieb.,,3M82,4487617,3M82,4487617
B3094:1:256,Charagochilus gyllenhali (Fall.),(Fall.),Charagochilus,,gyllenhali,,species,,B3094:1,accepted,,,B3094:1:255,Charagochilus Fieb.,,,,Heteroptera,Miridae,Mirinae,Charagochilus,,Heteroptera | Miridae | Mirinae | Mirini | Capsaria | Charagochilus,gyllenhali (Fall.),,TMYW,4487620,TMYW,4487620
B3094:1:257,Polymerus Hahn,Hahn,,,,,genus,,B3094:1,accepted,,,B3094:1:241,Capsaria,,,,Heteroptera,Miridae,Mirinae,Polymerus,,Heteroptera | Miridae | Mirinae | Mirini | Capsaria,Polymerus Hahn,,63MWX,2011444,63MWX,2011444
B3094:1:258,Polymerus unifasciatus (F.),(F.),Polymerus,,unifasciatus,,species,,B3094:1,accepted,,,B3094:1:257,Polymerus Hahn,,,,Heteroptera,Miridae,Mirinae,Polymerus,,Heteroptera | Miridae | Mirinae | Mirini | Capsaria | Polymerus,unifasciatus (F.),,4LBCV,2011487,4LBCV,2011487
B3094:1:259,Bryocorinae,,,,,,subfamily,,B3094:1,accepted,,,B3094:1:189,Miridae,,,,Heteroptera,Miridae,Bryocorinae,,,Heteroptera | Miridae,Bryocorinae,,,,,
B3094:1:260,Bryocoris Fall.,Fall.,,,,,genus,,B3094:1,accepted,,,B3094:1:259,Bryocorinae,,,,Heteroptera,Miridae,Bryocorinae,Bryocoris,,Heteroptera | Miridae | Bryocorinae,Bryocoris Fall.,,3DLW,5735188,3DLW,5735188
B3094:1:261,Bryocoris pteridis Fall.,Fall.,Bryocoris,,pteridis,,species,,B3094:1,accepted,,,B3094:1:260,Bryocoris Fall.,,,,Heteroptera,Miridae,Bryocorinae,Bryocoris,,Heteroptera | Miridae | Bryocorinae | Bryocoris,pteridis Fall.,,NHXF,4487738,NHXF,4487738
B3094:1:262,Monalocoris Dahlb.,Dahlb.,,,,,genus,,B3094:1,accepted,,,B3094:1:259,Bryocorinae,,,,Heteroptera,Miridae,Bryocorinae,Monalocoris,,Heteroptera | Miridae | Bryocorinae,Monalocoris Dahlb.,,63BP6,2010076,63BP6,2010076
B3094:1:263,Monalocoris filicis (L.),(L.),Monalocoris,,filicis,,species,,B3094:1,accepted,,,B3094:1:262,Monalocoris Dahlb.,,,,Heteroptera,Miridae,Bryocorinae,Monalocoris,,Heteroptera | Miridae | Bryocorinae | Monalocoris,filicis (L.),,43ZVJ,2010078,43ZVJ,2010078
B3094:1:264,Deraeocorinae,,,,,,subfamily,,B3094:1,accepted,,,B3094:1:189,Miridae,,,,Heteroptera,Miridae,Deraeocorinae,,,Heteroptera | Miridae,Deraeocorinae,,,,,
B3094:1:265,Deraeocoris Kirschb.,Kirschb.,,,,,genus,,B3094:1,accepted,,,B3094:1:264,Deraeocorinae,,,,Heteroptera,Miridae,Deraeocorinae,Deraeocoris,,Heteroptera | Miridae | Deraeocorinae,Deraeocoris Kirschb.,,43CC,2009433,43CC,2009433
B3094:1:266,Deraeocoris,,Deraeocoris,,,,subgenus,,B3094:1,accepted,,,B3094:1:265,Deraeocoris Kirschb.,,,,Heteroptera,Miridae,Deraeocorinae,Deraeocoris,Deraeocoris,Heteroptera | Miridae | Deraeocorinae | Deraeocoris,Deraeocoris,,43CC,,43CC,
B3094:1:267,Deraeocoris ruber (L.),(L.),Deraeocoris,Deraeocoris,ruber,,species,,B3094:1,accepted,,,B3094:1:266,Deraeocoris,,,,Heteroptera,Miridae,Deraeocorinae,Deraeocoris,Deraeocoris,Heteroptera | Miridae | Deraeocorinae | Deraeocoris | Deraeocoris,ruber (L.),,34VJH,2009435,34VJH,2009435
B3094:1:268,Deraeocoris olivaceus (F.),(F.),Deraeocoris,Deraeocoris,olivaceus,,species,,B3094:1,accepted,,,B3094:1:266,Deraeocoris,,,,Heteroptera,Miridae,Deraeocorinae,Deraeocoris,Deraeocoris,Heteroptera | Miridae | Deraeocorinae | Deraeocoris | Deraeocoris,olivaceus (F.),,34VGV,2009456,34VGV,2009456
B3094:1:269,Deraeocoris annulipes (H. S.),(H. S.),Deraeocoris,Deraeocoris,annulipes,,species,,B3094:1,accepted,,,B3094:1:266,Deraeocoris,,,,Heteroptera,Miridae,Deraeocorinae,Deraeocoris,Deraeocoris,Heteroptera | Miridae | Deraeocorinae | Deraeocoris | Deraeocoris,annulipes (H. S.),,34V8G,4488819,34V8G,4488819
B3094:1:270,Deraeocoris schach (Fl),(Fl),Deraeocoris,Deraeocoris,schach,,species,,B3094:1,accepted,,,B3094:1:266,Deraeocoris,,,,Heteroptera,Miridae,Deraeocorinae,Deraeocoris,Deraeocoris,Heteroptera | Miridae | Deraeocorinae | Deraeocoris | Deraeocoris,schach (Fl),,34VK9,4488810,34VK9,4488810
B3094:1:271,Camptobrochis,,Deraeocoris,,,,subgenus,,B3094:1,accepted,,,B3094:1:265,Deraeocoris Kirschb.,,,,Heteroptera,Miridae,Deraeocorinae,Deraeocoris,Camptobrochis,Heteroptera | Miridae | Deraeocorinae | Deraeocoris,Camptobrochis,,,,,
B3094:1:272,Deraeocoris lutescens (Schill.),(Schill.),Deraeocoris,Camptobrochis,lutescens,,species,,B3094:1,accepted,,,B3094:1:271,Camptobrochis,,,,Heteroptera,Miridae,Deraeocorinae,Deraeocoris,Camptobrochis,Heteroptera | Miridae | Deraeocorinae | Deraeocoris | Camptobrochis,lutescens (Schill.),,34VF5,4488801,34VF5,4488801
B3094:1:273,Deraeocoris punctulatus (Fall.),(Fall.),Deraeocoris,Camptobrochis,punctulatus,,species,,B3094:1,accepted,,,B3094:1:271,Camptobrochis,,,,Heteroptera,Miridae,Deraeocorinae,Deraeocoris,Camptobrochis,Heteroptera | Miridae | Deraeocorinae | Deraeocoris | Camptobrochis,punctulatus (Fall.),,34VJ4,2009445,34VJ4,2009445
B3094:1:274,Dicyphinae,,,,,,subfamily,,B3094:1,accepted,,,B3094:1:189,Miridae,,,,Heteroptera,Miridae,Dicyphinae,,,Heteroptera | Miridae,Dicyphinae,,,,,
B3094:1:275,Macrolophus Fieb.,Fieb.,,,,,genus,,B3094:1,accepted,,,B3094:1:274,Dicyphinae,,,,Heteroptera,Miridae,Dicyphinae,Macrolophus,,Heteroptera | Miridae | Dicyphinae,Macrolophus Fieb.,,5JFK,2011305,5JFK,2011305
B3094:1:276,Macrolophus nubilus (H. S.),(H. S.),Macrolophus,,nubilus,,species,,B3094:1,accepted,,,B3094:1:275,Macrolophus Fieb.,,,,Heteroptera,Miridae,Dicyphinae,Macrolophus,,Heteroptera | Miridae | Dicyphinae | Macrolophus,nubilus (H. S.),,6QSGL,2011309,3X5XF,2011308
B3094:1:277,Campyloneura Fieb.,Fieb.,,,,,genus,,B3094:1,accepted,,,B3094:1:274,Dicyphinae,,,,Heteroptera,Miridae,Dicyphinae,Campyloneura,,Heteroptera | Miridae | Dicyphinae,Campyloneura Fieb.,,3GMG,2010908,3GMG,2010908
B3094:1:278,Campyloneura virgula (H. S.),(H. S.),Campyloneura,,virgula,,species,,B3094:1,accepted,,,B3094:1:277,Campyloneura Fieb.,,,,Heteroptera,Miridae,Dicyphinae,Campyloneura,,Heteroptera | Miridae | Dicyphinae | Campyloneura,virgulata (H. S.),,699PN,5153002,699PN,5153002
B3094:1:279,Dicyphus Fieb.,Fieb.,,,,,genus,,B3094:1,accepted,,,B3094:1:274,Dicyphinae,,,,Heteroptera,Miridae,Dicyphinae,Dicyphus,,Heteroptera | Miridae | Dicyphinae,Dicyphus Fieb.,,633CD,2009263,633CD,2009263
B3094:1:280,Dicyphus errans (Wolff),(Wolff),Dicyphus,,errans,,species,,B3094:1,accepted,,,B3094:1:279,Dicyphus Fieb.,,,,Heteroptera,Miridae,Dicyphinae,Dicyphus,,Heteroptera | Miridae | Dicyphinae | Dicyphus,errans (Wolff),,35W89,6096743,35W89,6096743
B3094:1:281,Dicyphus globulifer (Fall.),(Fall.),Dicyphus,,globulifer,,species,,B3094:1,accepted,,,B3094:1:279,Dicyphus Fieb.,,,,Heteroptera,Miridae,Dicyphinae,Dicyphus,,Heteroptera | Miridae | Dicyphinae | Dicyphus,globulifer (Fall.),,35W8K,6096742,35W8K,6096742
B3094:1:282,Orthotylinae,,,,,,subfamily,,B3094:1,accepted,,,B3094:1:189,Miridae,,,,Heteroptera,Miridae,Orthotylinae,,,Heteroptera | Miridae,Orthotylinae,,,,,
B3094:1:283,Pilophorini,,,,,,tribe,,B3094:1,accepted,,,B3094:1:282,Orthotylinae,,,,Heteroptera,Miridae,Orthotylinae,,,Heteroptera | Miridae | Orthotylinae,Pilophorini,,,,,
B3094:1:284,Pilophorus Hahn,Hahn,,,,,genus,,B3094:1,accepted,,,B3094:1:283,Pilophorini,,,,Heteroptera,Miridae,Orthotylinae,Pilophorus,,Heteroptera | Miridae | Orthotylinae | Pilophorini,Pilophorus Hahn,,87JRQ,2010494,87JRQ,2010494
B3094:1:285,Pilophorus confusus (Kbm.),(Kbm.),Pilophorus,,confusus,,species,,B3094:1,accepted,,,B3094:1:284,Pilophorus Hahn,,,,Heteroptera,Miridae,Orthotylinae,Pilophorus,,Heteroptera | Miridae | Orthotylinae | Pilophorini | Pilophorus,confusus (Kbm.),,6VK5N,5152784,6VK5N,5152784
B3094:1:286,Pilophorus cinnamopterus (Kbm.),(Kbm.),Pilophorus,,cinnamopterus,,species,,B3094:1,accepted,,,B3094:1:284,Pilophorus Hahn,,,,Heteroptera,Miridae,Orthotylinae,Pilophorus,,Heteroptera | Miridae | Orthotylinae | Pilophorini | Pilophorus,cinnamopterus (Kbm.),,6VJTL,5759170,6VJTL,5759170
B3094:1:287,Pilophorus clavatus (L.),(L.),Pilophorus,,clavatus,,species,,B3094:1,accepted,,,B3094:1:284,Pilophorus Hahn,,,,Heteroptera,Miridae,Orthotylinae,Pilophorus,,Heteroptera | Miridae | Orthotylinae | Pilophorini | Pilophorus,clavatus (L.),,6VK5L,2010559,6VK5L,2010559
B3094:1:288,Halticini,,,,,,tribe,,B3094:1,accepted,,,B3094:1:282,Orthotylinae,,,,Heteroptera,Miridae,Orthotylinae,,,Heteroptera | Miridae | Orthotylinae,Halticini,,,,,
B3094:1:289,Orthocephalus Fieb.,Fieb.,,,,,genus,,B3094:1,accepted,,,B3094:1:288,Halticini,,,,Heteroptera,Miridae,Orthotylinae,Orthocephalus,,Heteroptera | Miridae | Orthotylinae | Halticini,Orthocephalus Fieb.,,63H4S,2010163,63H4S,2010163
B3094:1:290,Orthocephalus brevis (Panz.),(Panz.),Orthocephalus,,brevis,,species,,B3094:1,accepted,,,B3094:1:289,Orthocephalus Fieb.,,,,Heteroptera,Miridae,Orthotylinae,Orthocephalus,,Heteroptera | Miridae | Orthotylinae | Halticini | Orthocephalus,brevis (Panz.),,6T979,2010166,6T979,2010166
B3094:1:291,Orthocephalus saltator (Hahn),(Hahn),Orthocephalus,,saltator,,species,,B3094:1,accepted,,,B3094:1:289,Orthocephalus Fieb.,,,,Heteroptera,Miridae,Orthotylinae,Orthocephalus,,Heteroptera | Miridae | Orthotylinae | Halticini | Orthocephalus,saltator (Hahn),,74X5B,2010165,74X5B,2010165
B3094:1:292,Halticus Hahn,Hahn,,,,,genus,,B3094:1,accepted,,,B3094:1:288,Halticini,,,,Heteroptera,Miridae,Orthotylinae,Halticus,,Heteroptera | Miridae | Orthotylinae | Halticini,Halticus Hahn,,4T2Q,2010238,4T2Q,2010238
B3094:1:293,Halticus luteicollis (Panz.),(Panz.),Halticus,,luteicollis,,species,,B3094:1,accepted,,,B3094:1:292,Halticus Hahn,,,,Heteroptera,Miridae,Orthotylinae,Halticus,,Heteroptera | Miridae | Orthotylinae | Halticini | Halticus,luteicollis (Panz.),,3JGSD,5759126,3JGSD,5759126
B3094:1:294,Halticus apterus (L.),(L.),Halticus,,apterus,,species,,B3094:1,accepted,,,B3094:1:292,Halticus Hahn,,,,Heteroptera,Miridae,Orthotylinae,Halticus,,Heteroptera | Miridae | Orthotylinae | Halticini | Halticus,apterus (L.),,3JGRV,5152740,3JGRV,5152740
B3094:1:295,Orthotylini,,,,,,tribe,,B3094:1,accepted,,,B3094:1:282,Orthotylinae,,,,Heteroptera,Miridae,Orthotylinae,,,Heteroptera | Miridae | Orthotylinae,Orthotylini,,,,,
B3094:1:296,Strongylocoris Blanch.,Blanch.,,,,,genus,,B3094:1,accepted,,,B3094:1:295,Orthotylini,,,,Heteroptera,Miridae,Orthotylinae,Strongylocoris,,Heteroptera | Miridae | Orthotylinae | Orthotylini,Strongylocoris Blanch.,,7PFN,4406543,7PFN,4406543
B3094:1:297,Strongylocoris leucocephalus (L.),(L.),Strongylocoris,,leucocephalus,,species,,B3094:1,accepted,,,B3094:1:296,Strongylocoris Blanch.,,,,Heteroptera,Miridae,Orthotylinae,Strongylocoris,,Heteroptera | Miridae | Orthotylinae | Orthotylini | Strongylocoris,leucocephalus (L.),,534N7,4487908,534N7,4487908
B3094:1:298,Strongylocoris erythroleptus Costa,Costa,Strongylocoris,,erythroleptus,,species,,B3094:1,accepted,,,B3094:1:296,Strongylocoris Blanch.,,,,Heteroptera,Miridae,Orthotylinae,Strongylocoris,,Heteroptera | Miridae | Orthotylinae | Orthotylini | Strongylocoris,erythroleptus Costa,,534N4,4487907,534N4,4487907
B3094:1:299,Globiceps Lep. & Serv.,Lep. & Serv.,,,,,genus,,B3094:1,accepted,,,B3094:1:295,Orthotylini,,,,Heteroptera,Miridae,Orthotylinae,Globiceps,,Heteroptera | Miridae | Orthotylinae | Orthotylini,Globiceps Lep. & Serv.,,4NYR,6007357,4NYR,6007357
B3094:1:300,Globiceps sphegiformis (Rossi),(Rossi),Globiceps,,sphegiformis,,species,,B3094:1,accepted,,,B3094:1:299,Globiceps Lep. & Serv.,,,,Heteroptera,Miridae,Orthotylinae,Globiceps,,Heteroptera | Miridae | Orthotylinae | Orthotylini | Globiceps,sphegiformis (Rossi),,NVKK8,7843732,6KHTQ,6096751
B3094:1:301,Globiceps cruciatus Reut.,Reut.,Globiceps,,cruciatus,,species,,B3094:1,accepted,,,B3094:1:299,Globiceps Lep. & Serv.,,,,Heteroptera,Miridae,Orthotylinae,Globiceps,,Heteroptera | Miridae | Orthotylinae | Orthotylini | Globiceps,cruciatus Reut.,,NVKGB,6096753,6KHSQ,6096752
B3094:1:302,Heterotoma Lep. & Serv.,Lep. & Serv.,,,,,genus,,B3094:1,accepted,,,B3094:1:295,Orthotylini,,,,Heteroptera,Miridae,Orthotylinae,Heterotoma,,Heteroptera | Miridae | Orthotylinae | Orthotylini,Heterotoma Lep. & Serv.,,87GFY,2012109,87GFY,2012109
B3094:1:303,Heterotoma planicornis (Pallas),(Pallas),Heterotoma,,planicornis,,species,,B3094:1,accepted,,,B3094:1:302,Heterotoma Lep. & Serv.,,,,Heteroptera,Miridae,Orthotylinae,Heterotoma,,Heteroptera | Miridae | Orthotylinae | Orthotylini | Heterotoma,planicornis (Pallas),,3LF56,2012110,3LF56,2012110
B3094:1:304,Orthotylus Fieber,Fieber,,,,,genus,,B3094:1,accepted,,,B3094:1:295,Orthotylini,,,,Heteroptera,Miridae,Orthotylinae,Orthotylus,,Heteroptera | Miridae | Orthotylinae | Orthotylini,Orthotylus Fieber,,63GYC,7821395,63GYC,7821395
B3094:1:305,Orthotylus nassatus (F.),(F.),Orthotylus,,nassatus,,species,,B3094:1,accepted,,,B3094:1:304,Orthotylus Fieber,,,,Heteroptera,Miridae,Orthotylinae,Orthotylus,,Heteroptera | Miridae | Orthotylinae | Orthotylini | Orthotylus,nassatus (F.),,74XRN,2011534,74XRN,2011534
B3094:1:306,Orthotylus marginalis (Reut.),(Reut.),Orthotylus,,marginalis,,species,,B3094:1,accepted,,,B3094:1:304,Orthotylus Fieber,,,,Heteroptera,Miridae,Orthotylinae,Orthotylus,,Heteroptera | Miridae | Orthotylinae | Orthotylini | Orthotylus,marginalis (Reut.),,6T9RG,4488058,6T9RG,4488058
B3094:1:307,Orthotylus flavosparsus (Sahlb.),(Sahlb.),Orthotylus,,flavosparsus,,species,,B3094:1,accepted,,,B3094:1:304,Orthotylus Fieber,,,,Heteroptera,Miridae,Orthotylinae,Orthotylus,,Heteroptera | Miridae | Orthotylinae | Orthotylini | Orthotylus,flavosparsus (Sahlb.),,759T6,2011538,759T6,2011538
B3094:1:308,Orthotylus virescens (Dgl. Sc.),(Dgl. Sc.),Orthotylus,,virescens,,species,,B3094:1,accepted,,,B3094:1:304,Orthotylus Fieber,,,,Heteroptera,Miridae,Orthotylinae,Orthotylus,,Heteroptera | Miridae | Orthotylinae | Orthotylini | Orthotylus,virescens (Dgl. Sc.),,74XT9,4488119,74XT9,4488119
B3094:1:309,Heterocordylus Fieber,Fieber,,,,,genus,,B3094:1,accepted,,,B3094:1:295,Orthotylini,,,,Heteroptera,Miridae,Orthotylinae,Heterocordylus,,Heteroptera | Miridae | Orthotylinae | Orthotylini,Heterocordylus Fieber,,4WD2,2011424,4WD2,2011424
B3094:1:310,Heterocordylus tumidicornis (H. S.),(H. S.),Heterocordylus,,tumidicornis,,species,,B3094:1,accepted,,,B3094:1:309,Heterocordylus Fieber,,,,Heteroptera,Miridae,Orthotylinae,Heterocordylus,,Heteroptera | Miridae | Orthotylinae | Orthotylini | Heterocordylus,tumidicornis (H. S.),,3L8X9,2011425,3L8X9,2011425
B3094:1:311,Heterocordylus leptocerus (Kirsch.),(Kirsch.),Heterocordylus,,leptocerus,,species,,B3094:1,accepted,,,B3094:1:309,Heterocordylus Fieber,,,,Heteroptera,Miridae,Orthotylinae,Heterocordylus,,Heteroptera | Miridae | Orthotylinae | Orthotylini | Heterocordylus,leptocerus (Kirsch.),,3L8WS,4488149,3L8WS,4488149
B3094:1:312,Heterocordylus genistae (Scop.),(Scop.),Heterocordylus,,genistae,,species,,B3094:1,accepted,,,B3094:1:309,Heterocordylus Fieber,,,,Heteroptera,Miridae,Orthotylinae,Heterocordylus,,Heteroptera | Miridae | Orthotylinae | Orthotylini | Heterocordylus,genistae (Scop.),,3L8WN,4488147,3L8WN,4488147
B3094:1:313,Phylinae,,,,,,subfamily,,B3094:1,accepted,,,B3094:1:189,Miridae,,,,Heteroptera,Miridae,Phylinae,,,Heteroptera | Miridae,Phylinae,,,,,
B3094:1:314,Plagiognathinae,,,,,,subfamily,,B3094:1,synonym,B3094:1:313,Phylinae,,,,,,Heteroptera,Miridae,Plagiognathinae,,,Heteroptera | Miridae,Plagiognathinae,,,,,
B3094:1:315,Criocoris Hahn,Hahn,,,,,genus,,B3094:1,accepted,,,B3094:1:313,Phylinae,,,,Heteroptera,Miridae,Phylinae,Criocoris,,Heteroptera | Miridae | Phylinae,Criocoris Hahn,,3VWG,2011061,3VWG,2011061
B3094:1:316,Criocoris crassicornis (Hahn),(Hahn),Criocoris,,crassicornis,,species,,B3094:1,accepted,,,B3094:1:315,Criocoris Hahn,,,,Heteroptera,Miridae,Phylinae,Criocoris,,Heteroptera | Miridae | Phylinae | Criocoris,crassicornis (Hahn),,ZH74,2011062,ZH74,2011062
B3094:1:317,Atractotomus Fieb.,Fieb.,,,,,genus,,B3094:1,accepted,,,B3094:1:313,Phylinae,,,,Heteroptera,Miridae,Phylinae,Atractotomus,,Heteroptera | Miridae | Phylinae,Atractotomus Fieb.,,62DV3,2011093,62DV3,2011093
B3094:1:318,Atractotomus tigripes Muls. & Rey,Muls. & Rey,Atractotomus,,tigripes,,species,,B3094:1,accepted,,,B3094:1:317,Atractotomus Fieb.,,,,Heteroptera,Miridae,Phylinae,Atractotomus,,Heteroptera | Miridae | Phylinae | Atractotomus,tigripes Muls. & Rey,,LMKR4,,3L7YW,
B3094:1:319,Psallus Fieb.,Fieb.,,,,,genus,,B3094:1,accepted,,,B3094:1:313,Phylinae,,,,Heteroptera,Miridae,Phylinae,Psallus,,Heteroptera | Miridae | Phylinae,Psallus Fieb.,,6Y94,2010025,6Y94,2010025
B3094:1:320,Psallus salicellus (H. S.),(H. S.),Psallus,,salicellus,,species,,B3094:1,accepted,,,B3094:1:319,Psallus Fieb.,,,,Heteroptera,Miridae,Phylinae,Psallus,,Heteroptera | Miridae | Phylinae | Psallus,salicellus (H. S.),,VBBKG,10322806,5ZS45,2011339
B3094:1:321,Psallus ancorifer (Fieb.),(Fieb.),Psallus,,ancorifer,,species,,B3094:1,accepted,,,B3094:1:319,Psallus Fieb.,,,,Heteroptera,Miridae,Phylinae,Psallus,,Heteroptera | Miridae | Phylinae | Psallus,ancorifer (Fieb.),,S6YZK,2009432,3T9Z7,2009430
B3094:1:322,Psallus ambiguus (Fall.),(Fall.),Psallus,,ambiguus,,species,,B3094:1,accepted,,,B3094:1:319,Psallus Fieb.,,,,Heteroptera,Miridae,Phylinae,Psallus,,Heteroptera | Miridae | Phylinae | Psallus,ambiguus (Fall.),,6WB5G,8179641,6WB5G,8179641
B3094:1:323,Psallus obscurellus (Fall.),(Fall.),Psallus,,obscurellus,,species,,B3094:1,accepted,,,B3094:1:319,Psallus Fieb.,,,,Heteroptera,Miridae,Phylinae,Psallus,,Heteroptera | Miridae | Phylinae | Psallus,obscurellus (Fall.),,S72R3,10625960,4GKN8,2010988
B3094:1:324,Psallus vittatus (Fieb.),(Fieb.),Psallus,,vittatus,,species,,B3094:1,accepted,,,B3094:1:319,Psallus Fieb.,,,,Heteroptera,Miridae,Phylinae,Psallus,,Heteroptera | Miridae | Phylinae | Psallus,vittatus (Fieb.),,4NB2Q,4488718,4NB2Q,4488718
B3094:1:325,Psallus luridus Reut.,Reut.,Psallus,,luridus,,species,,B3094:1,accepted,,,B3094:1:319,Psallus Fieb.,,,,Heteroptera,Miridae,Phylinae,Psallus,,Heteroptera | Miridae | Phylinae | Psallus,luridus Reut.,,78C2Q,4488720,78C2Q,4488720
B3094:1:326,Psallus picea Reut.,Reut.,Psallus,,picea,,species,,B3094:1,accepted,,,B3094:1:319,Psallus Fieb.,,,,Heteroptera,Miridae,Phylinae,Psallus,,Heteroptera | Miridae | Phylinae | Psallus,picea Reut.,,6WC2X,4488723,6WC2X,4488723
B3094:1:327,Psallus alni (F.),(F.),Psallus,,alni,,species,,B3094:1,accepted,,,B3094:1:319,Psallus Fieb.,,,,Heteroptera,Miridae,Phylinae,Psallus,,Heteroptera | Miridae | Phylinae | Psallus,alni (F.),,78B5B,10664653,6WBPF,4488689
B3094:1:328,Psallus roseus Müll.,Müll.,Psallus,,roseus,,species,,B3094:1,synonym,B3094:1:327,Psallus alni (F.),,,,,,Heteroptera,Miridae,Phylinae,Psallus,,Heteroptera | Miridae | Phylinae | Psallus,roseus Müll.,,6WB54,11008260,6WBPF,4488689
B3094:1:329,Psallus variabilis (Fall.),(Fall.),Psallus,,variabilis,,species,,B3094:1,accepted,,,B3094:1:319,Psallus Fieb.,,,,Heteroptera,Miridae,Phylinae,Psallus,,Heteroptera | Miridae | Phylinae | Psallus,variabilis (Fall.),,4NB2K,7947330,4NB2K,7947330
B3094:1:330,Plagiognathus Fieb.,Fieb.,,,,,genus,,B3094:1,accepted,,,B3094:1:313,Phylinae,,,,Heteroptera,Miridae,Phylinae,Plagiognathus,,Heteroptera | Miridae | Phylinae,Plagiognathus Fieb.,,6R94,2010605,6R94,2010605
B3094:1:331,Plagiognathus arbustorum (F.),(F.),Plagiognathus,,arbustorum,,species,,B3094:1,accepted,,,B3094:1:330,Plagiognathus Fieb.,,,,Heteroptera,Miridae,Phylinae,Plagiognathus,,Heteroptera | Miridae | Phylinae | Plagiognathus,arbustorum (F.),,4JFYN,5152968,4JFYN,5152968
B3094:1:332,Plagiognathus chrysanthemi (Wolff),(Wolff),Plagiognathus,,chrysanthemi,,species,,B3094:1,accepted,,,B3094:1:330,Plagiognathus Fieb.,,,,Heteroptera,Miridae,Phylinae,Plagiognathus,,Heteroptera | Miridae | Phylinae | Plagiognathus,chrysanthemi (Wolff),,4JFZ7,5152867,4JFZ7,5152867
B3094:1:333,Plagiognathus albipennis (Fall.),(Fall.),Plagiognathus,,albipennis,,species,,B3094:1,accepted,,,B3094:1:330,Plagiognathus Fieb.,,,,Heteroptera,Miridae,Phylinae,Plagiognathus,,Heteroptera | Miridae | Phylinae | Plagiognathus,albipennis (Fall.),,RW4HZ,6096782,3D2BM,2009709
B3094:1:334,Macrotylus Fieb.,Fieb.,,,,,genus,,B3094:1,accepted,,,B3094:1:313,Phylinae,,,,Heteroptera,Miridae,Phylinae,Macrotylus,,Heteroptera | Miridae | Phylinae,Macrotylus Fieb.,,5JS2,2011992,5JS2,2011992
B3094:1:335,Macrotylus quadrilineatus (Schr.),(Schr.),Macrotylus,,quadrilineatus,,species,,B3094:1,accepted,,,B3094:1:334,Macrotylus Fieb.,,,,Heteroptera,Miridae,Phylinae,Macrotylus,,Heteroptera | Miridae | Phylinae | Macrotylus,quadrilineatus (Schr.),,3XCST,2012008,3XCST,2012008
B3094:1:336,Macrotylus berrichi Reut.,Reut.,Macrotylus,,berrichi,,species,,B3094:1,accepted,,,B3094:1:334,Macrotylus Fieb.,,,,Heteroptera,Miridae,Phylinae,Macrotylus,,Heteroptera | Miridae | Phylinae | Macrotylus,berrichi Reut.,,3XCRQ,4488346,3XCRQ,4488346
B3094:1:337,Macrotylus paykulli (Fall.),(Fall.),Macrotylus,,paykulli,,species,,B3094:1,accepted,,,B3094:1:334,Macrotylus Fieb.,,,,Heteroptera,Miridae,Phylinae,Macrotylus,,Heteroptera | Miridae | Phylinae | Macrotylus,paykulli (Fall.),,3XCSK,4488359,3XCSK,4488359
B3094:1:338,Tuponia Reut.,Reut.,,,,,genus,,B3094:1,accepted,,,B3094:1:313,Phylinae,,,,Heteroptera,Miridae,Phylinae,Tuponia,,Heteroptera | Miridae | Phylinae,Tuponia Reut.,,83RH,2009963,83RH,2009963
B3094:1:339,Tuponia hippophaes (Mey.),(Mey.),Tuponia,,hippophaes,,species,,B3094:1,accepted,,,B3094:1:338,Tuponia Reut.,,,,Heteroptera,Miridae,Phylinae,Tuponia,,Heteroptera | Miridae | Phylinae | Tuponia,hippophaes (Mey.),,7D9DP,5759237,7D9DP,5759237
B3094:1:340,Phylus Hahn,Hahn,,,,,genus,,B3094:1,accepted,,,B3094:1:313,Phylinae,,,,Heteroptera,Miridae,Phylinae,Phylus,,Heteroptera | Miridae | Phylinae,Phylus Hahn,,6PTV,2009388,6PTV,2009388
B3094:1:341,Phylus coryli (L.),(L.),Phylus,,coryli,,species,,B3094:1,accepted,,,B3094:1:340,Phylus Hahn,,,,Heteroptera,Miridae,Phylinae,Phylus,,Heteroptera | Miridae | Phylinae | Phylus,coryli (L.),,4HDH3,7874252,4HDH3,7874252
B3094:1:342,Chlamydatus Curt.,Curt.,,,,,genus,,B3094:1,accepted,,,B3094:1:313,Phylinae,,,,Heteroptera,Miridae,Phylinae,Chlamydatus,,Heteroptera | Miridae | Phylinae,Chlamydatus Curt.,,3NFP,2011068,3NFP,2011068
B3094:1:343,Chlamydatus pulicarius (Fall.),(Fall.),Chlamydatus,,pulicarius,,species,,B3094:1,accepted,,,B3094:1:342,Chlamydatus Curt.,,,,Heteroptera,Miridae,Phylinae,Chlamydatus,,Heteroptera | Miridae | Phylinae | Chlamydatus,pulicarius (Fall.),,69X36,2011069,69X36,2011069
B3094:1:344,Chlamydatus pullus (Reut.),(Reut.),Chlamydatus,,pullus,,species,,B3094:1,accepted,,,B3094:1:342,Chlamydatus Curt.,,,,Heteroptera,Miridae,Phylinae,Chlamydatus,,Heteroptera | Miridae | Phylinae | Chlamydatus,pullus (Reut.),,5XX37,2011081,5XX37,2011081
B3094:1:345,Isometopidae,,,,,,family,,B3094:1,accepted,,,B3094:1:1,Heteroptera,,,,Heteroptera,Isometopidae,,,,Heteroptera,Isometopidae,,PQHBV,4775200,PQHBV,4775200
B3094:1:346,Isometopus Fieb.,Fieb.,,,,,genus,,B3094:1,accepted,,,B3094:1:345,Isometopidae,,,,Heteroptera,Isometopidae,,Isometopus,,Heteroptera | Isometopidae,Isometopus Fieb.,,55JD,2011282,55JD,2011282
B3094:1:347,Isometopus intrusus (H. S.),(H. S.),Isometopus,,intrusus,,species,,B3094:1,accepted,,,B3094:1:346,Isometopus Fieb.,,,,Heteroptera,Isometopidae,,Isometopus,,Heteroptera | Isometopidae | Isometopus,intrusus (H. S.),,6MZ6C,4487731,6MZ6C,4487731
B3094:1:348,Anthocoridae,,,,,,family,,B3094:1,accepted,,,B3094:1:1,Heteroptera,,,,Heteroptera,Anthocoridae,,,,Heteroptera,Anthocoridae,,BXWFM,7876,BXWFM,7876
B3094:1:349,Orius Wolff,Wolff,,,,,genus,,B3094:1,accepted,,,B3094:1:348,Anthocoridae,,,,Heteroptera,Anthocoridae,,Orius,,Heteroptera | Anthocoridae,Orius Wolff,,BY3DJ,2020888,BY3DJ,2020888
B3094:1:350,Orius niger (Wolff),(Wolff),Orius,,niger,,species,,B3094:1,accepted,,,B3094:1:349,Orius Wolff,,,,Heteroptera,Anthocoridae,,Orius,,Heteroptera | Anthocoridae | Orius,niger (Wolff),,RD27P,2020894,RD27P,2020894
B3094:1:351,Acompocoris Reut.,Reut.,,,,,genus,,B3094:1,accepted,,,B3094:1:348,Anthocoridae,,,,Heteroptera,Anthocoridae,,Acompocoris,,Heteroptera | Anthocoridae,Acampocoris Reut.,,BY6BJ,2020838,BY6BJ,2020838
B3094:1:352,Anthocoris Fall.,Fall.,,,,,genus,,B3094:1,accepted,,,B3094:1:348,Anthocoridae,,,,Heteroptera,Anthocoridae,,Anthocoris,,Heteroptera | Anthocoridae,Anthocoris Fall.,,BXYLV,2020842,BXYLV,2020842
B3094:1:353,Anthocoris nemorum (L.),(L.),Anthocoris,,nemorum,,species,,B3094:1,accepted,,,B3094:1:352,Anthocoris Fall.,,,,Heteroptera,Anthocoridae,,Anthocoris,,Heteroptera | Anthocoridae | Anthocoris,nemorum (L.),,LMR2J,2020855,LMR2J,2020855
B3094:1:354,Tetraphleps Fieber,Fieber,,,,,genus,,B3094:1,accepted,,,B3094:1:348,Anthocoridae,,,,Heteroptera,Anthocoridae,,Tetraphleps,,Heteroptera | Anthocoridae,Tetraphleps Fieber,,BYRN5,2020864,BYRN5,2020864
B3094:1:355,Tetraphleps bicuspis H. S.,H. S.,Tetraphleps,,bicuspis,,species,,B3094:1,accepted,,,B3094:1:354,Tetraphleps Fieber,,,,Heteroptera,Anthocoridae,,Tetraphleps,,Heteroptera | Anthocoridae | Tetraphleps,bicuspis H. S.,,T6BXY,7578887,LMR4D,7578887
B3094:1:356,Brachysteles Muls.,Muls.,,,,,genus,,B3094:1,accepted,,,B3094:1:348,Anthocoridae,,,,Heteroptera,Anthocoridae,,Brachysteles,,Heteroptera | Anthocoridae,Brachysteles Muls.,,BY8HF,2020903,BY8HF,2020903
B3094:1:357,Brachysteles rufescens (Costa),(Costa),Brachysteles,,rufescens,,species,,B3094:1,accepted,,,B3094:1:356,Brachysteles Muls.,,,,Heteroptera,Anthocoridae,,Brachysteles,,Heteroptera | Anthocoridae | Brachysteles,rufescens (Costa),,,,,
B3094:1:358,Lyctocoris Hahn,Hahn,,,,,genus,,B3094:1,accepted,,,B3094:1:348,Anthocoridae,,,,Heteroptera,Anthocoridae,,Lyctocoris,,Heteroptera | Anthocoridae,Lyctocoris Hahn,,BY2S7,2020870,BY2S7,2020870
B3094:1:359,Lyctocoris campestris (F.),(F.),Lyctocoris,,campestris,,species,,B3094:1,accepted,,,B3094:1:358,Lyctocoris Hahn,,,,Heteroptera,Anthocoridae,,Lyctocoris,,Heteroptera | Anthocoridae | Lyctocoris,campestris (F.),,PX74J,2020879,PX74J,2020879
B3094:1:360,Xylocoris Duft.,Duft.,,,,,genus,,B3094:1,accepted,,,B3094:1:348,Anthocoridae,,,,Heteroptera,Anthocoridae,,Xylocoris,,Heteroptera | Anthocoridae,Xilocoris Duft.,,BY3K5,2020820,BY3K5,2020820
B3094:1:361,Xylocoris cursitans (Fall.),(Fall.),Xylocoris,,cursitans,,species,,B3094:1,accepted,,,B3094:1:360,Xylocoris Duft.,,,,Heteroptera,Anthocoridae,,Xylocoris,,Heteroptera | Anthocoridae | Xylocoris,cursitans (Fall.),,TQ2TT,2020826,TQ2TT,2020826
B3094:1:362,Phymatidae,,,,,,family,,B3094:1,accepted,,,B3094:1:1,Heteroptera,,,,Heteroptera,Phymatidae,,,,Heteroptera,Phymatidae,,8NKP9,3265969,8PTG4,3265969
B3094:1:363,Phymata,,,,,,genus,,B3094:1,accepted,,,B3094:1:362,Phymatidae,,,,Heteroptera,Phymatidae,,Phymata,,Heteroptera | Phymatidae,Phymata,,63MNQ,2008718,63MNQ,2008718
B3094:1:364,Phymata crassipes (F.),(F.),Phymata,,crassipes,,species,,B3094:1,accepted,,,B3094:1:363,Phymata,,,,Heteroptera,Phymatidae,,Phymata,,Heteroptera | Phymatidae | Phymata,crassipes (F.),,4HDNQ,2008719,4HDNQ,2008719
B3094:1:365,Berytidae,,,,,,family,,B3094:1,accepted,,,B3094:1:1,Heteroptera,,,,Heteroptera,Berytidae,,,,Heteroptera,Berytidae,,8NKH8,4306,8NKH8,4306
B3094:1:366,Berytinae,,,,,,subfamily,,B3094:1,accepted,,,B3094:1:365,Berytidae,,,,Heteroptera,Berytidae,Berytinae,,,Heteroptera | Berytidae,Berytinae,,C6JRB,,C6JRB,
B3094:1:367,Neides Latr.,Latr.,,,,,genus,,B3094:1,accepted,,,B3094:1:366,Berytinae,,,,Heteroptera,Berytidae,Berytinae,Neides,,Heteroptera | Berytidae | Berytinae,Neides Latr.,,8NSXS,2008314,8NSXS,2008314
B3094:1:368,Berytinus Kirk.,Kirk.,,,,,genus,,B3094:1,accepted,,,B3094:1:366,Berytinae,,,,Heteroptera,Berytidae,Berytinae,Berytinus,,Heteroptera | Berytidae | Berytinae,Berytinus Kirk.,,8NMGF,2008319,8NMGF,2008319
B3094:1:369,Berytinus montivagus (Mey.),(Mey.),Berytinus,,montivagus,,species,,B3094:1,accepted,,,B3094:1:368,Berytinus Kirk.,,,,Heteroptera,Berytidae,Berytinae,Berytinus,,Heteroptera | Berytidae | Berytinae | Berytinus,montivagus (Mey.),,LN3C,4486849,LN3C,4486849
B3094:1:370,Metacanthinae,,,,,,subfamily,,B3094:1,accepted,,,B3094:1:365,Berytidae,,,,Heteroptera,Berytidae,Metacanthinae,,,Heteroptera | Berytidae,Metacanthinae,,C7STW,,C7STW,
B3094:1:371,Metacanthus Costa,Costa,,,,,genus,,B3094:1,accepted,,,B3094:1:370,Metacanthinae,,,,Heteroptera,Berytidae,Metacanthinae,Metacanthus,,Heteroptera | Berytidae | Metacanthinae,Metacanthus Costa,,8NQQS,5152544,8NQQS,5152544
B3094:1:372,Metacanthus meridionalis Costa,Costa,Metacanthus,,meridionalis,,species,,B3094:1,accepted,,,B3094:1:371,Metacanthus Costa,,,,Heteroptera,Berytidae,Metacanthinae,Metacanthus,,Heteroptera | Berytidae | Metacanthinae | Metacanthus,meridionalis Costa,,6RBMF,5152545,6RBMF,5152545
B3094:1:373,Gampsocoris Fuss,Fuss,,,,,genus,,B3094:1,accepted,,,B3094:1:370,Metacanthinae,,,,Heteroptera,Berytidae,Metacanthinae,Gampsocoris,,Heteroptera | Berytidae | Metacanthinae,Gampsocoris Fuss,,8NNWN,2008323,8NNWN,2008323
B3094:1:374,Gampsocoris punctipes (Germ.),(Germ.),Gampsocoris,,punctipes,,species,,B3094:1,accepted,,,B3094:1:373,Gampsocoris Fuss,,,,Heteroptera,Berytidae,Metacanthinae,Gampsocoris,,Heteroptera | Berytidae | Metacanthinae | Gampsocoris,punctipes (Germ.),,3F8W8,4486868,3F8W8,4486868
B3094:1:375,Lygaeidae,,,,,,family,,B3094:1,accepted,,,B3094:1:1,Heteroptera,,,,Heteroptera,Lygaeidae,,,,Heteroptera,Lygaeidae,,8NKMB,7888,8NKMB,7888
B3094:1:376,Lygaeinae Stal,Stal,,,,,subfamily,,B3094:1,accepted,,,B3094:1:375,Lygaeidae,,,,Heteroptera,Lygaeidae,Lygaeinae,,,Heteroptera | Lygaeidae,Lygaeinae Stal,,C7J7N,,C7J7N,
B3094:1:377,Arocatus Spin.,Spin.,,,,,genus,,B3094:1,accepted,,,B3094:1:376,Lygaeinae Stal,,,,Heteroptera,Lygaeidae,Lygaeinae,Arocatus,,Heteroptera | Lygaeidae | Lygaeinae,Arocatus Spin.,,8NMND,2007746,8NMND,2007746
B3094:1:378,Arocatus melonocephalus (F.),(F.),Arocatus,,melonocephalus,,species,,B3094:1,accepted,,,B3094:1:377,Arocatus Spin.,,,,Heteroptera,Lygaeidae,Lygaeinae,Arocatus,,Heteroptera | Lygaeidae | Lygaeinae | Arocatus,melonocephalus (F.),,GTLY,4486295,GTLY,4486295
B3094:1:379,Tropidothorax Bergr.,Bergr.,,,,,genus,,B3094:1,accepted,,,B3094:1:376,Lygaeinae Stal,,,,Heteroptera,Lygaeidae,Lygaeinae,Tropidothorax,,Heteroptera | Lygaeidae | Lygaeinae,Tropidothorax Bergr.,,8P2G4,4407191,8P2G4,4407191
B3094:1:380,Tropidothorax leucopterus (Gz.),(Gz.),Tropidothorax,,leucopterus,,species,,B3094:1,accepted,,,B3094:1:379,Tropidothorax Bergr.,,,,Heteroptera,Lygaeidae,Lygaeinae,Tropidothorax,,Heteroptera | Lygaeidae | Lygaeinae | Tropidothorax,leucopterus (Gz.),,59CJ2,4486301,59CJ2,4486301
B3094:1:381,Lygaeus F.,F.,,,,,genus,,B3094:1,accepted,,,B3094:1:376,Lygaeinae Stal,,,,Heteroptera,Lygaeidae,Lygaeinae,Lygaeus,,Heteroptera | Lygaeidae | Lygaeinae,Lygaeus F.,,8NNXR,2007851,8NNXR,2007851
B3094:1:382,Lygaeus saxatilis (Scop.),(Scop.),Lygaeus,,saxatilis,,species,,B3094:1,accepted,,,B3094:1:381,Lygaeus F.,,,,Heteroptera,Lygaeidae,Lygaeinae,Lygaeus,,Heteroptera | Lygaeidae | Lygaeinae | Lygaeus,saxatilis (Scop.),,8QP8Z,11408030,L2PP6,8777604
B3094:1:383,Lygaeus pandurus (Scop.),(Scop.),Lygaeus,,pandurus,,species,,B3094:1,accepted,,,B3094:1:381,Lygaeus F.,,,,Heteroptera,Lygaeidae,Lygaeinae,Lygaeus,,Heteroptera | Lygaeidae | Lygaeinae | Lygaeus,pandurus (Scop.),,8Q8BM,11396001,L2PNZ,9131916
B3094:1:384,Lygaeus equestris (L.),(L.),Lygaeus,,equestris,,species,,B3094:1,accepted,,,B3094:1:381,Lygaeus F.,,,,Heteroptera,Lygaeidae,Lygaeinae,Lygaeus,,Heteroptera | Lygaeidae | Lygaeinae | Lygaeus,equestris (L.),,CB67L,2007862,CB67L,2007862
B3094:1:385,Melanocoryphus Stal,Stal,,,,,genus,,B3094:1,accepted,,,B3094:1:376,Lygaeinae Stal,,,,Heteroptera,Lygaeidae,Lygaeinae,Melanocoryphus,,Heteroptera | Lygaeidae | Lygaeinae,Melanocoryphus Stal,,8NV59,4405257,8NV59,4405257
B3094:1:386,Melanocoryphus albomaculatus (Goeze),(Goeze),Melanocoryphus,,albomaculatus,,species,,B3094:1,accepted,,,B3094:1:385,Melanocoryphus Stal,,,,Heteroptera,Lygaeidae,Lygaeinae,Melanocoryphus,,Heteroptera | Lygaeidae | Lygaeinae | Melanocoryphus,albomaculatus (Goeze),,3Z8D7,4486289,3Z8D7,4486289
B3094:1:387,Melanocoryphus superbus (Pol.),(Pol.),Melanocoryphus,,superbus,,species,,B3094:1,accepted,,,B3094:1:385,Melanocoryphus Stal,,,,Heteroptera,Lygaeidae,Lygaeinae,Melanocoryphus,,Heteroptera | Lygaeidae | Lygaeinae | Melanocoryphus,superbus (Pol.),,8Q96Y,7391619,3MQMG,4486348
B3094:1:388,Melanocoryphus gibbicollis (Costa),(Costa),Melanocoryphus,,gibbicollis,,species,,B3094:1,accepted,,,B3094:1:385,Melanocoryphus Stal,,,,Heteroptera,Lygaeidae,Lygaeinae,Melanocoryphus,,Heteroptera | Lygaeidae | Lygaeinae | Melanocoryphus,gibbicollis (Costa),,3Z8DS,9505258,3MQM5,4486350
B3094:1:389,Nithecus Horv.,Horv.,,,,,genus,,B3094:1,accepted,,,B3094:1:376,Lygaeinae Stal,,,,Heteroptera,Lygaeidae,Lygaeinae,Nithecus,,Heteroptera | Lygaeidae | Lygaeinae,Nithecus Horv.,,8NW22,5431431,8NW22,5431431
B3094:1:390,Nithecus jacobaee Schill.,Schill.,Nithecus,,jacobaee,,species,,B3094:1,accepted,,,B3094:1:389,Nithecus Horv.,,,,Heteroptera,Lygaeidae,Lygaeinae,Nithecus,,Heteroptera | Lygaeidae | Lygaeinae | Nithecus,jacobaee Schill.,,47JFM,5758838,47JFM,5758838
B3094:1:391,Kleidocerys Westw.,Westw.,,,,,genus,,B3094:1,accepted,,,B3094:1:376,Lygaeinae Stal,,,,Heteroptera,Lygaeidae,Lygaeinae,Kleidocerys,,Heteroptera | Lygaeidae | Lygaeinae,Kleidocerys Westw.,,8NQK7,2007669,8NQK7,2007669
B3094:1:392,Kleidocerys ericae (Horv.),(Horv.),Kleidocerys,,ericae,,species,,B3094:1,accepted,,,B3094:1:391,Kleidocerys Westw.,,,,Heteroptera,Lygaeidae,Lygaeinae,Kleidocerys,,Heteroptera | Lygaeidae | Lygaeinae | Kleidocerys,ericae (Horv.),,6NKDH,4486812,6NKDH,4486812
B3094:1:393,Ortholomus Stal,Stal,,,,,genus,,B3094:1,accepted,,,B3094:1:376,Lygaeinae Stal,,,,Heteroptera,Lygaeidae,Lygaeinae,Ortholomus,,Heteroptera | Lygaeidae | Lygaeinae,Ortholomus Stal,,8NWFG,4407876,8NWFG,4407876
B3094:1:394,Ortholomus punctipennis (H. S.),(H. S.),Ortholomus,,punctipennis,,species,,B3094:1,accepted,,,B3094:1:393,Ortholomus Stal,,,,Heteroptera,Lygaeidae,Lygaeinae,Ortholomus,,Heteroptera | Lygaeidae | Lygaeinae | Ortholomus,punctipennis (H. S.),,6T8KS,4486391,6T8KS,4486391
B3094:1:395,Nysius Dall.,Dall.,,,,,genus,,B3094:1,accepted,,,B3094:1:376,Lygaeinae Stal,,,,Heteroptera,Lygaeidae,Lygaeinae,Nysius,,Heteroptera | Lygaeidae | Lygaeinae,Nysius Dall.,,8NTKK,2007771,8NTKK,2007771
B3094:1:396,Nysius senecionis (Schill.),(Schill.),Nysius,,senecionis,,species,,B3094:1,accepted,,,B3094:1:395,Nysius Dall.,,,,Heteroptera,Lygaeidae,Lygaeinae,Nysius,,Heteroptera | Lygaeidae | Lygaeinae | Nysius,senecionis (Schill.),,487KM,4486367,487KM,4486367
B3094:1:397,Nysius thymi (Wolff),(Wolff),Nysius,,thymi,,species,,B3094:1,accepted,,,B3094:1:395,Nysius Dall.,,,,Heteroptera,Lygaeidae,Lygaeinae,Nysius,,Heteroptera | Lygaeidae | Lygaeinae | Nysius,thymi (Wolff),,487L8,2007803,487L8,2007803
B3094:1:398,Nysius graminicola (Kol.),(Kol.),Nysius,,graminicola,,species,,B3094:1,accepted,,,B3094:1:395,Nysius Dall.,,,,Heteroptera,Lygaeidae,Lygaeinae,Nysius,,Heteroptera | Lygaeidae | Lygaeinae | Nysius,graminicola (Kol.),,KVKFY,4486376,KVKFY,4486376
B3094:1:399,Cyminae Stal,Stal,,,,,subfamily,,B3094:1,accepted,,,B3094:1:375,Lygaeidae,,,,Heteroptera,Lygaeidae,Cyminae,,,Heteroptera | Lygaeidae,Cyminae Stal,,C6VGS,,C6VGS,
B3094:1:400,Cymodema Spin.,Spin.,,,,,genus,,B3094:1,accepted,,,B3094:1:399,Cyminae Stal,,,,Heteroptera,Lygaeidae,Cyminae,Cymodema,,Heteroptera | Lygaeidae | Cyminae,Cymodema Spin.,,8NNM6,2008482,8NNM6,2008482
B3094:1:401,Cymus Hahn,Hahn,,,,,genus,,B3094:1,accepted,,,B3094:1:399,Cyminae Stal,,,,Heteroptera,Lygaeidae,Cyminae,Cymus,,Heteroptera | Lygaeidae | Cyminae,Cymus Hahn,,8NNMK,2008463,8NNMK,2008463
B3094:1:402,Cymus glandicolor Hahn,Hahn,Cymus,,glandicolor,,species,,B3094:1,accepted,,,B3094:1:401,Cymus Hahn,,,,Heteroptera,Lygaeidae,Cyminae,Cymus,,Heteroptera | Lygaeidae | Cyminae | Cymus,glandicolor Hahn,,338CS,4486808,338CS,4486808
B3094:1:403,Henestarinae Stal,Stal,,,,,subfamily,,B3094:1,accepted,,,B3094:1:375,Lygaeidae,,,,Heteroptera,Lygaeidae,Henestarinae,,,Heteroptera | Lygaeidae,Henestarinae Stal,,8NKWF,,8NKWF,
B3094:1:404,Engistus Fieb.,Fieb.,,,,,genus,,B3094:1,accepted,,,B3094:1:403,Henestarinae Stal,,,,Heteroptera,Lygaeidae,Henestarinae,Engistus,,Heteroptera | Lygaeidae | Henestarinae,Engistus Fieb.,,8NR9X,4405063,8NR9X,4405063
B3094:1:405,Henestaris Spin.,Spin.,,,,,genus,,B3094:1,accepted,,,B3094:1:403,Henestarinae Stal,,,,Heteroptera,Lygaeidae,Henestarinae,Henestaris,,Heteroptera | Lygaeidae | Henestarinae,Henestaris Spin.,,8NSGW,4486796,8NSGW,4486796
B3094:1:406,Henestaris laticeps (Curt.),(Curt.),Henestaris,,laticeps,,species,,B3094:1,accepted,,,B3094:1:405,Henestaris Spin.,,,,Heteroptera,Lygaeidae,Henestarinae,Henestaris,,Heteroptera | Lygaeidae | Henestarinae | Henestaris,laticeps (Curt.),,6LQ5P,4486798,6LQ5P,4486798
B3094:1:407,Geocorinae Stal,Stal,,,,,subfamily,,B3094:1,accepted,,,B3094:1:375,Lygaeidae,,,,Heteroptera,Lygaeidae,Geocorinae,,,Heteroptera | Lygaeidae,Geocorinae Stal,,P9F5M,,C76HS,
B3094:1:408,Piocoris Stal,Stal,,,,,genus,,B3094:1,accepted,,,B3094:1:407,Geocorinae Stal,,,,Heteroptera,Lygaeidae,Geocorinae,Piocoris,,Heteroptera | Lygaeidae | Geocorinae,Piocoris Stal,,8Q6GZ,4572514,8Q6GZ,4572514
B3094:1:409,Geocoris Fall.,Fall.,,,,,genus,,B3094:1,accepted,,,B3094:1:407,Geocorinae Stal,,,,Heteroptera,Lygaeidae,Geocorinae,Geocoris,,Heteroptera | Lygaeidae | Geocorinae,Geocoris Fall.,,8NNWP,2008351,8NNWP,2008351
B3094:1:410,Geocoris lineola (Ramb.),(Ramb.),Geocoris,,lineola,,species,,B3094:1,accepted,,,B3094:1:409,Geocoris Fall.,,,,Heteroptera,Lygaeidae,Geocorinae,Geocoris,,Heteroptera | Lygaeidae | Geocorinae | Geocoris,lineola (Ramb.),,8Q6W3,4486763,8Q6W3,4486763
B3094:1:411,Geocoris pallidipennis (Costa),(Costa),Geocoris,,pallidipennis,,species,,B3094:1,accepted,,,B3094:1:409,Geocoris Fall.,,,,Heteroptera,Lygaeidae,Geocorinae,Geocoris,,Heteroptera | Lygaeidae | Geocorinae | Geocoris,pallidipennis (Costa),,8Q6W6,6544574,8Q6W6,6544574
B3094:1:412,Geocoris megacephalus (Rossi),(Rossi),Geocoris,,megacephalus,,species,,B3094:1,accepted,,,B3094:1:409,Geocoris Fall.,,,,Heteroptera,Lygaeidae,Geocorinae,Geocoris,,Heteroptera | Lygaeidae | Geocorinae | Geocoris,megacephalus (Rossi),,8Q6W4,4486776,8Q6W4,4486776
B3094:1:413,Heterogastrinae Stal,Stal,,,,,subfamily,,B3094:1,accepted,,,B3094:1:375,Lygaeidae,,,,Heteroptera,Lygaeidae,Heterogastrinae,,,Heteroptera | Lygaeidae,Heterogastrinae Stal,,C7FDX,,C7FDW,
B3094:1:414,Heterogaster Schill.,Schill.,,,,,genus,,B3094:1,accepted,,,B3094:1:413,Heterogastrinae Stal,,,,Heteroptera,Lygaeidae,Heterogastrinae,Heterogaster,,Heteroptera | Lygaeidae | Heterogastrinae,Heterogaster Schill.,,8NQ82,2008336,8NQ82,2008336
B3094:1:415,Heterogaster cathariae (Geoffr.),(Geoffr.),Heterogaster,,cathariae,,species,,B3094:1,accepted,,,B3094:1:414,Heterogaster Schill.,,,,Heteroptera,Lygaeidae,Heterogastrinae,Heterogaster,,Heteroptera | Lygaeidae | Heterogastrinae | Heterogaster,cathariae (Geoffr.),,3L9GW,6096833,3L9GW,6096833
B3094:1:416,Heterogaster affinis H. S.,H. S.,Heterogaster,,affinis,,species,,B3094:1,accepted,,,B3094:1:414,Heterogaster Schill.,,,,Heteroptera,Lygaeidae,Heterogastrinae,Heterogaster,,Heteroptera | Lygaeidae | Heterogastrinae | Heterogaster,affinis H. S.,,L2592,7829562,L2592,7829562
B3094:1:417,Platyplax Fieb.,Fieb.,,,,,genus,,B3094:1,accepted,,,B3094:1:413,Heterogastrinae Stal,,,,Heteroptera,Lygaeidae,Heterogastrinae,Platyplax,,Heteroptera | Lygaeidae | Heterogastrinae,Platyplax Fieb.,,8NXP9,3266404,8NXP9,3266404
B3094:1:418,Platyplax salviae (Schill.),(Schill.),Platyplax,,salviae,,species,,B3094:1,accepted,,,B3094:1:417,Platyplax Fieb.,,,,Heteroptera,Lygaeidae,Heterogastrinae,Platyplax,,Heteroptera | Lygaeidae | Heterogastrinae | Platyplax,salviae (Schill.),,4JVND,5758945,4JVND,5758945
B3094:1:419,Oxycareninae Stal,Stal,,,,,subfamily,,B3094:1,accepted,,,B3094:1:375,Lygaeidae,,,,Heteroptera,Lygaeidae,Oxycareninae,,,Heteroptera | Lygaeidae,Oxycareninae Stal,,CBPRV,,8NKNN,
B3094:1:420,Microplax Fieb.,Fieb.,,,,,genus,,B3094:1,accepted,,,B3094:1:419,Oxycareninae Stal,,,,Heteroptera,Lygaeidae,Oxycareninae,Microplax,,Heteroptera | Lygaeidae | Oxycareninae,Microplax Fieb.,,8NQR6,6007159,8NQR6,6007159
B3094:1:421,Microplax albofasciata (Costa),(Costa),Microplax,,albofasciata,,species,,B3094:1,accepted,,,B3094:1:420,Microplax Fieb.,,,,Heteroptera,Lygaeidae,Oxycareninae,Microplax,,Heteroptera | Lygaeidae | Oxycareninae | Microplax,albofasciata (Costa),,433MF,5758819,433MF,5758819
B3094:1:422,Metopoplax Fieber,Fieber,,,,,genus,,B3094:1,accepted,,,B3094:1:419,Oxycareninae Stal,,,,Heteroptera,Lygaeidae,Oxycareninae,Metopoplax,,Heteroptera | Lygaeidae | Oxycareninae,Metopoplax Fieber,,8NVB4,4486254,8NVB4,4486254
B3094:1:423,Metopoplax ditmoides (Costa),(Costa),Metopoplax,,ditmoides,,species,,B3094:1,accepted,,,B3094:1:422,Metopoplax Fieber,,,,Heteroptera,Lygaeidae,Oxycareninae,Metopoplax,,Heteroptera | Lygaeidae | Oxycareninae | Metopoplax,ditmoides (Costa),,8QNR8,11405338,42HKW,4486258
B3094:1:424,Macroplax Fieb.,Fieb.,,,,,genus,,B3094:1,accepted,,,B3094:1:419,Oxycareninae Stal,,,,Heteroptera,Lygaeidae,Oxycareninae,Macroplax,,Heteroptera | Lygaeidae | Oxycareninae,Macroplax Fieb.,,8NTVK,4406495,8NTVK,4406495
B3094:1:425,Macroplax fasciata (H. S.),(H. S.),Macroplax,,fasciata,,species,,B3094:1,accepted,,,B3094:1:424,Macroplax Fieb.,,,,Heteroptera,Lygaeidae,Oxycareninae,Macroplax,,Heteroptera | Lygaeidae | Oxycareninae | Macroplax,fasciata (H. S.),,3X8CF,4486218,3X8CF,4486218
B3094:1:426,Oxycarenus Fieber,Fieber,,,,,genus,,B3094:1,accepted,,,B3094:1:419,Oxycareninae Stal,,,,Heteroptera,Lygaeidae,Oxycareninae,Oxycarenus,,Heteroptera | Lygaeidae | Oxycareninae,Oxycarenus Fieber,,8NWHF,4407280,8NWHF,4407280
B3094:1:427,Oxycarenus lavaterae (F.),(F.),Oxycarenus,,lavaterae,,species,,B3094:1,accepted,,,B3094:1:426,Oxycarenus Fieber,,,,Heteroptera,Lygaeidae,Oxycareninae,Oxycarenus,,Heteroptera | Lygaeidae | Oxycareninae | Oxycarenus,lavaterae (F.),,4BD64,4486243,4BD64,4486243
B3094:1:428,Rhyparochrominae Stal,Stal,,,,,subfamily,,B3094:1,accepted,,,B3094:1:375,Lygaeidae,,,,Heteroptera,Lygaeidae,Rhyparochrominae,,,Heteroptera | Lygaeidae,Rhyparochrominae Stal,,8NL2H,,8NL2H,
B3094:1:429,Pachybrachius Hahn,Hahn,,,,,genus,,B3094:1,accepted,,,B3094:1:428,Rhyparochrominae Stal,,,,Heteroptera,Lygaeidae,Rhyparochrominae,Pachybrachius,,Heteroptera | Lygaeidae | Rhyparochrominae,Pachybrachius Hahn,,8NVB7,2007916,8NVB7,2007916
B3094:1:430,Pachybrachius fracticollis (Schill.),(Schill.),Pachybrachius,,fracticollis,,species,,B3094:1,accepted,,,B3094:1:429,Pachybrachius Hahn,,,,Heteroptera,Lygaeidae,Rhyparochrominae,Pachybrachius,,Heteroptera | Lygaeidae | Rhyparochrominae | Pachybrachius,fracticollis (Schill.),,6TGKJ,2007918,6TGKJ,2007918
B3094:1:431,Plinthisus Fieb.,Fieb.,,,,,genus,,B3094:1,accepted,,,B3094:1:428,Rhyparochrominae Stal,,,,Heteroptera,Lygaeidae,Rhyparochrominae,Plinthisus,,Heteroptera | Lygaeidae | Rhyparochrominae,Plinthisus Fieb.,,8NXD7,9655100,8NXD7,4486739
B3094:1:432,Plinthisus brevipennis (Latr.),(Latr.),Plinthisus,,brevipennis,,species,,B3094:1,accepted,,,B3094:1:431,Plinthisus Fieb.,,,,Heteroptera,Lygaeidae,Rhyparochrominae,Plinthisus,,Heteroptera | Lygaeidae | Rhyparochrominae | Plinthisus,brevipennis (Latr.),,4KGCV,2008235,4KGCV,2008235
B3094:1:433,Stygnocoris Dgl. Sc.,Dgl. Sc.,,,,,genus,,B3094:1,accepted,,,B3094:1:428,Rhyparochrominae Stal,,,,Heteroptera,Lygaeidae,Rhyparochrominae,Stygnocoris,,Heteroptera | Lygaeidae | Rhyparochrominae,Stygnocoris Dgl. Sc.,,8NZMC,2008072,8NZMC,2008072
B3094:1:434,Stygnocoris fuligineus (Geoff.),(Geoff.),Stygnocoris,,fuligineus,,species,,B3094:1,accepted,,,B3094:1:433,Stygnocoris Dgl. Sc.,,,,Heteroptera,Lygaeidae,Rhyparochrominae,Stygnocoris,,Heteroptera | Lygaeidae | Rhyparochrominae | Stygnocoris,fuligineus (Geoff.),,538J5,4486687,538J5,4486687
B3094:1:435,Gastrodes Westw.,Westw.,,,,,genus,,B3094:1,accepted,,,B3094:1:428,Rhyparochrominae Stal,,,,Heteroptera,Lygaeidae,Rhyparochrominae,Gastrodes,,Heteroptera | Lygaeidae | Rhyparochrominae,Gastrodes Westw.,,8NPTB,2008186,8NPTB,2008186
B3094:1:436,Gastrodes grossipes (De G.),(De G.),Gastrodes,,grossipes,,species,,B3094:1,accepted,,,B3094:1:435,Gastrodes Westw.,,,,Heteroptera,Lygaeidae,Rhyparochrominae,Gastrodes,,Heteroptera | Lygaeidae | Rhyparochrominae | Gastrodes,grossipes (De G.),,CFT6L,11048070,CFT6L,11048070
B3094:1:437,Drymus Fieb.,Fieb.,,,,,genus,,B3094:1,accepted,,,B3094:1:428,Rhyparochrominae Stal,,,,Heteroptera,Lygaeidae,Rhyparochrominae,Drymus,,Heteroptera | Lygaeidae | Rhyparochrominae,Drymus Fieb.,,8NPC4,2008136,8NPC4,2008136
B3094:1:438,Drymus sylvaticus (F.),(F.),Drymus,,sylvaticus,,species,,B3094:1,accepted,,,B3094:1:437,Drymus Fieb.,,,,Heteroptera,Lygaeidae,Rhyparochrominae,Drymus,,Heteroptera | Lygaeidae | Rhyparochrominae | Drymus,sylvaticus (F.),,8Q6VD,10950305,8Q6VD,10950305
B3094:1:439,Eremocoris Fieb.,Fieb.,,,,,genus,,B3094:1,accepted,,,B3094:1:428,Rhyparochrominae Stal,,,,Heteroptera,Lygaeidae,Rhyparochrominae,Eremocoris,,Heteroptera | Lygaeidae | Rhyparochrominae,Eremocoris Fieb.,,8NNWL,2008140,8NNWL,2008140
B3094:1:440,Eremocoris plebejus (Fall.),(Fall.),Eremocoris,,plebejus,,species,,B3094:1,accepted,,,B3094:1:439,Eremocoris Fieb.,,,,Heteroptera,Lygaeidae,Rhyparochrominae,Eremocoris,,Heteroptera | Lygaeidae | Rhyparochrominae | Eremocoris,plebejus (Fall.),,6GGK9,4486536,6GGK9,4486536
B3094:1:441,Scolopostethus Fieb.,Fieb.,,,,,genus,,B3094:1,accepted,,,B3094:1:428,Rhyparochrominae Stal,,,,Heteroptera,Lygaeidae,Rhyparochrominae,Scolopostethus,,Heteroptera | Lygaeidae | Rhyparochrominae,Scolopostethus Fieb.,,8NZ27,2008129,8NZ27,2008129
B3094:1:442,Scolopostethus thomsoni Reut.,Reut.,Scolopostethus,,thomsoni,,species,,B3094:1,accepted,,,B3094:1:441,Scolopostethus Fieb.,,,,Heteroptera,Lygaeidae,Rhyparochrominae,Scolopostethus,,Heteroptera | Lygaeidae | Rhyparochrominae | Scolopostethus,thomsoni Reut.,,4VSQK,2008130,4VSQK,2008130
B3094:1:443,Pionosomus Fieb.,Fieb.,,,,,genus,,B3094:1,accepted,,,B3094:1:428,Rhyparochrominae Stal,,,,Heteroptera,Lygaeidae,Rhyparochrominae,Pionosomus,,Heteroptera | Lygaeidae | Rhyparochrominae,Pionosomus Fieb.,,8NXMJ,4407601,8NXMJ,4407601
B3094:1:444,Pionosomus depressus Horv.,Horv.,Pionosomus,,depressus,,species,,B3094:1,accepted,,,B3094:1:443,Pionosomus Fieb.,,,,Heteroptera,Lygaeidae,Rhyparochrominae,Pionosomus,,Heteroptera | Lygaeidae | Rhyparochrominae | Pionosomus,depressus Horv.,,4J2SK,8840902,4J2SS,4486625
B3094:1:445,Peritrechus Fieb.,Fieb.,,,,,genus,,B3094:1,accepted,,,B3094:1:428,Rhyparochrominae Stal,,,,Heteroptera,Lygaeidae,Rhyparochrominae,Peritrechus,,Heteroptera | Lygaeidae | Rhyparochrominae,Peritrechus Fieb.,,8NWBM,2007972,8NWBM,2007972
B3094:1:446,Peritrechus gracilicornis Put.,Put.,Peritrechus,,gracilicornis,,species,,B3094:1,accepted,,,B3094:1:445,Peritrechus Fieb.,,,,Heteroptera,Lygaeidae,Rhyparochrominae,Peritrechus,,Heteroptera | Lygaeidae | Rhyparochrominae | Peritrechus,gracilicornis Put.,,775KK,4486447,775KK,4486447
B3094:1:447,Peritrechus lundi (Gmel.),(Gmel.),Peritrechus,,lundi,,species,,B3094:1,accepted,,,B3094:1:445,Peritrechus Fieb.,,,,Heteroptera,Lygaeidae,Rhyparochrominae,Peritrechus,,Heteroptera | Lygaeidae | Rhyparochrominae | Peritrechus,lundi (Gmel.),,4F5JC,4486442,4F5JC,4486442
B3094:1:448,Lasiocoris Fieber,Fieber,,,,,genus,,B3094:1,accepted,,,B3094:1:428,Rhyparochrominae Stal,,,,Heteroptera,Lygaeidae,Rhyparochrominae,Lasiocoris,,Heteroptera | Lygaeidae | Rhyparochrominae,Lasiocoris Fieber,,8NTCD,4486494,8NTCD,4486494
B3094:1:449,Lasiocoris anomalus (Kol.),(Kol.),Lasiocoris,,anomalus,,species,,B3094:1,accepted,,,B3094:1:448,Lasiocoris Fieber,,,,Heteroptera,Lygaeidae,Rhyparochrominae,Lasiocoris,,Heteroptera | Lygaeidae | Rhyparochrominae | Lasiocoris,anomalus (Kol.),,3SDFB,4486497,3SDFB,4486497
B3094:1:450,Pterotmetus Am. & Serv.,Am. & Serv.,,,,,genus,,B3094:1,accepted,,,B3094:1:428,Rhyparochrominae Stal,,,,Heteroptera,Lygaeidae,Rhyparochrominae,Pterotmetus,,Heteroptera | Lygaeidae | Rhyparochrominae,Pterotmetus Am. & Serv.,,8NYDS,4408040,8NYDS,4408040
B3094:1:451,Pterotmetus staphyliniformis (Schill.),(Schill.),Pterotmetus,,staphyliniformis,,species,,B3094:1,accepted,,,B3094:1:450,Pterotmetus Am. & Serv.,,,,Heteroptera,Lygaeidae,Rhyparochrominae,Pterotmetus,,Heteroptera | Lygaeidae | Rhyparochrominae | Pterotmetus,staphyliniformis (Schill.),,4Q6RG,4486660,4Q6RG,4486660
B3094:1:452,Megalonotus Fieb.,Fieb.,,,,,genus,,B3094:1,accepted,,,B3094:1:428,Rhyparochrominae Stal,,,,Heteroptera,Lygaeidae,Rhyparochrominae,Megalonotus,,Heteroptera | Lygaeidae | Rhyparochrominae,Megalonotus Fieb.,,8NRS7,2008202,8NRS7,2008202
B3094:1:453,Megalonotus hirsutus Fieb.,Fieb.,Megalonotus,,hirsutus,,species,,B3094:1,accepted,,,B3094:1:452,Megalonotus Fieb.,,,,Heteroptera,Lygaeidae,Rhyparochrominae,Megalonotus,,Heteroptera | Lygaeidae | Rhyparochrominae | Megalonotus,hirsutus Fieb.,,8PDTK,4486520,8PDTK,4486520
B3094:1:454,Megalonotus antennatus (Schl.),(Schl.),Megalonotus,,antennatus,,species,,B3094:1,accepted,,,B3094:1:452,Megalonotus Fieb.,,,,Heteroptera,Lygaeidae,Rhyparochrominae,Megalonotus,,Heteroptera | Lygaeidae | Rhyparochrominae | Megalonotus,antennatus (Schl.),,8PDTF,4486517,8PDTF,4486517
B3094:1:455,Megalonotus praetextatus (H. S.),(H. S.),Megalonotus,,praetextatus,,species,,B3094:1,accepted,,,B3094:1:452,Megalonotus Fieb.,,,,Heteroptera,Lygaeidae,Rhyparochrominae,Megalonotus,,Heteroptera | Lygaeidae | Rhyparochrominae | Megalonotus,praetextatus (H. S.),,8PMNF,4486506,8PMNF,4486506
B3094:1:456,Megalonotus chiragra (F.),(F.),Megalonotus,,chiragra,,species,,B3094:1,accepted,,,B3094:1:452,Megalonotus Fieb.,,,,Heteroptera,Lygaeidae,Rhyparochrominae,Megalonotus,,Heteroptera | Lygaeidae | Rhyparochrominae | Megalonotus,chiragra (F.),,8P987,2008205,8P987,2008205
B3094:1:457,Emblethis Fieb.,Fieb.,,,,,genus,,B3094:1,accepted,,,B3094:1:428,Rhyparochrominae Stal,,,,Heteroptera,Lygaeidae,Rhyparochrominae,Emblethis,,Heteroptera | Lygaeidae | Rhyparochrominae,Emblethis Fieb.,,8NPG2,2008085,8NPG2,2008085
B3094:1:458,Emblethis verbasci (F.),(F.),Emblethis,,verbasci,,species,,B3094:1,accepted,,,B3094:1:457,Emblethis Fieb.,,,,Heteroptera,Lygaeidae,Rhyparochrominae,Emblethis,,Heteroptera | Lygaeidae | Rhyparochrominae | Emblethis,verbasci (F.),,39G4W,2008087,39G4W,2008087
B3094:1:459,Gonianotus Fieb.,Fieb.,,,,,genus,,B3094:1,accepted,,,B3094:1:428,Rhyparochrominae Stal,,,,Heteroptera,Lygaeidae,Rhyparochrominae,Gonianotus,,Heteroptera | Lygaeidae | Rhyparochrominae,Gonianotus Fieb.,,8NS4M,4405578,8NS4M,4405578
B3094:1:460,Gonianotus marginepunctatus (Wolff),(Wolff),Gonianotus,,marginepunctatus,,species,,B3094:1,accepted,,,B3094:1:459,Gonianotus Fieb.,,,,Heteroptera,Lygaeidae,Rhyparochrominae,Gonianotus,,Heteroptera | Lygaeidae | Rhyparochrominae | Gonianotus,marginepunctatus (Wolff),,6L36C,4486663,6L36C,4486663
B3094:1:461,Trapezonotus Fieb.,Fieb.,,,,,genus,,B3094:1,accepted,,,B3094:1:428,Rhyparochrominae Stal,,,,Heteroptera,Lygaeidae,Rhyparochrominae,Trapezonotus,,Heteroptera | Lygaeidae | Rhyparochrominae,Trapezonotus Fieb.,,8P2BB,2008018,8P2BB,2008018
B3094:1:462,Trapezonotus arenarius (L.),(L.),Trapezonotus,,arenarius,,species,,B3094:1,accepted,,,B3094:1:461,Trapezonotus Fieb.,,,,Heteroptera,Lygaeidae,Rhyparochrominae,Trapezonotus,,Heteroptera | Lygaeidae | Rhyparochrominae | Trapezonotus,arenarius (L.),,8PDCD,10950708,8PDCD,10950708
B3094:1:463,Trapezonotus dispar (Stal),(Stal),Trapezonotus,,dispar,,species,,B3094:1,accepted,,,B3094:1:461,Trapezonotus Fieb.,,,,Heteroptera,Lygaeidae,Rhyparochrominae,Trapezonotus,,Heteroptera | Lygaeidae | Rhyparochrominae | Trapezonotus,dispar (Stal),,BBF4W,4486678,BBF4W,4486678
B3094:1:464,Sphragisticus Stal,Stal,,,,,genus,,B3094:1,accepted,,,B3094:1:428,Rhyparochrominae Stal,,,,Heteroptera,Lygaeidae,Rhyparochrominae,Sphragisticus,,Heteroptera | Lygaeidae | Rhyparochrominae,Sphragisticus Stal,,8NZDD,2008247,8NZDD,2008247
B3094:1:465,Sphragisticus nebulosus (Fall.),(Fall.),Sphragisticus,,nebulosus,,species,,B3094:1,accepted,,,B3094:1:464,Sphragisticus Stal,,,,Heteroptera,Lygaeidae,Rhyparochrominae,Sphragisticus,,Heteroptera | Lygaeidae | Rhyparochrominae | Sphragisticus,nebulosus (Fall.),,6YYDF,2008248,6YYDF,2008248
B3094:1:466,Beosus Am. & Serv.,Am. & Serv.,,,,,genus,,B3094:1,accepted,,,B3094:1:428,Rhyparochrominae Stal,,,,Heteroptera,Lygaeidae,Rhyparochrominae,Beosus,,Heteroptera | Lygaeidae | Rhyparochrominae,Beosus Am. & Serv.,,8NN75,8095581,8NN75,8095581
B3094:1:467,Beosus maritimus (Scop.),(Scop.),Beosus,,maritimus,,species,,B3094:1,accepted,,,B3094:1:466,Beosus Am. & Serv.,,,,Heteroptera,Lygaeidae,Rhyparochrominae,Beosus,,Heteroptera | Lygaeidae | Rhyparochrominae | Beosus,maritimus (Scop.),,LJ7Z,4486469,LJ7Z,4486469
B3094:1:468,Beosus quadripunctatus (Müll.),(Müll.),Beosus,,quadripunctatus,,species,,B3094:1,accepted,,,B3094:1:466,Beosus Am. & Serv.,,,,Heteroptera,Lygaeidae,Rhyparochrominae,Beosus,,Heteroptera | Lygaeidae | Rhyparochrominae | Beosus,quadripunctatus (Müll.),,LJ87,4486471,LJ87,4486471
B3094:1:469,Rhyparochromus Hahn,Hahn,,,,,genus,,B3094:1,accepted,,,B3094:1:428,Rhyparochrominae Stal,,,,Heteroptera,Lygaeidae,Rhyparochrominae,Rhyparochromus,,Heteroptera | Lygaeidae | Rhyparochrominae,Rhyparochromus Hahn,,8NYP9,5152522,8NYP9,5152522
B3094:1:470,Rhyparochromus lynceus (F.),(F.),Rhyparochromus,,lynceus,,species,,B3094:1,accepted,,,B3094:1:469,Rhyparochromus Hahn,,,,Heteroptera,Lygaeidae,Rhyparochrominae,Rhyparochromus,,Heteroptera | Lygaeidae | Rhyparochrominae | Rhyparochromus,lynceus (F.),,L2N9H,6096838,3HB7H,4486475
B3094:1:471,Rhyparochromus quadratus (F.),(F.),Rhyparochromus,,quadratus,,species,,B3094:1,accepted,,,B3094:1:469,Rhyparochromus Hahn,,,,Heteroptera,Lygaeidae,Rhyparochrominae,Rhyparochromus,,Heteroptera | Lygaeidae | Rhyparochrominae | Rhyparochromus,quadratus (F.),,8PJLB,7625769,8PLBV,5758866
B3094:1:472,Rhyparochromus saturnius (Rossi),(Rossi),Rhyparochromus,,saturnius,,species,,B3094:1,accepted,,,B3094:1:469,Rhyparochromus Hahn,,,,Heteroptera,Lygaeidae,Rhyparochrominae,Rhyparochromus,,Heteroptera | Lygaeidae | Rhyparochrominae | Rhyparochromus,saturnius (Rossi),,6WVKP,10904605,8PDWG,5152530
B3094:1:473,Rhyparochromus minusculus (Reut.),(Reut.),Rhyparochromus,,minusculus,,species,,B3094:1,accepted,,,B3094:1:469,Rhyparochromus Hahn,,,,Heteroptera,Lygaeidae,Rhyparochrominae,Rhyparochromus,,Heteroptera | Lygaeidae | Rhyparochrominae | Rhyparochromus,minusculus (Reut.),,8PJK8,8396185,8PLBS,7562842
B3094:1:474,Rhyparochromus confusus (Reut.),(Reut.),Rhyparochromus,,confusus,,species,,B3094:1,accepted,,,B3094:1:469,Rhyparochromus Hahn,,,,Heteroptera,Lygaeidae,Rhyparochrominae,Rhyparochromus,,Heteroptera | Lygaeidae | Rhyparochrominae | Rhyparochromus,confusus (Reut.),,8QNSK,8012924,6X3GX,5758845
B3094:1:475,Rhyparochromus alboacuminatus (Goez.),(Goez.),Rhyparochromus,,alboacuminatus,,species,,B3094:1,accepted,,,B3094:1:469,Rhyparochromus Hahn,,,,Heteroptera,Lygaeidae,Rhyparochrominae,Rhyparochromus,,Heteroptera | Lygaeidae | Rhyparochrominae | Rhyparochromus,alboacuminatus (Goez.),,8QN2Q,6096836,793GY,5152543
B3094:1:476,Rhyparochromus pini (L.),(L.),Rhyparochromus,,pini,,species,,B3094:1,accepted,,,B3094:1:469,Rhyparochromus Hahn,,,,Heteroptera,Lygaeidae,Rhyparochrominae,Rhyparochromus,,Heteroptera | Lygaeidae | Rhyparochrominae | Rhyparochromus,pini (L.),,8PMPY,5758859,8PMPY,5758859
B3094:1:477,Rhyparochromus phoeniceus (Rossi),(Rossi),Rhyparochromus,,phoeniceus,,species,,B3094:1,accepted,,,B3094:1:469,Rhyparochromus Hahn,,,,Heteroptera,Lygaeidae,Rhyparochrominae,Rhyparochromus,,Heteroptera | Lygaeidae | Rhyparochrominae | Rhyparochromus,phoeniceus (Rossi),,8PJNN,5758856,8PJNN,5758856
B3094:1:478,Rhyparochromus vulgaris (Schill.),(Schill.),Rhyparochromus,,vulgaris,,species,,B3094:1,accepted,,,B3094:1:469,Rhyparochromus Hahn,,,,Heteroptera,Lygaeidae,Rhyparochrominae,Rhyparochromus,,Heteroptera | Lygaeidae | Rhyparochrominae | Rhyparochromus,vulgaris (Schill.),,8PCFS,5152523,8PCFS,5152523
B3094:1:479,Aphanus Lap.,Lap.,,,,,genus,,B3094:1,accepted,,,B3094:1:428,Rhyparochrominae Stal,,,,Heteroptera,Lygaeidae,Rhyparochrominae,Aphanus,,Heteroptera | Lygaeidae | Rhyparochrominae,Aphanus Lap.,,8NMCJ,6007143,8NMCJ,6007143
B3094:1:480,Aphanus rolandri (L.),(L.),Aphanus,,rolandri,,species,,B3094:1,accepted,,,B3094:1:479,Aphanus Lap.,,,,Heteroptera,Lygaeidae,Rhyparochrominae,Aphanus,,Heteroptera | Lygaeidae | Rhyparochrominae | Aphanus,rolandri (L.),,FBVP,8152705,FBVP,8152705
B3094:1:481,Aellopus Wolff,Wolff,,,,,genus,,B3094:1,accepted,,,B3094:1:428,Rhyparochrominae Stal,,,,Heteroptera,Lygaeidae,Rhyparochrominae,Aellopus,,Heteroptera | Lygaeidae | Rhyparochrominae,Aellopus Wolff,,8NLKZ,3266248,8NLKZ,3266248
B3094:1:482,Aellopus atratus (Goeze),(Goeze),Aellopus,,atratus,,species,,B3094:1,accepted,,,B3094:1:481,Aellopus Wolff,,,,Heteroptera,Lygaeidae,Rhyparochrominae,Aellopus,,Heteroptera | Lygaeidae | Rhyparochrominae | Aellopus,atratus (Goeze),,64YGD,5758854,64YGD,5758854
B3094:1:483,Stenocephalidae,,,,,,family,,B3094:1,accepted,,,B3094:1:1,Heteroptera,,,,Heteroptera,Stenocephalidae,,,,Heteroptera,Stenocephalidae,,8NKQN,4328,8NKQN,4328
B3094:1:484,Dicranocephalus Hahn,Hahn,,,,,genus,,B3094:1,accepted,,,B3094:1:483,Stenocephalidae,,,,Heteroptera,Stenocephalidae,,Dicranocephalus,,Heteroptera | Stenocephalidae,Dicranocephalus Hahn,,8NNVX,2050149,8NNVX,2050149
B3094:1:485,Dicranocephalus albipes (F.),(F.),Dicranocephalus,,albipes,,species,,B3094:1,accepted,,,B3094:1:484,Dicranocephalus Hahn,,,,Heteroptera,Stenocephalidae,,Dicranocephalus,,Heteroptera | Stenocephalidae | Dicranocephalus,albipes (F.),,35R7X,8352804,35R7X,8352804
B3094:1:486,Dicranocephalus agilis (Scop.),(Scop.),Dicranocephalus,,agilis,,species,,B3094:1,accepted,,,B3094:1:484,Dicranocephalus Hahn,,,,Heteroptera,Stenocephalidae,,Dicranocephalus,,Heteroptera | Stenocephalidae | Dicranocephalus,agilis (Scop.),,35R7W,4391703,35R7W,4391703
B3094:1:487,Dicranocephalus setulosus (Ferrari),(Ferrari),Dicranocephalus,,setulosus,,species,,B3094:1,accepted,,,B3094:1:484,Dicranocephalus Hahn,,,,Heteroptera,Stenocephalidae,,Dicranocephalus,,Heteroptera | Stenocephalidae | Dicranocephalus,setulosus (Ferrari),,35R8W,7477050,35R8W,7477050
B3094:1:488,Alydidae,,,,,,family,,B3094:1,accepted,,,B3094:1:1,Heteroptera,,,,Heteroptera,Alydidae,,,,Heteroptera,Alydidae,,8NKGW,7875,8NKGW,7875
B3094:1:489,Micrelytra Lap.,Lap.,,,,,genus,,B3094:1,accepted,,,B3094:1:488,Alydidae,,,,Heteroptera,Alydidae,,Micrelytra,,Heteroptera | Alydidae,Micrelytra Lap.,,8NS8N,4391738,8NS8N,4391738
B3094:1:490,Micrelytra fossularum Rossi,Rossi,Micrelytra,,fossularum,,species,,B3094:1,accepted,,,B3094:1:489,Micrelytra Lap.,,,,Heteroptera,Alydidae,,Micrelytra,,Heteroptera | Alydidae | Micrelytra,fossularum Rossi,,6RG8R,4391739,6RG8R,4391739
B3094:1:491,Camptopus Am. & Serv.,Am. & Serv.,,,,,genus,,B3094:1,accepted,,,B3094:1:488,Alydidae,,,,Heteroptera,Alydidae,,Camptopus,,Heteroptera | Alydidae,Camptopus Am. & Serv.,,8NMV5,3265607,8NMV5,3265607
B3094:1:492,Camptopus lateralis Germ.,Germ.,Camptopus,,lateralis,,species,,B3094:1,accepted,,,B3094:1:491,Camptopus Am. & Serv.,,,,Heteroptera,Alydidae,,Camptopus,,Heteroptera | Alydidae | Camptopus,lateralis Germ.,,QFXD,5733449,QFXD,5733449
B3094:1:493,Alydus F.,F.,,,,,genus,,B3094:1,accepted,,,B3094:1:488,Alydidae,,,,Heteroptera,Alydidae,,Alydus,,Heteroptera | Alydidae,Alydus F.,,8NLS6,2050167,8NLS6,2050167
B3094:1:494,Alydus calcaratus (L.),(L.),Alydus,,calcaratus,,species,,B3094:1,accepted,,,B3094:1:493,Alydus F.,,,,Heteroptera,Alydidae,,Alydus,,Heteroptera | Alydidae | Alydus,calcaratus (L.),,CC3X,2050173,CC3X,2050173
B3094:1:495,Megalotomus Fieb.,Fieb.,,,,,genus,,B3094:1,accepted,,,B3094:1:488,Alydidae,,,,Heteroptera,Alydidae,,Megalotomus,,Heteroptera | Alydidae,Meganolotus Fieb.,,8NRSK,2050199,8NRSK,2050199
B3094:1:496,Megalotomus junceus (Scop.),(Scop.),Megalotomus,,junceus,,species,,B3094:1,accepted,,,B3094:1:495,Megalotomus Fieb.,,,,Heteroptera,Alydidae,,Megalotomus,,Heteroptera | Alydidae | Megalotomus,junceus (Scop.),,3YW2T,2050200,3YW2T,2050200
B3094:1:497,Coreidae,,,,,,family,,B3094:1,accepted,,,B3094:1:1,Heteroptera,,,,Heteroptera,Coreidae,,,,Heteroptera,Coreidae,,8NKJF,9649,8NKJF,9649
B3094:1:498,Coreinae Stal,Stal,,,,,subfamily,,B3094:1,accepted,,,B3094:1:497,Coreidae,,,,Heteroptera,Coreidae,Coreinae,,,Heteroptera | Coreidae,Coreinae Stal,,8NKTQ,,8NKTQ,
B3094:1:499,Gonocerus Latr.,Latr.,,,,,genus,,B3094:1,accepted,,,B3094:1:498,Coreinae Stal,,,,Heteroptera,Coreidae,Coreinae,Gonocerus,,Heteroptera | Coreidae | Coreinae,Gonocerus Latr.,,8NPX8,8659995,8NPX8,8659995
B3094:1:500,Gonocerus juniperi H. S.,H. S.,Gonocerus,,juniperi,,species,,B3094:1,accepted,,,B3094:1:499,Gonocerus Latr.,,,,Heteroptera,Coreidae,Coreinae,Gonocerus,,Heteroptera | Coreidae | Coreinae | Gonocerus,juniperi H. S.,,3GY9H,4390078,3GY9H,4390078
B3094:1:501,Gonocerus acuteangulatus (Goeze),(Goeze),Gonocerus,,acuteangulatus,,species,,B3094:1,accepted,,,B3094:1:499,Gonocerus Latr.,,,,Heteroptera,Coreidae,Coreinae,Gonocerus,,Heteroptera | Coreidae | Coreinae | Gonocerus,acuteangulatus (Goeze),,3GY8F,4390084,3GY8F,4390084
B3094:1:502,Syromastus Berth.,Berth.,,,,,genus,,B3094:1,accepted,,,B3094:1:498,Coreinae Stal,,,,Heteroptera,Coreidae,Coreinae,Syromastus,,Heteroptera | Coreidae | Coreinae,Syromastus Berth.,,8NZQR,4388657,8NZQR,4388657
B3094:1:503,Syromastus rhombeus (L.),(L.),Syromastus,,rhombeus,,species,,B3094:1,accepted,,,B3094:1:502,Syromastus Berth.,,,,Heteroptera,Coreidae,Coreinae,Syromastus,,Heteroptera | Coreidae | Coreinae | Syromastus,rhombeus (L.),,5433H,4388663,5433H,4388663
B3094:1:504,Coreus F.,F.,,,,,genus,,B3094:1,accepted,,,B3094:1:498,Coreinae Stal,,,,Heteroptera,Coreidae,Coreinae,Coreus,,Heteroptera | Coreidae | Coreinae,Coreus F.,,8NNFP,2049958,8NNFP,2049958
B3094:1:505,Coreus marginatus (L.),(L.),Coreus,,marginatus,,species,,B3094:1,accepted,,,B3094:1:504,Coreus F.,,,,Heteroptera,Coreidae,Coreinae,Coreus,,Heteroptera | Coreidae | Coreinae | Coreus,marginatus (L.),,6B3KM,4388646,6B3KM,4388646
B3094:1:506,Enoplops Am. & Serv.,Am. & Serv.,,,,,genus,,B3094:1,accepted,,,B3094:1:498,Coreinae Stal,,,,Heteroptera,Coreidae,Coreinae,Enoplops,,Heteroptera | Coreidae | Coreinae,Enoplops Am. & Serv.,,8NPGG,4388488,8NPGG,4388488
B3094:1:507,Enoplops scapha (F.),(F.),Enoplops,,scapha,,species,,B3094:1,accepted,,,B3094:1:506,Enoplops Am. & Serv.,,,,Heteroptera,Coreidae,Coreinae,Enoplops,,Heteroptera | Coreidae | Coreinae | Enoplops,scapha (F.),,39WS5,4388497,39WS5,4388497
B3094:1:508,Centrocoris Kol.,Kol.,,,,,genus,,B3094:1,accepted,,,B3094:1:498,Coreinae Stal,,,,Heteroptera,Coreidae,Coreinae,Centrocoris,,Heteroptera | Coreidae | Coreinae,Centrocoris Kol.,,8NMY6,4388674,8NMY6,4388674
B3094:1:509,Centrocoris spiniger (F.),(F.),Centrocoris,,spiniger,,species,,B3094:1,accepted,,,B3094:1:508,Centrocoris Kol.,,,,Heteroptera,Coreidae,Coreinae,Centrocoris,,Heteroptera | Coreidae | Coreinae | Centrocoris,spiniger (F.),,S9PB,4388686,S9PB,4388686
B3094:1:510,Pseudophloeinae Stal,Stal,,,,,subfamily,,B3094:1,accepted,,,B3094:1:497,Coreidae,,,,Heteroptera,Coreidae,Pseudophloeinae,,,Heteroptera | Coreidae,Pseudophloeinae Stal,,8NL26,,8NL26,
B3094:1:511,Spathocera Stein,Stein,,,,,genus,,B3094:1,accepted,,,B3094:1:510,Pseudophloeinae Stal,,,,Heteroptera,Coreidae,Pseudophloeinae,Spathocera,,Heteroptera | Coreidae | Pseudophloeinae,Spathocera Stein,,8NZ9X,4388614,8NZ9X,4388614
B3094:1:512,Spathocera dalmani Schil.,Schil.,Spathocera,,dalmani,,species,,B3094:1,accepted,,,B3094:1:511,Spathocera Stein,,,,Heteroptera,Coreidae,Pseudophloeinae,Spathocera,,Heteroptera | Coreidae | Pseudophloeinae | Spathocera,dalmani Schil.,,6Z6ZN,4388623,6Z6ZN,4388623
B3094:1:513,Bathysolen Fieb.,Fieb.,,,,,genus,,B3094:1,accepted,,,B3094:1:510,Pseudophloeinae Stal,,,,Heteroptera,Coreidae,Pseudophloeinae,Bathysolen,,Heteroptera | Coreidae | Pseudophloeinae,Bathysolen Fieb.,,8NMDQ,4391661,8NMDQ,4391661
B3094:1:514,Bathysolen nubilus (Fall.),(Fall.),Bathysolen,,nubilus,,species,,B3094:1,accepted,,,B3094:1:513,Bathysolen Fieb.,,,,Heteroptera,Coreidae,Pseudophloeinae,Bathysolen,,Heteroptera | Coreidae | Pseudophloeinae | Bathysolen,nubilus (Fall.),,KYCN,4391663,KYCN,4391663
B3094:1:515,Ulmicola Kirk.,Kirk.,,,,,genus,,B3094:1,accepted,,,B3094:1:510,Pseudophloeinae Stal,,,,Heteroptera,Coreidae,Pseudophloeinae,Ulmicola,,Heteroptera | Coreidae | Pseudophloeinae,Ulmicola Kirk.,,8P2KV,4391607,8P2KV,4391607
B3094:1:516,Ulmicola spinipes (Fall.),(Fall.),Ulmicola,,spinipes,,species,,B3094:1,accepted,,,B3094:1:515,Ulmicola Kirk.,,,,Heteroptera,Coreidae,Pseudophloeinae,Ulmicola,,Heteroptera | Coreidae | Pseudophloeinae | Ulmicola,spinipes (Fall.),,7DFYC,4391608,7DFYC,4391608
B3094:1:517,Ceraleptus Costa,Costa,,,,,genus,,B3094:1,accepted,,,B3094:1:510,Pseudophloeinae Stal,,,,Heteroptera,Coreidae,Pseudophloeinae,Ceraleptus,,Heteroptera | Coreidae | Pseudophloeinae,Ceraleptus Costa,,8NMYV,2050009,8NMYV,2050009
B3094:1:518,Ceraleptus gracilicornis (H. S.),(H. S.),Ceraleptus,,gracilicornis,,species,,B3094:1,accepted,,,B3094:1:517,Ceraleptus Costa,,,,Heteroptera,Coreidae,Pseudophloeinae,Ceraleptus,,Heteroptera | Coreidae | Pseudophloeinae | Ceraleptus,gracilicornis (H. S.),,SGGN,2050012,SGGN,2050012
B3094:1:519,Ceraleptus obtusus (Brull.),(Brull.),Ceraleptus,,obtusus,,species,,B3094:1,accepted,,,B3094:1:517,Ceraleptus Costa,,,,Heteroptera,Coreidae,Pseudophloeinae,Ceraleptus,,Heteroptera | Coreidae | Pseudophloeinae | Ceraleptus,obtusus (Brull.),,SGGT,4391510,SGGT,4391510
B3094:1:520,Coriomeris Westw.,Westw.,,,,,genus,,B3094:1,accepted,,,B3094:1:510,Pseudophloeinae Stal,,,,Heteroptera,Coreidae,Pseudophloeinae,Coriomeris,,Heteroptera | Coreidae | Pseudophloeinae,Coriomeris Westw.,,8NNFS,2050064,8NNFS,2050064
B3094:1:521,Coriomeris scabricornis (Panz.),(Panz.),Coriomeris,,scabricornis,,species,,B3094:1,accepted,,,B3094:1:520,Coriomeris Westw.,,,,Heteroptera,Coreidae,Pseudophloeinae,Coriomeris,,Heteroptera | Coreidae | Pseudophloeinae | Coriomeris,scabricornis (Panz.),,YF8Q,4391547,YF8Q,4391547
B3094:1:522,Coriomeris denticulatus (Scop.),(Scop.),Coriomeris,,denticulatus,,species,,B3094:1,accepted,,,B3094:1:520,Coriomeris Westw.,,,,Heteroptera,Coreidae,Pseudophloeinae,Coriomeris,,Heteroptera | Coreidae | Pseudophloeinae | Coriomeris,denticulatus (Scop.),,6B57L,2050067,6B57L,2050067
B3094:1:523,Coriomeris spinolai (Costa),(Costa),Coriomeris,,spinolai,,species,,B3094:1,accepted,,,B3094:1:520,Coriomeris Westw.,,,,Heteroptera,Coreidae,Pseudophloeinae,Coriomeris,,Heteroptera | Coreidae | Pseudophloeinae | Coriomeris,spinolai (Costa),,MMCGC,8048333,YF83,4391557
B3094:1:524,Coriomeris hirticornis (F.),(F.),Coriomeris,,hirticornis,,species,,B3094:1,accepted,,,B3094:1:520,Coriomeris Westw.,,,,Heteroptera,Coreidae,Pseudophloeinae,Coriomeris,,Heteroptera | Coreidae | Pseudophloeinae | Coriomeris,hirticornis (F.),,YF8C,4391539,YF8C,4391539
B3094:1:525,Loxocnemis Fieb.,Fieb.,,,,,genus,,B3094:1,accepted,,,B3094:1:510,Pseudophloeinae Stal,,,,Heteroptera,Coreidae,Pseudophloeinae,Loxocnemis,,Heteroptera | Coreidae | Pseudophloeinae,Loxocnemis Fieb.,,8NR4T,4391640,8NR4T,4391640
B3094:1:526,Loxocnemis dentator (F.),(F.),Loxocnemis,,dentator,,species,,B3094:1,accepted,,,B3094:1:525,Loxocnemis Fieb.,,,,Heteroptera,Coreidae,Pseudophloeinae,Loxocnemis,,Heteroptera | Coreidae | Pseudophloeinae | Loxocnemis,dentator (F.),,3W98Q,4391641,3W98Q,4391641
B3094:1:527,Rhopalidae,,,,,,family,,B3094:1,accepted,,,B3094:1:1,Heteroptera,,,,Heteroptera,Rhopalidae,,,,Heteroptera,Rhopalidae,,8NKQ9,4325,8NKQ9,4325
B3094:1:528,Corizus Fall.,Fall.,,,,,genus,,B3094:1,accepted,,,B3094:1:527,Rhopalidae,,,,Heteroptera,Rhopalidae,,Corizus,,Heteroptera | Rhopalidae,Corizus Fall.,,8NQ2K,2050276,8NQ2K,2050276
B3094:1:529,Corizus hyosciami (L.),(L.),Corizus,,hyosciami,,species,,B3094:1,accepted,,,B3094:1:528,Corizus Fall.,,,,Heteroptera,Rhopalidae,,Corizus,,Heteroptera | Rhopalidae | Corizus,hyosciami (L.),,YFMV,4391874,YFMV,4391874
B3094:1:530,Liorhyssus Stal,Stal,,,,,genus,,B3094:1,accepted,,,B3094:1:527,Rhopalidae,,,,Heteroptera,Rhopalidae,,Liorhyssus,,Heteroptera | Rhopalidae,Liorhyssus Stal,,8NQYN,2050223,8NQYN,2050223
B3094:1:531,Liorhyssus hyalinus (F.),(F.),Liorhyssus,,hyalinus,,species,,B3094:1,accepted,,,B3094:1:530,Liorhyssus Stal,,,,Heteroptera,Rhopalidae,,Liorhyssus,,Heteroptera | Rhopalidae | Liorhyssus,hyalinus (F.),,3V7WP,2050224,3V7WP,2050224
B3094:1:532,Brachycarenus Fieb.,Fieb.,,,,,genus,,B3094:1,accepted,,,B3094:1:527,Rhopalidae,,,,Heteroptera,Rhopalidae,,Brachycarenus,,Heteroptera | Rhopalidae,Brachycarenus Fieb.,,8NNGS,4391871,8NNGS,4391871
B3094:1:533,Brachycarenus tigrinus (Schill.),(Schill.),Brachycarenus,,tigrinus,,species,,B3094:1,accepted,,,B3094:1:532,Brachycarenus Fieb.,,,,Heteroptera,Rhopalidae,,Brachycarenus,,Heteroptera | Rhopalidae | Brachycarenus,tigrinus (Schill.),,5X287,4391872,5X287,4391872
B3094:1:534,Rhopalus Schill.,Schill.,,,,,genus,,B3094:1,accepted,,,B3094:1:527,Rhopalidae,,,,Heteroptera,Rhopalidae,,Rhopalus,,Heteroptera | Rhopalidae,Rhopalus Schill.,,8NYP2,2050237,8NYP2,2050237
B3094:1:535,Rhopalus maculatus (Fieb.),(Fieb.),Rhopalus,,maculatus,,species,,B3094:1,accepted,,,B3094:1:534,Rhopalus Schill.,,,,Heteroptera,Rhopalidae,,Rhopalus,,Heteroptera | Rhopalidae | Rhopalus,maculatus (Fieb.),,4SMDF,4391866,4SMDF,4391866
B3094:1:536,Rhopalus parumpunctatus Schill.,Schill.,Rhopalus,,parumpunctatus,,species,,B3094:1,accepted,,,B3094:1:534,Rhopalus Schill.,,,,Heteroptera,Rhopalidae,,Rhopalus,,Heteroptera | Rhopalidae | Rhopalus,parumpunctatus Schill.,,4SMDN,4391858,4SMDN,4391858
B3094:1:537,Rhopalus subrufus (Gmel.),(Gmel.),Rhopalus,,subrufus,,species,,B3094:1,accepted,,,B3094:1:534,Rhopalus Schill.,,,,Heteroptera,Rhopalidae,,Rhopalus,,Heteroptera | Rhopalidae | Rhopalus,subrufus (Gmel.),,4SMDQ,2050239,4SMDQ,2050239
B3094:1:538,Rhopalus conspersus (Fieb.),(Fieb.),Rhopalus,,conspersus,,species,,B3094:1,accepted,,,B3094:1:534,Rhopalus Schill.,,,,Heteroptera,Rhopalidae,,Rhopalus,,Heteroptera | Rhopalidae | Rhopalus,conspersus (Fieb.),,4SMDK,4391859,4SMDK,4391859
B3094:1:539,Stictopleurus Stal,Stal,,,,,genus,,B3094:1,accepted,,,B3094:1:527,Rhopalidae,,,,Heteroptera,Rhopalidae,,Stictopleurus,,Heteroptera | Rhopalidae,Stictopleurus Stal,,8NZKV,2050268,8NZKV,2050268
B3094:1:540,Stictopleurus punctatonervosus (Goeze),(Goeze),Stictopleurus,,punctatonervosus,,species,,B3094:1,accepted,,,B3094:1:539,Stictopleurus Stal,,,,Heteroptera,Rhopalidae,,Stictopleurus,,Heteroptera | Rhopalidae | Stictopleurus,punctatonervosus (Goeze),,52KHB,4391843,52KHB,4391843
B3094:1:541,Stictopleurus crassicornis (L.),(L.),Stictopleurus,,crassicornis,,species,,B3094:1,accepted,,,B3094:1:539,Stictopleurus Stal,,,,Heteroptera,Rhopalidae,,Stictopleurus,,Heteroptera | Rhopalidae | Stictopleurus,crassicornis (L.),,52KGX,2050273,52KGX,2050273
B3094:1:542,Stictopleurus abutilon Rossi,Rossi,Stictopleurus,,abutilon,,species,,B3094:1,accepted,,,B3094:1:539,Stictopleurus Stal,,,,Heteroptera,Rhopalidae,,Stictopleurus,,Heteroptera | Rhopalidae | Stictopleurus,abutilon Rossi,,6ZTDH,4391852,6ZTDH,4391852
B3094:1:543,Stictopleurus pictus (Fieb.),(Fieb.),Stictopleurus,,pictus,,species,,B3094:1,accepted,,,B3094:1:539,Stictopleurus Stal,,,,Heteroptera,Rhopalidae,,Stictopleurus,,Heteroptera | Rhopalidae | Stictopleurus,pictus (Fieb.),,52KH9,4391853,52KH9,4391853
B3094:1:544,Maccevethus Dallas,Dallas,,,,,genus,,B3094:1,accepted,,,B3094:1:527,Rhopalidae,,,,Heteroptera,Rhopalidae,,Maccevethus,,Heteroptera | Rhopalidae,Maccevethus Dallas,,8NTSN,5431407,8NTSN,5431407
B3094:1:545,Maccevethus lineola (F.),(F.),Maccevethus,,lineola,,species,,B3094:1,accepted,,,B3094:1:544,Maccevethus Dallas,,,,Heteroptera,Rhopalidae,,Maccevethus,,Heteroptera | Rhopalidae | Maccevethus,lineola (F.),,Q4T9N,12332806,L29CJ,5733457
B3094:1:546,Agraphopus Stal,Stal,,,,,genus,,B3094:1,accepted,,,B3094:1:527,Rhopalidae,,,,Heteroptera,Rhopalidae,,Agraphopus,,Heteroptera | Rhopalidae,Agraphopus Stal,,8NLNC,4391934,8NLNC,4391934
B3094:1:547,Agraphopus lethierryi Stal,Stal,Agraphopus,,lethierryi,,species,,B3094:1,accepted,,,B3094:1:546,Agraphopus Stal,,,,Heteroptera,Rhopalidae,,Agraphopus,,Heteroptera | Rhopalidae | Agraphopus,lethierryi Stal,,B37W,4485588,B37W,4485588
B3094:1:548,Myrmus Hahn,Hahn,,,,,genus,,B3094:1,accepted,,,B3094:1:527,Rhopalidae,,,,Heteroptera,Rhopalidae,,Myrmus,,Heteroptera | Rhopalidae,Myrmus Hahn,,8NVNM,3265873,8NVNM,3265873
B3094:1:549,Myrmus miriformis (Fall.),(Fall.),Myrmus,,miriformis,,species,,B3094:1,accepted,,,B3094:1:548,Myrmus Hahn,,,,Heteroptera,Rhopalidae,,Myrmus,,Heteroptera | Rhopalidae | Myrmus,miriformis (Fall.),,45D29,5733462,45D29,5733462
B3094:1:550,Chorosoma Curtis,Curtis,,,,,genus,,B3094:1,accepted,,,B3094:1:527,Rhopalidae,,,,Heteroptera,Rhopalidae,,Chorosoma,,Heteroptera | Rhopalidae,Chorosoma Curtis,,8NPLM,4391943,8NPLM,4391943
B3094:1:551,Chorosoma schillingi Schill.,Schill.,Chorosoma,,schillingi,,species,,B3094:1,accepted,,,B3094:1:550,Chorosoma Curtis,,,,Heteroptera,Rhopalidae,,Chorosoma,,Heteroptera | Rhopalidae | Chorosoma,schillingi Schill.,,KZ5RP,11367566,KZ5RP,4391944
B3094:1:552,Hebridae,,,,,,family,,B3094:1,accepted,,,B3094:1:1,Heteroptera,,,,Heteroptera,Hebridae,,,,Heteroptera,Hebridae,,6252Q,4312,6252Q,4312
B3094:1:553,Hebrus Curtis,Curtis,,,,,genus,,B3094:1,accepted,,,B3094:1:552,Hebridae,,,,Heteroptera,Hebridae,,Hebrus,,Heteroptera | Hebridae,Hebrus Curtis,,635VT,2020320,635VT,2020320
B3094:1:554,Hebrus ruficeps Thomson,Thomson,Hebrus,,ruficeps,,species,,B3094:1,accepted,,,B3094:1:553,Hebrus Curtis,,,,Heteroptera,Hebridae,,Hebrus,,Heteroptera | Hebridae | Hebrus,ruficeps Thomson,,3JYF8,4485475,3JYF8,4485475
B3094:1:555,Hebrus pusillus (Fall.),(Fall.),Hebrus,,pusillus,,species,,B3094:1,accepted,,,B3094:1:553,Hebrus Curtis,,,,Heteroptera,Hebridae,,Hebrus,,Heteroptera | Hebridae | Hebrus,pusillus (Fall.),,3JYF4,2020325,3JYF4,2020325
B3094:1:556,Cydnidae,,,,,,family,,B3094:1,accepted,,,B3094:1:1,Heteroptera,,,,Heteroptera,Cydnidae,,,,Heteroptera,Cydnidae,,BXWHY,6989,BXWHY,6989
B3094:1:557,Thyreocorinae Am. & Serv.,Am. & Serv.,,,,,subfamily,,B3094:1,accepted,,,B3094:1:556,Cydnidae,,,,Heteroptera,Cydnidae,Thyreocorinae,,,Heteroptera | Cydnidae,Thyreocorinae Am. & Serv.,,,,,
B3094:1:558,Thyreocoris Schr.,Schr.,,,,,genus,,B3094:1,accepted,,,B3094:1:557,Thyreocorinae Am. & Serv.,,,,Heteroptera,Cydnidae,Thyreocorinae,Thyreocoris,,Heteroptera | Cydnidae | Thyreocorinae,Thyreocoris Schr.,,TKJL6,4486000,TKJL6,4486000
B3094:1:559,Thyreocoris scarabaeoides (L.),(L.),Thyreocoris,,scarabaeoides,,species,,B3094:1,accepted,,,B3094:1:558,Thyreocoris Schr.,,,,Heteroptera,Cydnidae,Thyreocorinae,Thyreocoris,,Heteroptera | Cydnidae | Thyreocorinae | Thyreocoris,scarabaeoides (L.),,TKJLQ,4486004,TKJLQ,4486004
B3094:1:560,Sehirinae Am. & Serv.,Am. & Serv.,,,,,subfamily,,B3094:1,accepted,,,B3094:1:556,Cydnidae,,,,Heteroptera,Cydnidae,Sehirinae,,,Heteroptera | Cydnidae,Sehirinae Am. & Serv.,,,,,
B3094:1:561,Ochetostethus Fieb.,Fieb.,,,,,genus,,B3094:1,accepted,,,B3094:1:560,Sehirinae Am. & Serv.,,,,Heteroptera,Cydnidae,Sehirinae,Ochetostethus,,Heteroptera | Cydnidae | Sehirinae,Ochetostethus Fieb.,,QTS3K,4404611,QTS3K,4404611
B3094:1:562,Ochetostethus balcanicus Wagner,Wagner,Ochetostethus,,balcanicus,,species,,B3094:1,accepted,,,B3094:1:561,Ochetostethus Fieb.,,,,Heteroptera,Cydnidae,Sehirinae,Ochetostethus,,Heteroptera | Cydnidae | Sehirinae | Ochetostethus,balcanicus Wagner,,QTS3V,4486194,QTS3V,4486194
B3094:1:563,Legnotus Schiödte,Schiödte,,,,,genus,,B3094:1,accepted,,,B3094:1:560,Sehirinae Am. & Serv.,,,,Heteroptera,Cydnidae,Sehirinae,Legnotus,,Heteroptera | Cydnidae | Sehirinae,Legnotus Schiödte,,PX3DX,3265255,PX3DX,3265255
B3094:1:564,Legnotus limbosus Geoffr.,Geoffr.,Legnotus,,limbosus,,species,,B3094:1,accepted,,,B3094:1:563,Legnotus Schiödte,,,,Heteroptera,Cydnidae,Sehirinae,Legnotus,,Heteroptera | Cydnidae | Sehirinae | Legnotus,limbosus Geoffr.,,PX3G4,5758810,PX3G4,5758810
B3094:1:565,Legnotus picipes (Fall.),(Fall.),Legnotus,,picipes,,species,,B3094:1,accepted,,,B3094:1:563,Legnotus Schiödte,,,,Heteroptera,Cydnidae,Sehirinae,Legnotus,,Heteroptera | Cydnidae | Sehirinae | Legnotus,picipes (Fall.),,PX3GV,5758812,PX3GV,5758812
B3094:1:566,Sehirus Am. & Serv.,Am. & Serv.,,,,,genus,,B3094:1,accepted,,,B3094:1:560,Sehirinae Am. & Serv.,,,,Heteroptera,Cydnidae,Sehirinae,Sehirus,,Heteroptera | Cydnidae | Sehirinae,Sehirus Am. & Serv.,,SYLS3,2078780,SYLS3,2078780
B3094:1:567,Tritomegas,,Sehirus,,,,subgenus,,B3094:1,accepted,,,B3094:1:566,Sehirus Am. & Serv.,,,,Heteroptera,Cydnidae,Sehirinae,Sehirus,Tritomegas,Heteroptera | Cydnidae | Sehirinae | Sehirus,Tritomegas,,TQMJP,,TQMJP,
B3094:1:568,Sehirus bicolor (L.),(L.),Sehirus,Tritomegas,bicolor,,species,,B3094:1,accepted,,,B3094:1:567,Tritomegas,,,,Heteroptera,Cydnidae,Sehirinae,Sehirus,Tritomegas,Heteroptera | Cydnidae | Sehirinae | Sehirus | Tritomegas,bicolor (L.),,SYLSM,10976574,TQMJW,5758805
B3094:1:569,Sehirus sexmaculatus (Ramb.),(Ramb.),Sehirus,Tritomegas,sexmaculatus,,species,,B3094:1,accepted,,,B3094:1:567,Tritomegas,,,,Heteroptera,Cydnidae,Sehirinae,Sehirus,Tritomegas,Heteroptera | Cydnidae | Sehirinae | Sehirus | Tritomegas,sexmaculatus (Ramb.),,SYLVW,10920039,TQMK9,5758809
B3094:1:570,Sehirus,,Sehirus,,,,subgenus,,B3094:1,accepted,,,B3094:1:566,Sehirus Am. & Serv.,,,,Heteroptera,Cydnidae,Sehirinae,Sehirus,Sehirus,Heteroptera | Cydnidae | Sehirinae | Sehirus,Sehirus,,SYLS3,,SYLS3,
B3094:1:571,Sehirus biguttatus (L.),(L.),Sehirus,Sehirus,biguttatus,,species,,B3094:1,accepted,,,B3094:1:570,Sehirus,,,,Heteroptera,Cydnidae,Sehirinae,Sehirus,Sehirus,Heteroptera | Cydnidae | Sehirinae | Sehirus | Sehirus,biguttatus (L.),,SYLSP,6096813,L5Y4S,4486134
B3094:1:572,Sehirus luctuosus Muls. & Rey,Muls. & Rey,Sehirus,Sehirus,luctuosus,,species,,B3094:1,accepted,,,B3094:1:570,Sehirus,,,,Heteroptera,Cydnidae,Sehirinae,Sehirus,Sehirus,Heteroptera | Cydnidae | Sehirinae | Sehirus | Sehirus,luctuosus Muls. & Rey,,SYLTY,4486163,SYLTY,4486163
B3094:1:573,Canthophorus,,Sehirus,,,,subgenus,,B3094:1,accepted,,,B3094:1:566,Sehirus Am. & Serv.,,,,Heteroptera,Cydnidae,Sehirinae,Sehirus,Canthophorus,Heteroptera | Cydnidae | Sehirinae | Sehirus,Canthophorus,,M78P5,,SYLS3,
B3094:1:574,Sehirus melanopterus (H. S.),(H. S.),Sehirus,Canthophorus,melanopterus,,species,,B3094:1,accepted,,,B3094:1:573,Canthophorus,,,,Heteroptera,Cydnidae,Sehirinae,Sehirus,Canthophorus,Heteroptera | Cydnidae | Sehirinae | Sehirus | Canthophorus,melanopterus (H. S.),,SYLV5,4486151,M78RB,4486146
B3094:1:575,Sehirus impressus Horv.,Horv.,Sehirus,Canthophorus,impressus,,species,,B3094:1,accepted,,,B3094:1:573,Canthophorus,,,,Heteroptera,Cydnidae,Sehirinae,Sehirus,Canthophorus,Heteroptera | Cydnidae | Sehirinae | Sehirus | Canthophorus,impressus Horv.,,SYLTX,4486153,M78QG,4486152
B3094:1:576,Sehirus dubius (Scop.),(Scop.),Sehirus,Canthophorus,dubius,,species,,B3094:1,accepted,,,B3094:1:573,Canthophorus,,,,Heteroptera,Cydnidae,Sehirinae,Sehirus,Canthophorus,Heteroptera | Cydnidae | Sehirinae | Sehirus | Canthophorus,dubius (Scop.),,SYLTM,11254627,M78QG,4486159
B3094:1:577,Cydninae Am. & Serv.,Am. & Serv.,,,,,subfamily,,B3094:1,accepted,,,B3094:1:556,Cydnidae,,,,Heteroptera,Cydnidae,Cydninae,,,Heteroptera | Cydnidae,Cydninae Am. & Serv.,,,,,
B3094:1:578,Cydnus Fabr.,Fabr.,,,,,genus,,B3094:1,accepted,,,B3094:1:577,Cydninae Am. & Serv.,,,,Heteroptera,Cydnidae,Cydninae,Cydnus,,Heteroptera | Cydnidae | Cydninae,Cydnus Fabr.,,MZ5P6,2078814,MZ5P6,2078814
B3094:1:579,Cydnus aterrimus (Forst.),(Forst.),Cydnus,,aterrimus,,species,,B3094:1,accepted,,,B3094:1:578,Cydnus Fabr.,,,,Heteroptera,Cydnidae,Cydninae,Cydnus,,Heteroptera | Cydnidae | Cydninae | Cydnus,aterrimus (Forst.),,MZ5QT,2078815,MZ5QT,2078815
B3094:1:580,Aethus Dallas,Dallas,,,,,genus,,B3094:1,accepted,,,B3094:1:577,Cydninae Am. & Serv.,,,,Heteroptera,Cydnidae,Cydninae,Aethus,,Heteroptera | Cydnidae | Cydninae,Aethus Dallas,,L7WQ8,2078763,L7WQ8,2078763
B3094:1:581,Aethus pilosus (H. S.),(H. S.),Aethus,,pilosus,,species,,B3094:1,accepted,,,B3094:1:580,Aethus Dallas,,,,Heteroptera,Cydnidae,Cydninae,Aethus,,Heteroptera | Cydnidae | Cydninae | Aethus,pilosus (H. S.),,L7WS4,4486111,L7WS4,4486111
B3094:1:582,Aethus nigritus (F.),(F.),Aethus,,nigritus,,species,,B3094:1,accepted,,,B3094:1:580,Aethus Dallas,,,,Heteroptera,Cydnidae,Cydninae,Aethus,,Heteroptera | Cydnidae | Cydninae | Aethus,nigritus (F.),,L7WRG,2078764,L7WRG,5758803
B3094:1:583,Aethus flavicornis (F.),(F.),Aethus,,flavicornis,,species,,B3094:1,accepted,,,B3094:1:580,Aethus Dallas,,,,Heteroptera,Cydnidae,Cydninae,Aethus,,Heteroptera | Cydnidae | Cydninae | Aethus,flavicornis (F.),,L7WQK,6096815,LZS8S,4486103
B3094:1:584,Geotomus Muls. & Ser.,Muls. & Ser.,,,,,genus,,B3094:1,accepted,,,B3094:1:577,Cydninae Am. & Serv.,,,,Heteroptera,Cydnidae,Cydninae,Geotomus,,Heteroptera | Cydnidae | Cydninae,Geotomus Muls. & Ser.,,PCND5,2078736,PCND5,2078736
B3094:1:585,Geotomus elongatus (H. S.),(H. S.),Geotomus,,elongatus,,species,,B3094:1,accepted,,,B3094:1:584,Geotomus Muls. & Ser.,,,,Heteroptera,Cydnidae,Cydninae,Geotomus,,Heteroptera | Cydnidae | Cydninae | Geotomus,elongatus (H. S.),,PCNGX,4486118,PCNGX,4486118
B3094:1:586,Geotomus punctulatus (Costa),(Costa),Geotomus,,punctulatus,,species,,B3094:1,accepted,,,B3094:1:584,Geotomus Muls. & Ser.,,,,Heteroptera,Cydnidae,Cydninae,Geotomus,,Heteroptera | Cydnidae | Cydninae | Geotomus,punctulatus (Costa),,PCNMY,4486116,PCNMY,4486116
B3094:1:587,Geotomus brunnipennis Wagner,Wagner,Geotomus,,brunnipennis,,species,,B3094:1,accepted,,,B3094:1:584,Geotomus Muls. & Ser.,,,,Heteroptera,Cydnidae,Cydninae,Geotomus,,Heteroptera | Cydnidae | Cydninae | Geotomus,brunnipennis Wagner,,PCNFX,4486125,PCNFX,4486125
B3094:1:588,Macroscytus Fieb.,Fieb.,,,,,genus,,B3094:1,accepted,,,B3094:1:577,Cydninae Am. & Serv.,,,,Heteroptera,Cydnidae,Cydninae,Macroscytus,,Heteroptera | Cydnidae | Cydninae,Macroscytus Fieb.,,Q9VGX,2078734,Q9VGX,2078734
B3094:1:589,Macroscytus brunneus (F.),(F.),Macroscytus,,brunneus,,species,,B3094:1,accepted,,,B3094:1:588,Macroscytus Fieb.,,,,Heteroptera,Cydnidae,Cydninae,Macroscytus,,Heteroptera | Cydnidae | Cydninae | Macroscytus,brunneus (F.),,Q9VKB,4486089,Q9VKB,4486089
B3094:1:590,Scutelleridae,,,,,,family,,B3094:1,accepted,,,B3094:1:1,Heteroptera,,,,Heteroptera,Scutelleridae,,,,Heteroptera,Scutelleridae,,BXWJF,4327,BXWJF,4327
B3094:1:591,Odontoscelis Lap.,Lap.,,,,,genus,,B3094:1,accepted,,,B3094:1:590,Scutelleridae,,,,Heteroptera,Scutelleridae,,Odontoscelis,,Heteroptera | Scutelleridae,Odontoscelis Lap.,,R2GVQ,2079364,R2GVQ,2079364
B3094:1:592,Odontoscelis fuliginosus (L.),(L.),Odontoscelis,,fuliginosus,,species,,B3094:1,accepted,,,B3094:1:591,Odontoscelis Lap.,,,,Heteroptera,Scutelleridae,,Odontoscelis,,Heteroptera | Scutelleridae | Odontoscelis,fuliginosus (L.),,R2GXN,5758780,R2GXN,5758780
B3094:1:593,Odontotarsus Lap.,Lap.,,,,,genus,,B3094:1,accepted,,,B3094:1:590,Scutelleridae,,,,Heteroptera,Scutelleridae,,Odontotarsus,,Heteroptera | Scutelleridae,Odontotarsus Lap.,,R2Q79,4486008,R2Q79,4486008
B3094:1:594,Odontotarsus purpureolineatus (Rossi),(Rossi),Odontotarsus,,purpureolineatus,,species,,B3094:1,accepted,,,B3094:1:593,Odontotarsus Lap.,,,,Heteroptera,Scutelleridae,,Odontotarsus,,Heteroptera | Scutelleridae | Odontotarsus,purpureolineatus (Rossi),,R2QBD,4486022,R2QBD,4486022
B3094:1:595,Phimodera Germ.,Germ.,,,,,genus,,B3094:1,accepted,,,B3094:1:590,Scutelleridae,,,,Heteroptera,Scutelleridae,,Phimodera,,Heteroptera | Scutelleridae,Phimodera Germ.,,RFFHN,2079352,RFFHN,2079352
B3094:1:596,Phimodera flori Fieb.,Fieb.,Phimodera,,flori,,species,,B3094:1,accepted,,,B3094:1:595,Phimodera Germ.,,,,Heteroptera,Scutelleridae,,Phimodera,,Heteroptera | Scutelleridae | Phimodera,flori Fieb.,,RFFJG,4486028,RFFJG,4486028
B3094:1:597,Psacasta Germ.,Germ.,,,,,genus,,B3094:1,accepted,,,B3094:1:590,Scutelleridae,,,,Heteroptera,Scutelleridae,,Psacasta,,Heteroptera | Scutelleridae,Psacasta Germ.,,S6GQB,4404628,S6GQB,4404628
B3094:1:598,Psacasta exanthematica Scop.,Scop.,Psacasta,,exanthematica,,species,,B3094:1,accepted,,,B3094:1:597,Psacasta Germ.,,,,Heteroptera,Scutelleridae,,Psacasta,,Heteroptera | Scutelleridae | Psacasta,exanthematica Scop.,,S6GR4,4486072,S6GR4,4486072
B3094:1:599,Eurygaster Lap. Cast.,Lap. Cast.,,,,,genus,,B3094:1,accepted,,,B3094:1:590,Scutelleridae,,,,Heteroptera,Scutelleridae,,Eurygaster,,Heteroptera | Scutelleridae,Eurygaster Lap. Cast.,,P49BY,2079334,P49BY,2079334
B3094:1:600,Eurygaster austriaca (Schr.),(Schr.),Eurygaster,,austriaca,,species,,B3094:1,accepted,,,B3094:1:599,Eurygaster Lap. Cast.,,,,Heteroptera,Scutelleridae,,Eurygaster,,Heteroptera | Scutelleridae | Eurygaster,austriaca (Schr.),,P49DB,5758791,P49DB,5758791
B3094:1:601,Eurygaster maura (L.),(L.),Eurygaster,,maura,,species,,B3094:1,accepted,,,B3094:1:599,Eurygaster Lap. Cast.,,,,Heteroptera,Scutelleridae,,Eurygaster,,Heteroptera | Scutelleridae | Eurygaster,maura (L.),,P49KS,5758789,P49KS,5758789
B3094:1:602,Eurygaster testudinaria (Geoffr.),(Geoffr.),Eurygaster,,testudinaria,,species,,B3094:1,accepted,,,B3094:1:599,Eurygaster Lap. Cast.,,,,Heteroptera,Scutelleridae,,Eurygaster,,Heteroptera | Scutelleridae | Eurygaster,testudinaria (Geoffr.),,P49QW,5758794,P49QW,5758794
B3094:1:603,Pentatomidae,,,,,,family,,B3094:1,accepted,,,B3094:1:1,Heteroptera,,,,Heteroptera,Pentatomidae,,,,Heteroptera,Pentatomidae,,BXWJD,9650,BXWJD,9650
B3094:1:604,Asopinae,,,,,,subfamily,,B3094:1,accepted,,,B3094:1:603,Pentatomidae,,,,Heteroptera,Pentatomidae,Asopinae,,,Heteroptera | Pentatomidae,Asopinae,,,,,
B3094:1:605,Zicrona Am. & Serv.,Am. & Serv.,,,,,genus,,B3094:1,accepted,,,B3094:1:604,Asopinae,,,,Heteroptera,Pentatomidae,Asopinae,Zicrona,,Heteroptera | Pentatomidae | Asopinae,Zicroma Am. & Serv.,,TWMP2,2078941,TWMP2,2078941
B3094:1:606,Zicrona coerulea (L.),(L.),Zicrona,,coerulea,,species,,B3094:1,accepted,,,B3094:1:605,Zicrona Am. & Serv.,,,,Heteroptera,Pentatomidae,Asopinae,Zicrona,,Heteroptera | Pentatomidae | Asopinae | Zicrona,coerulea (L.),,TWMPK,9378976,TWMPC,2078942
B3094:1:607,Jalla Hahn,Hahn,,,,,genus,,B3094:1,accepted,,,B3094:1:604,Asopinae,,,,Heteroptera,Pentatomidae,Asopinae,Jalla,,Heteroptera | Pentatomidae | Asopinae,Jalla Hahn,,PY8HF,3266040,PY8HF,3266040
B3094:1:608,Jalla dumosa (L.),(L.),Jalla,,dumosa,,species,,B3094:1,accepted,,,B3094:1:607,Jalla Hahn,,,,Heteroptera,Pentatomidae,Asopinae,Jalla,,Heteroptera | Pentatomidae | Asopinae | Jalla,dumosa (L.),,PY8HX,5758771,PY8HX,5758771
B3094:1:609,Troilus Stal,Stal,,,,,genus,,B3094:1,accepted,,,B3094:1:604,Asopinae,,,,Heteroptera,Pentatomidae,Asopinae,Troilus,,Heteroptera | Pentatomidae | Asopinae,Troilus Stal,,TSGLY,4407233,TSGLY,4407233
B3094:1:610,Troilus luridus (F.),(F.),Troilus,,luridus,,species,,B3094:1,accepted,,,B3094:1:609,Troilus Stal,,,,Heteroptera,Pentatomidae,Asopinae,Troilus,,Heteroptera | Pentatomidae | Asopinae | Troilus,luridus (F.),,TSGM3,4485973,TSGM3,4485973
B3094:1:611,Arma Hahn,Hahn,,,,,genus,,B3094:1,accepted,,,B3094:1:604,Asopinae,,,,Heteroptera,Pentatomidae,Asopinae,Arma,,Heteroptera | Pentatomidae | Asopinae,Arma Hahn,,LFMDC,8888117,LFMDC,8888117
B3094:1:612,Arma custos (F.),(F.),Arma,,custos,,species,,B3094:1,accepted,,,B3094:1:611,Arma Hahn,,,,Heteroptera,Pentatomidae,Asopinae,Arma,,Heteroptera | Pentatomidae | Asopinae | Arma,custos (F.),,LFMFH,4485971,LFMFH,4485971
B3094:1:613,Picromerus Am. & Serv.,Am. & Serv.,,,,,genus,,B3094:1,accepted,,,B3094:1:604,Asopinae,,,,Heteroptera,Pentatomidae,Asopinae,Picromerus,,Heteroptera | Pentatomidae | Asopinae,Picromerus Am. & Serv.,,RG2K9,2079126,RG2K9,2079126
B3094:1:614,Picromerus bidens (L.),(L.),Picromerus,,bidens,,species,,B3094:1,accepted,,,B3094:1:613,Picromerus Am. & Serv.,,,,Heteroptera,Pentatomidae,Asopinae,Picromerus,,Heteroptera | Pentatomidae | Asopinae | Picromerus,bidens (L.),,RG2L5,5160015,RG2L5,5160015
B3094:1:615,Pentatominae,,,,,,subfamily,,B3094:1,accepted,,,B3094:1:603,Pentatomidae,,,,Heteroptera,Pentatomidae,Pentatominae,,,Heteroptera | Pentatomidae,Pentatominae,,,,,
B3094:1:616,Sciocorini,,,,,,tribe,,B3094:1,accepted,,,B3094:1:615,Pentatominae,,,,Heteroptera,Pentatomidae,Pentatominae,,,Heteroptera | Pentatomidae | Pentatominae,Sciocorini,,,,,
B3094:1:617,Menaccarus Am. & Serv.,Am. & Serv.,,,,,genus,,B3094:1,accepted,,,B3094:1:616,Sciocorini,,,,Heteroptera,Pentatomidae,Pentatominae,Menaccarus,,Heteroptera | Pentatomidae | Pentatominae | Sciocorini,Menaccarus Am. & Serv.,,QJV3R,4404951,QJV3R,4404951
B3094:1:618,Menaccarus arenicola (Sch.),(Sch.),Menaccarus,,arenicola,,species,,B3094:1,accepted,,,B3094:1:617,Menaccarus Am. & Serv.,,,,Heteroptera,Pentatomidae,Pentatominae,Menaccarus,,Heteroptera | Pentatomidae | Pentatominae | Sciocorini | Menaccarus,arenicola (Sch.),,QJV3T,4485849,QJV3T,4485849
B3094:1:619,Dyroderes Spin.,Spin.,,,,,genus,,B3094:1,accepted,,,B3094:1:616,Sciocorini,,,,Heteroptera,Pentatomidae,Pentatominae,Dyroderes,,Heteroptera | Pentatomidae | Pentatominae | Sciocorini,Dyroderes Spin.,,NTW3P,4406297,NTW3P,4406297
B3094:1:620,Dyroderes umbraculatus (F.),(F.),Dyroderes,,umbraculatus,,species,,B3094:1,accepted,,,B3094:1:619,Dyroderes Spin.,,,,Heteroptera,Pentatomidae,Pentatominae,Dyroderes,,Heteroptera | Pentatomidae | Pentatominae | Sciocorini | Dyroderes,umbraculatus (F.),,NTW44,4485845,NTW44,4485845
B3094:1:621,Sciocoris Fall.,Fall.,,,,,genus,,B3094:1,accepted,,,B3094:1:616,Sciocorini,,,,Heteroptera,Pentatomidae,Pentatominae,Sciocoris,,Heteroptera | Pentatomidae | Pentatominae | Sciocorini,Sciocoris Fall.,,SRR75,2079251,SRR75,2079251
B3094:1:622,Sciocoris macrocephalus Fieb.,Fieb.,Sciocoris,,macrocephalus,,species,,B3094:1,accepted,,,B3094:1:621,Sciocoris Fall.,,,,Heteroptera,Pentatomidae,Pentatominae,Sciocoris,,Heteroptera | Pentatomidae | Pentatominae | Sciocorini | Sciocoris,macrocephalus Fieb.,,SRR7K,4485868,SRR7K,4485868
B3094:1:623,Sciocoris microphthalmus Flor,Flor,Sciocoris,,microphthalmus,,species,,B3094:1,accepted,,,B3094:1:621,Sciocoris Fall.,,,,Heteroptera,Pentatomidae,Pentatominae,Sciocoris,,Heteroptera | Pentatomidae | Pentatominae | Sciocorini | Sciocoris,microphthalmus Flor,,SRR7N,2079252,SRR7N,2079252
B3094:1:624,Sciocoris homalonotus Fieb.,Fieb.,Sciocoris,,homalonotus,,species,,B3094:1,accepted,,,B3094:1:621,Sciocoris Fall.,,,,Heteroptera,Pentatomidae,Pentatominae,Sciocoris,,Heteroptera | Pentatomidae | Pentatominae | Sciocorini | Sciocoris,homalonotus Fieb.,,SRR7F,4485866,SRR7F,4485866
B3094:1:625,Sciocoris sideritidis Woll.,Woll.,Sciocoris,,sideritidis,,species,,B3094:1,accepted,,,B3094:1:621,Sciocoris Fall.,,,,Heteroptera,Pentatomidae,Pentatominae,Sciocoris,,Heteroptera | Pentatomidae | Pentatominae | Sciocorini | Sciocoris,sideritis Woll.,,SRR8M,4485877,SRR8M,4485877
B3094:1:626,Sciocoris sulcatus Fieb.,Fieb.,Sciocoris,,sulcatus,,species,,B3094:1,accepted,,,B3094:1:621,Sciocoris Fall.,,,,Heteroptera,Pentatomidae,Pentatominae,Sciocoris,,Heteroptera | Pentatomidae | Pentatominae | Sciocorini | Sciocoris,sulcatus Fieb.,,SRR9Z,4485857,SRR9Z,4485857
B3094:1:627,Sciocoris cursitans F.,F.,Sciocoris,,cursitans,,species,,B3094:1,accepted,,,B3094:1:621,Sciocoris Fall.,,,,Heteroptera,Pentatomidae,Pentatominae,Sciocoris,,Heteroptera | Pentatomidae | Pentatominae | Sciocorini | Sciocoris,cursitans F.,,SRR9B,2079253,SRR9B,2079253
B3094:1:628,Aelini,,,,,,tribe,,B3094:1,accepted,,,B3094:1:615,Pentatominae,,,,Heteroptera,Pentatomidae,Pentatominae,,,Heteroptera | Pentatomidae | Pentatominae,Aelini,,,,,
B3094:1:629,Aelia Fabr.,Fabr.,,,,,genus,,B3094:1,accepted,,,B3094:1:628,Aelini,,,,Heteroptera,Pentatomidae,Pentatominae,Aelia,,Heteroptera | Pentatomidae | Pentatominae | Aelini,Aelia Fabr.,,L6T9Y,2079121,L6T9Y,2079121
B3094:1:630,Aelia acuminata (L.),(L.),Aelia,,acuminata,,species,,B3094:1,accepted,,,B3094:1:629,Aelia Fabr.,,,,Heteroptera,Pentatomidae,Pentatominae,Aelia,,Heteroptera | Pentatomidae | Pentatominae | Aelini | Aelia,acuminata (L.),,L6TB6,2079123,L6TB6,2079123
B3094:1:631,Aelia klugi Hahn,Hahn,Aelia,,klugi,,species,,B3094:1,accepted,,,B3094:1:629,Aelia Fabr.,,,,Heteroptera,Pentatomidae,Pentatominae,Aelia,,Heteroptera | Pentatomidae | Pentatominae | Aelini | Aelia,klugi Hahn,,L6TCD,6096804,L6TCD,6096804
B3094:1:632,Aelia rostrata Bohem.,Bohem.,Aelia,,rostrata,,species,,B3094:1,accepted,,,B3094:1:629,Aelia Fabr.,,,,Heteroptera,Pentatomidae,Pentatominae,Aelia,,Heteroptera | Pentatomidae | Pentatominae | Aelini | Aelia,rostrata Bohem.,,L6TCR,7906393,L6TCR,7906393
B3094:1:633,Aelia germari Küst.,Küst.,Aelia,,germari,,species,,B3094:1,accepted,,,B3094:1:629,Aelia Fabr.,,,,Heteroptera,Pentatomidae,Pentatominae,Aelia,,Heteroptera | Pentatomidae | Pentatominae | Aelini | Aelia,germari Küst.,,L6TC4,7847436,L6TC4,7847436
B3094:1:634,Neottiglossa Kirby,Kirby,,,,,genus,,B3094:1,accepted,,,B3094:1:628,Aelini,,,,Heteroptera,Pentatomidae,Pentatominae,Neottiglossa,,Heteroptera | Pentatomidae | Pentatominae | Aelini,Neottiglossa Kirby,,QKRQ3,2078911,QKRQ3,2078911
B3094:1:635,Neottiglossa leporina (H. S.),(H. S.),Neottiglossa,,leporina,,species,,B3094:1,accepted,,,B3094:1:634,Neottiglossa Kirby,,,,Heteroptera,Pentatomidae,Pentatominae,Neottiglossa,,Heteroptera | Pentatomidae | Pentatominae | Aelini | Neottiglossa,leporina (H. S.),,QKRQC,4485944,QKRQC,4485944
B3094:1:636,Neottiglossa pusilla (Gmel.),(Gmel.),Neottiglossa,,pusilla,,species,,B3094:1,accepted,,,B3094:1:634,Neottiglossa Kirby,,,,Heteroptera,Pentatomidae,Pentatominae,Neottiglossa,,Heteroptera | Pentatomidae | Pentatominae | Aelini | Neottiglossa,pusilla (Gmel.),,QKRS5,4485936,QKRS5,4485936
B3094:1:637,Neottiglossa bifida (Costa),(Costa),Neottiglossa,,bifida,,species,,B3094:1,accepted,,,B3094:1:634,Neottiglossa Kirby,,,,Heteroptera,Pentatomidae,Pentatominae,Neottiglossa,,Heteroptera | Pentatomidae | Pentatominae | Aelini | Neottiglossa,bifida (Costa),,QKRQ9,4485942,QKRQ9,4485942
B3094:1:638,Eurydemini,,,,,,tribe,,B3094:1,accepted,,,B3094:1:615,Pentatominae,,,,Heteroptera,Pentatomidae,Pentatominae,,,Heteroptera | Pentatomidae | Pentatominae,Eurydemini,,,,,
B3094:1:639,Eurydema Lap.,Lap.,,,,,genus,,B3094:1,accepted,,,B3094:1:638,Eurydemini,,,,Heteroptera,Pentatomidae,Pentatominae,Eurydema,,Heteroptera | Pentatomidae | Pentatominae | Eurydemini,Eurydema Lap.,,P464H,8781759,P464H,8781759
B3094:1:640,Eurydema dominulus (Scop.),(Scop.),Eurydema,,dominulus,,species,,B3094:1,accepted,,,B3094:1:639,Eurydema Lap.,,,,Heteroptera,Pentatomidae,Pentatominae,Eurydema,,Heteroptera | Pentatomidae | Pentatominae | Eurydemini | Eurydema,dominulus (Scop.),,P466C,4485896,P466C,4485896
B3094:1:641,Eurydema fieberi (Schml.),(Schml.),Eurydema,,fieberi,,species,,B3094:1,accepted,,,B3094:1:639,Eurydema Lap.,,,,Heteroptera,Pentatomidae,Pentatominae,Eurydema,,Heteroptera | Pentatomidae | Pentatominae | Eurydemini | Eurydema,fieberi (Schml.),,P465H,4408056,P465H,4408056
B3094:1:642,Eurydema ventrale (Kolenati),(Kolenati),Eurydema,,ventrale,,species,,B3094:1,accepted,,,B3094:1:639,Eurydema Lap.,,,,Heteroptera,Pentatomidae,Pentatominae,Eurydema,,Heteroptera | Pentatomidae | Pentatominae | Eurydemini | Eurydema,ventrale (Kolenati),,P466N,4485895,P466N,4485895
B3094:1:643,Eurydema ornatum (L.),(L.),Eurydema,,ornatum,,species,,B3094:1,accepted,,,B3094:1:639,Eurydema Lap.,,,,Heteroptera,Pentatomidae,Pentatominae,Eurydema,,Heteroptera | Pentatomidae | Pentatominae | Eurydemini | Eurydema,ornatum (L.),,P4655,4485906,P4655,4485906
B3094:1:644,Eurydema oleraceum (L.),(L.),Eurydema,,oleraceum,,species,,B3094:1,accepted,,,B3094:1:639,Eurydema Lap.,,,,Heteroptera,Pentatomidae,Pentatominae,Eurydema,,Heteroptera | Pentatomidae | Pentatominae | Eurydemini | Eurydema,oleraceum (L.),,P464Y,4485898,P464Y,4485898
B3094:1:645,Bagrada Stal,Stal,,,,,genus,,B3094:1,accepted,,,B3094:1:638,Eurydemini,,,,Heteroptera,Pentatomidae,Pentatominae,Bagrada,,Heteroptera | Pentatomidae | Pentatominae | Eurydemini,Bagrada Stal,,MLFJZ,4485910,MLFJZ,4485910
B3094:1:646,Bagrada stolata Horv.,Horv.,Bagrada,,stolata,,species,,B3094:1,accepted,,,B3094:1:645,Bagrada Stal,,,,Heteroptera,Pentatomidae,Pentatominae,Bagrada,,Heteroptera | Pentatomidae | Pentatominae | Eurydemini | Bagrada,stolata Horv.,,,10312444,,10312444
B3094:1:647,Pentatomini,,,,,,tribe,,B3094:1,accepted,,,B3094:1:615,Pentatominae,,,,Heteroptera,Pentatomidae,Pentatominae,,,Heteroptera | Pentatomidae | Pentatominae,Pentatomini,,,,,
B3094:1:648,Pentatoma Oliv.,Oliv.,,,,,genus,,B3094:1,accepted,,,B3094:1:647,Pentatomini,,,,Heteroptera,Pentatomidae,Pentatominae,Pentatoma,,Heteroptera | Pentatomidae | Pentatominae | Pentatomini,Pentatoma Oliv.,,RYZRG,8368535,RYZRG,8368535
B3094:1:649,Pentatoma rufipes (L.),(L.),Pentatoma,,rufipes,,species,,B3094:1,accepted,,,B3094:1:648,Pentatoma Oliv.,,,,Heteroptera,Pentatomidae,Pentatominae,Pentatoma,,Heteroptera | Pentatomidae | Pentatominae | Pentatomini | Pentatoma,rufipes (L.),,RYZS4,5758737,RYZS4,5758737
B3094:1:650,Nezara Am. & Serv.,Am. & Serv.,,,,,genus,,B3094:1,accepted,,,B3094:1:647,Pentatomini,,,,Heteroptera,Pentatomidae,Pentatominae,Nezara,,Heteroptera | Pentatomidae | Pentatominae | Pentatomini,Nezara Am. & Serv.,,QSBV4,2078851,QSBV4,2078851
B3094:1:651,Nezara viridula (L.),(L.),Nezara,,viridula,,species,,B3094:1,accepted,,,B3094:1:650,Nezara Am. & Serv.,,,,Heteroptera,Pentatomidae,Pentatominae,Nezara,,Heteroptera | Pentatomidae | Pentatominae | Pentatomini | Nezara,viridula (L.),,QSBYQ,2078852,QSBYQ,2078852
B3094:1:652,Acrosternum Fieb.,Fieb.,,,,,genus,,B3094:1,accepted,,,B3094:1:647,Pentatomini,,,,Heteroptera,Pentatomidae,Pentatominae,Acrosternum,,Heteroptera | Pentatomidae | Pentatominae | Pentatomini,Acrosternum Fieb.,,L4YX5,2079173,L4YX5,2079173
B3094:1:653,Acrosternum millierei (Muls. & Rey),(Muls. & Rey),Acrosternum,,millierei,,species,,B3094:1,accepted,,,B3094:1:652,Acrosternum Fieb.,,,,Heteroptera,Pentatomidae,Pentatominae,Acrosternum,,Heteroptera | Pentatomidae | Pentatominae | Pentatomini | Acrosternum,millierei (Muls. & Rey),,L4YXR,4485826,L4YXR,4485826
B3094:1:654,Piezodorus Fieb.,Fieb.,,,,,genus,,B3094:1,accepted,,,B3094:1:647,Pentatomini,,,,Heteroptera,Pentatomidae,Pentatominae,Piezodorus,,Heteroptera | Pentatomidae | Pentatominae | Pentatomini,Piezodorus Fieb.,,RGXYG,2078820,RGXYG,2078820
B3094:1:655,Piezodorus lituratus (F.),(F.),Piezodorus,,lituratus,,species,,B3094:1,accepted,,,B3094:1:654,Piezodorus Fieb.,,,,Heteroptera,Pentatomidae,Pentatominae,Piezodorus,,Heteroptera | Pentatomidae | Pentatominae | Pentatomini | Piezodorus,lituratus (F.),,RGY28,2078821,RGY28,2078821
B3094:1:656,Rhaphigaster Poda,Poda,,,,,genus,,B3094:1,accepted,,,B3094:1:647,Pentatomini,,,,Heteroptera,Pentatomidae,Pentatominae,Rhaphigaster,,Heteroptera | Pentatomidae | Pentatominae | Pentatomini,Rhaphigaster Poda,,SCYD8,2079011,SCYD8,2079011
B3094:1:657,Rhaphigaster nebulosa (Poda),(Poda),Rhaphigaster,,nebulosa,,species,,B3094:1,accepted,,,B3094:1:656,Rhaphigaster Poda,,,,Heteroptera,Pentatomidae,Pentatominae,Rhaphigaster,,Heteroptera | Pentatomidae | Pentatominae | Pentatomini | Rhaphigaster,nebulosa (Poda),,SCYFT,5758736,SCYFT,5758736
B3094:1:658,Eysarcorini,,,,,,tribe,,B3094:1,accepted,,,B3094:1:615,Pentatominae,,,,Heteroptera,Pentatomidae,Pentatominae,,,Heteroptera | Pentatomidae | Pentatominae,Eysarcorini,,,,,
B3094:1:659,Eysarcoris Hahn,Hahn,,,,,genus,,B3094:1,accepted,,,B3094:1:658,Eysarcorini,,,,Heteroptera,Pentatomidae,Pentatominae,Eysarcoris,,Heteroptera | Pentatomidae | Pentatominae | Eysarcorini,Eysarcoris Hahn,,NP8NW,2078841,NP8NW,2078841
B3094:1:660,Eysarcoris fabricii Kirk.,Kirk.,Eysarcoris,,fabricii,,species,,B3094:1,accepted,,,B3094:1:659,Eysarcoris Hahn,,,,Heteroptera,Pentatomidae,Pentatominae,Eysarcoris,,Heteroptera | Pentatomidae | Pentatominae | Eysarcorini | Eysarcoris,fabricii Kirk.,,NP8PY,6096801,NP8VZ,4485952
B3094:1:661,Eysarcoris incospicuus (H. S.),(H. S.),Eysarcoris,,incospicuus,,species,,B3094:1,accepted,,,B3094:1:659,Eysarcoris Hahn,,,,Heteroptera,Pentatomidae,Pentatominae,Eysarcoris,,Heteroptera | Pentatomidae | Pentatominae | Eysarcorini | Eysarcoris,incospicuus (H. S.),,NP8QS,10372583,NP8VW,2078842
B3094:1:662,Eysarcoris aeneus (Scop.),(Scop.),Eysarcoris,,aeneus,,species,,B3094:1,accepted,,,B3094:1:659,Eysarcoris Hahn,,,,Heteroptera,Pentatomidae,Pentatominae,Eysarcoris,,Heteroptera | Pentatomidae | Pentatominae | Eysarcorini | Eysarcoris,aeneus (Scop.),,NP8P8,4485955,NP8P8,4485955
B3094:1:663,Stagonomus Gorski,Gorski,,,,,genus,,B3094:1,accepted,,,B3094:1:658,Eysarcorini,,,,Heteroptera,Pentatomidae,Pentatominae,Stagonomus,,Heteroptera | Pentatomidae | Pentatominae | Eysarcorini,Stagonomus Gorski,,SZMKD,9131176,SZMKD,9131176
B3094:1:664,Stagonomus amoenus (Brullé),(Brullé),Stagonomus,,amoenus,,species,,B3094:1,accepted,,,B3094:1:663,Stagonomus Gorski,,,,Heteroptera,Pentatomidae,Pentatominae,Stagonomus,,Heteroptera | Pentatomidae | Pentatominae | Eysarcorini | Stagonomus,amoenus (Brullé),,SZMKR,5758761,SZMKR,5758761
B3094:1:665,Stagonomus pusillus (H. S.),(H. S.),Stagonomus,,pusillus,,species,,B3094:1,accepted,,,B3094:1:663,Stagonomus Gorski,,,,Heteroptera,Pentatomidae,Pentatominae,Stagonomus,,Heteroptera | Pentatomidae | Pentatominae | Eysarcorini | Stagonomus,pusillus (H. S.),,SZML6,6096802,SZMKY,5758763
B3094:1:666,Carpocorini,,,,,,tribe,,B3094:1,accepted,,,B3094:1:615,Pentatominae,,,,Heteroptera,Pentatomidae,Pentatominae,,,Heteroptera | Pentatomidae | Pentatominae,Carpocorini,,,,,
B3094:1:667,Staria Dohrn,Dohrn,,,,,genus,,B3094:1,accepted,,,B3094:1:666,Carpocorini,,,,Heteroptera,Pentatomidae,Pentatominae,Staria,,Heteroptera | Pentatomidae | Pentatominae | Carpocorini,Staria Dohrn,,T2PGM,4407458,T2PGM,4407458
B3094:1:668,Staria lunata Hahn,Hahn,Staria,,lunata,,species,,B3094:1,accepted,,,B3094:1:667,Staria Dohrn,,,,Heteroptera,Pentatomidae,Pentatominae,Staria,,Heteroptera | Pentatomidae | Pentatominae | Carpocorini | Staria,lunata Hahn,,T2PGR,4485787,T2PGR,4485787
B3094:1:669,Rubiconia Dohrn,Dohrn,,,,,genus,,B3094:1,accepted,,,B3094:1:666,Carpocorini,,,,Heteroptera,Pentatomidae,Pentatominae,Rubiconia,,Heteroptera | Pentatomidae | Pentatominae | Carpocorini,Rubiconia Dohrn,,SGJWG,4406106,SGJWG,4406106
B3094:1:670,Rubiconia intermedia (Wolff),(Wolff),Rubiconia,,intermedia,,species,,B3094:1,accepted,,,B3094:1:669,Rubiconia Dohrn,,,,Heteroptera,Pentatomidae,Pentatominae,Rubiconia,,Heteroptera | Pentatomidae | Pentatominae | Carpocorini | Rubiconia,intermedia (Wolff),,SGJWK,4485796,SGJWK,4485796
B3094:1:671,Palomena Muls. & Rey,Muls. & Rey,,,,,genus,,B3094:1,accepted,,,B3094:1:666,Carpocorini,,,,Heteroptera,Pentatomidae,Pentatominae,Palomena,,Heteroptera | Pentatomidae | Pentatominae | Carpocorini,Palomena Muls. & Rey,,RPN38,4406712,RPN38,4406712
B3094:1:672,Palomena viridissima (Poda),(Poda),Palomena,,viridissima,,species,,B3094:1,accepted,,,B3094:1:671,Palomena Muls. & Rey,,,,Heteroptera,Pentatomidae,Pentatominae,Palomena,,Heteroptera | Pentatomidae | Pentatominae | Carpocorini | Palomena,viridissima (Poda),,RPN57,4485774,RPN57,4485774
B3094:1:673,Palomena prasina (L.),(L.),Palomena,,prasina,,species,,B3094:1,accepted,,,B3094:1:671,Palomena Muls. & Rey,,,,Heteroptera,Pentatomidae,Pentatominae,Palomena,,Heteroptera | Pentatomidae | Pentatominae | Carpocorini | Palomena,prasina (L.),,RPN47,4485776,RPN47,4485776
B3094:1:674,Pitedia Reuter,Reuter,,,,,genus,,B3094:1,accepted,,,B3094:1:666,Carpocorini,,,,Heteroptera,Pentatomidae,Pentatominae,Pitedia,,Heteroptera | Pentatomidae | Pentatominae | Carpocorini,Pitedia Reuter,,RS3KN,5431415,MJ2KC,2064707
B3094:1:675,Pitedia juniperina (L.),(L.),Pitedia,,juniperina,,species,,B3094:1,accepted,,,B3094:1:674,Pitedia Reuter,,,,Heteroptera,Pentatomidae,Pentatominae,Pitedia,,Heteroptera | Pentatomidae | Pentatominae | Carpocorini | Pitedia,juniperina (L.),,RS3KW,6096800,MJ2XY,4485816
B3094:1:676,Holcostethus Fieber,Fieber,,,,,genus,,B3094:1,accepted,,,B3094:1:666,Carpocorini,,,,Heteroptera,Pentatomidae,Pentatominae,Holcostethus,,Heteroptera | Pentatomidae | Pentatominae | Carpocorini,Holcostethus Fieber,,PVWDX,2079189,PVWDX,2079189
B3094:1:677,Holcostethus vernalis (Wolff),(Wolff),Holcostethus,,vernalis,,species,,B3094:1,accepted,,,B3094:1:676,Holcostethus Fieber,,,,Heteroptera,Pentatomidae,Pentatominae,Holcostethus,,Heteroptera | Pentatomidae | Pentatominae | Carpocorini | Holcostethus,vernalis (Wolff),,PVWK8,7534232,RCMRR,6096794
B3094:1:678,Holcostethus sphacelatus (F.),(F.),Holcostethus,,sphacelatus,,species,,B3094:1,accepted,,,B3094:1:676,Holcostethus Fieber,,,,Heteroptera,Pentatomidae,Pentatominae,Holcostethus,,Heteroptera | Pentatomidae | Pentatominae | Carpocorini | Holcostethus,sphacelatus (F.),,PVWFG,2079190,PVWFG,2079190
B3094:1:679,Holcostethus albipes (F.),(F.),Holcostethus,,albipes,,species,,B3094:1,accepted,,,B3094:1:676,Holcostethus Fieber,,,,Heteroptera,Pentatomidae,Pentatominae,Holcostethus,,Heteroptera | Pentatomidae | Pentatominae | Carpocorini | Holcostethus,albipes (F.),,PVWF8,4485780,PVWF8,4485780
B3094:1:680,Dolycoris Muls. & Rey,Muls. & Rey,,,,,genus,,B3094:1,accepted,,,B3094:1:666,Carpocorini,,,,Heteroptera,Pentatomidae,Pentatominae,Dolycoris,,Heteroptera | Pentatomidae | Pentatominae | Carpocorini,Dolycoris Muls. & Rey,,NCM9S,4406875,NCM9S,4406875
B3094:1:681,Dolycoris baccarum (L.),(L.),Dolycoris,,baccarum,,species,,B3094:1,accepted,,,B3094:1:680,Dolycoris Muls. & Rey,,,,Heteroptera,Pentatomidae,Pentatominae,Dolycoris,,Heteroptera | Pentatomidae | Pentatominae | Carpocorini | Dolycoris,baccarum (L.),,NCMB7,4485824,NCMB7,4485824
B3094:1:682,Codophila Muls. & Rey,Muls. & Rey,,,,,genus,,B3094:1,accepted,,,B3094:1:666,Carpocorini,,,,Heteroptera,Pentatomidae,Pentatominae,Codophila,,Heteroptera | Pentatomidae | Pentatominae | Carpocorini,Codophila Muls. & Rey,,N55Z8,2078906,N55Z8,2078906
B3094:1:683,Codophila varia (F.),(F.),Codophila,,varia,,species,,B3094:1,accepted,,,B3094:1:682,Codophila Muls. & Rey,,,,Heteroptera,Pentatomidae,Pentatominae,Codophila,,Heteroptera | Pentatomidae | Pentatominae | Carpocorini | Codophila,varia (F.),,N55ZZ,2078908,N55ZZ,9660344
B3094:1:684,Carpocoris Kol.,Kol.,,,,,genus,,B3094:1,accepted,,,B3094:1:666,Carpocorini,,,,Heteroptera,Pentatomidae,Pentatominae,Carpocoris,,Heteroptera | Pentatomidae | Pentatominae | Carpocorini,Carpocoris Kol.,,M3SZ2,4405367,M3SZ2,4405367
B3094:1:685,Carpocoris melanocerus Muls. & Rey,Muls. & Rey,Carpocoris,,melanocerus,,species,,B3094:1,accepted,,,B3094:1:684,Carpocoris Kol.,,,,Heteroptera,Pentatomidae,Pentatominae,Carpocoris,,Heteroptera | Pentatomidae | Pentatominae | Carpocorini | Carpocoris,melanocerus Muls. & Rey,,M3SZK,4485806,M3SZK,4485806
B3094:1:686,Carpocoris pudicus (Poda),(Poda),Carpocoris,,pudicus,,species,,B3094:1,accepted,,,B3094:1:684,Carpocoris Kol.,,,,Heteroptera,Pentatomidae,Pentatominae,Carpocoris,,Heteroptera | Pentatomidae | Pentatominae | Carpocorini | Carpocoris,pudicus (Poda),,M3SZP,11357937,M3SZS,4485798
B3094:1:687,Carpocoris purpureipennis (De Geer),(De Geer),Carpocoris,,purpureipennis,,species,,B3094:1,accepted,,,B3094:1:684,Carpocoris Kol.,,,,Heteroptera,Pentatomidae,Pentatominae,Carpocoris,,Heteroptera | Pentatomidae | Pentatominae | Carpocorini | Carpocoris,purpureipennis (De Geer),,M3SZS,4485798,M3SZS,4485798
B3094:1:688,Carpocoris fuscispinus (Boh.),(Boh.),Carpocoris,,fuscispinus,,species,,B3094:1,accepted,,,B3094:1:684,Carpocoris Kol.,,,,Heteroptera,Pentatomidae,Pentatominae,Carpocoris,,Heteroptera | Pentatomidae | Pentatominae | Carpocorini | Carpocoris,fuscispinus (Boh.),,M3SZ9,4485800,M3SZS,4485800
B3094:1:689,Carpocoris mediterraneus Tam.,Tam.,Carpocoris,,mediterraneus,,species,,B3094:1,accepted,,,B3094:1:684,Carpocoris Kol.,,,,Heteroptera,Pentatomidae,Pentatominae,Carpocoris,,Heteroptera | Pentatomidae | Pentatominae | Carpocorini | Carpocoris,mediterraneus Tam.,,M3T3S,4485802,M3T3S,4485802
B3094:1:690,Carpocoris mediterraneus subsp. atlanticus Tam.,Tam.,Carpocoris,,mediterraneus,atlanticus,subspecies,,B3094:1,accepted,,,B3094:1:689,Carpocoris mediterraneus Tam.,,,,Heteroptera,Pentatomidae,Pentatominae,Carpocoris,,Heteroptera | Pentatomidae | Pentatominae | Carpocorini | Carpocoris | Carpocoris mediterraneus,atlanticus Tam.,,M3T3T,9241916,M3T3T,9241916
B3094:1:691,Antheminia Muls. & Rey,Muls. & Rey,,,,,genus,,B3094:1,accepted,,,B3094:1:666,Carpocorini,,,,Heteroptera,Pentatomidae,Pentatominae,Antheminia,,Heteroptera | Pentatomidae | Pentatominae | Carpocorini,Antheminia Muls. & Rey,,LLCLJ,4407209,LLCLJ,4407209
B3094:1:692,Antheminia varicornis (Jak.),(Jak.),Antheminia,,varicornis,,species,,B3094:1,accepted,,,B3094:1:691,Antheminia Muls. & Rey,,,,Heteroptera,Pentatomidae,Pentatominae,Antheminia,,Heteroptera | Pentatomidae | Pentatominae | Carpocorini | Antheminia,varicornis (Jak.),,LLCN6,4485760,LLCN6,4485760
B3094:1:693,Antheminia lunulata (Goeze),(Goeze),Antheminia,,lunulata,,species,,B3094:1,accepted,,,B3094:1:691,Antheminia Muls. & Rey,,,,Heteroptera,Pentatomidae,Pentatominae,Antheminia,,Heteroptera | Pentatomidae | Pentatominae | Carpocorini | Antheminia,lunulata (Goeze),,LLCM7,4485762,LLCM7,4485762
B3094:1:694,Podopinae,,,,,,subfamily,,B3094:1,accepted,,,B3094:1:603,Pentatomidae,,,,Heteroptera,Pentatomidae,Podopinae,,,Heteroptera | Pentatomidae,Podopinae,,,,,
B3094:1:695,Vilpianus Stal,Stal,,,,,genus,,B3094:1,accepted,,,B3094:1:694,Podopinae,,,,Heteroptera,Pentatomidae,Podopinae,Vilpianus,,Heteroptera | Pentatomidae | Podopinae,Vilpianus Stal,,TRTL8,4405833,TRTL8,4405833
B3094:1:696,Vilpianus galii (Wolff),(Wolff),Vilpianus,,galii,,species,,B3094:1,accepted,,,B3094:1:695,Vilpianus Stal,,,,Heteroptera,Pentatomidae,Podopinae,Vilpianus,,Heteroptera | Pentatomidae | Podopinae | Vilpianus,galii (Wolff),,TRTLG,4485720,TRTLG,4485720
B3094:1:697,Ventocoris Hahn,Hahn,,,,,genus,,B3094:1,accepted,,,B3094:1:694,Podopinae,,,,Heteroptera,Pentatomidae,Podopinae,Ventocoris,,Heteroptera | Pentatomidae | Podopinae,Ventocoris Hahn,,TLJP5,4406078,TLJP5,4406078
B3094:1:698,Trigonosoma Lap,Lap,,,,,genus,,B3094:1,synonym,B3094:1:697,Ventocoris Hahn,,,,,,Heteroptera,Pentatomidae,Podopinae,Trigonosoma,,Heteroptera | Pentatomidae | Podopinae,Trigonosoma Lap,,BYS5M,6007121,BYS5M,6007121
B3094:1:699,Ventocoris rusticus (F.),(F.),Ventocoris,,rusticus,,species,,B3094:1,accepted,,,B3094:1:697,Ventocoris Hahn,,,,Heteroptera,Pentatomidae,Podopinae,Ventocoris,,Heteroptera | Pentatomidae | Podopinae | Ventocoris,rusticus (F.),,TLJQN,4485738,TLJQN,4485738
B3094:1:700,Ventocoris falcatus (Cyr.),(Cyr.),Ventocoris,,falcatus,,species,,B3094:1,accepted,,,B3094:1:697,Ventocoris Hahn,,,,Heteroptera,Pentatomidae,Podopinae,Ventocoris,,Heteroptera | Pentatomidae | Podopinae | Ventocoris,falcatus (Cyr.),,TLJQ3,4485749,TLJQ3,4485749
B3094:1:701,Tholagmus Stal,Stal,,,,,genus,,B3094:1,accepted,,,B3094:1:694,Podopinae,,,,Heteroptera,Pentatomidae,Podopinae,Tholagmus,,Heteroptera | Pentatomidae | Podopinae,Tholagmus Stal,,TGR77,4485715,TGR77,4485715
B3094:1:702,Tholagmus flavolineatus (F.),(F.),Tholagmus,,flavolineatus,,species,,B3094:1,accepted,,,B3094:1:701,Tholagmus Stal,,,,Heteroptera,Pentatomidae,Podopinae,Tholagmus,,Heteroptera | Pentatomidae | Podopinae | Tholagmus,flavolineatus (F.),,TGR7X,4485718,TGR7X,4485718
B3094:1:703,Sternodontus Muls. & Rey,Muls. & Rey,,,,,genus,,B3094:1,accepted,,,B3094:1:694,Podopinae,,,,Heteroptera,Pentatomidae,Podopinae,Sternodontus,,Heteroptera | Pentatomidae | Podopinae,Sternodontus Muls. & Rey,,TC739,4406944,TC739,4406944
B3094:1:704,Sternodontus obtusus Muls. & Rey,Muls. & Rey,Sternodontus,,obtusus,,species,,B3094:1,accepted,,,B3094:1:703,Sternodontus Muls. & Rey,,,,Heteroptera,Pentatomidae,Podopinae,Sternodontus,,Heteroptera | Pentatomidae | Podopinae | Sternodontus,obtusus Muls. & Rey,,TC73J,4485736,TC73J,4485736
B3094:1:705,Ancyrosoma Am. & Serv.,Am. & Serv.,,,,,genus,,B3094:1,accepted,,,B3094:1:694,Podopinae,,,,Heteroptera,Pentatomidae,Podopinae,Ancyrosoma,,Heteroptera | Pentatomidae | Podopinae,Ancyrosoma Am. & Serv.,,LPD7N,4407729,LPD7N,4407729
B3094:1:706,Ancyrosoma leucogrammes (Gmel.),(Gmel.),Ancyrosoma,,leucogrammes,,species,,B3094:1,accepted,,,B3094:1:705,Ancyrosoma Am. & Serv.,,,,Heteroptera,Pentatomidae,Podopinae,Ancyrosoma,,Heteroptera | Pentatomidae | Podopinae | Ancyrosoma,leucogrammes (Gmel.),,LPD7T,4485722,LPD7T,4485722
B3094:1:707,Graphosoma Lap. Cast,Lap. Cast,,,,,genus,,B3094:1,accepted,,,B3094:1:694,Podopinae,,,,Heteroptera,Pentatomidae,Podopinae,Graphosoma,,Heteroptera | Pentatomidae | Podopinae,Graphosoma Lap. Cast,,PJYKB,4405318,PJYKB,4405318
B3094:1:708,Graphosoma semipunctatum (F.),(F.),Graphosoma,,semipunctatum,,species,,B3094:1,accepted,,,B3094:1:707,Graphosoma Lap. Cast,,,,Heteroptera,Pentatomidae,Podopinae,Graphosoma,,Heteroptera | Pentatomidae | Podopinae | Graphosoma,semipunctatum (F.),,PJYL7,4485731,PJYL7,4485731
B3094:1:709,Graphosoma lineatum (L.),(L.),Graphosoma,,lineatum,,species,,B3094:1,accepted,,,B3094:1:707,Graphosoma Lap. Cast,,,,Heteroptera,Pentatomidae,Podopinae,Graphosoma,,Heteroptera | Pentatomidae | Podopinae | Graphosoma,lineatum (L.),,PJYN5,4485729,PJYMB,4485729
B3094:1:710,Graphosoma lineatum subsp. lineatum (L.),(L.),Graphosoma,,lineatum,lineatum,subspecies,,B3094:1,accepted,,,B3094:1:709,Graphosoma lineatum (L.),,,,Heteroptera,Pentatomidae,Podopinae,Graphosoma,,Heteroptera | Pentatomidae | Podopinae | Graphosoma | Graphosoma lineatum,lineatum lineatum (L.),,GBDZC,,GBDZC,
B3094:1:711,Graphosoma lineatum subsp. italicum (Mull.),(Mull.),Graphosoma,,lineatum,italicum,subspecies,,B3094:1,accepted,,,B3094:1:709,Graphosoma lineatum (L.),,,,Heteroptera,Pentatomidae,Podopinae,Graphosoma,,Heteroptera | Pentatomidae | Podopinae | Graphosoma | Graphosoma lineatum,lineatum italicum (Mull.),,PJYKM,9601092,PJYMB,7437802
B3094:1:712,Podops Lap.,Lap.,,,,,genus,,B3094:1,accepted,,,B3094:1:694,Podopinae,,,,Heteroptera,Pentatomidae,Podopinae,Podops,,Heteroptera | Pentatomidae | Podopinae,Podops Lap.,,RWM6J,8882580,RWM6J,8882580
B3094:1:713,Podops inuncta (F.),(F.),Podops,,inuncta,,species,,B3094:1,accepted,,,B3094:1:712,Podops Lap.,,,,Heteroptera,Pentatomidae,Podopinae,Podops,,Heteroptera | Pentatomidae | Podopinae | Podops,inuncta (F.),,RWM7P,4485704,RWM7P,4485704
B3094:1:714,Acanthosomatidae,,,,,,family,,B3094:1,accepted,,,B3094:1:1,Heteroptera,,,,Heteroptera,Acanthosomatidae,,,,Heteroptera,Acanthosomidae,,7NFSF,4303,7NFSF,4303
B3094:1:715,Acanthosoma Curt.,Curt.,,,,,genus,,B3094:1,accepted,,,B3094:1:714,Acanthosomatidae,,,,Heteroptera,Acanthosomatidae,,Acanthosoma,,Heteroptera | Acanthosomatidae,Acanthosoma Curt.,,7NMN9,11258498,7NMN9,11258498
B3094:1:716,Acanthosoma haemorrhoidale (L.),(L.),Acanthosoma,,haemorrhoidale,,species,,B3094:1,accepted,,,B3094:1:715,Acanthosoma Curt.,,,,Heteroptera,Acanthosomatidae,,Acanthosoma,,Heteroptera | Acanthosomatidae | Acanthosoma,haemorrhoidale (L.),,7Q9KF,5866246,7Q9KF,5866246
B3094:1:717,Cyphostethus Fieb.,Fieb.,,,,,genus,,B3094:1,accepted,,,B3094:1:714,Acanthosomatidae,,,,Heteroptera,Acanthosomatidae,,Cyphostethus,,Heteroptera | Acanthosomatidae,Cyphostethus Fieb.,,7NV8G,3265727,7NV8G,3265727
B3094:1:718,Cyphostethus tristriatus (F.),(F.),Cyphostethus,,tristriatus,,species,,B3094:1,accepted,,,B3094:1:717,Cyphostethus Fieb.,,,,Heteroptera,Acanthosomatidae,,Cyphostethus,,Heteroptera | Acanthosomatidae | Cyphostethus,tristriatus (F.),,7SX54,6096805,7SX54,6096805
B3094:1:719,Elasmostethus Fieb.,Fieb.,,,,,genus,,B3094:1,accepted,,,B3094:1:714,Acanthosomatidae,,,,Heteroptera,Acanthosomatidae,,Elasmostethus,,Heteroptera | Acanthosomatidae,Elasmostethus Fieb.,,7NVTY,2079269,7NVTY,2079269
B3094:1:720,Elasmostethus interstinctus (L.),(L.),Elasmostethus,,interstinctus,,species,,B3094:1,accepted,,,B3094:1:719,Elasmostethus Fieb.,,,,Heteroptera,Acanthosomatidae,,Elasmostethus,,Heteroptera | Acanthosomatidae | Elasmostethus,interstinctus (L.),,7TG9H,2079270,7TG9H,2079270
B3094:1:721,Elasmucha Stal,Stal,,,,,genus,,B3094:1,accepted,,,B3094:1:714,Acanthosomatidae,,,,Heteroptera,Acanthosomatidae,,Elasmucha,,Heteroptera | Acanthosomatidae,Elasmucha Stal,,7NYBN,2079257,7NYBN,2079257
B3094:1:722,Elasmucha ferrugata (F.),(F.),Elasmucha,,ferrugata,,species,,B3094:1,accepted,,,B3094:1:721,Elasmucha Stal,,,,Heteroptera,Acanthosomatidae,,Elasmucha,,Heteroptera | Acanthosomatidae | Elasmucha,ferrugata (F.),,7TGBP,2079261,7TGBP,2079261
B3094:1:723,Elasmucha grisea (L.),(L.),Elasmucha,,grisea,,species,,B3094:1,accepted,,,B3094:1:721,Elasmucha Stal,,,,Heteroptera,Acanthosomatidae,,Elasmucha,,Heteroptera | Acanthosomatidae | Elasmucha,grisea (L.),,7TGBX,4485987,7TGBX,4485987
B3094:1:724,Plataspidae,,,,,,family,,B3094:1,accepted,,,B3094:1:1,Heteroptera,,,,Heteroptera,Plataspidae,,,,Heteroptera,Plataspidae,,S2FFR,9652,S2FFR,9652
B3094:1:725,Coptosoma,,,,,,genus,,B3094:1,accepted,,,B3094:1:724,Plataspidae,,,,Heteroptera,Plataspidae,,Coptosoma,,Heteroptera | Plataspidae,Coptosoma,,N6SM8,3265959,N6SM8,3265959
B3094:1:726,Coptosoma scutellatum (Geoffr.),(Geoffr.),Coptosoma,,scutellatum,,species,,B3094:1,accepted,,,B3094:1:725,Coptosoma,,,,Heteroptera,Plataspidae,,Coptosoma,,Heteroptera | Plataspidae | Coptosoma,scutellatum (Geoffr.),,N6SMX,6096723,N6SMX,6096723